id,q,r,temp_c,precip_mm,wind,wind_strength,rain_shadow,dry_interior,seasonality,season_label,water_code,water,river,major_river,lake,inland_sea,salt_pan,wetland,floodplain,ice,wt_depth_m,wt_class,soil,soil_code,vegetation,veg_code,climate_resource_tags,resources_merged,food_proxy,food,endorheic
H+00+00,0,0,6.04,909.7,ocean_westerly,0.92,False,False,0.2,maritime,1,ocean,False,False,False,False,False,False,False,False,0.0,dry,none/ocean,0,none/ocean,0,fisheries,fisheries,0.8,modest,False
H+01+00,1,0,6.04,907.6,ocean_westerly,0.913,False,False,0.2,maritime,1,ocean,False,False,False,False,False,False,False,False,0.0,dry,none/ocean,0,none/ocean,0,fisheries,fisheries,0.8,modest,False
H+02+00,2,0,6.04,905.8,ocean_westerly,0.907,False,False,0.2,maritime,1,ocean,False,False,False,False,False,False,False,False,0.0,dry,none/ocean,0,none/ocean,0,fisheries,fisheries,0.8,modest,False
H+03+00,3,0,6.03,905.0,ocean_westerly,0.9,False,False,0.2,maritime,1,ocean,False,False,False,False,False,False,False,False,0.0,dry,none/ocean,0,none/ocean,0,fisheries,fisheries,0.8,modest,False
H+04+00,4,0,6.03,907.6,ocean_westerly,0.894,False,False,0.2,maritime,1,ocean,False,False,False,False,False,False,False,False,0.0,dry,none/ocean,0,none/ocean,0,fisheries,fisheries,0.8,modest,False
H+05+00,5,0,6.02,918.9,ocean_westerly,0.887,False,False,0.2,maritime,1,ocean,False,False,False,False,False,False,False,False,0.0,dry,none/ocean,0,none/ocean,0,fisheries,fisheries,0.8,modest,False
H+06+00,6,0,6.0,922.8,ocean_westerly,0.881,False,False,0.2,maritime,1,ocean,False,False,False,False,False,False,False,False,0.0,dry,none/ocean,0,none/ocean,0,fisheries,fisheries,0.8,modest,False
H+07+00,7,0,5.99,920.5,ocean_westerly,0.874,False,False,0.2,maritime,1,ocean,False,False,False,False,False,False,False,False,0.0,dry,none/ocean,0,none/ocean,0,fisheries,fisheries,0.8,modest,False
H+08+00,8,0,5.98,923.2,ocean_westerly,0.868,False,False,0.2,maritime,1,ocean,False,False,False,False,False,False,False,False,0.0,dry,none/ocean,0,none/ocean,0,fisheries,fisheries,0.8,modest,False
H+09+00,9,0,5.99,919.5,ocean_westerly,0.861,False,False,0.2,maritime,1,ocean,False,False,False,False,False,False,False,False,0.0,dry,none/ocean,0,none/ocean,0,fisheries,fisheries,0.8,modest,False
H+10+00,10,0,6.01,903.0,ocean_westerly,0.854,False,False,0.2,maritime,1,ocean,False,False,False,False,False,False,False,False,0.0,dry,none/ocean,0,none/ocean,0,fisheries,fisheries,0.8,modest,False
H+11+00,11,0,6.05,886.3,ocean_westerly,0.848,False,False,0.2,maritime,1,ocean,False,False,False,False,False,False,False,False,0.0,dry,none/ocean,0,none/ocean,0,fisheries,fisheries,0.8,modest,False
H+12+00,12,0,6.11,882.4,ocean_westerly,0.841,False,False,0.2,maritime,1,ocean,False,False,False,False,False,False,False,False,0.0,dry,none/ocean,0,none/ocean,0,fisheries,fisheries,0.8,modest,False
H+13+00,13,0,6.17,885.1,ocean_westerly,0.835,False,False,0.2,maritime,1,ocean,False,False,False,False,False,False,False,False,0.0,dry,none/ocean,0,none/ocean,0,fisheries,fisheries,0.8,modest,False
H+14+00,14,0,6.23,862.9,ocean_westerly,0.828,False,False,0.2,maritime,1,ocean,False,False,False,False,False,False,False,False,0.0,dry,none/ocean,0,none/ocean,0,fisheries,fisheries,0.8,modest,False
H+15+00,15,0,6.29,825.4,ocean_westerly,0.822,False,False,0.2,maritime,1,ocean,False,False,False,False,False,False,False,False,0.0,dry,none/ocean,0,none/ocean,0,fisheries,fisheries,0.8,modest,False
H+16+00,16,0,6.35,798.2,ocean_westerly,0.815,False,False,0.2,maritime,1,ocean,False,False,False,False,False,False,False,False,0.0,dry,none/ocean,0,none/ocean,0,fisheries,fisheries,0.8,modest,False
H+17+00,17,0,4.8,778.0,open_westerly,0.703,False,False,0.576,moderate,0,none,False,False,False,False,False,False,False,False,6.93,shallow_well,glacial till,2,boreal forest,3,timber,timber|clay,1.0,modest,False
H+18+00,18,0,4.81,779.1,open_westerly,0.697,False,False,0.566,moderate,0,none,False,False,False,False,False,False,False,False,6.68,shallow_well,glacial till,2,boreal forest,3,timber,timber|clay,1.0,modest,False
H+19+00,19,0,4.77,772.9,open_westerly,0.692,False,False,0.556,moderate,0,none,False,False,False,False,False,False,False,False,6.55,shallow_well,glacial till,2,boreal forest,3,timber,timber|clay,1.0,modest,False
H+20+00,20,0,4.81,763.2,open_westerly,0.686,False,False,0.546,moderate,2,river,True,False,False,False,False,False,True,False,1.5,spring_line,loam,4,boreal forest,3,timber,timber|clay,1.0,modest,False
H+21+00,21,0,4.79,755.8,open_westerly,0.68,False,False,0.535,moderate,2,river,True,False,False,False,False,False,True,False,1.5,spring_line,loam,4,boreal forest,3,timber|fisheries,timber|fisheries|clay,1.0,modest,False
H+22+00,22,0,5.53,711.5,open_westerly,0.678,False,False,0.524,moderate,2,river,True,False,False,False,False,False,True,False,1.5,spring_line,loam,4,boreal forest,3,timber|fisheries,timber|fisheries|clay,1.0,modest,False
H+23+00,23,0,4.22,812.0,open_westerly,0.68,False,False,0.513,moderate,0,none,False,False,False,False,False,False,False,False,6.31,shallow_well,glacial till,2,boreal forest,3,timber,timber|clay,1.0,modest,False
H+24+00,24,0,3.93,864.0,open_westerly,0.683,False,False,0.501,moderate,0,none,False,False,False,False,False,False,False,False,6.16,shallow_well,glacial till,2,boreal forest,3,timber,timber|metals,1.0,modest,False
H+25+00,25,0,3.91,875.0,open_westerly,0.677,False,False,0.49,moderate,0,none,False,False,False,False,False,False,False,False,6.21,shallow_well,glacial till,2,boreal forest,3,timber,timber|metals|gems,1.0,modest,False
H+26+00,26,0,3.16,1010.1,open_westerly,0.692,False,False,0.479,moderate,0,none,False,False,False,False,False,False,False,False,5.91,shallow_well,glacial till,2,boreal forest,3,timber,timber|metals|gems,1.0,modest,False
H+27+00,27,0,2.07,1179.9,open_westerly,0.714,False,False,0.469,moderate,0,none,False,False,False,False,False,False,False,False,5.54,shallow_well,glacial till,2,boreal forest,3,timber,timber|stone|metals|gems,1.0,modest,False
H+28+00,28,0,0.79,1312.8,open_westerly,0.734,False,False,0.465,moderate,0,none,False,False,False,False,False,False,False,False,5.45,shallow_well,glacial till,2,boreal forest,3,timber,timber|stone|metals|gems,1.0,modest,False
H+29+00,29,0,1.78,554.6,calm_interior,0.675,False,True,0.673,strong,8,salt_pan,False,False,False,False,True,False,False,False,9.95,dry,saline playa,10,salt flat sparse,11,salt_pans,salt_pans|evaporite_host,0.3,poor,True
H+30+00,30,0,1.69,541.8,calm_interior,0.668,False,True,0.681,strong,8,salt_pan,False,False,False,False,True,False,False,False,10.15,dry,saline playa,10,salt flat sparse,11,salt_pans,salt_pans|evaporite_host,0.3,poor,True
H+31+00,31,0,1.6,512.2,calm_interior,0.651,False,True,0.691,strong,8,salt_pan,False,False,False,False,True,False,False,False,10.42,dry,saline playa,10,salt flat sparse,11,salt_pans,salt_pans|evaporite_host,0.3,poor,True
H+32+00,32,0,1.51,481.1,calm_interior,0.633,False,True,0.701,strong,8,salt_pan,False,False,False,False,True,False,False,False,10.57,dry,saline playa,10,salt flat sparse,11,salt_pans,salt_pans|evaporite_host,0.3,poor,True
H+33+00,33,0,1.45,449.9,calm_interior,0.614,False,True,0.713,strong,8,salt_pan,False,False,False,False,True,False,False,False,10.56,dry,saline playa,10,salt flat sparse,11,salt_pans,salt_pans|evaporite_host,0.3,poor,True
H+34+00,34,0,1.45,438.5,calm_interior,0.598,False,True,0.725,strong,8,salt_pan,False,False,False,False,True,False,False,False,10.38,dry,saline playa,10,salt flat sparse,11,salt_pans,salt_pans|evaporite_host,0.3,poor,True
H+35+00,35,0,1.5,429.9,calm_interior,0.582,False,True,0.738,strong,8,salt_pan,False,False,False,False,True,False,False,False,10.27,dry,saline playa,10,salt flat sparse,11,salt_pans,salt_pans|evaporite_host,0.3,poor,True
H+36+00,36,0,1.57,416.9,calm_interior,0.566,False,True,0.751,strong,8,salt_pan,False,False,False,False,True,False,False,False,10.38,dry,saline playa,10,salt flat sparse,11,salt_pans,salt_pans|evaporite_host,0.3,poor,True
H+37+00,37,0,1.64,404.4,calm_interior,0.55,False,True,0.765,strong,8,salt_pan,False,False,False,False,True,False,False,False,10.58,dry,saline playa,10,salt flat sparse,11,salt_pans,salt_pans|evaporite_host,0.3,poor,True
H+38+00,38,0,1.68,393.2,calm_interior,0.535,False,True,0.779,strong,8,salt_pan,False,False,False,False,True,False,False,False,10.69,dry,saline playa,10,salt flat sparse,11,salt_pans,salt_pans|evaporite_host,0.3,poor,True
H+39+00,39,0,1.02,688.7,open_westerly,0.516,True,False,0.793,strong,0,none,False,False,False,False,False,False,False,False,8.91,dry,glacial till,2,boreal forest,3,,,1.0,modest,False
H+40+00,40,0,2.32,689.9,open_westerly,0.516,False,False,0.607,moderate,0,none,False,False,False,False,False,False,False,False,7.94,shallow_well,glacial till,2,boreal forest,3,,,1.0,modest,False
H+41+00,41,0,3.45,764.7,open_westerly,0.536,False,False,0.621,moderate,0,none,False,False,False,False,False,False,False,False,6.63,shallow_well,glacial till,2,boreal forest,3,,,1.0,modest,False
H+42+00,42,0,5.27,722.5,open_westerly,0.532,False,False,0.634,moderate,2,river,True,False,False,False,False,False,True,False,1.5,spring_line,loam,4,boreal forest,3,,limestone_karst,1.0,modest,False
H+43+00,43,0,4.63,797.3,open_westerly,0.527,False,False,0.647,moderate,2,river,True,False,False,False,False,False,True,False,1.5,spring_line,loam,4,boreal forest,3,,,1.0,modest,False
H+44+00,44,0,6.47,912.0,ocean_westerly,0.632,False,False,0.2,maritime,1,ocean,False,False,False,False,False,False,False,False,0.0,dry,none/ocean,0,none/ocean,0,fisheries,fisheries,0.8,modest,False
H+45+00,45,0,6.45,919.3,ocean_westerly,0.625,False,False,0.2,maritime,1,ocean,False,False,False,False,False,False,False,False,0.0,dry,none/ocean,0,none/ocean,0,fisheries,fisheries,0.8,modest,False
H+46+00,46,0,6.4,913.0,ocean_westerly,0.619,False,False,0.2,maritime,1,ocean,False,False,False,False,False,False,False,False,0.0,dry,none/ocean,0,none/ocean,0,fisheries,fisheries,0.8,modest,False
H+47+00,47,0,6.35,902.9,ocean_westerly,0.612,False,False,0.2,maritime,1,ocean,False,False,False,False,False,False,False,False,0.0,dry,none/ocean,0,none/ocean,0,fisheries,fisheries,0.8,modest,False
H+48+00,48,0,6.31,887.2,ocean_westerly,0.606,False,False,0.2,maritime,1,ocean,False,False,False,False,False,False,False,False,0.0,dry,none/ocean,0,none/ocean,0,fisheries,fisheries,0.8,modest,False
H+49+00,49,0,6.29,868.7,ocean_westerly,0.599,False,False,0.2,maritime,1,ocean,False,False,False,False,False,False,False,False,0.0,dry,none/ocean,0,none/ocean,0,fisheries,fisheries,0.8,modest,False
H+50+00,50,0,6.31,865.6,ocean_westerly,0.592,False,False,0.2,maritime,1,ocean,False,False,False,False,False,False,False,False,0.0,dry,none/ocean,0,none/ocean,0,fisheries,fisheries,0.8,modest,False
H+51+00,51,0,6.36,864.0,ocean_westerly,0.586,False,False,0.2,maritime,1,ocean,False,False,False,False,False,False,False,False,0.0,dry,none/ocean,0,none/ocean,0,fisheries,fisheries,0.8,modest,False
H+52+00,52,0,6.41,868.7,ocean_westerly,0.579,False,False,0.2,maritime,1,ocean,False,False,False,False,False,False,False,False,0.0,dry,none/ocean,0,none/ocean,0,fisheries,fisheries,0.8,modest,False
H+53+00,53,0,6.46,881.9,ocean_westerly,0.573,False,False,0.2,maritime,1,ocean,False,False,False,False,False,False,False,False,0.0,dry,none/ocean,0,none/ocean,0,fisheries,fisheries,0.8,modest,False
H+54+00,54,0,6.5,889.1,ocean_westerly,0.566,False,False,0.2,maritime,1,ocean,False,False,False,False,False,False,False,False,0.0,dry,none/ocean,0,none/ocean,0,fisheries,fisheries,0.8,modest,False
H+55+00,55,0,6.51,887.7,ocean_westerly,0.56,False,False,0.2,maritime,1,ocean,False,False,False,False,False,False,False,False,0.0,dry,none/ocean,0,none/ocean,0,fisheries,fisheries,0.8,modest,False
H+56+00,56,0,6.52,877.5,ocean_westerly,0.553,False,False,0.2,maritime,1,ocean,False,False,False,False,False,False,False,False,0.0,dry,none/ocean,0,none/ocean,0,fisheries,fisheries,0.8,modest,False
H+57+00,57,0,6.51,850.8,ocean_westerly,0.547,False,False,0.2,maritime,1,ocean,False,False,False,False,False,False,False,False,0.0,dry,none/ocean,0,none/ocean,0,fisheries,fisheries,0.8,modest,False
H+58+00,58,0,6.5,819.3,ocean_westerly,0.54,False,False,0.2,maritime,1,ocean,False,False,False,False,False,False,False,False,0.0,dry,none/ocean,0,none/ocean,0,fisheries,fisheries,0.8,modest,False
H+59+00,59,0,6.47,794.9,ocean_westerly,0.534,False,False,0.2,maritime,1,ocean,False,False,False,False,False,False,False,False,0.0,dry,none/ocean,0,none/ocean,0,fisheries,fisheries,0.8,modest,False
H+60+00,60,0,6.42,776.3,ocean_westerly,0.527,False,False,0.2,maritime,1,ocean,False,False,False,False,False,False,False,False,0.0,dry,none/ocean,0,none/ocean,0,fisheries,fisheries,0.8,modest,False
H+61+00,61,0,6.35,761.4,ocean_westerly,0.52,False,False,0.2,maritime,1,ocean,False,False,False,False,False,False,False,False,0.0,dry,none/ocean,0,none/ocean,0,fisheries,fisheries,0.8,modest,False
H+62+00,62,0,6.24,746.4,ocean_westerly,0.514,False,False,0.2,maritime,1,ocean,False,False,False,False,False,False,False,False,0.0,dry,none/ocean,0,none/ocean,0,fisheries,fisheries,0.8,modest,False
H+63+00,63,0,6.13,732.5,ocean_westerly,0.507,False,False,0.2,maritime,1,ocean,False,False,False,False,False,False,False,False,0.0,dry,none/ocean,0,none/ocean,0,fisheries,fisheries,0.8,modest,False
H+64+00,64,0,6.03,723.5,ocean_westerly,0.501,False,False,0.2,maritime,1,ocean,False,False,False,False,False,False,False,False,0.0,dry,none/ocean,0,none/ocean,0,fisheries,fisheries,0.8,modest,False
H+65+00,65,0,5.96,720.9,ocean_westerly,0.494,False,False,0.2,maritime,1,ocean,False,False,False,False,False,False,False,False,0.0,dry,none/ocean,0,none/ocean,0,fisheries,fisheries,0.8,modest,False
H+66+00,66,0,5.93,726.8,ocean_westerly,0.488,False,False,0.2,maritime,1,ocean,False,False,False,False,False,False,False,False,0.0,dry,none/ocean,0,none/ocean,0,fisheries,fisheries,0.8,modest,False
H+67+00,67,0,5.93,737.5,ocean_westerly,0.481,False,False,0.2,maritime,1,ocean,False,False,False,False,False,False,False,False,0.0,dry,none/ocean,0,none/ocean,0,fisheries,fisheries,0.8,modest,False
H+68+00,68,0,5.94,742.6,ocean_westerly,0.475,False,False,0.2,maritime,1,ocean,False,False,False,False,False,False,False,False,0.0,dry,none/ocean,0,none/ocean,0,fisheries,fisheries,0.8,modest,False
H+69+00,69,0,5.96,749.2,ocean_westerly,0.468,False,False,0.2,maritime,1,ocean,False,False,False,False,False,False,False,False,0.0,dry,none/ocean,0,none/ocean,0,fisheries,fisheries,0.8,modest,False
H+70+00,70,0,5.99,752.9,ocean_westerly,0.461,False,False,0.2,maritime,1,ocean,False,False,False,False,False,False,False,False,0.0,dry,none/ocean,0,none/ocean,0,fisheries,fisheries,0.8,modest,False
H+71+00,71,0,6.04,752.4,ocean_westerly,0.455,False,False,0.2,maritime,1,ocean,False,False,False,False,False,False,False,False,0.0,dry,none/ocean,0,none/ocean,0,fisheries,fisheries,0.8,modest,False
H+72+00,72,0,6.11,750.8,ocean_westerly,0.448,False,False,0.2,maritime,1,ocean,False,False,False,False,False,False,False,False,0.0,dry,none/ocean,0,none/ocean,0,fisheries,fisheries,0.8,modest,False
H+73+00,73,0,6.22,737.0,ocean_westerly,0.442,False,False,0.2,maritime,1,ocean,False,False,False,False,False,False,False,False,0.0,dry,none/ocean,0,none/ocean,0,fisheries,fisheries,0.8,modest,False
H+74+00,74,0,6.34,714.3,ocean_westerly,0.435,False,False,0.2,maritime,1,ocean,False,False,False,False,False,False,False,False,0.0,dry,none/ocean,0,none/ocean,0,fisheries,fisheries,0.8,modest,False
H+75+00,75,0,6.47,696.2,ocean_westerly,0.429,False,False,0.2,maritime,1,ocean,False,False,False,False,False,False,False,False,0.0,dry,none/ocean,0,none/ocean,0,fisheries,fisheries,0.8,modest,False
H+76+00,76,0,6.56,674.4,ocean_westerly,0.422,False,False,0.2,maritime,1,ocean,False,False,False,False,False,False,False,False,0.0,dry,none/ocean,0,none/ocean,0,fisheries,fisheries,0.8,modest,False
H+77+00,77,0,6.6,659.2,ocean_westerly,0.416,False,False,0.2,maritime,1,ocean,False,False,False,False,False,False,False,False,0.0,dry,none/ocean,0,none/ocean,0,fisheries,fisheries,0.8,modest,False
H+78+00,78,0,6.61,652.6,ocean_westerly,0.409,False,False,0.2,maritime,1,ocean,False,False,False,False,False,False,False,False,0.0,dry,none/ocean,0,none/ocean,0,fisheries,fisheries,0.8,modest,False
H+79+00,79,0,6.61,648.6,ocean_westerly,0.402,False,False,0.2,maritime,1,ocean,False,False,False,False,False,False,False,False,0.0,dry,none/ocean,0,none/ocean,0,fisheries,fisheries,0.8,modest,False
H+00+01,0,1,6.29,904.9,ocean_westerly,0.92,False,False,0.2,maritime,1,ocean,False,False,False,False,False,False,False,False,0.0,dry,none/ocean,0,none/ocean,0,fisheries,fisheries,0.8,modest,False
H+01+01,1,1,6.29,905.2,ocean_westerly,0.913,False,False,0.2,maritime,1,ocean,False,False,False,False,False,False,False,False,0.0,dry,none/ocean,0,none/ocean,0,fisheries,fisheries,0.8,modest,False
H+02+01,2,1,6.29,907.2,ocean_westerly,0.907,False,False,0.2,maritime,1,ocean,False,False,False,False,False,False,False,False,0.0,dry,none/ocean,0,none/ocean,0,fisheries,fisheries,0.8,modest,False
H+03+01,3,1,6.3,911.0,ocean_westerly,0.9,False,False,0.2,maritime,1,ocean,False,False,False,False,False,False,False,False,0.0,dry,none/ocean,0,none/ocean,0,fisheries,fisheries,0.8,modest,False
H+04+01,4,1,6.29,919.9,ocean_westerly,0.894,False,False,0.2,maritime,1,ocean,False,False,False,False,False,False,False,False,0.0,dry,none/ocean,0,none/ocean,0,fisheries,fisheries,0.8,modest,False
H+05+01,5,1,6.29,929.8,ocean_westerly,0.887,False,False,0.2,maritime,1,ocean,False,False,False,False,False,False,False,False,0.0,dry,none/ocean,0,none/ocean,0,fisheries,fisheries,0.8,modest,False
H+06+01,6,1,6.27,925.7,ocean_westerly,0.881,False,False,0.2,maritime,1,ocean,False,False,False,False,False,False,False,False,0.0,dry,none/ocean,0,none/ocean,0,fisheries,fisheries,0.8,modest,False
H+07+01,7,1,6.26,921.1,ocean_westerly,0.874,False,False,0.2,maritime,1,ocean,False,False,False,False,False,False,False,False,0.0,dry,none/ocean,0,none/ocean,0,fisheries,fisheries,0.8,modest,False
H+08+01,8,1,6.25,923.1,ocean_westerly,0.868,False,False,0.2,maritime,1,ocean,False,False,False,False,False,False,False,False,0.0,dry,none/ocean,0,none/ocean,0,fisheries,fisheries,0.8,modest,False
H+09+01,9,1,6.25,918.6,ocean_westerly,0.861,False,False,0.2,maritime,1,ocean,False,False,False,False,False,False,False,False,0.0,dry,none/ocean,0,none/ocean,0,fisheries,fisheries,0.8,modest,False
H+10+01,10,1,6.27,908.7,ocean_westerly,0.854,False,False,0.2,maritime,1,ocean,False,False,False,False,False,False,False,False,0.0,dry,none/ocean,0,none/ocean,0,fisheries,fisheries,0.8,modest,False
H+11+01,11,1,6.31,900.2,ocean_westerly,0.848,False,False,0.2,maritime,1,ocean,False,False,False,False,False,False,False,False,0.0,dry,none/ocean,0,none/ocean,0,fisheries,fisheries,0.8,modest,False
H+12+01,12,1,6.37,890.9,ocean_westerly,0.841,False,False,0.2,maritime,1,ocean,False,False,False,False,False,False,False,False,0.0,dry,none/ocean,0,none/ocean,0,fisheries,fisheries,0.8,modest,False
H+13+01,13,1,6.43,882.1,ocean_westerly,0.835,False,False,0.2,maritime,1,ocean,False,False,False,False,False,False,False,False,0.0,dry,none/ocean,0,none/ocean,0,fisheries,fisheries,0.8,modest,False
H+14+01,14,1,6.49,860.0,ocean_westerly,0.828,False,False,0.2,maritime,1,ocean,False,False,False,False,False,False,False,False,0.0,dry,none/ocean,0,none/ocean,0,fisheries,fisheries,0.8,modest,False
H+15+01,15,1,6.55,830.2,ocean_westerly,0.822,False,False,0.2,maritime,1,ocean,False,False,False,False,False,False,False,False,0.0,dry,none/ocean,0,none/ocean,0,fisheries,fisheries,0.8,modest,False
H+16+01,16,1,6.61,806.4,ocean_westerly,0.815,False,False,0.2,maritime,1,ocean,False,False,False,False,False,False,False,False,0.0,dry,none/ocean,0,none/ocean,0,fisheries,fisheries,0.8,modest,False
H+17+01,17,1,5.04,775.9,open_westerly,0.703,False,False,0.572,moderate,0,none,False,False,False,False,False,False,False,False,2.5,spring_line,glacial till,2,boreal forest,3,timber,timber|clay,1.0,modest,False
H+18+01,18,1,5.07,769.6,open_westerly,0.697,False,False,0.562,moderate,0,none,False,False,False,False,False,False,False,False,2.5,shallow_well,glacial till,2,boreal forest,3,timber,timber|clay,1.0,modest,False
H+19+01,19,1,5.04,764.6,open_westerly,0.692,False,False,0.552,moderate,2,river,True,False,False,False,False,False,True,False,1.5,spring_line,loam,4,boreal forest,3,timber,timber|clay,1.0,modest,False
H+20+01,20,1,5.01,757.0,open_westerly,0.686,False,False,0.541,moderate,2,river,True,False,False,False,False,False,True,False,1.5,spring_line,loam,4,boreal forest,3,timber,timber|clay,1.0,modest,False
H+21+01,21,1,5.76,712.8,open_westerly,0.684,False,False,0.53,moderate,2,river,True,False,False,False,False,False,True,False,1.5,spring_line,loam,4,boreal forest,3,timber|fisheries,timber|fisheries|clay,1.0,modest,False
H+22+01,22,1,4.48,805.0,open_westerly,0.686,False,False,0.519,moderate,2,river,True,False,False,False,False,False,True,False,1.5,spring_line,loam,4,boreal forest,3,timber|fisheries,timber|fisheries|clay,1.0,modest,False
H+23+01,23,1,4.18,850.3,open_westerly,0.688,False,False,0.508,moderate,0,none,False,False,False,False,False,False,True,False,6.35,shallow_well,loam,4,boreal forest,3,timber,timber|clay,1.0,modest,False
H+24+01,24,1,4.15,863.8,open_westerly,0.683,False,False,0.497,moderate,0,none,False,False,False,False,False,False,False,False,6.27,shallow_well,glacial till,2,boreal forest,3,timber,timber|metals,1.0,modest,False
H+25+01,25,1,4.15,874.5,open_westerly,0.677,False,False,0.486,moderate,0,none,False,False,False,False,False,False,False,False,6.3,shallow_well,glacial till,2,boreal forest,3,timber,timber|metals|gems,1.0,modest,False
H+26+01,26,1,3.34,1009.0,open_westerly,0.694,False,False,0.475,moderate,0,none,False,False,False,False,False,False,False,False,6.02,shallow_well,glacial till,2,boreal forest,3,timber,timber|metals|gems,1.0,modest,False
H+27+01,27,1,2.21,1178.5,open_westerly,0.717,False,False,0.464,moderate,0,none,False,False,False,False,False,False,False,False,5.67,shallow_well,glacial till,2,boreal forest,3,timber,timber|stone|metals|gems,1.0,modest,False
H+28+01,28,1,0.87,1333.4,open_westerly,0.738,False,False,0.46,moderate,0,none,False,False,False,False,False,False,False,False,5.45,shallow_well,glacial till,2,boreal forest,3,timber,timber|stone|metals,1.0,modest,False
H+29+01,29,1,2.02,561.3,calm_interior,0.674,False,True,0.668,strong,8,salt_pan,False,False,False,False,True,False,False,False,9.95,dry,saline playa,10,salt flat sparse,11,salt_pans,salt_pans|evaporite_host,0.3,poor,True
H+30+01,30,1,1.95,551.2,calm_interior,0.668,False,True,0.677,strong,8,salt_pan,False,False,False,False,True,False,False,False,10.12,dry,saline playa,10,salt flat sparse,11,salt_pans,salt_pans|evaporite_host,0.3,poor,True
H+31+01,31,1,1.87,520.3,calm_interior,0.651,False,True,0.686,strong,8,salt_pan,False,False,False,False,True,False,False,False,10.38,dry,saline playa,10,salt flat sparse,11,salt_pans,salt_pans|evaporite_host,0.3,poor,True
H+32+01,32,1,1.79,488.4,calm_interior,0.633,False,True,0.697,strong,8,salt_pan,False,False,False,False,True,False,False,False,10.53,dry,saline playa,10,salt flat sparse,11,salt_pans,salt_pans|evaporite_host,0.3,poor,True
H+33+01,33,1,1.73,456.5,calm_interior,0.614,False,True,0.708,strong,8,salt_pan,False,False,False,False,True,False,False,False,10.51,dry,saline playa,10,salt flat sparse,11,salt_pans,salt_pans|evaporite_host,0.3,poor,True
H+34+01,34,1,1.73,443.9,calm_interior,0.598,False,True,0.72,strong,8,salt_pan,False,False,False,False,True,False,False,False,10.32,dry,saline playa,10,salt flat sparse,11,salt_pans,salt_pans|evaporite_host,0.3,poor,True
H+35+01,35,1,1.76,432.3,calm_interior,0.582,False,True,0.733,strong,8,salt_pan,False,False,False,False,True,False,False,False,10.22,dry,saline playa,10,salt flat sparse,11,salt_pans,salt_pans|evaporite_host,0.3,poor,True
H+36+01,36,1,1.82,417.5,calm_interior,0.566,False,True,0.746,strong,8,salt_pan,False,False,False,False,True,False,False,False,10.36,dry,saline playa,10,salt flat sparse,11,salt_pans,salt_pans|evaporite_host,0.3,poor,True
H+37+01,37,1,1.88,405.5,calm_interior,0.55,False,True,0.76,strong,8,salt_pan,False,False,False,False,True,False,False,False,10.57,dry,saline playa,10,salt flat sparse,11,salt_pans,salt_pans|evaporite_host,0.3,poor,True
H+38+01,38,1,1.91,395.5,calm_interior,0.535,False,True,0.774,strong,8,salt_pan,False,False,False,False,True,False,False,False,10.7,dry,saline playa,10,salt flat sparse,11,salt_pans,salt_pans|evaporite_host,0.3,poor,True
H+39+01,39,1,1.17,696.0,open_westerly,0.515,True,False,0.788,strong,0,none,False,False,False,False,False,False,False,False,8.96,dry,glacial till,2,boreal forest,3,,limestone_karst,1.0,modest,False
H+40+01,40,1,2.43,690.0,open_westerly,0.513,False,False,0.602,moderate,0,none,False,False,False,False,False,False,False,False,8.04,dry,glacial till,2,boreal forest,3,,,1.0,modest,False
H+41+01,41,1,3.53,766.9,open_westerly,0.535,False,False,0.616,moderate,0,none,False,False,False,False,False,False,False,False,6.7,shallow_well,glacial till,2,boreal forest,3,,,1.0,modest,False
H+42+01,42,1,4.38,776.8,open_westerly,0.532,False,False,0.63,moderate,0,none,False,False,False,False,False,False,False,False,2.5,spring_line,glacial till,2,boreal forest,3,,,1.0,modest,False
H+43+01,43,1,4.75,788.1,open_westerly,0.527,False,False,0.643,moderate,0,none,False,False,False,False,False,False,False,False,2.5,spring_line,glacial till,2,boreal forest,3,,,1.0,modest,False
H+44+01,44,1,6.69,899.5,ocean_westerly,0.632,False,False,0.2,maritime,1,ocean,False,False,False,False,False,False,False,False,0.0,dry,none/ocean,0,none/ocean,0,fisheries,fisheries,0.8,modest,False
H+45+01,45,1,6.67,905.4,ocean_westerly,0.625,False,False,0.2,maritime,1,ocean,False,False,False,False,False,False,False,False,0.0,dry,none/ocean,0,none/ocean,0,fisheries,fisheries,0.8,modest,False
H+46+01,46,1,6.64,902.6,ocean_westerly,0.619,False,False,0.2,maritime,1,ocean,False,False,False,False,False,False,False,False,0.0,dry,none/ocean,0,none/ocean,0,fisheries,fisheries,0.8,modest,False
H+47+01,47,1,6.6,896.9,ocean_westerly,0.612,False,False,0.2,maritime,1,ocean,False,False,False,False,False,False,False,False,0.0,dry,none/ocean,0,none/ocean,0,fisheries,fisheries,0.8,modest,False
H+48+01,48,1,6.56,880.2,ocean_westerly,0.606,False,False,0.2,maritime,1,ocean,False,False,False,False,False,False,False,False,0.0,dry,none/ocean,0,none/ocean,0,fisheries,fisheries,0.8,modest,False
H+49+01,49,1,6.55,859.2,ocean_westerly,0.599,False,False,0.2,maritime,1,ocean,False,False,False,False,False,False,False,False,0.0,dry,none/ocean,0,none/ocean,0,fisheries,fisheries,0.8,modest,False
H+50+01,50,1,6.57,858.1,ocean_westerly,0.592,False,False,0.2,maritime,1,ocean,False,False,False,False,False,False,False,False,0.0,dry,none/ocean,0,none/ocean,0,fisheries,fisheries,0.8,modest,False
H+51+01,51,1,6.61,869.6,ocean_westerly,0.586,False,False,0.2,maritime,1,ocean,False,False,False,False,False,False,False,False,0.0,dry,none/ocean,0,none/ocean,0,fisheries,fisheries,0.8,modest,False
H+52+01,52,1,6.66,880.2,ocean_westerly,0.579,False,False,0.2,maritime,1,ocean,False,False,False,False,False,False,False,False,0.0,dry,none/ocean,0,none/ocean,0,fisheries,fisheries,0.8,modest,False
H+53+01,53,1,6.71,890.0,ocean_westerly,0.573,False,False,0.2,maritime,1,ocean,False,False,False,False,False,False,False,False,0.0,dry,none/ocean,0,none/ocean,0,fisheries,fisheries,0.8,modest,False
H+54+01,54,1,6.75,894.4,ocean_westerly,0.566,False,False,0.2,maritime,1,ocean,False,False,False,False,False,False,False,False,0.0,dry,none/ocean,0,none/ocean,0,fisheries,fisheries,0.8,modest,False
H+55+01,55,1,6.76,887.2,ocean_westerly,0.56,False,False,0.2,maritime,1,ocean,False,False,False,False,False,False,False,False,0.0,dry,none/ocean,0,none/ocean,0,fisheries,fisheries,0.8,modest,False
H+56+01,56,1,6.76,869.5,ocean_westerly,0.553,False,False,0.2,maritime,1,ocean,False,False,False,False,False,False,False,False,0.0,dry,none/ocean,0,none/ocean,0,fisheries,fisheries,0.8,modest,False
H+57+01,57,1,6.75,844.9,ocean_westerly,0.547,False,False,0.2,maritime,1,ocean,False,False,False,False,False,False,False,False,0.0,dry,none/ocean,0,none/ocean,0,fisheries,fisheries,0.8,modest,False
H+58+01,58,1,6.73,820.2,ocean_westerly,0.54,False,False,0.2,maritime,1,ocean,False,False,False,False,False,False,False,False,0.0,dry,none/ocean,0,none/ocean,0,fisheries,fisheries,0.8,modest,False
H+59+01,59,1,6.7,797.2,ocean_westerly,0.534,False,False,0.2,maritime,1,ocean,False,False,False,False,False,False,False,False,0.0,dry,none/ocean,0,none/ocean,0,fisheries,fisheries,0.8,modest,False
H+60+01,60,1,6.64,777.3,ocean_westerly,0.527,False,False,0.2,maritime,1,ocean,False,False,False,False,False,False,False,False,0.0,dry,none/ocean,0,none/ocean,0,fisheries,fisheries,0.8,modest,False
H+61+01,61,1,6.57,762.2,ocean_westerly,0.52,False,False,0.2,maritime,1,ocean,False,False,False,False,False,False,False,False,0.0,dry,none/ocean,0,none/ocean,0,fisheries,fisheries,0.8,modest,False
H+62+01,62,1,6.47,742.7,ocean_westerly,0.514,False,False,0.2,maritime,1,ocean,False,False,False,False,False,False,False,False,0.0,dry,none/ocean,0,none/ocean,0,fisheries,fisheries,0.8,modest,False
H+63+01,63,1,6.37,725.2,ocean_westerly,0.507,False,False,0.2,maritime,1,ocean,False,False,False,False,False,False,False,False,0.0,dry,none/ocean,0,none/ocean,0,fisheries,fisheries,0.8,modest,False
H+64+01,64,1,6.27,721.1,ocean_westerly,0.501,False,False,0.2,maritime,1,ocean,False,False,False,False,False,False,False,False,0.0,dry,none/ocean,0,none/ocean,0,fisheries,fisheries,0.8,modest,False
H+65+01,65,1,6.2,725.0,ocean_westerly,0.494,False,False,0.2,maritime,1,ocean,False,False,False,False,False,False,False,False,0.0,dry,none/ocean,0,none/ocean,0,fisheries,fisheries,0.8,modest,False
H+66+01,66,1,6.17,730.0,ocean_westerly,0.488,False,False,0.2,maritime,1,ocean,False,False,False,False,False,False,False,False,0.0,dry,none/ocean,0,none/ocean,0,fisheries,fisheries,0.8,modest,False
H+67+01,67,1,6.18,738.6,ocean_westerly,0.481,False,False,0.2,maritime,1,ocean,False,False,False,False,False,False,False,False,0.0,dry,none/ocean,0,none/ocean,0,fisheries,fisheries,0.8,modest,False
H+68+01,68,1,6.19,742.6,ocean_westerly,0.475,False,False,0.2,maritime,1,ocean,False,False,False,False,False,False,False,False,0.0,dry,none/ocean,0,none/ocean,0,fisheries,fisheries,0.8,modest,False
H+69+01,69,1,6.21,745.1,ocean_westerly,0.468,False,False,0.2,maritime,1,ocean,False,False,False,False,False,False,False,False,0.0,dry,none/ocean,0,none/ocean,0,fisheries,fisheries,0.8,modest,False
H+70+01,70,1,6.25,747.0,ocean_westerly,0.461,False,False,0.2,maritime,1,ocean,False,False,False,False,False,False,False,False,0.0,dry,none/ocean,0,none/ocean,0,fisheries,fisheries,0.8,modest,False
H+71+01,71,1,6.3,749.8,ocean_westerly,0.455,False,False,0.2,maritime,1,ocean,False,False,False,False,False,False,False,False,0.0,dry,none/ocean,0,none/ocean,0,fisheries,fisheries,0.8,modest,False
H+72+01,72,1,6.37,750.9,ocean_westerly,0.448,False,False,0.2,maritime,1,ocean,False,False,False,False,False,False,False,False,0.0,dry,none/ocean,0,none/ocean,0,fisheries,fisheries,0.8,modest,False
H+73+01,73,1,6.47,735.2,ocean_westerly,0.442,False,False,0.2,maritime,1,ocean,False,False,False,False,False,False,False,False,0.0,dry,none/ocean,0,none/ocean,0,fisheries,fisheries,0.8,modest,False
H+74+01,74,1,6.58,710.0,ocean_westerly,0.435,False,False,0.2,maritime,1,ocean,False,False,False,False,False,False,False,False,0.0,dry,none/ocean,0,none/ocean,0,fisheries,fisheries,0.8,modest,False
H+75+01,75,1,6.69,693.5,ocean_westerly,0.429,False,False,0.2,maritime,1,ocean,False,False,False,False,False,False,False,False,0.0,dry,none/ocean,0,none/ocean,0,fisheries,fisheries,0.8,modest,False
H+76+01,76,1,6.78,675.5,ocean_westerly,0.422,False,False,0.2,maritime,1,ocean,False,False,False,False,False,False,False,False,0.0,dry,none/ocean,0,none/ocean,0,fisheries,fisheries,0.8,modest,False
H+77+01,77,1,6.82,660.8,ocean_westerly,0.416,False,False,0.2,maritime,1,ocean,False,False,False,False,False,False,False,False,0.0,dry,none/ocean,0,none/ocean,0,fisheries,fisheries,0.8,modest,False
H+78+01,78,1,6.83,652.2,ocean_westerly,0.409,False,False,0.2,maritime,1,ocean,False,False,False,False,False,False,False,False,0.0,dry,none/ocean,0,none/ocean,0,fisheries,fisheries,0.8,modest,False
H+79+01,79,1,6.83,647.5,ocean_westerly,0.402,False,False,0.2,maritime,1,ocean,False,False,False,False,False,False,False,False,0.0,dry,none/ocean,0,none/ocean,0,fisheries,fisheries,0.8,modest,False
H+00+02,0,2,6.54,890.8,ocean_westerly,0.92,False,False,0.2,maritime,1,ocean,False,False,False,False,False,False,False,False,0.0,dry,none/ocean,0,none/ocean,0,fisheries,fisheries,0.8,modest,False
H+01+02,1,2,6.55,895.0,ocean_westerly,0.913,False,False,0.2,maritime,1,ocean,False,False,False,False,False,False,False,False,0.0,dry,none/ocean,0,none/ocean,0,fisheries,fisheries,0.8,modest,False
H+02+02,2,2,6.56,904.1,ocean_westerly,0.907,False,False,0.2,maritime,1,ocean,False,False,False,False,False,False,False,False,0.0,dry,none/ocean,0,none/ocean,0,fisheries,fisheries,0.8,modest,False
H+03+02,3,2,6.57,915.7,ocean_westerly,0.9,False,False,0.2,maritime,1,ocean,False,False,False,False,False,False,False,False,0.0,dry,none/ocean,0,none/ocean,0,fisheries,fisheries,0.8,modest,False
H+04+02,4,2,6.59,933.3,ocean_westerly,0.894,False,False,0.2,maritime,1,ocean,False,False,False,False,False,False,False,False,0.0,dry,none/ocean,0,none/ocean,0,fisheries,fisheries,0.8,modest,False
H+05+02,5,2,6.58,939.9,ocean_westerly,0.887,False,False,0.2,maritime,1,ocean,False,False,False,False,False,False,False,False,0.0,dry,none/ocean,0,none/ocean,0,fisheries,fisheries,0.8,modest,False
H+06+02,6,2,6.57,925.1,ocean_westerly,0.881,False,False,0.2,maritime,1,ocean,False,False,False,False,False,False,False,False,0.0,dry,none/ocean,0,none/ocean,0,fisheries,fisheries,0.8,modest,False
H+07+02,7,2,6.55,918.2,ocean_westerly,0.874,False,False,0.2,maritime,1,ocean,False,False,False,False,False,False,False,False,0.0,dry,none/ocean,0,none/ocean,0,fisheries,fisheries,0.8,modest,False
H+08+02,8,2,6.54,920.5,ocean_westerly,0.868,False,False,0.2,maritime,1,ocean,False,False,False,False,False,False,False,False,0.0,dry,none/ocean,0,none/ocean,0,fisheries,fisheries,0.8,modest,False
H+09+02,9,2,6.53,915.4,ocean_westerly,0.861,False,False,0.2,maritime,1,ocean,False,False,False,False,False,False,False,False,0.0,dry,none/ocean,0,none/ocean,0,fisheries,fisheries,0.8,modest,False
H+10+02,10,2,6.55,913.8,ocean_westerly,0.854,False,False,0.2,maritime,1,ocean,False,False,False,False,False,False,False,False,0.0,dry,none/ocean,0,none/ocean,0,fisheries,fisheries,0.8,modest,False
H+11+02,11,2,6.59,914.8,ocean_westerly,0.848,False,False,0.2,maritime,1,ocean,False,False,False,False,False,False,False,False,0.0,dry,none/ocean,0,none/ocean,0,fisheries,fisheries,0.8,modest,False
H+12+02,12,2,6.64,897.5,ocean_westerly,0.841,False,False,0.2,maritime,1,ocean,False,False,False,False,False,False,False,False,0.0,dry,none/ocean,0,none/ocean,0,fisheries,fisheries,0.8,modest,False
H+13+02,13,2,6.7,873.6,ocean_westerly,0.835,False,False,0.2,maritime,1,ocean,False,False,False,False,False,False,False,False,0.0,dry,none/ocean,0,none/ocean,0,fisheries,fisheries,0.8,modest,False
H+14+02,14,2,6.77,852.8,ocean_westerly,0.828,False,False,0.2,maritime,1,ocean,False,False,False,False,False,False,False,False,0.0,dry,none/ocean,0,none/ocean,0,fisheries,fisheries,0.8,modest,False
H+15+02,15,2,6.83,835.2,ocean_westerly,0.822,False,False,0.2,maritime,1,ocean,False,False,False,False,False,False,False,False,0.0,dry,none/ocean,0,none/ocean,0,fisheries,fisheries,0.8,modest,False
H+16+02,16,2,6.89,817.8,ocean_westerly,0.815,False,False,0.2,maritime,1,ocean,False,False,False,False,False,False,False,False,0.0,dry,none/ocean,0,none/ocean,0,fisheries,fisheries,0.8,modest,False
H+17+02,17,2,6.94,791.6,ocean_westerly,0.809,False,False,0.2,maritime,1,ocean,False,False,False,False,False,False,False,False,0.0,dry,none/ocean,0,none/ocean,0,fisheries,fisheries,0.8,modest,False
H+18+02,18,2,5.38,759.8,open_westerly,0.697,False,False,0.557,moderate,2,river,True,False,False,False,False,False,True,False,1.5,spring_line,loam,4,boreal forest,3,timber,timber|clay,1.0,modest,False
H+19+02,19,2,5.31,756.9,open_westerly,0.692,False,False,0.547,moderate,2,river,True,False,False,False,False,False,True,False,1.5,spring_line,loam,4,boreal forest,3,timber,timber|clay,1.0,modest,False
H+20+02,20,2,5.98,713.0,open_westerly,0.689,False,False,0.537,moderate,2,river,True,False,False,False,False,False,True,False,1.5,spring_line,loam,4,boreal forest,3,timber,timber|clay,1.0,modest,False
H+21+02,21,2,4.72,805.6,open_westerly,0.691,False,False,0.526,moderate,2,river,True,False,False,False,False,False,True,False,1.5,spring_line,loam,4,boreal forest,3,timber|fisheries,timber|fisheries|clay,1.0,modest,False
H+22+02,22,2,4.43,846.3,open_westerly,0.693,False,False,0.515,moderate,0,none,False,False,False,False,False,False,True,False,6.75,shallow_well,loam,4,boreal forest,3,timber,timber|clay,1.0,modest,False
H+23+02,23,2,4.39,854.7,open_westerly,0.688,False,False,0.504,moderate,0,none,False,False,False,False,False,False,False,False,6.59,shallow_well,glacial till,2,boreal forest,3,timber,timber|clay,1.0,modest,False
H+24+02,24,2,4.38,870.5,open_westerly,0.683,False,False,0.492,moderate,0,none,False,False,False,False,False,False,False,False,6.43,shallow_well,glacial till,2,boreal forest,3,timber,timber|metals,1.0,modest,False
H+25+02,25,2,4.13,916.3,open_westerly,0.684,False,False,0.481,moderate,0,none,False,False,False,False,False,False,False,False,6.32,shallow_well,glacial till,2,boreal forest,3,timber,timber|metals|gems,1.0,modest,False
H+26+02,26,2,3.31,1037.1,open_westerly,0.7,False,False,0.47,moderate,0,none,False,False,False,False,False,False,False,False,6.09,shallow_well,glacial till,2,boreal forest,3,timber,timber|stone|metals,1.0,modest,False
H+27+02,27,2,2.15,1199.4,open_westerly,0.724,False,False,0.46,moderate,0,none,False,False,False,False,False,False,False,False,5.77,shallow_well,glacial till,2,boreal forest,3,timber,timber|stone|metals,1.0,modest,False
H+28+02,28,2,2.29,604.6,calm_interior,0.696,False,False,0.456,moderate,8,salt_pan,False,False,False,False,True,False,False,False,9.7,dry,saline playa,10,salt flat sparse,11,salt_pans,salt_pans|evaporite_host,0.3,poor,True
H+29+02,29,2,2.25,594.4,calm_interior,0.683,False,False,0.464,moderate,8,salt_pan,False,False,False,False,True,False,False,False,9.8,dry,saline playa,10,salt flat sparse,11,salt_pans,salt_pans|evaporite_host,0.3,poor,True
H+30+02,30,2,2.21,568.5,calm_interior,0.668,False,True,0.672,strong,8,salt_pan,False,False,False,False,True,False,False,False,10.04,dry,saline playa,10,salt flat sparse,11,salt_pans,salt_pans|evaporite_host,0.3,poor,True
H+31+02,31,2,2.15,535.9,calm_interior,0.651,False,True,0.681,strong,8,salt_pan,False,False,False,False,True,False,False,False,10.28,dry,saline playa,10,salt flat sparse,11,salt_pans,salt_pans|evaporite_host,0.3,poor,True
H+32+02,32,2,2.1,502.3,calm_interior,0.633,False,True,0.692,strong,8,salt_pan,False,False,False,False,True,False,False,False,10.41,dry,saline playa,10,salt flat sparse,11,salt_pans,salt_pans|evaporite_host,0.3,poor,True
H+33+02,33,2,2.05,468.2,calm_interior,0.614,False,True,0.703,strong,8,salt_pan,False,False,False,False,True,False,False,False,10.37,dry,saline playa,10,salt flat sparse,11,salt_pans,salt_pans|evaporite_host,0.3,poor,True
H+34+02,34,2,2.03,452.8,calm_interior,0.598,False,True,0.715,strong,8,salt_pan,False,False,False,False,True,False,False,False,10.17,dry,saline playa,10,salt flat sparse,11,salt_pans,salt_pans|evaporite_host,0.3,poor,True
H+35+02,35,2,2.05,436.1,calm_interior,0.582,False,True,0.728,strong,8,salt_pan,False,False,False,False,True,False,False,False,10.1,dry,saline playa,10,salt flat sparse,11,salt_pans,salt_pans|evaporite_host,0.3,poor,True
H+36+02,36,2,2.08,418.5,calm_interior,0.566,False,True,0.742,strong,8,salt_pan,False,False,False,False,True,False,False,False,10.27,dry,saline playa,10,salt flat sparse,11,salt_pans,salt_pans|evaporite_host,0.3,poor,True
H+37+02,37,2,2.11,407.8,calm_interior,0.55,False,True,0.755,strong,8,salt_pan,False,False,False,False,True,False,False,False,10.53,dry,saline playa,10,salt flat sparse,11,salt_pans,salt_pans|evaporite_host,0.3,poor,True
H+38+02,38,2,2.12,400.4,calm_interior,0.535,False,True,0.769,strong,8,salt_pan,False,False,False,False,True,False,False,False,10.7,dry,saline playa,10,salt flat sparse,11,salt_pans,salt_pans|evaporite_host,0.3,poor,True
H+39+02,39,2,1.17,711.9,open_westerly,0.514,True,False,0.783,strong,0,none,False,False,False,False,False,False,False,False,9.06,dry,glacial till,2,boreal forest,3,,,1.0,modest,False
H+40+02,40,2,2.32,687.4,open_westerly,0.506,False,False,0.597,moderate,0,none,False,False,False,False,False,False,False,False,8.31,dry,glacial till,2,boreal forest,3,timber,timber,1.0,modest,False
H+41+02,41,2,3.43,760.2,open_westerly,0.527,False,False,0.611,moderate,0,none,False,False,False,False,False,False,False,False,6.93,shallow_well,glacial till,2,boreal forest,3,timber,timber,1.0,modest,False
H+42+02,42,2,4.3,774.7,open_westerly,0.532,False,False,0.625,moderate,0,none,False,False,False,False,False,False,False,False,2.5,spring_line,glacial till,2,boreal forest,3,timber,timber,1.0,modest,False
H+43+02,43,2,5.69,719.4,open_westerly,0.527,False,False,0.638,moderate,0,none,False,False,False,False,False,False,False,False,2.5,spring_line,sandy coastal,6,boreal forest,3,,,1.0,modest,False
H+44+02,44,2,5.72,784.7,open_westerly,0.522,False,False,0.651,strong,0,none,False,False,False,False,False,False,False,False,2.5,spring_line,glacial till,2,coastal scrub,10,,,0.0,none,False
H+45+02,45,2,6.86,881.5,ocean_westerly,0.625,False,False,0.2,maritime,1,ocean,False,False,False,False,False,False,False,False,0.0,dry,none/ocean,0,none/ocean,0,fisheries,fisheries,0.8,modest,False
H+46+02,46,2,6.84,883.1,ocean_westerly,0.619,False,False,0.2,maritime,1,ocean,False,False,False,False,False,False,False,False,0.0,dry,none/ocean,0,none/ocean,0,fisheries,fisheries,0.8,modest,False
H+47+02,47,2,6.82,882.8,ocean_westerly,0.612,False,False,0.2,maritime,1,ocean,False,False,False,False,False,False,False,False,0.0,dry,none/ocean,0,none/ocean,0,fisheries,fisheries,0.8,modest,False
H+48+02,48,2,6.81,864.2,ocean_westerly,0.606,False,False,0.2,maritime,1,ocean,False,False,False,False,False,False,False,False,0.0,dry,none/ocean,0,none/ocean,0,fisheries,fisheries,0.8,modest,False
H+49+02,49,2,6.81,839.4,ocean_westerly,0.599,False,False,0.2,maritime,1,ocean,False,False,False,False,False,False,False,False,0.0,dry,none/ocean,0,none/ocean,0,fisheries,fisheries,0.8,modest,False
H+50+02,50,2,6.83,840.8,ocean_westerly,0.592,False,False,0.2,maritime,1,ocean,False,False,False,False,False,False,False,False,0.0,dry,none/ocean,0,none/ocean,0,fisheries,fisheries,0.8,modest,False
H+51+02,51,2,6.88,870.0,ocean_westerly,0.586,False,False,0.2,maritime,1,ocean,False,False,False,False,False,False,False,False,0.0,dry,none/ocean,0,none/ocean,0,fisheries,fisheries,0.8,modest,False
H+52+02,52,2,6.92,889.3,ocean_westerly,0.579,False,False,0.2,maritime,1,ocean,False,False,False,False,False,False,False,False,0.0,dry,none/ocean,0,none/ocean,0,fisheries,fisheries,0.8,modest,False
H+53+02,53,2,6.96,895.4,ocean_westerly,0.573,False,False,0.2,maritime,1,ocean,False,False,False,False,False,False,False,False,0.0,dry,none/ocean,0,none/ocean,0,fisheries,fisheries,0.8,modest,False
H+54+02,54,2,7.0,896.4,ocean_westerly,0.566,False,False,0.2,maritime,1,ocean,False,False,False,False,False,False,False,False,0.0,dry,none/ocean,0,none/ocean,0,fisheries,fisheries,0.8,modest,False
H+55+02,55,2,7.01,881.6,ocean_westerly,0.56,False,False,0.2,maritime,1,ocean,False,False,False,False,False,False,False,False,0.0,dry,none/ocean,0,none/ocean,0,fisheries,fisheries,0.8,modest,False
H+56+02,56,2,7.01,853.7,ocean_westerly,0.553,False,False,0.2,maritime,1,ocean,False,False,False,False,False,False,False,False,0.0,dry,none/ocean,0,none/ocean,0,fisheries,fisheries,0.8,modest,False
H+57+02,57,2,6.98,832.0,ocean_westerly,0.547,False,False,0.2,maritime,1,ocean,False,False,False,False,False,False,False,False,0.0,dry,none/ocean,0,none/ocean,0,fisheries,fisheries,0.8,modest,False
H+58+02,58,2,5.92,796.9,open_westerly,0.469,False,False,0.77,strong,0,none,False,False,False,False,False,False,False,False,2.5,shallow_well,glacial till,2,coastal scrub,10,,clay,0.0,none,False
H+59+02,59,2,5.89,777.7,open_westerly,0.463,False,False,0.778,strong,0,none,False,False,False,False,False,False,False,False,2.5,shallow_well,glacial till,2,coastal scrub,10,,clay,0.0,none,False
H+60+02,60,2,6.83,775.3,ocean_westerly,0.527,False,False,0.2,maritime,1,ocean,False,False,False,False,False,False,False,False,0.0,dry,none/ocean,0,none/ocean,0,fisheries,fisheries,0.8,modest,False
H+61+02,61,2,6.75,760.8,ocean_westerly,0.52,False,False,0.2,maritime,1,ocean,False,False,False,False,False,False,False,False,0.0,dry,none/ocean,0,none/ocean,0,fisheries,fisheries,0.8,modest,False
H+62+02,62,2,6.66,736.3,ocean_westerly,0.514,False,False,0.2,maritime,1,ocean,False,False,False,False,False,False,False,False,0.0,dry,none/ocean,0,none/ocean,0,fisheries,fisheries,0.8,modest,False
H+63+02,63,2,6.57,714.3,ocean_westerly,0.507,False,False,0.2,maritime,1,ocean,False,False,False,False,False,False,False,False,0.0,dry,none/ocean,0,none/ocean,0,fisheries,fisheries,0.8,modest,False
H+64+02,64,2,6.49,716.7,ocean_westerly,0.501,False,False,0.2,maritime,1,ocean,False,False,False,False,False,False,False,False,0.0,dry,none/ocean,0,none/ocean,0,fisheries,fisheries,0.8,modest,False
H+65+02,65,2,6.43,728.5,ocean_westerly,0.494,False,False,0.2,maritime,1,ocean,False,False,False,False,False,False,False,False,0.0,dry,none/ocean,0,none/ocean,0,fisheries,fisheries,0.8,modest,False
H+66+02,66,2,6.41,731.8,ocean_westerly,0.488,False,False,0.2,maritime,1,ocean,False,False,False,False,False,False,False,False,0.0,dry,none/ocean,0,none/ocean,0,fisheries,fisheries,0.8,modest,False
H+67+02,67,2,6.42,737.5,ocean_westerly,0.481,False,False,0.2,maritime,1,ocean,False,False,False,False,False,False,False,False,0.0,dry,none/ocean,0,none/ocean,0,fisheries,fisheries,0.8,modest,False
H+68+02,68,2,6.44,740.3,ocean_westerly,0.475,False,False,0.2,maritime,1,ocean,False,False,False,False,False,False,False,False,0.0,dry,none/ocean,0,none/ocean,0,fisheries,fisheries,0.8,modest,False
H+69+02,69,2,6.48,737.2,ocean_westerly,0.468,False,False,0.2,maritime,1,ocean,False,False,False,False,False,False,False,False,0.0,dry,none/ocean,0,none/ocean,0,fisheries,fisheries,0.8,modest,False
H+70+02,70,2,6.52,736.5,ocean_westerly,0.461,False,False,0.2,maritime,1,ocean,False,False,False,False,False,False,False,False,0.0,dry,none/ocean,0,none/ocean,0,fisheries,fisheries,0.8,modest,False
H+71+02,71,2,6.58,743.5,ocean_westerly,0.455,False,False,0.2,maritime,1,ocean,False,False,False,False,False,False,False,False,0.0,dry,none/ocean,0,none/ocean,0,fisheries,fisheries,0.8,modest,False
H+72+02,72,2,6.64,748.0,ocean_westerly,0.448,False,False,0.2,maritime,1,ocean,False,False,False,False,False,False,False,False,0.0,dry,none/ocean,0,none/ocean,0,fisheries,fisheries,0.8,modest,False
H+73+02,73,2,6.72,729.8,ocean_westerly,0.442,False,False,0.2,maritime,1,ocean,False,False,False,False,False,False,False,False,0.0,dry,none/ocean,0,none/ocean,0,fisheries,fisheries,0.8,modest,False
H+74+02,74,2,6.8,701.5,ocean_westerly,0.435,False,False,0.2,maritime,1,ocean,False,False,False,False,False,False,False,False,0.0,dry,none/ocean,0,none/ocean,0,fisheries,fisheries,0.8,modest,False
H+75+02,75,2,6.88,687.3,ocean_westerly,0.429,False,False,0.2,maritime,1,ocean,False,False,False,False,False,False,False,False,0.0,dry,none/ocean,0,none/ocean,0,fisheries,fisheries,0.8,modest,False
H+76+02,76,2,6.94,674.6,ocean_westerly,0.422,False,False,0.2,maritime,1,ocean,False,False,False,False,False,False,False,False,0.0,dry,none/ocean,0,none/ocean,0,fisheries,fisheries,0.8,modest,False
H+77+02,77,2,6.97,660.6,ocean_westerly,0.416,False,False,0.2,maritime,1,ocean,False,False,False,False,False,False,False,False,0.0,dry,none/ocean,0,none/ocean,0,fisheries,fisheries,0.8,modest,False
H+78+02,78,2,6.99,649.7,ocean_westerly,0.409,False,False,0.2,maritime,1,ocean,False,False,False,False,False,False,False,False,0.0,dry,none/ocean,0,none/ocean,0,fisheries,fisheries,0.8,modest,False
H+79+02,79,2,7.02,644.6,ocean_westerly,0.402,False,False,0.2,maritime,1,ocean,False,False,False,False,False,False,False,False,0.0,dry,none/ocean,0,none/ocean,0,fisheries,fisheries,0.8,modest,False
H+00+03,0,3,6.8,875.4,ocean_westerly,0.92,False,False,0.2,maritime,1,ocean,False,False,False,False,False,False,False,False,0.0,dry,none/ocean,0,none/ocean,0,fisheries,fisheries,0.8,modest,False
H+01+03,1,3,6.81,881.6,ocean_westerly,0.913,False,False,0.2,maritime,1,ocean,False,False,False,False,False,False,False,False,0.0,dry,none/ocean,0,none/ocean,0,fisheries,fisheries,0.8,modest,False
H+02+03,2,3,6.84,895.0,ocean_westerly,0.907,False,False,0.2,maritime,1,ocean,False,False,False,False,False,False,False,False,0.0,dry,none/ocean,0,none/ocean,0,fisheries,fisheries,0.8,modest,False
H+03+03,3,3,6.87,909.7,ocean_westerly,0.9,False,False,0.2,maritime,1,ocean,False,False,False,False,False,False,False,False,0.0,dry,none/ocean,0,none/ocean,0,fisheries,fisheries,0.8,modest,False
H+04+03,4,3,6.89,925.6,ocean_westerly,0.894,False,False,0.2,maritime,1,ocean,False,False,False,False,False,False,False,False,0.0,dry,none/ocean,0,none/ocean,0,fisheries,fisheries,0.8,modest,False
H+05+03,5,3,6.9,928.8,ocean_westerly,0.887,False,False,0.2,maritime,1,ocean,False,False,False,False,False,False,False,False,0.0,dry,none/ocean,0,none/ocean,0,fisheries,fisheries,0.8,modest,False
H+06+03,6,3,6.88,918.8,ocean_westerly,0.881,False,False,0.2,maritime,1,ocean,False,False,False,False,False,False,False,False,0.0,dry,none/ocean,0,none/ocean,0,fisheries,fisheries,0.8,modest,False
H+07+03,7,3,6.86,915.9,ocean_westerly,0.874,False,False,0.2,maritime,1,ocean,False,False,False,False,False,False,False,False,0.0,dry,none/ocean,0,none/ocean,0,fisheries,fisheries,0.8,modest,False
H+08+03,8,3,6.84,917.7,ocean_westerly,0.868,False,False,0.2,maritime,1,ocean,False,False,False,False,False,False,False,False,0.0,dry,none/ocean,0,none/ocean,0,fisheries,fisheries,0.8,modest,False
H+09+03,9,3,6.83,911.7,ocean_westerly,0.861,False,False,0.2,maritime,1,ocean,False,False,False,False,False,False,False,False,0.0,dry,none/ocean,0,none/ocean,0,fisheries,fisheries,0.8,modest,False
H+10+03,10,3,6.84,906.6,ocean_westerly,0.854,False,False,0.2,maritime,1,ocean,False,False,False,False,False,False,False,False,0.0,dry,none/ocean,0,none/ocean,0,fisheries,fisheries,0.8,modest,False
H+11+03,11,3,6.87,902.1,ocean_westerly,0.848,False,False,0.2,maritime,1,ocean,False,False,False,False,False,False,False,False,0.0,dry,none/ocean,0,none/ocean,0,fisheries,fisheries,0.8,modest,False
H+12+03,12,3,6.93,881.3,ocean_westerly,0.841,False,False,0.2,maritime,1,ocean,False,False,False,False,False,False,False,False,0.0,dry,none/ocean,0,none/ocean,0,fisheries,fisheries,0.8,modest,False
H+13+03,13,3,6.99,855.2,ocean_westerly,0.835,False,False,0.2,maritime,1,ocean,False,False,False,False,False,False,False,False,0.0,dry,none/ocean,0,none/ocean,0,fisheries,fisheries,0.8,modest,False
H+14+03,14,3,7.05,837.9,ocean_westerly,0.828,False,False,0.2,maritime,1,ocean,False,False,False,False,False,False,False,False,0.0,dry,none/ocean,0,none/ocean,0,fisheries,fisheries,0.8,modest,False
H+15+03,15,3,7.11,825.4,ocean_westerly,0.822,False,False,0.2,maritime,1,ocean,False,False,False,False,False,False,False,False,0.0,dry,none/ocean,0,none/ocean,0,fisheries,fisheries,0.8,modest,False
H+16+03,16,3,7.17,813.4,ocean_westerly,0.815,False,False,0.2,maritime,1,ocean,False,False,False,False,False,False,False,False,0.0,dry,none/ocean,0,none/ocean,0,fisheries,fisheries,0.8,modest,False
H+17+03,17,3,7.22,797.2,ocean_westerly,0.809,False,False,0.2,maritime,1,ocean,False,False,False,False,False,False,False,False,0.0,dry,none/ocean,0,none/ocean,0,fisheries,fisheries,0.8,modest,False
H+18+03,18,3,7.27,787.7,ocean_westerly,0.802,False,False,0.2,maritime,1,ocean,False,False,False,False,False,False,False,False,0.0,dry,none/ocean,0,none/ocean,0,fisheries,fisheries,0.8,modest,False
H+19+03,19,3,5.6,767.8,open_westerly,0.692,False,False,0.542,moderate,2,river,True,False,False,False,False,False,True,False,1.5,spring_line,loam,4,boreal forest,3,timber,timber|clay,1.0,modest,False
H+20+03,20,3,4.94,817.7,open_westerly,0.696,False,False,0.532,moderate,2,river,True,False,False,False,False,False,True,False,1.5,spring_line,loam,4,boreal forest,3,timber,timber|clay,1.0,modest,False
H+21+03,21,3,4.66,860.6,open_westerly,0.698,False,False,0.521,moderate,2,river,True,False,False,False,False,False,True,False,1.5,spring_line,loam,4,boreal forest,3,timber,timber|clay,1.0,modest,False
H+22+03,22,3,4.64,868.1,open_westerly,0.693,False,False,0.51,moderate,0,none,False,False,False,False,False,False,True,False,6.91,shallow_well,loam,4,boreal forest,3,timber,timber|clay,1.0,modest,False
H+23+03,23,3,4.62,878.6,open_westerly,0.688,False,False,0.499,moderate,0,none,False,False,False,False,False,False,True,False,6.67,shallow_well,loam,4,boreal forest,3,timber,timber|clay,1.0,modest,False
H+24+03,24,3,4.58,896.5,open_westerly,0.683,False,False,0.487,moderate,0,none,False,False,False,False,False,False,True,False,6.43,shallow_well,loam,4,boreal forest,3,timber,timber|metals,1.0,modest,False
H+25+03,25,3,4.06,983.7,open_westerly,0.692,False,False,0.476,moderate,0,none,False,False,False,False,False,False,False,False,6.14,shallow_well,glacial till,2,boreal forest,3,timber,timber|metals,1.0,modest,False
H+26+03,26,3,3.22,1104.2,open_westerly,0.708,False,False,0.465,moderate,0,none,False,False,False,False,False,False,False,False,5.87,shallow_well,glacial till,2,boreal forest,3,timber,timber|stone|metals,1.0,modest,False
H+27+03,27,3,2.06,1265.2,open_westerly,0.731,False,False,0.455,moderate,0,none,False,False,False,False,False,False,False,False,5.52,shallow_well,glacial till,2,boreal forest,3,timber,timber|stone|metals,1.0,modest,False
H+28+03,28,3,2.49,611.5,calm_interior,0.694,False,False,0.451,moderate,8,salt_pan,False,False,False,False,True,False,False,False,9.66,dry,saline playa,10,salt flat sparse,11,salt_pans,salt_pans|evaporite_host,0.3,poor,True
H+29+03,29,3,2.48,604.7,calm_interior,0.683,False,False,0.458,moderate,8,salt_pan,False,False,False,False,True,False,False,False,9.72,dry,saline playa,10,salt flat sparse,11,salt_pans,salt_pans|evaporite_host,0.3,poor,True
H+30+03,30,3,2.47,581.0,calm_interior,0.668,False,True,0.667,strong,8,salt_pan,False,False,False,False,True,False,False,False,9.91,dry,saline playa,10,salt flat sparse,11,salt_pans,salt_pans|evaporite_host,0.3,poor,True
H+31+03,31,3,2.45,550.3,calm_interior,0.651,False,True,0.676,strong,8,salt_pan,False,False,False,False,True,False,False,False,10.1,dry,saline playa,10,salt flat sparse,11,salt_pans,salt_pans|evaporite_host,0.3,poor,True
H+32+03,32,3,2.42,515.3,calm_interior,0.633,False,True,0.687,strong,8,salt_pan,False,False,False,False,True,False,False,False,10.21,dry,saline playa,10,salt flat sparse,11,salt_pans,salt_pans|evaporite_host,0.3,poor,True
H+33+03,33,3,2.38,478.0,calm_interior,0.614,False,True,0.698,strong,8,salt_pan,False,False,False,False,True,False,False,False,10.15,dry,saline playa,10,salt flat sparse,11,salt_pans,salt_pans|evaporite_host,0.3,poor,True
H+34+03,34,3,2.35,459.0,calm_interior,0.598,False,True,0.71,strong,8,salt_pan,False,False,False,False,True,False,False,False,9.94,dry,saline playa,10,salt flat sparse,11,salt_pans,salt_pans|evaporite_host,0.3,poor,True
H+35+03,35,3,2.34,439.2,calm_interior,0.582,False,True,0.723,strong,8,salt_pan,False,False,False,False,True,False,False,False,9.88,dry,saline playa,10,salt flat sparse,11,salt_pans,salt_pans|evaporite_host,0.3,poor,True
H+36+03,36,3,2.34,420.1,calm_interior,0.566,False,True,0.736,strong,8,salt_pan,False,False,False,False,True,False,False,False,10.09,dry,saline playa,10,salt flat sparse,11,salt_pans,salt_pans|evaporite_host,0.3,poor,True
H+37+03,37,3,2.33,408.7,calm_interior,0.55,False,True,0.75,strong,8,salt_pan,False,False,False,False,True,False,False,False,10.42,dry,saline playa,10,salt flat sparse,11,salt_pans,salt_pans|evaporite_host,0.3,poor,True
H+38+03,38,3,2.32,401.6,calm_interior,0.535,False,True,0.764,strong,8,salt_pan,False,False,False,False,True,False,False,False,10.68,dry,saline playa,10,salt flat sparse,11,salt_pans,salt_pans|evaporite_host,0.3,poor,True
H+39+03,39,3,1.19,722.7,open_westerly,0.514,True,False,0.778,strong,0,none,False,False,False,False,False,False,False,False,9.16,dry,glacial till,2,boreal forest,3,timber,timber,1.0,modest,False
H+40+03,40,3,2.29,687.3,open_westerly,0.501,True,False,0.792,strong,0,none,False,False,False,False,False,False,False,False,8.52,dry,glacial till,2,boreal forest,3,timber,timber|stone,1.0,modest,False
H+41+03,41,3,3.38,757.8,open_westerly,0.521,False,False,0.606,moderate,0,none,False,False,False,False,False,False,False,False,7.15,shallow_well,glacial till,2,boreal forest,3,timber,timber|stone,1.0,modest,False
H+42+03,42,3,4.23,782.7,open_westerly,0.531,False,False,0.619,moderate,0,none,False,False,False,False,False,False,False,False,2.5,spring_line,glacial till,2,boreal forest,3,timber,timber,1.0,modest,False
H+43+03,43,3,4.66,775.1,open_westerly,0.527,False,False,0.633,moderate,0,none,False,False,False,False,False,False,False,False,2.5,spring_line,glacial till,2,boreal forest,3,timber,timber,1.0,modest,False
H+44+03,44,3,5.69,776.4,open_westerly,0.522,False,False,0.645,moderate,0,none,False,False,False,False,False,False,False,False,2.5,spring_line,glacial till,2,coastal scrub,10,,,0.0,none,False
H+45+03,45,3,5.89,778.1,open_westerly,0.518,False,False,0.657,strong,0,none,False,False,False,False,False,False,False,False,2.5,shallow_well,glacial till,2,coastal scrub,10,,,0.0,none,False
H+46+03,46,3,6.03,783.2,open_westerly,0.514,False,False,0.668,strong,0,none,False,False,False,False,False,False,False,False,2.5,shallow_well,glacial till,2,coastal scrub,10,,clay,0.0,none,False
H+47+03,47,3,7.04,865.2,ocean_westerly,0.612,False,False,0.2,maritime,1,ocean,False,False,False,False,False,False,False,False,0.0,dry,none/ocean,0,none/ocean,0,fisheries,fisheries,0.8,modest,False
H+48+03,48,3,7.05,847.4,ocean_westerly,0.606,False,False,0.2,maritime,1,ocean,False,False,False,False,False,False,False,False,0.0,dry,none/ocean,0,none/ocean,0,fisheries,fisheries,0.8,modest,False
H+49+03,49,3,7.07,826.9,ocean_westerly,0.599,False,False,0.2,maritime,1,ocean,False,False,False,False,False,False,False,False,0.0,dry,none/ocean,0,none/ocean,0,fisheries,fisheries,0.8,modest,False
H+50+03,50,3,7.1,827.6,ocean_westerly,0.592,False,False,0.2,maritime,1,ocean,False,False,False,False,False,False,False,False,0.0,dry,none/ocean,0,none/ocean,0,fisheries,fisheries,0.8,modest,False
H+51+03,51,3,7.14,852.4,ocean_westerly,0.586,False,False,0.2,maritime,1,ocean,False,False,False,False,False,False,False,False,0.0,dry,none/ocean,0,none/ocean,0,fisheries,fisheries,0.8,modest,False
H+52+03,52,3,5.93,833.1,open_westerly,0.497,False,False,0.721,strong,0,none,False,False,False,False,False,False,False,False,2.5,spring_line,glacial till,2,coastal scrub,10,,clay,0.0,none,False
H+53+03,53,3,6.01,844.9,open_westerly,0.493,False,False,0.729,strong,0,none,False,False,False,False,False,False,False,False,2.5,shallow_well,glacial till,2,coastal scrub,10,,clay,0.0,none,False
H+54+03,54,3,6.08,849.9,open_westerly,0.488,False,False,0.736,strong,0,none,False,False,False,False,False,False,False,False,2.5,shallow_well,glacial till,2,coastal scrub,10,,clay,0.0,none,False
H+55+03,55,3,6.07,839.7,open_westerly,0.484,False,False,0.743,strong,0,none,False,False,False,False,False,False,False,False,2.5,shallow_well,glacial till,2,coastal scrub,10,,clay,0.0,none,False
H+56+03,56,3,5.96,816.3,open_westerly,0.479,False,False,0.75,strong,0,none,False,False,False,False,False,False,False,False,2.5,shallow_well,glacial till,2,coastal scrub,10,,clay,0.0,none,False
H+57+03,57,3,5.9,794.7,open_westerly,0.474,False,False,0.758,strong,0,none,False,False,False,False,False,False,False,False,2.5,shallow_well,glacial till,2,coastal scrub,10,,clay,0.0,none,False
H+58+03,58,3,5.83,776.4,open_westerly,0.469,False,False,0.766,strong,0,none,False,False,False,False,False,False,False,False,2.5,shallow_well,glacial till,2,coastal scrub,10,,clay,0.0,none,False
H+59+03,59,3,5.75,759.0,open_westerly,0.463,False,False,0.774,strong,0,none,False,False,False,False,False,False,False,False,2.5,spring_line,glacial till,2,coastal scrub,10,,clay,0.0,none,False
H+60+03,60,3,6.99,765.5,ocean_westerly,0.527,False,False,0.2,maritime,1,ocean,False,False,False,False,False,False,False,False,0.0,dry,none/ocean,0,none/ocean,0,fisheries,fisheries,0.8,modest,False
H+61+03,61,3,6.92,756.3,ocean_westerly,0.52,False,False,0.2,maritime,1,ocean,False,False,False,False,False,False,False,False,0.0,dry,none/ocean,0,none/ocean,0,fisheries,fisheries,0.8,modest,False
H+62+03,62,3,6.84,734.3,ocean_westerly,0.514,False,False,0.2,maritime,1,ocean,False,False,False,False,False,False,False,False,0.0,dry,none/ocean,0,none/ocean,0,fisheries,fisheries,0.8,modest,False
H+63+03,63,3,6.77,713.5,ocean_westerly,0.507,False,False,0.2,maritime,1,ocean,False,False,False,False,False,False,False,False,0.0,dry,none/ocean,0,none/ocean,0,fisheries,fisheries,0.8,modest,False
H+64+03,64,3,6.71,715.1,ocean_westerly,0.501,False,False,0.2,maritime,1,ocean,False,False,False,False,False,False,False,False,0.0,dry,none/ocean,0,none/ocean,0,fisheries,fisheries,0.8,modest,False
H+65+03,65,3,6.67,725.5,ocean_westerly,0.494,False,False,0.2,maritime,1,ocean,False,False,False,False,False,False,False,False,0.0,dry,none/ocean,0,none/ocean,0,fisheries,fisheries,0.8,modest,False
H+66+03,66,3,6.65,727.1,ocean_westerly,0.488,False,False,0.2,maritime,1,ocean,False,False,False,False,False,False,False,False,0.0,dry,none/ocean,0,none/ocean,0,fisheries,fisheries,0.8,modest,False
H+67+03,67,3,6.66,731.2,ocean_westerly,0.481,False,False,0.2,maritime,1,ocean,False,False,False,False,False,False,False,False,0.0,dry,none/ocean,0,none/ocean,0,fisheries,fisheries,0.8,modest,False
H+68+03,68,3,6.7,734.4,ocean_westerly,0.475,False,False,0.2,maritime,1,ocean,False,False,False,False,False,False,False,False,0.0,dry,none/ocean,0,none/ocean,0,fisheries,fisheries,0.8,modest,False
H+69+03,69,3,6.74,731.8,ocean_westerly,0.468,False,False,0.2,maritime,1,ocean,False,False,False,False,False,False,False,False,0.0,dry,none/ocean,0,none/ocean,0,fisheries,fisheries,0.8,modest,False
H+70+03,70,3,6.8,730.5,ocean_westerly,0.461,False,False,0.2,maritime,1,ocean,False,False,False,False,False,False,False,False,0.0,dry,none/ocean,0,none/ocean,0,fisheries,fisheries,0.8,modest,False
H+71+03,71,3,6.86,734.2,ocean_westerly,0.455,False,False,0.2,maritime,1,ocean,False,False,False,False,False,False,False,False,0.0,dry,none/ocean,0,none/ocean,0,fisheries,fisheries,0.8,modest,False
H+72+03,72,3,6.91,736.4,ocean_westerly,0.448,False,False,0.2,maritime,1,ocean,False,False,False,False,False,False,False,False,0.0,dry,none/ocean,0,none/ocean,0,fisheries,fisheries,0.8,modest,False
H+73+03,73,3,6.97,722.5,ocean_westerly,0.442,False,False,0.2,maritime,1,ocean,False,False,False,False,False,False,False,False,0.0,dry,none/ocean,0,none/ocean,0,fisheries,fisheries,0.8,modest,False
H+74+03,74,3,7.01,700.0,ocean_westerly,0.435,False,False,0.2,maritime,1,ocean,False,False,False,False,False,False,False,False,0.0,dry,none/ocean,0,none/ocean,0,fisheries,fisheries,0.8,modest,False
H+75+03,75,3,7.05,686.4,ocean_westerly,0.429,False,False,0.2,maritime,1,ocean,False,False,False,False,False,False,False,False,0.0,dry,none/ocean,0,none/ocean,0,fisheries,fisheries,0.8,modest,False
H+76+03,76,3,7.08,673.5,ocean_westerly,0.422,False,False,0.2,maritime,1,ocean,False,False,False,False,False,False,False,False,0.0,dry,none/ocean,0,none/ocean,0,fisheries,fisheries,0.8,modest,False
H+77+03,77,3,7.1,659.5,ocean_westerly,0.416,False,False,0.2,maritime,1,ocean,False,False,False,False,False,False,False,False,0.0,dry,none/ocean,0,none/ocean,0,fisheries,fisheries,0.8,modest,False
H+78+03,78,3,7.14,648.2,ocean_westerly,0.409,False,False,0.2,maritime,1,ocean,False,False,False,False,False,False,False,False,0.0,dry,none/ocean,0,none/ocean,0,fisheries,fisheries,0.8,modest,False
H+79+03,79,3,7.19,643.2,ocean_westerly,0.402,False,False,0.2,maritime,1,ocean,False,False,False,False,False,False,False,False,0.0,dry,none/ocean,0,none/ocean,0,fisheries,fisheries,0.8,modest,False
H+00+04,0,4,7.08,871.4,ocean_westerly,0.92,False,False,0.2,maritime,1,ocean,False,False,False,False,False,False,False,False,0.0,dry,none/ocean,0,none/ocean,0,fisheries,fisheries,0.8,modest,False
H+01+04,1,4,7.09,877.8,ocean_westerly,0.913,False,False,0.2,maritime,1,ocean,False,False,False,False,False,False,False,False,0.0,dry,none/ocean,0,none/ocean,0,fisheries,fisheries,0.8,modest,False
H+02+04,2,4,7.13,891.9,ocean_westerly,0.907,False,False,0.2,maritime,1,ocean,False,False,False,False,False,False,False,False,0.0,dry,none/ocean,0,none/ocean,0,fisheries,fisheries,0.8,modest,False
H+03+04,3,4,7.17,904.3,ocean_westerly,0.9,False,False,0.2,maritime,1,ocean,False,False,False,False,False,False,False,False,0.0,dry,none/ocean,0,none/ocean,0,fisheries,fisheries,0.8,modest,False
H+04+04,4,4,7.21,911.2,ocean_westerly,0.894,False,False,0.2,maritime,1,ocean,False,False,False,False,False,False,False,False,0.0,dry,none/ocean,0,none/ocean,0,fisheries,fisheries,0.8,modest,False
H+05+04,5,4,7.22,910.5,ocean_westerly,0.887,False,False,0.2,maritime,1,ocean,False,False,False,False,False,False,False,False,0.0,dry,none/ocean,0,none/ocean,0,fisheries,fisheries,0.8,modest,False
H+06+04,6,4,7.21,912.5,ocean_westerly,0.881,False,False,0.2,maritime,1,ocean,False,False,False,False,False,False,False,False,0.0,dry,none/ocean,0,none/ocean,0,fisheries,fisheries,0.8,modest,False
H+07+04,7,4,7.18,914.7,ocean_westerly,0.874,False,False,0.2,maritime,1,ocean,False,False,False,False,False,False,False,False,0.0,dry,none/ocean,0,none/ocean,0,fisheries,fisheries,0.8,modest,False
H+08+04,8,4,7.15,910.0,ocean_westerly,0.868,False,False,0.2,maritime,1,ocean,False,False,False,False,False,False,False,False,0.0,dry,none/ocean,0,none/ocean,0,fisheries,fisheries,0.8,modest,False
H+09+04,9,4,7.13,899.2,ocean_westerly,0.861,False,False,0.2,maritime,1,ocean,False,False,False,False,False,False,False,False,0.0,dry,none/ocean,0,none/ocean,0,fisheries,fisheries,0.8,modest,False
H+10+04,10,4,7.13,887.2,ocean_westerly,0.854,False,False,0.2,maritime,1,ocean,False,False,False,False,False,False,False,False,0.0,dry,none/ocean,0,none/ocean,0,fisheries,fisheries,0.8,modest,False
H+11+04,11,4,7.16,873.5,ocean_westerly,0.848,False,False,0.2,maritime,1,ocean,False,False,False,False,False,False,False,False,0.0,dry,none/ocean,0,none/ocean,0,fisheries,fisheries,0.8,modest,False
H+12+04,12,4,7.22,851.0,ocean_westerly,0.841,False,False,0.2,maritime,1,ocean,False,False,False,False,False,False,False,False,0.0,dry,none/ocean,0,none/ocean,0,fisheries,fisheries,0.8,modest,False
H+13+04,13,4,7.28,823.5,ocean_westerly,0.835,False,False,0.2,maritime,1,ocean,False,False,False,False,False,False,False,False,0.0,dry,none/ocean,0,none/ocean,0,fisheries,fisheries,0.8,modest,False
H+14+04,14,4,7.34,810.1,ocean_westerly,0.828,False,False,0.2,maritime,1,ocean,False,False,False,False,False,False,False,False,0.0,dry,none/ocean,0,none/ocean,0,fisheries,fisheries,0.8,modest,False
H+15+04,15,4,7.4,801.8,ocean_westerly,0.822,False,False,0.2,maritime,1,ocean,False,False,False,False,False,False,False,False,0.0,dry,none/ocean,0,none/ocean,0,fisheries,fisheries,0.8,modest,False
H+16+04,16,4,7.46,795.6,ocean_westerly,0.815,False,False,0.2,maritime,1,ocean,False,False,False,False,False,False,False,False,0.0,dry,none/ocean,0,none/ocean,0,fisheries,fisheries,0.8,modest,False
H+17+04,17,4,7.5,800.1,ocean_westerly,0.809,False,False,0.2,maritime,1,ocean,False,False,False,False,False,False,False,False,0.0,dry,none/ocean,0,none/ocean,0,fisheries,fisheries,0.8,modest,False
H+18+04,18,4,7.54,804.8,ocean_westerly,0.802,False,False,0.2,maritime,1,ocean,False,False,False,False,False,False,False,False,0.0,dry,none/ocean,0,none/ocean,0,fisheries,fisheries,0.8,modest,False
H+19+04,19,4,7.57,801.2,ocean_westerly,0.796,False,False,0.2,maritime,1,ocean,False,False,False,False,False,False,False,False,0.0,dry,none/ocean,0,none/ocean,0,fisheries,fisheries,0.8,modest,False
H+20+04,20,4,4.9,885.1,open_westerly,0.705,False,False,0.527,moderate,2,river,True,False,False,False,False,False,True,False,1.5,spring_line,loam,4,boreal forest,3,timber,timber|clay,1.0,modest,False
H+21+04,21,4,4.88,880.5,open_westerly,0.698,False,False,0.516,moderate,2,river,True,False,False,False,False,False,True,False,1.5,spring_line,loam,4,boreal forest,3,timber,timber|clay,1.0,modest,False
H+22+04,22,4,4.87,892.5,open_westerly,0.693,False,False,0.505,moderate,2,river,True,False,False,False,False,False,True,False,1.5,spring_line,loam,4,boreal forest,3,timber|fisheries,timber|fisheries|clay,1.0,modest,False
H+23+04,23,4,4.84,907.7,open_westerly,0.689,False,False,0.493,moderate,2,river,True,False,False,False,False,False,True,False,1.5,spring_line,loam,4,boreal forest,3,timber|fisheries,timber|fisheries|clay,1.0,modest,False
H+24+04,24,4,4.55,966.5,open_westerly,0.691,False,False,0.482,moderate,0,none,False,False,False,False,False,False,True,False,6.1,shallow_well,loam,4,boreal forest,3,timber,timber|metals,1.0,modest,False
H+25+04,25,4,4.01,1054.4,open_westerly,0.699,False,False,0.471,moderate,0,none,False,False,False,False,False,False,False,False,5.74,shallow_well,glacial till,2,boreal forest,3,timber,timber|metals,1.0,modest,False
H+26+04,26,4,3.11,1188.5,open_westerly,0.717,False,False,0.46,moderate,0,none,False,False,False,False,False,False,False,False,5.37,shallow_well,glacial till,2,boreal forest,3,timber,timber|stone,1.0,modest,False
H+27+04,27,4,1.93,1358.7,open_westerly,0.74,False,False,0.449,moderate,0,none,False,False,False,False,False,False,False,False,4.94,shallow_well,glacial till,2,boreal forest,3,timber,timber|stone,1.0,modest,False
H+28+04,28,4,2.7,620.6,calm_interior,0.691,False,False,0.445,moderate,8,salt_pan,False,False,False,False,True,False,False,False,9.44,dry,saline playa,10,salt flat sparse,11,salt_pans,salt_pans|evaporite_host,0.3,poor,True
H+29+04,29,4,2.71,611.7,calm_interior,0.683,False,False,0.453,moderate,8,salt_pan,False,False,False,False,True,False,False,False,9.5,dry,saline playa,10,salt flat sparse,11,salt_pans,salt_pans|evaporite_host,0.3,poor,True
H+30+04,30,4,2.73,590.2,calm_interior,0.668,False,True,0.662,strong,8,salt_pan,False,False,False,False,True,False,False,False,9.64,dry,saline playa,10,salt flat sparse,11,salt_pans,salt_pans|evaporite_host,0.3,poor,True
H+31+04,31,4,2.75,563.8,calm_interior,0.651,False,True,0.671,strong,8,salt_pan,False,False,False,False,True,False,False,False,9.75,dry,saline playa,10,salt flat sparse,11,salt_pans,salt_pans|evaporite_host,0.3,poor,True
H+32+04,32,4,2.75,527.9,calm_interior,0.633,False,True,0.681,strong,8,salt_pan,False,False,False,False,True,False,False,False,9.83,dry,saline playa,10,salt flat sparse,11,salt_pans,salt_pans|evaporite_host,0.3,poor,True
H+33+04,33,4,2.72,487.9,calm_interior,0.614,False,True,0.693,strong,8,salt_pan,False,False,False,False,True,False,False,False,9.77,dry,saline playa,10,salt flat sparse,11,salt_pans,salt_pans|evaporite_host,0.3,poor,True
H+34+04,34,4,2.68,466.3,calm_interior,0.598,False,True,0.705,strong,8,salt_pan,False,False,False,False,True,False,False,False,9.56,dry,saline playa,10,salt flat sparse,11,salt_pans,salt_pans|evaporite_host,0.3,poor,True
H+35+04,35,4,2.64,443.7,calm_interior,0.582,False,True,0.718,strong,8,salt_pan,False,False,False,False,True,False,False,False,9.52,dry,saline playa,10,salt flat sparse,11,salt_pans,salt_pans|evaporite_host,0.3,poor,True
H+36+04,36,4,2.6,423.1,calm_interior,0.566,False,True,0.731,strong,8,salt_pan,False,False,False,False,True,False,False,False,9.77,dry,saline playa,10,salt flat sparse,11,salt_pans,salt_pans|evaporite_host,0.3,poor,True
H+37+04,37,4,2.56,407.9,calm_interior,0.55,False,True,0.745,strong,8,salt_pan,False,False,False,False,True,False,False,False,10.19,dry,saline playa,10,salt flat sparse,11,salt_pans,salt_pans|evaporite_host,0.3,poor,True
H+38+04,38,4,2.52,396.6,calm_interior,0.535,False,True,0.758,strong,8,salt_pan,False,False,False,False,True,False,False,False,10.58,dry,saline playa,10,salt flat sparse,11,salt_pans,salt_pans|evaporite_host,0.3,poor,True
H+39+04,39,4,1.2,723.0,leeward,0.513,True,False,0.772,strong,0,none,False,False,False,False,False,False,False,False,9.23,dry,glacial till,2,boreal forest,3,timber,timber,1.0,modest,False
H+40+04,40,4,2.31,681.6,open_westerly,0.497,True,False,0.786,strong,0,none,False,False,False,False,False,False,False,False,8.73,dry,glacial till,2,boreal forest,3,timber,timber|stone,1.0,modest,False
H+41+04,41,4,3.33,748.7,open_westerly,0.515,False,False,0.6,moderate,0,none,False,False,False,False,False,False,False,False,7.5,shallow_well,glacial till,2,boreal forest,3,timber,timber|stone,1.0,modest,False
H+42+04,42,4,4.21,788.3,open_westerly,0.53,False,False,0.614,moderate,0,none,False,False,False,False,False,False,False,False,6.62,shallow_well,glacial till,2,boreal forest,3,timber,timber,1.0,modest,False
H+43+04,43,4,4.65,776.1,open_westerly,0.526,False,False,0.627,moderate,0,none,False,False,False,False,False,False,False,False,2.5,shallow_well,glacial till,2,boreal forest,3,timber,timber|clay,1.0,modest,False
H+44+04,44,4,4.79,768.7,open_westerly,0.522,False,False,0.64,moderate,0,none,False,False,False,False,False,False,False,False,2.5,spring_line,glacial till,2,boreal forest,3,timber,timber|clay,1.0,modest,False
H+45+04,45,4,5.81,766.2,open_westerly,0.518,False,False,0.651,strong,0,none,False,False,False,False,False,False,False,False,2.5,spring_line,glacial till,2,coastal scrub,10,,clay,0.0,none,False
H+46+04,46,4,5.93,767.3,open_westerly,0.514,False,False,0.663,strong,0,none,False,False,False,False,False,False,False,False,2.5,shallow_well,glacial till,2,coastal scrub,10,,clay,0.0,none,False
H+47+04,47,4,6.11,765.3,open_westerly,0.511,False,False,0.673,strong,0,none,False,False,False,False,False,False,False,False,2.5,shallow_well,glacial till,2,coastal scrub,10,,clay,0.0,none,False
H+48+04,48,4,6.31,762.8,open_westerly,0.509,False,False,0.683,strong,0,none,False,False,False,False,False,False,False,False,2.5,shallow_well,glacial till,2,coastal scrub,10,,clay,0.0,none,False
H+49+04,49,4,7.33,820.9,ocean_westerly,0.599,False,False,0.2,maritime,1,ocean,False,False,False,False,False,False,False,False,0.0,dry,none/ocean,0,none/ocean,0,fisheries,fisheries,0.8,modest,False
H+50+04,50,4,7.37,820.2,ocean_westerly,0.592,False,False,0.2,maritime,1,ocean,False,False,False,False,False,False,False,False,0.0,dry,none/ocean,0,none/ocean,0,fisheries,fisheries,0.8,modest,False
H+51+04,51,4,5.87,786.7,open_westerly,0.5,False,False,0.708,strong,0,none,False,False,False,False,False,False,False,False,2.5,spring_line,glacial till,2,boreal forest,3,timber,timber|clay,1.0,modest,False
H+52+04,52,4,5.91,805.1,open_westerly,0.497,False,False,0.716,strong,0,none,False,False,False,False,False,False,False,False,2.5,shallow_well,glacial till,2,boreal forest,3,timber,timber|clay,1.0,modest,False
H+53+04,53,4,5.95,816.9,open_westerly,0.493,False,False,0.724,strong,0,none,False,False,False,False,False,False,False,False,2.5,shallow_well,glacial till,2,boreal forest,3,timber,timber|clay,1.0,modest,False
H+54+04,54,4,6.03,821.5,open_westerly,0.488,False,False,0.731,strong,0,none,False,False,False,False,False,False,False,False,2.5,shallow_well,glacial till,2,coastal scrub,10,,clay,0.0,none,False
H+55+04,55,4,6.0,815.6,open_westerly,0.484,False,False,0.738,strong,0,none,False,False,False,False,False,False,False,False,2.5,shallow_well,glacial till,2,boreal forest,3,timber,timber|clay,1.0,modest,False
H+56+04,56,4,5.92,798.0,open_westerly,0.479,False,False,0.746,strong,0,none,False,False,False,False,False,False,False,False,2.5,shallow_well,glacial till,2,boreal forest,3,timber,timber|clay,1.0,modest,False
H+57+04,57,4,5.88,771.9,open_westerly,0.474,False,False,0.754,strong,0,none,False,False,False,False,False,False,False,False,2.5,shallow_well,glacial till,2,boreal forest,3,timber,timber|clay,1.0,modest,False
H+58+04,58,4,5.79,741.9,open_westerly,0.469,False,False,0.761,strong,0,none,False,False,False,False,False,False,False,False,2.5,shallow_well,glacial till,2,boreal forest,3,timber,timber|clay,1.0,modest,False
H+59+04,59,4,5.66,726.7,open_westerly,0.463,False,False,0.77,strong,0,none,False,False,False,False,False,False,False,False,2.5,spring_line,glacial till,2,boreal forest,3,timber,timber|clay,1.0,modest,False
H+60+04,60,4,7.17,749.8,ocean_westerly,0.527,False,False,0.2,maritime,1,ocean,False,False,False,False,False,False,False,False,0.0,dry,none/ocean,0,none/ocean,0,fisheries,fisheries,0.8,modest,False
H+61+04,61,4,7.1,749.2,ocean_westerly,0.52,False,False,0.2,maritime,1,ocean,False,False,False,False,False,False,False,False,0.0,dry,none/ocean,0,none/ocean,0,fisheries,fisheries,0.8,modest,False
H+62+04,62,4,7.03,731.3,ocean_westerly,0.514,False,False,0.2,maritime,1,ocean,False,False,False,False,False,False,False,False,0.0,dry,none/ocean,0,none/ocean,0,fisheries,fisheries,0.8,modest,False
H+63+04,63,4,6.98,712.7,ocean_westerly,0.507,False,False,0.2,maritime,1,ocean,False,False,False,False,False,False,False,False,0.0,dry,none/ocean,0,none/ocean,0,fisheries,fisheries,0.8,modest,False
H+64+04,64,4,6.93,712.6,ocean_westerly,0.501,False,False,0.2,maritime,1,ocean,False,False,False,False,False,False,False,False,0.0,dry,none/ocean,0,none/ocean,0,fisheries,fisheries,0.8,modest,False
H+65+04,65,4,6.9,720.8,ocean_westerly,0.494,False,False,0.2,maritime,1,ocean,False,False,False,False,False,False,False,False,0.0,dry,none/ocean,0,none/ocean,0,fisheries,fisheries,0.8,modest,False
H+66+04,66,4,6.89,720.7,ocean_westerly,0.488,False,False,0.2,maritime,1,ocean,False,False,False,False,False,False,False,False,0.0,dry,none/ocean,0,none/ocean,0,fisheries,fisheries,0.8,modest,False
H+67+04,67,4,6.91,722.4,ocean_westerly,0.481,False,False,0.2,maritime,1,ocean,False,False,False,False,False,False,False,False,0.0,dry,none/ocean,0,none/ocean,0,fisheries,fisheries,0.8,modest,False
H+68+04,68,4,6.95,726.4,ocean_westerly,0.475,False,False,0.2,maritime,1,ocean,False,False,False,False,False,False,False,False,0.0,dry,none/ocean,0,none/ocean,0,fisheries,fisheries,0.8,modest,False
H+69+04,69,4,7.01,725.9,ocean_westerly,0.468,False,False,0.2,maritime,1,ocean,False,False,False,False,False,False,False,False,0.0,dry,none/ocean,0,none/ocean,0,fisheries,fisheries,0.8,modest,False
H+70+04,70,4,7.08,725.0,ocean_westerly,0.461,False,False,0.2,maritime,1,ocean,False,False,False,False,False,False,False,False,0.0,dry,none/ocean,0,none/ocean,0,fisheries,fisheries,0.8,modest,False
H+71+04,71,4,7.14,721.6,ocean_westerly,0.455,False,False,0.2,maritime,1,ocean,False,False,False,False,False,False,False,False,0.0,dry,none/ocean,0,none/ocean,0,fisheries,fisheries,0.8,modest,False
H+72+04,72,4,7.18,718.4,ocean_westerly,0.448,False,False,0.2,maritime,1,ocean,False,False,False,False,False,False,False,False,0.0,dry,none/ocean,0,none/ocean,0,fisheries,fisheries,0.8,modest,False
H+73+04,73,4,7.21,714.7,ocean_westerly,0.442,False,False,0.2,maritime,1,ocean,False,False,False,False,False,False,False,False,0.0,dry,none/ocean,0,none/ocean,0,fisheries,fisheries,0.8,modest,False
H+74+04,74,4,7.22,706.0,ocean_westerly,0.435,False,False,0.2,maritime,1,ocean,False,False,False,False,False,False,False,False,0.0,dry,none/ocean,0,none/ocean,0,fisheries,fisheries,0.8,modest,False
H+75+04,75,4,7.22,692.6,ocean_westerly,0.429,False,False,0.2,maritime,1,ocean,False,False,False,False,False,False,False,False,0.0,dry,none/ocean,0,none/ocean,0,fisheries,fisheries,0.8,modest,False
H+76+04,76,4,7.22,677.5,ocean_westerly,0.422,False,False,0.2,maritime,1,ocean,False,False,False,False,False,False,False,False,0.0,dry,none/ocean,0,none/ocean,0,fisheries,fisheries,0.8,modest,False
H+77+04,77,4,7.23,663.0,ocean_westerly,0.416,False,False,0.2,maritime,1,ocean,False,False,False,False,False,False,False,False,0.0,dry,none/ocean,0,none/ocean,0,fisheries,fisheries,0.8,modest,False
H+78+04,78,4,7.28,649.9,ocean_westerly,0.409,False,False,0.2,maritime,1,ocean,False,False,False,False,False,False,False,False,0.0,dry,none/ocean,0,none/ocean,0,fisheries,fisheries,0.8,modest,False
H+79+04,79,4,7.36,644.1,ocean_westerly,0.402,False,False,0.2,maritime,1,ocean,False,False,False,False,False,False,False,False,0.0,dry,none/ocean,0,none/ocean,0,fisheries,fisheries,0.8,modest,False
H+00+05,0,5,7.37,880.9,ocean_westerly,0.92,False,False,0.2,maritime,1,ocean,False,False,False,False,False,False,False,False,0.0,dry,none/ocean,0,none/ocean,0,fisheries,fisheries,0.8,modest,False
H+01+05,1,5,7.39,886.5,ocean_westerly,0.913,False,False,0.2,maritime,1,ocean,False,False,False,False,False,False,False,False,0.0,dry,none/ocean,0,none/ocean,0,fisheries,fisheries,0.8,modest,False
H+02+05,2,5,7.43,897.8,ocean_westerly,0.907,False,False,0.2,maritime,1,ocean,False,False,False,False,False,False,False,False,0.0,dry,none/ocean,0,none/ocean,0,fisheries,fisheries,0.8,modest,False
H+03+05,3,5,7.48,903.8,ocean_westerly,0.9,False,False,0.2,maritime,1,ocean,False,False,False,False,False,False,False,False,0.0,dry,none/ocean,0,none/ocean,0,fisheries,fisheries,0.8,modest,False
H+04+05,4,5,7.53,901.0,ocean_westerly,0.894,False,False,0.2,maritime,1,ocean,False,False,False,False,False,False,False,False,0.0,dry,none/ocean,0,none/ocean,0,fisheries,fisheries,0.8,modest,False
H+05+05,5,5,7.55,893.7,ocean_westerly,0.887,False,False,0.2,maritime,1,ocean,False,False,False,False,False,False,False,False,0.0,dry,none/ocean,0,none/ocean,0,fisheries,fisheries,0.8,modest,False
H+06+05,6,5,7.53,894.1,ocean_westerly,0.881,False,False,0.2,maritime,1,ocean,False,False,False,False,False,False,False,False,0.0,dry,none/ocean,0,none/ocean,0,fisheries,fisheries,0.8,modest,False
H+07+05,7,5,7.5,892.7,ocean_westerly,0.874,False,False,0.2,maritime,1,ocean,False,False,False,False,False,False,False,False,0.0,dry,none/ocean,0,none/ocean,0,fisheries,fisheries,0.8,modest,False
H+08+05,8,5,7.46,882.4,ocean_westerly,0.868,False,False,0.2,maritime,1,ocean,False,False,False,False,False,False,False,False,0.0,dry,none/ocean,0,none/ocean,0,fisheries,fisheries,0.8,modest,False
H+09+05,9,5,7.44,868.9,ocean_westerly,0.861,False,False,0.2,maritime,1,ocean,False,False,False,False,False,False,False,False,0.0,dry,none/ocean,0,none/ocean,0,fisheries,fisheries,0.8,modest,False
H+10+05,10,5,7.43,857.5,ocean_westerly,0.854,False,False,0.2,maritime,1,ocean,False,False,False,False,False,False,False,False,0.0,dry,none/ocean,0,none/ocean,0,fisheries,fisheries,0.8,modest,False
H+11+05,11,5,7.46,846.2,ocean_westerly,0.848,False,False,0.2,maritime,1,ocean,False,False,False,False,False,False,False,False,0.0,dry,none/ocean,0,none/ocean,0,fisheries,fisheries,0.8,modest,False
H+12+05,12,5,7.5,828.3,ocean_westerly,0.841,False,False,0.2,maritime,1,ocean,False,False,False,False,False,False,False,False,0.0,dry,none/ocean,0,none/ocean,0,fisheries,fisheries,0.8,modest,False
H+13+05,13,5,7.56,806.8,ocean_westerly,0.835,False,False,0.2,maritime,1,ocean,False,False,False,False,False,False,False,False,0.0,dry,none/ocean,0,none/ocean,0,fisheries,fisheries,0.8,modest,False
H+14+05,14,5,7.62,798.7,ocean_westerly,0.828,False,False,0.2,maritime,1,ocean,False,False,False,False,False,False,False,False,0.0,dry,none/ocean,0,none/ocean,0,fisheries,fisheries,0.8,modest,False
H+15+05,15,5,7.68,794.3,ocean_westerly,0.822,False,False,0.2,maritime,1,ocean,False,False,False,False,False,False,False,False,0.0,dry,none/ocean,0,none/ocean,0,fisheries,fisheries,0.8,modest,False
H+16+05,16,5,7.73,791.9,ocean_westerly,0.815,False,False,0.2,maritime,1,ocean,False,False,False,False,False,False,False,False,0.0,dry,none/ocean,0,none/ocean,0,fisheries,fisheries,0.8,modest,False
H+17+05,17,5,7.77,802.3,ocean_westerly,0.809,False,False,0.2,maritime,1,ocean,False,False,False,False,False,False,False,False,0.0,dry,none/ocean,0,none/ocean,0,fisheries,fisheries,0.8,modest,False
H+18+05,18,5,7.8,810.5,ocean_westerly,0.802,False,False,0.2,maritime,1,ocean,False,False,False,False,False,False,False,False,0.0,dry,none/ocean,0,none/ocean,0,fisheries,fisheries,0.8,modest,False
H+19+05,19,5,7.82,807.3,ocean_westerly,0.796,False,False,0.2,maritime,1,ocean,False,False,False,False,False,False,False,False,0.0,dry,none/ocean,0,none/ocean,0,fisheries,fisheries,0.8,modest,False
H+20+05,20,5,4.88,935.2,open_westerly,0.712,False,False,0.521,moderate,0,none,False,False,False,False,False,False,False,False,2.5,spring_line,glacial till,2,boreal forest,3,timber,timber|clay,1.0,modest,False
H+21+05,21,5,4.83,925.3,open_westerly,0.704,False,False,0.51,moderate,0,none,False,False,False,False,False,False,False,False,2.5,shallow_well,glacial till,2,boreal forest,3,timber,timber|clay,1.0,modest,False
H+22+05,22,5,4.83,939.9,open_westerly,0.7,False,False,0.499,moderate,0,none,False,False,False,False,False,False,False,False,6.76,shallow_well,glacial till,2,boreal forest,3,timber,timber|clay,1.0,modest,False
H+23+05,23,5,4.82,954.0,open_westerly,0.695,False,False,0.488,moderate,0,none,False,False,False,False,False,False,False,False,6.29,shallow_well,glacial till,2,boreal forest,3,timber,timber|clay,1.0,modest,False
H+24+05,24,5,4.61,1000.6,open_westerly,0.695,False,False,0.477,moderate,0,none,False,False,False,False,False,False,False,False,5.76,shallow_well,glacial till,2,boreal forest,3,timber,timber,1.0,modest,False
H+25+05,25,5,3.91,1124.3,open_westerly,0.708,False,False,0.465,moderate,0,none,False,False,False,False,False,False,False,False,5.2,shallow_well,glacial till,2,boreal forest,3,timber,timber|stone,1.0,modest,False
H+26+05,26,5,2.98,1264.9,open_westerly,0.726,False,False,0.454,moderate,0,none,False,False,False,False,False,False,False,False,4.79,shallow_well,glacial till,2,boreal forest,3,timber,timber|stone,1.0,modest,False
H+27+05,27,5,1.83,1434.4,windward,0.748,False,False,0.444,moderate,0,none,False,False,False,False,False,False,False,False,4.37,shallow_well,glacial till,2,boreal forest,3,timber,timber|stone,1.0,modest,False
H+28+05,28,5,2.93,627.5,calm_interior,0.689,False,False,0.44,moderate,8,salt_pan,False,False,False,False,True,False,False,False,9.15,dry,saline playa,10,salt flat sparse,11,salt_pans,salt_pans|evaporite_host,0.3,poor,True
H+29+05,29,5,2.97,622.4,calm_interior,0.683,False,False,0.448,moderate,8,salt_pan,False,False,False,False,True,False,False,False,9.14,dry,saline playa,10,salt flat sparse,11,salt_pans,salt_pans|evaporite_host,0.3,poor,True
H+30+05,30,5,3.01,599.7,calm_interior,0.668,False,False,0.456,moderate,8,salt_pan,False,False,False,False,True,False,False,False,9.18,dry,saline playa,10,salt flat sparse,11,salt_pans,salt_pans|evaporite_host,0.3,poor,True
H+31+05,31,5,3.05,571.4,calm_interior,0.651,False,True,0.666,strong,8,salt_pan,False,False,False,False,True,False,False,False,9.21,dry,saline playa,10,salt flat sparse,11,salt_pans,salt_pans|evaporite_host,0.3,poor,True
H+32+05,32,5,3.07,534.1,calm_interior,0.633,False,True,0.676,strong,8,salt_pan,False,False,False,False,True,False,False,False,9.26,dry,saline playa,10,salt flat sparse,11,salt_pans,salt_pans|evaporite_host,0.3,poor,True
H+33+05,33,5,3.05,492.8,calm_interior,0.614,False,True,0.687,strong,8,salt_pan,False,False,False,False,True,False,False,False,9.24,dry,saline playa,10,salt flat sparse,11,salt_pans,salt_pans|evaporite_host,0.3,poor,True
H+34+05,34,5,3.0,470.4,calm_interior,0.598,False,True,0.699,strong,8,salt_pan,False,False,False,False,True,False,False,False,9.1,dry,saline playa,10,salt flat sparse,11,salt_pans,salt_pans|evaporite_host,0.3,poor,True
H+35+05,35,5,2.94,447.5,calm_interior,0.582,False,True,0.712,strong,8,salt_pan,False,False,False,False,True,False,False,False,9.09,dry,saline playa,10,salt flat sparse,11,salt_pans,salt_pans|evaporite_host,0.3,poor,True
H+36+05,36,5,2.88,426.8,calm_interior,0.566,False,True,0.725,strong,8,salt_pan,False,False,False,False,True,False,False,False,9.36,dry,saline playa,10,salt flat sparse,11,salt_pans,salt_pans|evaporite_host,0.3,poor,True
H+37+05,37,5,2.81,410.8,calm_interior,0.55,False,True,0.739,strong,8,salt_pan,False,False,False,False,True,False,False,False,9.81,dry,saline playa,10,salt flat sparse,11,salt_pans,salt_pans|evaporite_host,0.3,poor,True
H+38+05,38,5,2.75,398.3,calm_interior,0.535,False,True,0.753,strong,8,salt_pan,False,False,False,False,True,False,False,False,10.25,dry,saline playa,10,salt flat sparse,11,salt_pans,salt_pans|evaporite_host,0.3,poor,True
H+39+05,39,5,2.71,393.4,open_westerly,0.521,False,True,0.767,strong,8,salt_pan,False,False,False,False,True,False,False,False,10.49,dry,saline playa,10,salt flat sparse,11,salt_pans,salt_pans|evaporite_host,0.3,poor,True
H+40+05,40,5,2.36,709.6,open_westerly,0.505,True,False,0.78,strong,0,none,False,False,False,False,False,False,False,False,8.65,dry,glacial till,2,boreal forest,3,timber,timber|stone,1.0,modest,False
H+41+05,41,5,3.39,731.4,open_westerly,0.511,False,False,0.594,moderate,0,none,False,False,False,False,False,False,False,False,7.93,shallow_well,glacial till,2,boreal forest,3,timber,timber|stone,1.0,modest,False
H+42+05,42,5,4.19,772.6,open_westerly,0.527,False,False,0.608,moderate,0,none,False,False,False,False,False,False,False,False,7.19,shallow_well,glacial till,2,boreal forest,3,timber,timber|limestone_karst,1.0,modest,False
H+43+05,43,5,4.61,768.8,open_westerly,0.526,False,False,0.621,moderate,0,none,False,False,False,False,False,False,False,False,6.95,shallow_well,glacial till,2,boreal forest,3,timber,timber|clay,1.0,modest,False
H+44+05,44,5,4.74,759.2,open_westerly,0.522,False,False,0.634,moderate,0,none,False,False,False,False,False,False,False,False,6.88,shallow_well,glacial till,2,boreal forest,3,timber,timber|clay,1.0,modest,False
H+45+05,45,5,4.89,755.2,open_westerly,0.518,False,False,0.646,moderate,0,none,False,False,False,False,False,False,False,False,2.5,spring_line,glacial till,2,boreal forest,3,timber,timber|clay,1.0,modest,False
H+46+05,46,5,5.85,754.9,open_westerly,0.514,False,False,0.657,strong,0,none,False,False,False,False,False,False,False,False,2.5,spring_line,glacial till,2,boreal forest,3,timber,timber|clay,1.0,modest,False
H+47+05,47,5,6.01,750.2,open_westerly,0.511,False,False,0.667,strong,0,none,False,False,False,False,False,False,False,False,2.5,shallow_well,glacial till,2,coastal scrub,10,,clay,0.0,none,False
H+48+05,48,5,6.2,748.2,open_westerly,0.509,False,False,0.677,strong,0,none,False,False,False,False,False,False,False,False,2.5,shallow_well,glacial till,2,coastal scrub,10,,clay,0.0,none,False
H+49+05,49,5,6.36,751.5,open_westerly,0.506,False,False,0.686,strong,0,none,False,False,False,False,False,False,False,False,2.5,spring_line,glacial till,2,coastal scrub,10,,clay,0.0,none,False
H+50+05,50,5,6.66,705.8,open_westerly,0.504,False,False,0.695,strong,0,none,False,False,False,False,False,False,False,False,2.5,spring_line,sandy coastal,6,temperate forest,4,timber,timber|clay,1.5,good,False
H+51+05,51,5,5.79,769.6,open_westerly,0.5,False,False,0.703,strong,0,none,False,False,False,False,False,False,False,False,2.5,shallow_well,glacial till,2,boreal forest,3,timber,timber|clay,1.0,modest,False
H+52+05,52,5,5.84,785.7,open_westerly,0.497,False,False,0.711,strong,0,none,False,False,False,False,False,False,False,False,7.1,shallow_well,glacial till,2,boreal forest,3,timber,timber|clay,1.0,modest,False
H+53+05,53,5,5.89,796.0,open_westerly,0.493,False,False,0.719,strong,0,none,False,False,False,False,False,False,False,False,7.26,shallow_well,glacial till,2,boreal forest,3,timber,timber|clay,1.0,modest,False
H+54+05,54,5,5.96,799.9,open_westerly,0.488,False,False,0.726,strong,0,none,False,False,False,False,False,False,False,False,7.4,shallow_well,glacial till,2,boreal forest,3,timber,timber|clay,1.0,modest,False
H+55+05,55,5,6.01,795.8,open_westerly,0.484,False,False,0.734,strong,0,none,False,False,False,False,False,False,False,False,7.54,shallow_well,glacial till,2,temperate forest,4,timber,timber|clay,1.5,good,False
H+56+05,56,5,5.97,781.5,open_westerly,0.479,False,False,0.741,strong,0,none,False,False,False,False,False,False,False,False,7.69,shallow_well,glacial till,2,boreal forest,3,timber,timber|clay,1.0,modest,False
H+57+05,57,5,5.88,757.1,open_westerly,0.474,False,False,0.749,strong,0,none,False,False,False,False,False,False,False,False,7.87,shallow_well,glacial till,2,boreal forest,3,timber,timber|clay,1.0,modest,False
H+58+05,58,5,5.76,727.8,open_westerly,0.469,False,False,0.757,strong,0,none,False,False,False,False,False,False,False,False,2.5,shallow_well,glacial till,2,boreal forest,3,timber,timber|clay,1.0,modest,False
H+59+05,59,5,5.66,714.3,open_westerly,0.463,False,False,0.765,strong,0,none,False,False,False,False,False,False,False,False,2.5,spring_line,glacial till,2,boreal forest,3,timber,timber|clay,1.0,modest,False
H+60+05,60,5,7.38,738.5,ocean_westerly,0.527,False,False,0.2,maritime,1,ocean,False,False,False,False,False,False,False,False,0.0,dry,none/ocean,0,none/ocean,0,fisheries,fisheries,0.8,modest,False
H+61+05,61,5,7.31,738.4,ocean_westerly,0.52,False,False,0.2,maritime,1,ocean,False,False,False,False,False,False,False,False,0.0,dry,none/ocean,0,none/ocean,0,fisheries,fisheries,0.8,modest,False
H+62+05,62,5,7.26,723.1,ocean_westerly,0.514,False,False,0.2,maritime,1,ocean,False,False,False,False,False,False,False,False,0.0,dry,none/ocean,0,none/ocean,0,fisheries,fisheries,0.8,modest,False
H+63+05,63,5,7.21,706.1,ocean_westerly,0.507,False,False,0.2,maritime,1,ocean,False,False,False,False,False,False,False,False,0.0,dry,none/ocean,0,none/ocean,0,fisheries,fisheries,0.8,modest,False
H+64+05,64,5,7.18,703.8,ocean_westerly,0.501,False,False,0.2,maritime,1,ocean,False,False,False,False,False,False,False,False,0.0,dry,none/ocean,0,none/ocean,0,fisheries,fisheries,0.8,modest,False
H+65+05,65,5,7.16,709.4,ocean_westerly,0.494,False,False,0.2,maritime,1,ocean,False,False,False,False,False,False,False,False,0.0,dry,none/ocean,0,none/ocean,0,fisheries,fisheries,0.8,modest,False
H+66+05,66,5,7.15,709.7,ocean_westerly,0.488,False,False,0.2,maritime,1,ocean,False,False,False,False,False,False,False,False,0.0,dry,none/ocean,0,none/ocean,0,fisheries,fisheries,0.8,modest,False
H+67+05,67,5,7.17,711.9,ocean_westerly,0.481,False,False,0.2,maritime,1,ocean,False,False,False,False,False,False,False,False,0.0,dry,none/ocean,0,none/ocean,0,fisheries,fisheries,0.8,modest,False
H+68+05,68,5,7.22,717.4,ocean_westerly,0.475,False,False,0.2,maritime,1,ocean,False,False,False,False,False,False,False,False,0.0,dry,none/ocean,0,none/ocean,0,fisheries,fisheries,0.8,modest,False
H+69+05,69,5,7.28,719.7,ocean_westerly,0.468,False,False,0.2,maritime,1,ocean,False,False,False,False,False,False,False,False,0.0,dry,none/ocean,0,none/ocean,0,fisheries,fisheries,0.8,modest,False
H+70+05,70,5,7.35,720.6,ocean_westerly,0.461,False,False,0.2,maritime,1,ocean,False,False,False,False,False,False,False,False,0.0,dry,none/ocean,0,none/ocean,0,fisheries,fisheries,0.8,modest,False
H+71+05,71,5,7.41,717.1,ocean_westerly,0.455,False,False,0.2,maritime,1,ocean,False,False,False,False,False,False,False,False,0.0,dry,none/ocean,0,none/ocean,0,fisheries,fisheries,0.8,modest,False
H+72+05,72,5,7.44,713.5,ocean_westerly,0.448,False,False,0.2,maritime,1,ocean,False,False,False,False,False,False,False,False,0.0,dry,none/ocean,0,none/ocean,0,fisheries,fisheries,0.8,modest,False
H+73+05,73,5,7.45,712.4,ocean_westerly,0.442,False,False,0.2,maritime,1,ocean,False,False,False,False,False,False,False,False,0.0,dry,none/ocean,0,none/ocean,0,fisheries,fisheries,0.8,modest,False
H+74+05,74,5,7.43,707.1,ocean_westerly,0.435,False,False,0.2,maritime,1,ocean,False,False,False,False,False,False,False,False,0.0,dry,none/ocean,0,none/ocean,0,fisheries,fisheries,0.8,modest,False
H+75+05,75,5,7.41,694.0,ocean_westerly,0.429,False,False,0.2,maritime,1,ocean,False,False,False,False,False,False,False,False,0.0,dry,none/ocean,0,none/ocean,0,fisheries,fisheries,0.8,modest,False
H+76+05,76,5,7.39,678.6,ocean_westerly,0.422,False,False,0.2,maritime,1,ocean,False,False,False,False,False,False,False,False,0.0,dry,none/ocean,0,none/ocean,0,fisheries,fisheries,0.8,modest,False
H+77+05,77,5,7.39,664.3,ocean_westerly,0.416,False,False,0.2,maritime,1,ocean,False,False,False,False,False,False,False,False,0.0,dry,none/ocean,0,none/ocean,0,fisheries,fisheries,0.8,modest,False
H+78+05,78,5,7.45,651.6,ocean_westerly,0.409,False,False,0.2,maritime,1,ocean,False,False,False,False,False,False,False,False,0.0,dry,none/ocean,0,none/ocean,0,fisheries,fisheries,0.8,modest,False
H+79+05,79,5,7.55,645.7,ocean_westerly,0.402,False,False,0.2,maritime,1,ocean,False,False,False,False,False,False,False,False,0.0,dry,none/ocean,0,none/ocean,0,fisheries,fisheries,0.8,modest,False
H+00+06,0,6,7.69,894.0,ocean_westerly,0.92,False,False,0.2,maritime,1,ocean,False,False,False,False,False,False,False,False,0.0,dry,none/ocean,0,none/ocean,0,fisheries,fisheries,0.8,modest,False
H+01+06,1,6,7.71,900.5,ocean_westerly,0.913,False,False,0.2,maritime,1,ocean,False,False,False,False,False,False,False,False,0.0,dry,none/ocean,0,none/ocean,0,fisheries,fisheries,0.8,modest,False
H+02+06,2,6,7.75,910.8,ocean_westerly,0.907,False,False,0.2,maritime,1,ocean,False,False,False,False,False,False,False,False,0.0,dry,none/ocean,0,none/ocean,0,fisheries,fisheries,0.8,modest,False
H+03+06,3,6,7.8,906.1,ocean_westerly,0.9,False,False,0.2,maritime,1,ocean,False,False,False,False,False,False,False,False,0.0,dry,none/ocean,0,none/ocean,0,fisheries,fisheries,0.8,modest,False
H+04+06,4,6,7.84,886.0,ocean_westerly,0.894,False,False,0.2,maritime,1,ocean,False,False,False,False,False,False,False,False,0.0,dry,none/ocean,0,none/ocean,0,fisheries,fisheries,0.8,modest,False
H+05+06,5,6,7.86,871.2,ocean_westerly,0.887,False,False,0.2,maritime,1,ocean,False,False,False,False,False,False,False,False,0.0,dry,none/ocean,0,none/ocean,0,fisheries,fisheries,0.8,modest,False
H+06+06,6,6,7.84,871.8,ocean_westerly,0.881,False,False,0.2,maritime,1,ocean,False,False,False,False,False,False,False,False,0.0,dry,none/ocean,0,none/ocean,0,fisheries,fisheries,0.8,modest,False
H+07+06,7,6,7.8,864.7,ocean_westerly,0.874,False,False,0.2,maritime,1,ocean,False,False,False,False,False,False,False,False,0.0,dry,none/ocean,0,none/ocean,0,fisheries,fisheries,0.8,modest,False
H+08+06,8,6,7.76,844.5,ocean_westerly,0.868,False,False,0.2,maritime,1,ocean,False,False,False,False,False,False,False,False,0.0,dry,none/ocean,0,none/ocean,0,fisheries,fisheries,0.8,modest,False
H+09+06,9,6,7.74,826.3,ocean_westerly,0.861,False,False,0.2,maritime,1,ocean,False,False,False,False,False,False,False,False,0.0,dry,none/ocean,0,none/ocean,0,fisheries,fisheries,0.8,modest,False
H+10+06,10,6,7.73,821.2,ocean_westerly,0.854,False,False,0.2,maritime,1,ocean,False,False,False,False,False,False,False,False,0.0,dry,none/ocean,0,none/ocean,0,fisheries,fisheries,0.8,modest,False
H+11+06,11,6,7.75,821.1,ocean_westerly,0.848,False,False,0.2,maritime,1,ocean,False,False,False,False,False,False,False,False,0.0,dry,none/ocean,0,none/ocean,0,fisheries,fisheries,0.8,modest,False
H+12+06,12,6,7.79,815.1,ocean_westerly,0.841,False,False,0.2,maritime,1,ocean,False,False,False,False,False,False,False,False,0.0,dry,none/ocean,0,none/ocean,0,fisheries,fisheries,0.8,modest,False
H+13+06,13,6,7.84,807.8,ocean_westerly,0.835,False,False,0.2,maritime,1,ocean,False,False,False,False,False,False,False,False,0.0,dry,none/ocean,0,none/ocean,0,fisheries,fisheries,0.8,modest,False
H+14+06,14,6,7.9,805.5,ocean_westerly,0.828,False,False,0.2,maritime,1,ocean,False,False,False,False,False,False,False,False,0.0,dry,none/ocean,0,none/ocean,0,fisheries,fisheries,0.8,modest,False
H+15+06,15,6,7.95,799.9,ocean_westerly,0.822,False,False,0.2,maritime,1,ocean,False,False,False,False,False,False,False,False,0.0,dry,none/ocean,0,none/ocean,0,fisheries,fisheries,0.8,modest,False
H+16+06,16,6,8.0,796.5,ocean_westerly,0.815,False,False,0.2,maritime,1,ocean,False,False,False,False,False,False,False,False,0.0,dry,none/ocean,0,none/ocean,0,fisheries,fisheries,0.8,modest,False
H+17+06,17,6,8.03,805.8,ocean_westerly,0.809,False,False,0.2,maritime,1,ocean,False,False,False,False,False,False,False,False,0.0,dry,none/ocean,0,none/ocean,0,fisheries,fisheries,0.8,modest,False
H+18+06,18,6,8.05,812.9,ocean_westerly,0.802,False,False,0.2,maritime,1,ocean,False,False,False,False,False,False,False,False,0.0,dry,none/ocean,0,none/ocean,0,fisheries,fisheries,0.8,modest,False
H+19+06,19,6,8.07,812.2,ocean_westerly,0.796,False,False,0.2,maritime,1,ocean,False,False,False,False,False,False,False,False,0.0,dry,none/ocean,0,none/ocean,0,fisheries,fisheries,0.8,modest,False
H+20+06,20,6,6.01,811.4,open_westerly,0.689,False,False,0.516,moderate,0,none,False,False,False,False,False,False,False,False,2.5,spring_line,glacial till,2,temperate forest,4,timber,timber,1.5,good,False
H+21+06,21,6,5.09,948.9,open_westerly,0.707,False,False,0.505,moderate,0,none,False,False,False,False,False,False,False,False,2.5,spring_line,glacial till,2,boreal forest,3,timber,timber,1.0,modest,False
H+22+06,22,6,5.14,933.2,open_westerly,0.698,False,False,0.494,moderate,0,none,False,False,False,False,False,False,False,False,2.5,shallow_well,glacial till,2,boreal forest,3,timber,timber,1.0,modest,False
H+23+06,23,6,5.13,945.0,open_westerly,0.693,False,False,0.482,moderate,0,none,False,False,False,False,False,False,False,False,2.5,shallow_well,glacial till,2,boreal forest,3,timber,timber,1.0,modest,False
H+24+06,24,6,4.96,973.4,open_westerly,0.692,False,False,0.471,moderate,0,none,False,False,False,False,False,False,False,False,2.5,spring_line,glacial till,2,boreal forest,3,timber,timber,1.0,modest,False
H+25+06,25,6,4.28,1091.0,open_westerly,0.705,False,False,0.46,moderate,0,none,False,False,False,False,False,False,False,False,2.5,spring_line,glacial till,2,boreal forest,3,timber,timber,1.0,modest,False
H+26+06,26,6,3.33,1261.0,open_westerly,0.724,False,False,0.449,moderate,0,none,False,False,False,False,False,False,False,False,2.5,spring_line,glacial till,2,boreal forest,3,timber,timber,1.0,modest,False
H+27+06,27,6,2.16,1457.2,windward,0.746,False,False,0.438,moderate,0,none,False,False,False,False,False,False,False,False,3.9,shallow_well,glacial till,2,boreal forest,3,timber,timber,1.0,modest,False
H+28+06,28,6,3.21,645.0,calm_interior,0.689,False,False,0.434,moderate,8,salt_pan,False,False,False,False,True,False,False,False,8.77,dry,saline playa,10,salt flat sparse,11,salt_pans,salt_pans|evaporite_host,0.3,poor,True
H+29+06,29,6,3.26,641.8,calm_interior,0.683,False,False,0.442,moderate,8,salt_pan,False,False,False,False,True,False,False,False,8.69,dry,saline playa,10,salt flat sparse,11,salt_pans,salt_pans|evaporite_host,0.3,poor,True
H+30+06,30,6,3.31,614.0,calm_interior,0.668,False,False,0.45,moderate,8,salt_pan,False,False,False,False,True,False,False,False,8.65,dry,saline playa,10,salt flat sparse,11,salt_pans,salt_pans|evaporite_host,0.3,poor,True
H+31+06,31,6,3.35,576.4,calm_interior,0.651,False,True,0.66,strong,8,salt_pan,False,False,False,False,True,False,False,False,8.63,dry,saline playa,10,salt flat sparse,11,salt_pans,salt_pans|evaporite_host,0.3,poor,True
H+32+06,32,6,3.38,536.6,calm_interior,0.633,False,True,0.67,strong,8,salt_pan,False,False,False,False,True,False,False,False,8.68,dry,saline playa,10,salt flat sparse,11,salt_pans,salt_pans|evaporite_host,0.3,poor,True
H+33+06,33,6,3.36,494.9,calm_interior,0.614,False,True,0.681,strong,8,salt_pan,False,False,False,False,True,False,False,False,8.72,dry,saline playa,10,salt flat sparse,11,salt_pans,salt_pans|evaporite_host,0.3,poor,True
H+34+06,34,6,3.31,473.7,calm_interior,0.598,False,True,0.693,strong,8,salt_pan,False,False,False,False,True,False,False,False,8.65,dry,saline playa,10,salt flat sparse,11,salt_pans,salt_pans|evaporite_host,0.3,poor,True
H+35+06,35,6,3.24,453.7,calm_interior,0.582,False,True,0.706,strong,8,salt_pan,False,False,False,False,True,False,False,False,8.67,dry,saline playa,10,salt flat sparse,11,salt_pans,salt_pans|evaporite_host,0.3,poor,True
H+36+06,36,6,3.17,434.5,calm_interior,0.566,False,True,0.719,strong,8,salt_pan,False,False,False,False,True,False,False,False,8.92,dry,saline playa,10,salt flat sparse,11,salt_pans,salt_pans|evaporite_host,0.3,poor,True
H+37+06,37,6,3.09,420.1,calm_interior,0.55,False,True,0.733,strong,8,salt_pan,False,False,False,False,True,False,False,False,9.36,dry,saline playa,10,salt flat sparse,11,salt_pans,salt_pans|evaporite_host,0.3,poor,True
H+38+06,38,6,3.02,408.3,calm_interior,0.535,False,True,0.747,strong,8,salt_pan,False,False,False,False,True,False,False,False,9.82,dry,saline playa,10,salt flat sparse,11,salt_pans,salt_pans|evaporite_host,0.3,poor,True
H+39+06,39,6,2.97,395.7,open_westerly,0.521,False,True,0.76,strong,8,salt_pan,False,False,False,False,True,False,False,False,10.2,dry,saline playa,10,salt flat sparse,11,salt_pans,salt_pans|evaporite_host,0.3,poor,True
H+40+06,40,6,2.76,693.1,open_westerly,0.507,True,False,0.774,strong,0,none,False,False,False,False,False,False,False,False,8.62,dry,glacial till,2,boreal forest,3,timber,timber,1.0,modest,False
H+41+06,41,6,3.78,720.2,open_westerly,0.515,False,False,0.588,moderate,0,none,False,False,False,False,False,False,False,False,8.1,dry,glacial till,2,boreal forest,3,timber,timber,1.0,modest,False
H+42+06,42,6,4.58,774.3,open_westerly,0.531,False,False,0.602,moderate,0,none,False,False,False,False,False,False,False,False,7.38,shallow_well,glacial till,2,boreal forest,3,timber,timber,1.0,modest,False
H+43+06,43,6,4.98,766.8,open_westerly,0.526,False,False,0.615,moderate,0,none,False,False,False,False,False,False,False,False,7.01,shallow_well,glacial till,2,boreal forest,3,timber,timber,1.0,modest,False
H+44+06,44,6,5.09,757.6,open_westerly,0.522,False,False,0.627,moderate,0,none,False,False,False,False,False,False,False,False,6.63,shallow_well,glacial till,2,boreal forest,3,timber,timber|metals,1.0,modest,False
H+45+06,45,6,5.18,754.4,open_westerly,0.518,False,False,0.639,moderate,0,none,False,False,False,False,False,False,False,False,2.5,shallow_well,glacial till,2,boreal forest,3,timber,timber|metals,1.0,modest,False
H+46+06,46,6,5.35,749.0,open_westerly,0.514,False,False,0.651,strong,0,none,False,False,False,False,False,False,False,False,2.5,shallow_well,glacial till,2,boreal forest,3,timber,timber|metals,1.0,modest,False
H+47+06,47,6,6.48,690.5,open_westerly,0.511,False,False,0.661,strong,0,none,False,False,False,False,False,False,False,False,2.5,spring_line,volcanic andisol,7,grassland/pasture,5,pasture,pasture|metals,2.0,good,False
H+48+06,48,6,6.56,741.6,open_westerly,0.509,False,False,0.671,strong,0,none,False,False,False,False,False,False,False,False,2.5,spring_line,glacial till,2,coastal scrub,10,,metals,0.0,none,False
H+49+06,49,6,6.82,697.7,open_westerly,0.507,False,False,0.68,strong,0,none,False,False,False,False,False,False,False,False,2.5,spring_line,volcanic andisol,7,grassland/pasture,5,pasture,pasture|volcanic_host,2.0,good,False
H+50+06,50,6,6.91,702.6,open_westerly,0.504,False,False,0.689,strong,0,none,False,False,False,False,False,False,False,False,2.5,shallow_well,volcanic andisol,7,temperate forest,4,timber,timber,1.5,good,False
H+51+06,51,6,6.12,766.3,open_westerly,0.5,False,False,0.698,strong,0,none,False,False,False,False,False,False,False,False,2.5,shallow_well,glacial till,2,temperate forest,4,timber,timber,1.5,good,False
H+52+06,52,6,6.16,779.0,open_westerly,0.497,False,False,0.706,strong,0,none,False,False,False,False,False,False,False,False,2.5,shallow_well,glacial till,2,temperate forest,4,timber,timber,1.5,good,False
H+53+06,53,6,6.2,783.6,open_westerly,0.493,False,False,0.714,strong,0,none,False,False,False,False,False,False,False,False,2.5,shallow_well,glacial till,2,temperate forest,4,timber,timber,1.5,good,False
H+54+06,54,6,6.3,784.9,open_westerly,0.488,False,False,0.722,strong,0,none,False,False,False,False,False,False,False,False,2.5,shallow_well,glacial till,2,temperate forest,4,timber,timber,1.5,good,False
H+55+06,55,6,6.3,784.7,open_westerly,0.484,False,False,0.729,strong,0,none,False,False,False,False,False,False,False,False,2.5,shallow_well,glacial till,2,temperate forest,4,timber,timber,1.5,good,False
H+56+06,56,6,6.31,777.7,open_westerly,0.479,False,False,0.737,strong,0,none,False,False,False,False,False,False,False,False,2.5,shallow_well,glacial till,2,temperate forest,4,timber,timber,1.5,good,False
H+57+06,57,6,6.22,761.2,open_westerly,0.474,False,False,0.745,strong,0,none,False,False,False,False,False,False,False,False,2.5,shallow_well,glacial till,2,temperate forest,4,timber,timber,1.5,good,False
H+58+06,58,6,6.04,742.3,open_westerly,0.469,False,False,0.753,strong,0,none,False,False,False,False,False,False,False,False,2.5,shallow_well,glacial till,2,temperate forest,4,timber,timber,1.5,good,False
H+59+06,59,6,6.04,727.8,open_westerly,0.463,False,False,0.761,strong,0,none,False,False,False,False,False,False,False,False,2.5,spring_line,glacial till,2,temperate forest,4,timber,timber,1.5,good,False
H+60+06,60,6,7.66,731.6,ocean_westerly,0.527,False,False,0.2,maritime,1,ocean,False,False,False,False,False,False,False,False,0.0,dry,none/ocean,0,none/ocean,0,fisheries,fisheries,0.8,modest,False
H+61+06,61,6,7.59,718.9,ocean_westerly,0.52,False,False,0.2,maritime,1,ocean,False,False,False,False,False,False,False,False,0.0,dry,none/ocean,0,none/ocean,0,fisheries,fisheries,0.8,modest,False
H+62+06,62,6,7.53,707.5,ocean_westerly,0.514,False,False,0.2,maritime,1,ocean,False,False,False,False,False,False,False,False,0.0,dry,none/ocean,0,none/ocean,0,fisheries,fisheries,0.8,modest,False
H+63+06,63,6,7.49,694.9,ocean_westerly,0.507,False,False,0.2,maritime,1,ocean,False,False,False,False,False,False,False,False,0.0,dry,none/ocean,0,none/ocean,0,fisheries,fisheries,0.8,modest,False
H+64+06,64,6,7.46,682.9,ocean_westerly,0.501,False,False,0.2,maritime,1,ocean,False,False,False,False,False,False,False,False,0.0,dry,none/ocean,0,none/ocean,0,fisheries,fisheries,0.8,modest,False
H+65+06,65,6,7.44,675.9,ocean_westerly,0.494,False,False,0.2,maritime,1,ocean,False,False,False,False,False,False,False,False,0.0,dry,none/ocean,0,none/ocean,0,fisheries,fisheries,0.8,modest,False
H+66+06,66,6,7.43,676.0,ocean_westerly,0.488,False,False,0.2,maritime,1,ocean,False,False,False,False,False,False,False,False,0.0,dry,none/ocean,0,none/ocean,0,fisheries,fisheries,0.8,modest,False
H+67+06,67,6,7.45,679.5,ocean_westerly,0.481,False,False,0.2,maritime,1,ocean,False,False,False,False,False,False,False,False,0.0,dry,none/ocean,0,none/ocean,0,fisheries,fisheries,0.8,modest,False
H+68+06,68,6,7.49,687.6,ocean_westerly,0.475,False,False,0.2,maritime,1,ocean,False,False,False,False,False,False,False,False,0.0,dry,none/ocean,0,none/ocean,0,fisheries,fisheries,0.8,modest,False
H+69+06,69,6,7.55,698.2,ocean_westerly,0.468,False,False,0.2,maritime,1,ocean,False,False,False,False,False,False,False,False,0.0,dry,none/ocean,0,none/ocean,0,fisheries,fisheries,0.8,modest,False
H+70+06,70,6,7.61,705.8,ocean_westerly,0.461,False,False,0.2,maritime,1,ocean,False,False,False,False,False,False,False,False,0.0,dry,none/ocean,0,none/ocean,0,fisheries,fisheries,0.8,modest,False
H+71+06,71,6,7.66,707.6,ocean_westerly,0.455,False,False,0.2,maritime,1,ocean,False,False,False,False,False,False,False,False,0.0,dry,none/ocean,0,none/ocean,0,fisheries,fisheries,0.8,modest,False
H+72+06,72,6,7.68,706.7,ocean_westerly,0.448,False,False,0.2,maritime,1,ocean,False,False,False,False,False,False,False,False,0.0,dry,none/ocean,0,none/ocean,0,fisheries,fisheries,0.8,modest,False
H+73+06,73,6,7.68,707.5,ocean_westerly,0.442,False,False,0.2,maritime,1,ocean,False,False,False,False,False,False,False,False,0.0,dry,none/ocean,0,none/ocean,0,fisheries,fisheries,0.8,modest,False
H+74+06,74,6,7.65,704.5,ocean_westerly,0.435,False,False,0.2,maritime,1,ocean,False,False,False,False,False,False,False,False,0.0,dry,none/ocean,0,none/ocean,0,fisheries,fisheries,0.8,modest,False
H+75+06,75,6,7.62,690.9,ocean_westerly,0.429,False,False,0.2,maritime,1,ocean,False,False,False,False,False,False,False,False,0.0,dry,none/ocean,0,none/ocean,0,fisheries,fisheries,0.8,modest,False
H+76+06,76,6,7.6,675.0,ocean_westerly,0.422,False,False,0.2,maritime,1,ocean,False,False,False,False,False,False,False,False,0.0,dry,none/ocean,0,none/ocean,0,fisheries,fisheries,0.8,modest,False
H+77+06,77,6,7.61,661.3,ocean_westerly,0.416,False,False,0.2,maritime,1,ocean,False,False,False,False,False,False,False,False,0.0,dry,none/ocean,0,none/ocean,0,fisheries,fisheries,0.8,modest,False
H+78+06,78,6,7.67,650.1,ocean_westerly,0.409,False,False,0.2,maritime,1,ocean,False,False,False,False,False,False,False,False,0.0,dry,none/ocean,0,none/ocean,0,fisheries,fisheries,0.8,modest,False
H+79+06,79,6,7.78,643.2,ocean_westerly,0.402,False,False,0.2,maritime,1,ocean,False,False,False,False,False,False,False,False,0.0,dry,none/ocean,0,none/ocean,0,fisheries,fisheries,0.8,modest,False
H+00+07,0,7,8.06,907.9,ocean_westerly,0.92,False,False,0.2,maritime,1,ocean,False,False,False,False,False,False,False,False,0.0,dry,none/ocean,0,none/ocean,0,fisheries,fisheries,0.8,modest,False
H+01+07,1,7,8.07,913.5,ocean_westerly,0.913,False,False,0.2,maritime,1,ocean,False,False,False,False,False,False,False,False,0.0,dry,none/ocean,0,none/ocean,0,fisheries,fisheries,0.8,modest,False
H+02+07,2,7,8.09,920.3,ocean_westerly,0.907,False,False,0.2,maritime,1,ocean,False,False,False,False,False,False,False,False,0.0,dry,none/ocean,0,none/ocean,0,fisheries,fisheries,0.8,modest,False
H+03+07,3,7,8.12,908.0,ocean_westerly,0.9,False,False,0.2,maritime,1,ocean,False,False,False,False,False,False,False,False,0.0,dry,none/ocean,0,none/ocean,0,fisheries,fisheries,0.8,modest,False
H+04+07,4,7,8.14,877.5,ocean_westerly,0.894,False,False,0.2,maritime,1,ocean,False,False,False,False,False,False,False,False,0.0,dry,none/ocean,0,none/ocean,0,fisheries,fisheries,0.8,modest,False
H+05+07,5,7,8.14,856.0,ocean_westerly,0.887,False,False,0.2,maritime,1,ocean,False,False,False,False,False,False,False,False,0.0,dry,none/ocean,0,none/ocean,0,fisheries,fisheries,0.8,modest,False
H+06+07,6,7,8.11,849.9,ocean_westerly,0.881,False,False,0.2,maritime,1,ocean,False,False,False,False,False,False,False,False,0.0,dry,none/ocean,0,none/ocean,0,fisheries,fisheries,0.8,modest,False
H+07+07,7,7,8.08,833.4,ocean_westerly,0.874,False,False,0.2,maritime,1,ocean,False,False,False,False,False,False,False,False,0.0,dry,none/ocean,0,none/ocean,0,fisheries,fisheries,0.8,modest,False
H+08+07,8,7,8.05,804.6,ocean_westerly,0.868,False,False,0.2,maritime,1,ocean,False,False,False,False,False,False,False,False,0.0,dry,none/ocean,0,none/ocean,0,fisheries,fisheries,0.8,modest,False
H+09+07,9,7,8.03,782.9,ocean_westerly,0.861,False,False,0.2,maritime,1,ocean,False,False,False,False,False,False,False,False,0.0,dry,none/ocean,0,none/ocean,0,fisheries,fisheries,0.8,modest,False
H+10+07,10,7,8.02,782.6,ocean_westerly,0.854,False,False,0.2,maritime,1,ocean,False,False,False,False,False,False,False,False,0.0,dry,none/ocean,0,none/ocean,0,fisheries,fisheries,0.8,modest,False
H+11+07,11,7,8.04,792.5,ocean_westerly,0.848,False,False,0.2,maritime,1,ocean,False,False,False,False,False,False,False,False,0.0,dry,none/ocean,0,none/ocean,0,fisheries,fisheries,0.8,modest,False
H+12+07,12,7,8.08,797.9,ocean_westerly,0.841,False,False,0.2,maritime,1,ocean,False,False,False,False,False,False,False,False,0.0,dry,none/ocean,0,none/ocean,0,fisheries,fisheries,0.8,modest,False
H+13+07,13,7,8.13,801.9,ocean_westerly,0.835,False,False,0.2,maritime,1,ocean,False,False,False,False,False,False,False,False,0.0,dry,none/ocean,0,none/ocean,0,fisheries,fisheries,0.8,modest,False
H+14+07,14,7,8.19,804.6,ocean_westerly,0.828,False,False,0.2,maritime,1,ocean,False,False,False,False,False,False,False,False,0.0,dry,none/ocean,0,none/ocean,0,fisheries,fisheries,0.8,modest,False
H+15+07,15,7,8.23,799.0,ocean_westerly,0.822,False,False,0.2,maritime,1,ocean,False,False,False,False,False,False,False,False,0.0,dry,none/ocean,0,none/ocean,0,fisheries,fisheries,0.8,modest,False
H+16+07,16,7,8.27,793.8,ocean_westerly,0.815,False,False,0.2,maritime,1,ocean,False,False,False,False,False,False,False,False,0.0,dry,none/ocean,0,none/ocean,0,fisheries,fisheries,0.8,modest,False
H+17+07,17,7,8.3,799.5,ocean_westerly,0.809,False,False,0.2,maritime,1,ocean,False,False,False,False,False,False,False,False,0.0,dry,none/ocean,0,none/ocean,0,fisheries,fisheries,0.8,modest,False
H+18+07,18,7,8.32,804.6,ocean_westerly,0.802,False,False,0.2,maritime,1,ocean,False,False,False,False,False,False,False,False,0.0,dry,none/ocean,0,none/ocean,0,fisheries,fisheries,0.8,modest,False
H+19+07,19,7,8.33,805.8,ocean_westerly,0.796,False,False,0.2,maritime,1,ocean,False,False,False,False,False,False,False,False,0.0,dry,none/ocean,0,none/ocean,0,fisheries,fisheries,0.8,modest,False
H+20+07,20,7,7.05,790.1,open_westerly,0.686,False,False,0.511,moderate,0,none,False,False,False,False,False,False,False,False,2.5,spring_line,glacial till,2,coastal scrub,10,,,0.0,none,False
H+21+07,21,7,6.96,795.4,open_westerly,0.68,False,False,0.5,moderate,0,none,False,False,False,False,False,False,False,False,2.5,shallow_well,glacial till,2,coastal scrub,10,,,0.0,none,False
H+22+07,22,7,7.03,795.6,open_westerly,0.675,False,False,0.488,moderate,0,none,False,False,False,False,False,False,False,False,2.5,shallow_well,glacial till,2,coastal scrub,10,,,0.0,none,False
H+23+07,23,7,7.07,802.0,open_westerly,0.669,False,False,0.477,moderate,0,none,False,False,False,False,False,False,False,False,2.5,shallow_well,glacial till,2,coastal scrub,10,,,0.0,none,False
H+24+07,24,7,6.89,802.4,open_westerly,0.663,False,False,0.465,moderate,0,none,False,False,False,False,False,False,False,False,2.5,spring_line,glacial till,2,coastal scrub,10,,,0.0,none,False
H+25+07,25,7,6.25,827.8,open_westerly,0.661,False,False,0.454,moderate,0,none,False,False,False,False,False,False,False,False,2.5,spring_line,glacial till,2,temperate forest,4,timber,timber,1.5,good,False
H+26+07,26,7,5.28,1010.8,open_westerly,0.681,False,False,0.443,moderate,0,none,False,False,False,False,False,False,False,False,2.5,spring_line,glacial till,2,boreal forest,3,timber,timber,1.0,modest,False
H+27+07,27,7,3.24,1415.2,open_westerly,0.736,False,False,0.432,moderate,0,none,False,False,False,False,False,False,False,False,2.5,spring_line,glacial till,2,boreal forest,3,timber,timber,1.0,modest,False
H+28+07,28,7,1.93,1543.6,windward,0.749,False,False,0.428,moderate,0,none,False,False,False,False,False,False,False,False,3.46,shallow_well,glacial till,2,boreal forest,3,timber,timber|metals,1.0,modest,False
H+29+07,29,7,1.55,1565.6,windward,0.76,False,False,0.436,moderate,0,none,False,False,False,False,False,False,False,False,3.98,shallow_well,volcanic andisol,7,boreal forest,3,timber,timber,1.0,modest,False
H+30+07,30,7,3.64,576.1,calm_interior,0.645,False,True,0.645,moderate,8,salt_pan,False,False,False,False,True,False,False,False,8.56,dry,saline playa,10,salt flat sparse,11,salt_pans,salt_pans|evaporite_host,0.3,poor,True
H+31+07,31,7,3.68,579.8,calm_interior,0.651,False,True,0.654,strong,8,salt_pan,False,False,False,False,True,False,False,False,8.23,dry,saline playa,10,salt flat sparse,11,salt_pans,salt_pans|evaporite_host,0.3,poor,True
H+32+07,32,7,3.7,538.9,calm_interior,0.633,False,True,0.664,strong,8,salt_pan,False,False,False,False,True,False,False,False,8.28,dry,saline playa,10,salt flat sparse,11,salt_pans,salt_pans|evaporite_host,0.3,poor,True
H+33+07,33,7,3.68,498.0,calm_interior,0.614,False,True,0.676,strong,8,salt_pan,False,False,False,False,True,False,False,False,8.35,dry,saline playa,10,salt flat sparse,11,salt_pans,salt_pans|evaporite_host,0.3,poor,True
H+34+07,34,7,3.63,479.2,calm_interior,0.598,False,True,0.688,strong,8,salt_pan,False,False,False,False,True,False,False,False,8.3,dry,saline playa,10,salt flat sparse,11,salt_pans,salt_pans|evaporite_host,0.3,poor,True
H+35+07,35,7,3.55,462.4,calm_interior,0.582,False,True,0.7,strong,8,salt_pan,False,False,False,False,True,False,False,False,8.33,dry,saline playa,10,salt flat sparse,11,salt_pans,salt_pans|evaporite_host,0.3,poor,True
H+36+07,36,7,3.46,444.6,calm_interior,0.566,False,True,0.713,strong,8,salt_pan,False,False,False,False,True,False,False,False,8.57,dry,saline playa,10,salt flat sparse,11,salt_pans,salt_pans|evaporite_host,0.3,poor,True
H+37+07,37,7,3.37,429.2,calm_interior,0.55,False,True,0.727,strong,8,salt_pan,False,False,False,False,True,False,False,False,9.01,dry,saline playa,10,salt flat sparse,11,salt_pans,salt_pans|evaporite_host,0.3,poor,True
H+38+07,38,7,3.29,414.5,calm_interior,0.535,False,True,0.74,strong,8,salt_pan,False,False,False,False,True,False,False,False,9.51,dry,saline playa,10,salt flat sparse,11,salt_pans,salt_pans|evaporite_host,0.3,poor,True
H+39+07,39,7,2.71,718.9,open_westerly,0.517,True,False,0.754,strong,0,none,False,False,False,False,False,False,False,False,8.11,dry,glacial till,2,boreal forest,3,timber,timber,1.0,modest,False
H+40+07,40,7,3.83,704.7,open_westerly,0.517,False,False,0.568,moderate,0,none,False,False,False,False,False,False,False,False,7.95,shallow_well,glacial till,2,boreal forest,3,timber,timber,1.0,modest,False
H+41+07,41,7,4.86,763.9,open_westerly,0.536,False,False,0.582,moderate,0,none,False,False,False,False,False,False,False,False,2.5,spring_line,glacial till,2,boreal forest,3,timber,timber,1.0,modest,False
H+42+07,42,7,6.58,717.5,open_westerly,0.532,False,False,0.595,moderate,0,none,False,False,False,False,False,False,False,False,2.5,spring_line,volcanic andisol,7,temperate forest,4,timber,timber|metals,1.5,good,False
H+43+07,43,7,6.0,760.2,open_westerly,0.527,False,False,0.609,moderate,0,none,False,False,False,False,False,False,False,False,2.5,shallow_well,glacial till,2,boreal forest,3,timber,timber|metals,1.0,modest,False
H+44+07,44,7,6.06,749.5,open_westerly,0.522,False,False,0.621,moderate,0,none,False,False,False,False,False,False,False,False,2.5,shallow_well,glacial till,2,temperate forest,4,timber,timber|metals,1.5,good,False
H+45+07,45,7,6.16,746.4,open_westerly,0.518,False,False,0.633,moderate,0,none,False,False,False,False,False,False,False,False,2.5,shallow_well,glacial till,2,temperate forest,4,timber,timber|metals,1.5,good,False
H+46+07,46,7,6.33,741.1,open_westerly,0.514,False,False,0.645,moderate,0,none,False,False,False,False,False,False,False,False,2.5,shallow_well,glacial till,2,temperate forest,4,timber,timber|metals,1.5,good,False
H+47+07,47,7,6.56,734.4,open_westerly,0.511,False,False,0.655,strong,0,none,False,False,False,False,False,False,False,False,2.5,shallow_well,glacial till,2,coastal scrub,10,,metals,0.0,none,False
H+48+07,48,7,6.79,741.7,open_westerly,0.509,False,False,0.665,strong,0,none,False,False,False,False,False,False,False,False,2.5,shallow_well,glacial till,2,coastal scrub,10,,metals,0.0,none,False
H+49+07,49,7,7.02,751.7,open_westerly,0.506,False,False,0.675,strong,0,none,False,False,False,False,False,False,False,False,2.5,shallow_well,glacial till,2,coastal scrub,10,,,0.0,none,False
H+50+07,50,7,7.09,757.2,open_westerly,0.504,False,False,0.684,strong,0,none,False,False,False,False,False,False,False,False,2.5,shallow_well,glacial till,2,coastal scrub,10,,,0.0,none,False
H+51+07,51,7,7.18,766.0,open_westerly,0.5,False,False,0.692,strong,0,none,False,False,False,False,False,False,False,False,2.5,shallow_well,glacial till,2,coastal scrub,10,,,0.0,none,False
H+52+07,52,7,7.2,771.7,open_westerly,0.497,False,False,0.701,strong,0,none,False,False,False,False,False,False,False,False,2.5,shallow_well,glacial till,2,coastal scrub,10,,,0.0,none,False
H+53+07,53,7,7.23,769.5,open_westerly,0.493,False,False,0.709,strong,0,none,False,False,False,False,False,False,False,False,2.5,shallow_well,glacial till,2,coastal scrub,10,,,0.0,none,False
H+54+07,54,7,7.29,767.7,open_westerly,0.488,False,False,0.717,strong,0,none,False,False,False,False,False,False,False,False,2.5,shallow_well,glacial till,2,coastal scrub,10,,,0.0,none,False
H+55+07,55,7,7.31,771.0,open_westerly,0.484,False,False,0.725,strong,0,none,False,False,False,False,False,False,False,False,2.5,shallow_well,glacial till,2,coastal scrub,10,,,0.0,none,False
H+56+07,56,7,7.32,771.0,open_westerly,0.479,False,False,0.733,strong,0,none,False,False,False,False,False,False,False,False,2.5,shallow_well,glacial till,2,coastal scrub,10,,,0.0,none,False
H+57+07,57,7,7.19,762.4,open_westerly,0.474,False,False,0.741,strong,0,none,False,False,False,False,False,False,False,False,2.5,shallow_well,glacial till,2,coastal scrub,10,,,0.0,none,False
H+58+07,58,7,7.09,751.4,open_westerly,0.469,False,False,0.749,strong,0,none,False,False,False,False,False,False,False,False,2.5,shallow_well,glacial till,2,coastal scrub,10,,,0.0,none,False
H+59+07,59,7,7.07,737.2,open_westerly,0.463,False,False,0.757,strong,0,none,False,False,False,False,False,False,False,False,2.5,spring_line,glacial till,2,coastal scrub,10,,,0.0,none,False
H+60+07,60,7,7.98,729.4,ocean_westerly,0.527,False,False,0.2,maritime,1,ocean,False,False,False,False,False,False,False,False,0.0,dry,none/ocean,0,none/ocean,0,fisheries,fisheries,0.8,modest,False
H+61+07,61,7,7.92,705.1,ocean_westerly,0.52,False,False,0.2,maritime,1,ocean,False,False,False,False,False,False,False,False,0.0,dry,none/ocean,0,none/ocean,0,fisheries,fisheries,0.8,modest,False
H+62+07,62,7,7.86,689.0,ocean_westerly,0.514,False,False,0.2,maritime,1,ocean,False,False,False,False,False,False,False,False,0.0,dry,none/ocean,0,none/ocean,0,fisheries,fisheries,0.8,modest,False
H+63+07,63,7,7.8,675.3,ocean_westerly,0.507,False,False,0.2,maritime,1,ocean,False,False,False,False,False,False,False,False,0.0,dry,none/ocean,0,none/ocean,0,fisheries,fisheries,0.8,modest,False
H+64+07,64,7,7.76,659.2,ocean_westerly,0.501,False,False,0.2,maritime,1,ocean,False,False,False,False,False,False,False,False,0.0,dry,none/ocean,0,none/ocean,0,fisheries,fisheries,0.8,modest,False
H+65+07,65,7,7.73,647.2,ocean_westerly,0.494,False,False,0.2,maritime,1,ocean,False,False,False,False,False,False,False,False,0.0,dry,none/ocean,0,none/ocean,0,fisheries,fisheries,0.8,modest,False
H+66+07,66,7,7.72,647.1,ocean_westerly,0.488,False,False,0.2,maritime,1,ocean,False,False,False,False,False,False,False,False,0.0,dry,none/ocean,0,none/ocean,0,fisheries,fisheries,0.8,modest,False
H+67+07,67,7,7.73,651.2,ocean_westerly,0.481,False,False,0.2,maritime,1,ocean,False,False,False,False,False,False,False,False,0.0,dry,none/ocean,0,none/ocean,0,fisheries,fisheries,0.8,modest,False
H+68+07,68,7,7.76,661.2,ocean_westerly,0.475,False,False,0.2,maritime,1,ocean,False,False,False,False,False,False,False,False,0.0,dry,none/ocean,0,none/ocean,0,fisheries,fisheries,0.8,modest,False
H+69+07,69,7,7.8,678.6,ocean_westerly,0.468,False,False,0.2,maritime,1,ocean,False,False,False,False,False,False,False,False,0.0,dry,none/ocean,0,none/ocean,0,fisheries,fisheries,0.8,modest,False
H+70+07,70,7,7.85,693.1,ocean_westerly,0.461,False,False,0.2,maritime,1,ocean,False,False,False,False,False,False,False,False,0.0,dry,none/ocean,0,none/ocean,0,fisheries,fisheries,0.8,modest,False
H+71+07,71,7,7.88,700.8,ocean_westerly,0.455,False,False,0.2,maritime,1,ocean,False,False,False,False,False,False,False,False,0.0,dry,none/ocean,0,none/ocean,0,fisheries,fisheries,0.8,modest,False
H+72+07,72,7,7.9,702.7,ocean_westerly,0.448,False,False,0.2,maritime,1,ocean,False,False,False,False,False,False,False,False,0.0,dry,none/ocean,0,none/ocean,0,fisheries,fisheries,0.8,modest,False
H+73+07,73,7,7.9,703.5,ocean_westerly,0.442,False,False,0.2,maritime,1,ocean,False,False,False,False,False,False,False,False,0.0,dry,none/ocean,0,none/ocean,0,fisheries,fisheries,0.8,modest,False
H+74+07,74,7,7.88,700.2,ocean_westerly,0.435,False,False,0.2,maritime,1,ocean,False,False,False,False,False,False,False,False,0.0,dry,none/ocean,0,none/ocean,0,fisheries,fisheries,0.8,modest,False
H+75+07,75,7,7.86,685.9,ocean_westerly,0.429,False,False,0.2,maritime,1,ocean,False,False,False,False,False,False,False,False,0.0,dry,none/ocean,0,none/ocean,0,fisheries,fisheries,0.8,modest,False
H+76+07,76,7,7.86,669.7,ocean_westerly,0.422,False,False,0.2,maritime,1,ocean,False,False,False,False,False,False,False,False,0.0,dry,none/ocean,0,none/ocean,0,fisheries,fisheries,0.8,modest,False
H+77+07,77,7,7.87,656.1,ocean_westerly,0.416,False,False,0.2,maritime,1,ocean,False,False,False,False,False,False,False,False,0.0,dry,none/ocean,0,none/ocean,0,fisheries,fisheries,0.8,modest,False
H+78+07,78,7,7.93,643.6,ocean_westerly,0.409,False,False,0.2,maritime,1,ocean,False,False,False,False,False,False,False,False,0.0,dry,none/ocean,0,none/ocean,0,fisheries,fisheries,0.8,modest,False
H+79+07,79,7,8.04,633.2,ocean_westerly,0.402,False,False,0.2,maritime,1,ocean,False,False,False,False,False,False,False,False,0.0,dry,none/ocean,0,none/ocean,0,fisheries,fisheries,0.8,modest,False
H+00+08,0,8,8.46,929.2,ocean_westerly,0.92,False,False,0.2,maritime,1,ocean,False,False,False,False,False,False,False,False,0.0,dry,none/ocean,0,none/ocean,0,fisheries,fisheries,0.8,modest,False
H+01+08,1,8,8.46,929.3,ocean_westerly,0.913,False,False,0.2,maritime,1,ocean,False,False,False,False,False,False,False,False,0.0,dry,none/ocean,0,none/ocean,0,fisheries,fisheries,0.8,modest,False
H+02+08,2,8,8.45,927.2,ocean_westerly,0.907,False,False,0.2,maritime,1,ocean,False,False,False,False,False,False,False,False,0.0,dry,none/ocean,0,none/ocean,0,fisheries,fisheries,0.8,modest,False
H+03+08,3,8,8.44,913.3,ocean_westerly,0.9,False,False,0.2,maritime,1,ocean,False,False,False,False,False,False,False,False,0.0,dry,none/ocean,0,none/ocean,0,fisheries,fisheries,0.8,modest,False
H+04+08,4,8,8.43,886.1,ocean_westerly,0.894,False,False,0.2,maritime,1,ocean,False,False,False,False,False,False,False,False,0.0,dry,none/ocean,0,none/ocean,0,fisheries,fisheries,0.8,modest,False
H+05+08,5,8,8.4,857.7,ocean_westerly,0.887,False,False,0.2,maritime,1,ocean,False,False,False,False,False,False,False,False,0.0,dry,none/ocean,0,none/ocean,0,fisheries,fisheries,0.8,modest,False
H+06+08,6,8,8.37,825.0,ocean_westerly,0.881,False,False,0.2,maritime,1,ocean,False,False,False,False,False,False,False,False,0.0,dry,none/ocean,0,none/ocean,0,fisheries,fisheries,0.8,modest,False
H+07+08,7,8,8.35,792.8,ocean_westerly,0.874,False,False,0.2,maritime,1,ocean,False,False,False,False,False,False,False,False,0.0,dry,none/ocean,0,none/ocean,0,fisheries,fisheries,0.8,modest,False
H+08+08,8,8,8.33,770.5,ocean_westerly,0.868,False,False,0.2,maritime,1,ocean,False,False,False,False,False,False,False,False,0.0,dry,none/ocean,0,none/ocean,0,fisheries,fisheries,0.8,modest,False
H+09+08,9,8,8.32,756.3,ocean_westerly,0.861,False,False,0.2,maritime,1,ocean,False,False,False,False,False,False,False,False,0.0,dry,none/ocean,0,none/ocean,0,fisheries,fisheries,0.8,modest,False
H+10+08,10,8,8.33,754.3,ocean_westerly,0.854,False,False,0.2,maritime,1,ocean,False,False,False,False,False,False,False,False,0.0,dry,none/ocean,0,none/ocean,0,fisheries,fisheries,0.8,modest,False
H+11+08,11,8,8.35,765.3,ocean_westerly,0.848,False,False,0.2,maritime,1,ocean,False,False,False,False,False,False,False,False,0.0,dry,none/ocean,0,none/ocean,0,fisheries,fisheries,0.8,modest,False
H+12+08,12,8,8.38,777.0,ocean_westerly,0.841,False,False,0.2,maritime,1,ocean,False,False,False,False,False,False,False,False,0.0,dry,none/ocean,0,none/ocean,0,fisheries,fisheries,0.8,modest,False
H+13+08,13,8,8.43,783.5,ocean_westerly,0.835,False,False,0.2,maritime,1,ocean,False,False,False,False,False,False,False,False,0.0,dry,none/ocean,0,none/ocean,0,fisheries,fisheries,0.8,modest,False
H+14+08,14,8,8.48,791.3,ocean_westerly,0.828,False,False,0.2,maritime,1,ocean,False,False,False,False,False,False,False,False,0.0,dry,none/ocean,0,none/ocean,0,fisheries,fisheries,0.8,modest,False
H+15+08,15,8,8.53,798.8,ocean_westerly,0.822,False,False,0.2,maritime,1,ocean,False,False,False,False,False,False,False,False,0.0,dry,none/ocean,0,none/ocean,0,fisheries,fisheries,0.8,modest,False
H+16+08,16,8,8.56,796.1,ocean_westerly,0.815,False,False,0.2,maritime,1,ocean,False,False,False,False,False,False,False,False,0.0,dry,none/ocean,0,none/ocean,0,fisheries,fisheries,0.8,modest,False
H+17+08,17,8,8.58,782.3,ocean_westerly,0.809,False,False,0.2,maritime,1,ocean,False,False,False,False,False,False,False,False,0.0,dry,none/ocean,0,none/ocean,0,fisheries,fisheries,0.8,modest,False
H+18+08,18,8,8.6,773.2,ocean_westerly,0.802,False,False,0.2,maritime,1,ocean,False,False,False,False,False,False,False,False,0.0,dry,none/ocean,0,none/ocean,0,fisheries,fisheries,0.8,modest,False
H+19+08,19,8,8.6,781.7,ocean_westerly,0.796,False,False,0.2,maritime,1,ocean,False,False,False,False,False,False,False,False,0.0,dry,none/ocean,0,none/ocean,0,fisheries,fisheries,0.8,modest,False
H+20+08,20,8,8.61,798.1,ocean_westerly,0.789,False,False,0.2,maritime,1,ocean,False,False,False,False,False,False,False,False,0.0,dry,none/ocean,0,none/ocean,0,fisheries,fisheries,0.8,modest,False
H+21+08,21,8,8.61,807.2,ocean_westerly,0.782,False,False,0.2,maritime,1,ocean,False,False,False,False,False,False,False,False,0.0,dry,none/ocean,0,none/ocean,0,fisheries,fisheries,0.8,modest,False
H+22+08,22,8,8.61,812.1,ocean_westerly,0.776,False,False,0.2,maritime,1,ocean,False,False,False,False,False,False,False,False,0.0,dry,none/ocean,0,none/ocean,0,fisheries,fisheries,0.8,modest,False
H+23+08,23,8,8.61,823.4,ocean_westerly,0.769,False,False,0.2,maritime,1,ocean,False,False,False,False,False,False,False,False,0.0,dry,none/ocean,0,none/ocean,0,fisheries,fisheries,0.8,modest,False
H+24+08,24,8,8.61,839.2,ocean_westerly,0.763,False,False,0.2,maritime,1,ocean,False,False,False,False,False,False,False,False,0.0,dry,none/ocean,0,none/ocean,0,fisheries,fisheries,0.8,modest,False
H+25+08,25,8,7.4,830.2,open_westerly,0.658,False,False,0.448,moderate,0,none,False,False,False,False,False,False,False,False,2.5,spring_line,glacial till,2,coastal scrub,10,,,0.0,none,False
H+26+08,26,8,6.45,893.0,open_westerly,0.659,False,False,0.437,moderate,0,none,False,False,False,False,False,False,False,False,2.5,spring_line,glacial till,2,temperate forest,4,timber,timber,1.5,good,False
H+27+08,27,8,5.33,1091.1,open_westerly,0.683,False,False,0.426,moderate,0,none,False,False,False,False,False,False,False,False,2.5,spring_line,glacial till,2,boreal forest,3,timber,timber|metals,1.0,modest,False
H+28+08,28,8,4.06,1277.8,open_westerly,0.706,False,False,0.422,moderate,0,none,False,False,False,False,False,False,False,False,2.5,spring_line,glacial till,2,boreal forest,3,timber,timber|metals,1.0,modest,False
H+29+08,29,8,2.68,1434.0,open_westerly,0.724,False,False,0.43,moderate,0,none,False,False,False,False,False,False,False,False,3.79,shallow_well,glacial till,2,boreal forest,3,timber,timber,1.0,modest,False
H+30+08,30,8,4.0,598.2,calm_interior,0.658,False,False,0.439,moderate,8,salt_pan,False,False,False,False,True,False,False,False,8.33,dry,saline playa,10,salt flat sparse,11,salt_pans,salt_pans|evaporite_host,0.3,poor,True
H+31+08,31,8,4.02,579.2,calm_interior,0.651,False,True,0.648,moderate,8,salt_pan,False,False,False,False,True,False,False,False,8.14,dry,saline playa,10,salt flat sparse,11,salt_pans,salt_pans|evaporite_host,0.3,poor,True
H+32+08,32,8,4.03,538.4,calm_interior,0.633,False,True,0.658,strong,8,salt_pan,False,False,False,False,True,False,False,False,8.19,dry,saline playa,10,salt flat sparse,11,salt_pans,salt_pans|evaporite_host,0.3,poor,True
H+33+08,33,8,4.0,496.5,calm_interior,0.614,False,True,0.67,strong,8,salt_pan,False,False,False,False,True,False,False,False,8.29,dry,saline playa,10,salt flat sparse,11,salt_pans,salt_pans|evaporite_host,0.3,poor,True
H+34+08,34,8,3.95,479.4,calm_interior,0.598,False,True,0.682,strong,8,salt_pan,False,False,False,False,True,False,False,False,8.27,dry,saline playa,10,salt flat sparse,11,salt_pans,salt_pans|evaporite_host,0.3,poor,True
H+35+08,35,8,3.86,469.4,calm_interior,0.582,False,True,0.694,strong,8,salt_pan,False,False,False,False,True,False,False,False,8.27,dry,saline playa,10,salt flat sparse,11,salt_pans,salt_pans|evaporite_host,0.3,poor,True
H+36+08,36,8,3.76,455.6,calm_interior,0.566,False,True,0.707,strong,8,salt_pan,False,False,False,False,True,False,False,False,8.44,dry,saline playa,10,salt flat sparse,11,salt_pans,salt_pans|evaporite_host,0.3,poor,True
H+37+08,37,8,3.65,434.4,calm_interior,0.55,False,True,0.721,strong,8,salt_pan,False,False,False,False,True,False,False,False,8.83,dry,saline playa,10,salt flat sparse,11,salt_pans,salt_pans|evaporite_host,0.3,poor,True
H+38+08,38,8,2.56,762.3,open_westerly,0.531,True,False,0.734,strong,0,none,False,False,False,False,False,False,False,False,7.53,shallow_well,glacial till,2,boreal forest,3,timber,timber,1.0,modest,False
H+39+08,39,8,3.81,706.0,open_westerly,0.519,False,False,0.548,moderate,0,none,False,False,False,False,False,False,False,False,7.47,shallow_well,glacial till,2,boreal forest,3,timber,timber,1.0,modest,False
H+40+08,40,8,4.92,763.4,open_westerly,0.538,False,False,0.562,moderate,0,none,False,False,False,False,False,False,False,False,2.5,spring_line,glacial till,2,boreal forest,3,timber,timber,1.0,modest,False
H+41+08,41,8,6.89,719.0,open_westerly,0.539,False,False,0.576,moderate,0,none,False,False,False,False,False,False,False,False,2.5,spring_line,volcanic andisol,7,temperate forest,4,timber,timber,1.5,good,False
H+42+08,42,8,7.68,709.1,open_westerly,0.533,False,False,0.589,moderate,0,none,False,False,False,False,False,False,False,False,2.5,spring_line,volcanic andisol,7,coastal scrub,10,,metals,0.0,none,False
H+43+08,43,8,8.02,696.2,open_westerly,0.527,False,False,0.602,moderate,0,none,False,False,False,False,False,False,False,False,2.5,shallow_well,volcanic andisol,7,coastal scrub,10,,metals,0.0,none,False
H+44+08,44,8,8.05,683.4,open_westerly,0.522,False,False,0.615,moderate,0,none,False,False,False,False,False,False,False,False,2.5,shallow_well,volcanic andisol,7,coastal scrub,10,,metals,0.0,none,False
H+45+08,45,8,8.11,814.5,ocean_westerly,0.625,False,False,0.2,maritime,1,ocean,False,False,False,False,False,False,False,False,0.0,dry,none/ocean,0,none/ocean,0,fisheries,fisheries,0.8,modest,False
H+46+08,46,8,8.16,808.8,ocean_westerly,0.619,False,False,0.2,maritime,1,ocean,False,False,False,False,False,False,False,False,0.0,dry,none/ocean,0,none/ocean,0,fisheries,fisheries,0.8,modest,False
H+47+08,47,8,8.23,804.5,ocean_westerly,0.612,False,False,0.2,maritime,1,ocean,False,False,False,False,False,False,False,False,0.0,dry,none/ocean,0,none/ocean,0,fisheries,fisheries,0.8,modest,False
H+48+08,48,8,8.31,811.7,ocean_westerly,0.606,False,False,0.2,maritime,1,ocean,False,False,False,False,False,False,False,False,0.0,dry,none/ocean,0,none/ocean,0,fisheries,fisheries,0.8,modest,False
H+49+08,49,8,8.38,825.0,ocean_westerly,0.599,False,False,0.2,maritime,1,ocean,False,False,False,False,False,False,False,False,0.0,dry,none/ocean,0,none/ocean,0,fisheries,fisheries,0.8,modest,False
H+50+08,50,8,8.44,820.4,ocean_westerly,0.592,False,False,0.2,maritime,1,ocean,False,False,False,False,False,False,False,False,0.0,dry,none/ocean,0,none/ocean,0,fisheries,fisheries,0.8,modest,False
H+51+08,51,8,8.49,802.0,ocean_westerly,0.586,False,False,0.2,maritime,1,ocean,False,False,False,False,False,False,False,False,0.0,dry,none/ocean,0,none/ocean,0,fisheries,fisheries,0.8,modest,False
H+52+08,52,8,8.52,788.8,ocean_westerly,0.579,False,False,0.2,maritime,1,ocean,False,False,False,False,False,False,False,False,0.0,dry,none/ocean,0,none/ocean,0,fisheries,fisheries,0.8,modest,False
H+53+08,53,8,8.55,777.6,ocean_westerly,0.573,False,False,0.2,maritime,1,ocean,False,False,False,False,False,False,False,False,0.0,dry,none/ocean,0,none/ocean,0,fisheries,fisheries,0.8,modest,False
H+54+08,54,8,8.56,770.9,ocean_westerly,0.566,False,False,0.2,maritime,1,ocean,False,False,False,False,False,False,False,False,0.0,dry,none/ocean,0,none/ocean,0,fisheries,fisheries,0.8,modest,False
H+55+08,55,8,8.57,776.0,ocean_westerly,0.56,False,False,0.2,maritime,1,ocean,False,False,False,False,False,False,False,False,0.0,dry,none/ocean,0,none/ocean,0,fisheries,fisheries,0.8,modest,False
H+56+08,56,8,8.55,782.0,ocean_westerly,0.553,False,False,0.2,maritime,1,ocean,False,False,False,False,False,False,False,False,0.0,dry,none/ocean,0,none/ocean,0,fisheries,fisheries,0.8,modest,False
H+57+08,57,8,8.52,779.0,ocean_westerly,0.547,False,False,0.2,maritime,1,ocean,False,False,False,False,False,False,False,False,0.0,dry,none/ocean,0,none/ocean,0,fisheries,fisheries,0.8,modest,False
H+58+08,58,8,8.47,774.1,ocean_westerly,0.54,False,False,0.2,maritime,1,ocean,False,False,False,False,False,False,False,False,0.0,dry,none/ocean,0,none/ocean,0,fisheries,fisheries,0.8,modest,False
H+59+08,59,8,8.4,761.4,ocean_westerly,0.534,False,False,0.2,maritime,1,ocean,False,False,False,False,False,False,False,False,0.0,dry,none/ocean,0,none/ocean,0,fisheries,fisheries,0.8,modest,False
H+60+08,60,8,8.34,733.4,ocean_westerly,0.527,False,False,0.2,maritime,1,ocean,False,False,False,False,False,False,False,False,0.0,dry,none/ocean,0,none/ocean,0,fisheries,fisheries,0.8,modest,False
H+61+08,61,8,8.27,703.5,ocean_westerly,0.52,False,False,0.2,maritime,1,ocean,False,False,False,False,False,False,False,False,0.0,dry,none/ocean,0,none/ocean,0,fisheries,fisheries,0.8,modest,False
H+62+08,62,8,8.2,672.4,ocean_westerly,0.514,False,False,0.2,maritime,1,ocean,False,False,False,False,False,False,False,False,0.0,dry,none/ocean,0,none/ocean,0,fisheries,fisheries,0.8,modest,False
H+63+08,63,8,8.13,649.6,ocean_westerly,0.507,False,False,0.2,maritime,1,ocean,False,False,False,False,False,False,False,False,0.0,dry,none/ocean,0,none/ocean,0,fisheries,fisheries,0.8,modest,False
H+64+08,64,8,8.07,639.6,ocean_westerly,0.501,False,False,0.2,maritime,1,ocean,False,False,False,False,False,False,False,False,0.0,dry,none/ocean,0,none/ocean,0,fisheries,fisheries,0.8,modest,False
H+65+08,65,8,8.03,635.6,ocean_westerly,0.494,False,False,0.2,maritime,1,ocean,False,False,False,False,False,False,False,False,0.0,dry,none/ocean,0,none/ocean,0,fisheries,fisheries,0.8,modest,False
H+66+08,66,8,8.01,635.4,ocean_westerly,0.488,False,False,0.2,maritime,1,ocean,False,False,False,False,False,False,False,False,0.0,dry,none/ocean,0,none/ocean,0,fisheries,fisheries,0.8,modest,False
H+67+08,67,8,8.02,638.7,ocean_westerly,0.481,False,False,0.2,maritime,1,ocean,False,False,False,False,False,False,False,False,0.0,dry,none/ocean,0,none/ocean,0,fisheries,fisheries,0.8,modest,False
H+68+08,68,8,8.03,650.2,ocean_westerly,0.475,False,False,0.2,maritime,1,ocean,False,False,False,False,False,False,False,False,0.0,dry,none/ocean,0,none/ocean,0,fisheries,fisheries,0.8,modest,False
H+69+08,69,8,8.05,674.8,ocean_westerly,0.468,False,False,0.2,maritime,1,ocean,False,False,False,False,False,False,False,False,0.0,dry,none/ocean,0,none/ocean,0,fisheries,fisheries,0.8,modest,False
H+70+08,70,8,8.07,695.9,ocean_westerly,0.461,False,False,0.2,maritime,1,ocean,False,False,False,False,False,False,False,False,0.0,dry,none/ocean,0,none/ocean,0,fisheries,fisheries,0.8,modest,False
H+71+08,71,8,8.09,709.9,ocean_westerly,0.455,False,False,0.2,maritime,1,ocean,False,False,False,False,False,False,False,False,0.0,dry,none/ocean,0,none/ocean,0,fisheries,fisheries,0.8,modest,False
H+72+08,72,8,8.1,715.0,ocean_westerly,0.448,False,False,0.2,maritime,1,ocean,False,False,False,False,False,False,False,False,0.0,dry,none/ocean,0,none/ocean,0,fisheries,fisheries,0.8,modest,False
H+73+08,73,8,8.11,707.5,ocean_westerly,0.442,False,False,0.2,maritime,1,ocean,False,False,False,False,False,False,False,False,0.0,dry,none/ocean,0,none/ocean,0,fisheries,fisheries,0.8,modest,False
H+74+08,74,8,8.11,692.9,ocean_westerly,0.435,False,False,0.2,maritime,1,ocean,False,False,False,False,False,False,False,False,0.0,dry,none/ocean,0,none/ocean,0,fisheries,fisheries,0.8,modest,False
H+75+08,75,8,8.12,679.5,ocean_westerly,0.429,False,False,0.2,maritime,1,ocean,False,False,False,False,False,False,False,False,0.0,dry,none/ocean,0,none/ocean,0,fisheries,fisheries,0.8,modest,False
H+76+08,76,8,8.14,668.3,ocean_westerly,0.422,False,False,0.2,maritime,1,ocean,False,False,False,False,False,False,False,False,0.0,dry,none/ocean,0,none/ocean,0,fisheries,fisheries,0.8,modest,False
H+77+08,77,8,8.17,655.3,ocean_westerly,0.416,False,False,0.2,maritime,1,ocean,False,False,False,False,False,False,False,False,0.0,dry,none/ocean,0,none/ocean,0,fisheries,fisheries,0.8,modest,False
H+78+08,78,8,8.22,638.9,ocean_westerly,0.409,False,False,0.2,maritime,1,ocean,False,False,False,False,False,False,False,False,0.0,dry,none/ocean,0,none/ocean,0,fisheries,fisheries,0.8,modest,False
H+79+08,79,8,8.31,624.1,ocean_westerly,0.402,False,False,0.2,maritime,1,ocean,False,False,False,False,False,False,False,False,0.0,dry,none/ocean,0,none/ocean,0,fisheries,fisheries,0.8,modest,False
H+00+09,0,9,8.86,936.7,ocean_westerly,0.92,False,False,0.2,maritime,1,ocean,False,False,False,False,False,False,False,False,0.0,dry,none/ocean,0,none/ocean,0,fisheries,fisheries,0.8,modest,False
H+01+09,1,9,8.85,933.1,ocean_westerly,0.913,False,False,0.2,maritime,1,ocean,False,False,False,False,False,False,False,False,0.0,dry,none/ocean,0,none/ocean,0,fisheries,fisheries,0.8,modest,False
H+02+09,2,9,8.82,925.6,ocean_westerly,0.907,False,False,0.2,maritime,1,ocean,False,False,False,False,False,False,False,False,0.0,dry,none/ocean,0,none/ocean,0,fisheries,fisheries,0.8,modest,False
H+03+09,3,9,8.77,912.2,ocean_westerly,0.9,False,False,0.2,maritime,1,ocean,False,False,False,False,False,False,False,False,0.0,dry,none/ocean,0,none/ocean,0,fisheries,fisheries,0.8,modest,False
H+04+09,4,9,8.72,889.3,ocean_westerly,0.894,False,False,0.2,maritime,1,ocean,False,False,False,False,False,False,False,False,0.0,dry,none/ocean,0,none/ocean,0,fisheries,fisheries,0.8,modest,False
H+05+09,5,9,8.67,857.5,ocean_westerly,0.887,False,False,0.2,maritime,1,ocean,False,False,False,False,False,False,False,False,0.0,dry,none/ocean,0,none/ocean,0,fisheries,fisheries,0.8,modest,False
H+06+09,6,9,8.64,807.3,ocean_westerly,0.881,False,False,0.2,maritime,1,ocean,False,False,False,False,False,False,False,False,0.0,dry,none/ocean,0,none/ocean,0,fisheries,fisheries,0.8,modest,False
H+07+09,7,9,8.62,766.3,ocean_westerly,0.874,False,False,0.2,maritime,1,ocean,False,False,False,False,False,False,False,False,0.0,dry,none/ocean,0,none/ocean,0,fisheries,fisheries,0.8,modest,False
H+08+09,8,9,8.61,751.4,ocean_westerly,0.868,False,False,0.2,maritime,1,ocean,False,False,False,False,False,False,False,False,0.0,dry,none/ocean,0,none/ocean,0,fisheries,fisheries,0.8,modest,False
H+09+09,9,9,8.62,744.0,ocean_westerly,0.861,False,False,0.2,maritime,1,ocean,False,False,False,False,False,False,False,False,0.0,dry,none/ocean,0,none/ocean,0,fisheries,fisheries,0.8,modest,False
H+10+09,10,9,8.63,739.8,ocean_westerly,0.854,False,False,0.2,maritime,1,ocean,False,False,False,False,False,False,False,False,0.0,dry,none/ocean,0,none/ocean,0,fisheries,fisheries,0.8,modest,False
H+11+09,11,9,8.65,749.1,ocean_westerly,0.848,False,False,0.2,maritime,1,ocean,False,False,False,False,False,False,False,False,0.0,dry,none/ocean,0,none/ocean,0,fisheries,fisheries,0.8,modest,False
H+12+09,12,9,8.68,762.8,ocean_westerly,0.841,False,False,0.2,maritime,1,ocean,False,False,False,False,False,False,False,False,0.0,dry,none/ocean,0,none/ocean,0,fisheries,fisheries,0.8,modest,False
H+13+09,13,9,8.73,768.8,ocean_westerly,0.835,False,False,0.2,maritime,1,ocean,False,False,False,False,False,False,False,False,0.0,dry,none/ocean,0,none/ocean,0,fisheries,fisheries,0.8,modest,False
H+14+09,14,9,8.78,779.4,ocean_westerly,0.828,False,False,0.2,maritime,1,ocean,False,False,False,False,False,False,False,False,0.0,dry,none/ocean,0,none/ocean,0,fisheries,fisheries,0.8,modest,False
H+15+09,15,9,8.83,796.9,ocean_westerly,0.822,False,False,0.2,maritime,1,ocean,False,False,False,False,False,False,False,False,0.0,dry,none/ocean,0,none/ocean,0,fisheries,fisheries,0.8,modest,False
H+16+09,16,9,8.86,796.6,ocean_westerly,0.815,False,False,0.2,maritime,1,ocean,False,False,False,False,False,False,False,False,0.0,dry,none/ocean,0,none/ocean,0,fisheries,fisheries,0.8,modest,False
H+17+09,17,9,8.87,768.6,ocean_westerly,0.809,False,False,0.2,maritime,1,ocean,False,False,False,False,False,False,False,False,0.0,dry,none/ocean,0,none/ocean,0,fisheries,fisheries,0.8,modest,False
H+18+09,18,9,8.88,749.0,ocean_westerly,0.802,False,False,0.2,maritime,1,ocean,False,False,False,False,False,False,False,False,0.0,dry,none/ocean,0,none/ocean,0,fisheries,fisheries,0.8,modest,False
H+19+09,19,9,8.89,762.9,ocean_westerly,0.796,False,False,0.2,maritime,1,ocean,False,False,False,False,False,False,False,False,0.0,dry,none/ocean,0,none/ocean,0,fisheries,fisheries,0.8,modest,False
H+20+09,20,9,8.89,786.7,ocean_westerly,0.789,False,False,0.2,maritime,1,ocean,False,False,False,False,False,False,False,False,0.0,dry,none/ocean,0,none/ocean,0,fisheries,fisheries,0.8,modest,False
H+21+09,21,9,8.89,798.1,ocean_westerly,0.782,False,False,0.2,maritime,1,ocean,False,False,False,False,False,False,False,False,0.0,dry,none/ocean,0,none/ocean,0,fisheries,fisheries,0.8,modest,False
H+22+09,22,9,8.9,806.0,ocean_westerly,0.776,False,False,0.2,maritime,1,ocean,False,False,False,False,False,False,False,False,0.0,dry,none/ocean,0,none/ocean,0,fisheries,fisheries,0.8,modest,False
H+23+09,23,9,8.9,820.6,ocean_westerly,0.769,False,False,0.2,maritime,1,ocean,False,False,False,False,False,False,False,False,0.0,dry,none/ocean,0,none/ocean,0,fisheries,fisheries,0.8,modest,False
H+24+09,24,9,8.92,847.5,ocean_westerly,0.763,False,False,0.2,maritime,1,ocean,False,False,False,False,False,False,False,False,0.0,dry,none/ocean,0,none/ocean,0,fisheries,fisheries,0.8,modest,False
H+25+09,25,9,8.95,867.6,ocean_westerly,0.756,False,False,0.2,maritime,1,ocean,False,False,False,False,False,False,False,False,0.0,dry,none/ocean,0,none/ocean,0,fisheries,fisheries,0.8,modest,False
H+26+09,26,9,7.68,854.8,open_westerly,0.652,False,False,0.431,moderate,0,none,False,False,False,False,False,False,False,False,2.5,spring_line,glacial till,2,coastal scrub,10,,,0.0,none,False
H+27+09,27,9,6.64,940.5,open_westerly,0.658,False,False,0.421,moderate,6,wetland,False,False,False,False,False,True,False,False,0.8,marsh,peat/wetland,9,wetland/marsh,8,,metals|peat,1.2,modest,False
H+28+09,28,9,5.43,1123.2,open_westerly,0.682,False,False,0.416,moderate,0,none,False,False,False,False,False,False,False,False,2.5,spring_line,glacial till,2,boreal forest,3,timber,timber|metals,1.0,modest,False
H+29+09,29,9,4.03,1289.4,open_westerly,0.703,False,False,0.424,moderate,0,none,False,False,False,False,False,False,False,False,4.34,shallow_well,glacial till,2,boreal forest,3,timber,timber,1.0,modest,False
H+30+09,30,9,2.5,1421.2,open_westerly,0.717,False,False,0.433,moderate,0,none,False,False,False,False,False,False,False,False,4.04,shallow_well,glacial till,2,boreal forest,3,timber,timber,1.0,modest,False
H+31+09,31,9,4.36,550.7,calm_interior,0.637,False,True,0.642,moderate,8,salt_pan,False,False,False,False,True,False,False,False,8.44,dry,saline playa,10,salt flat sparse,11,salt_pans,salt_pans|evaporite_host,0.3,poor,True
H+32+09,32,9,4.35,536.4,calm_interior,0.633,False,True,0.652,strong,8,salt_pan,False,False,False,False,True,False,False,False,8.3,dry,saline playa,10,salt flat sparse,11,salt_pans,salt_pans|evaporite_host,0.3,poor,True
H+33+09,33,9,4.33,493.4,calm_interior,0.614,False,True,0.664,strong,8,salt_pan,False,False,False,False,True,False,False,False,8.45,dry,saline playa,10,salt flat sparse,11,salt_pans,salt_pans|evaporite_host,0.3,poor,True
H+34+09,34,9,4.26,477.0,calm_interior,0.598,False,True,0.676,strong,8,salt_pan,False,False,False,False,True,False,False,False,8.47,dry,saline playa,10,salt flat sparse,11,salt_pans,salt_pans|evaporite_host,0.3,poor,True
H+35+09,35,9,4.16,471.6,calm_interior,0.582,False,True,0.688,strong,8,salt_pan,False,False,False,False,True,False,False,False,8.47,dry,saline playa,10,salt flat sparse,11,salt_pans,salt_pans|evaporite_host,0.3,poor,True
H+36+09,36,9,4.05,460.7,calm_interior,0.566,False,True,0.701,strong,8,salt_pan,False,False,False,False,True,False,False,False,8.53,dry,saline playa,10,salt flat sparse,11,salt_pans,salt_pans|evaporite_host,0.3,poor,True
H+37+09,37,9,3.93,435.7,calm_interior,0.55,False,True,0.714,strong,8,salt_pan,False,False,False,False,True,False,False,False,8.74,dry,saline playa,10,salt flat sparse,11,salt_pans,salt_pans|evaporite_host,0.3,poor,True
H+38+09,38,9,3.62,741.7,open_westerly,0.533,False,False,0.528,moderate,0,none,False,False,False,False,False,False,False,False,6.97,shallow_well,glacial till,2,boreal forest,3,timber,timber,1.0,modest,False
H+39+09,39,9,4.89,738.1,open_westerly,0.533,False,False,0.542,moderate,0,none,False,False,False,False,False,False,False,False,2.5,spring_line,glacial till,2,boreal forest,3,timber,timber,1.0,modest,False
H+40+09,40,9,6.88,737.9,open_westerly,0.528,False,False,0.556,moderate,0,none,False,False,False,False,False,False,False,False,2.5,spring_line,glacial till,2,temperate forest,4,timber,timber,1.5,good,False
H+41+09,41,9,8.39,871.2,ocean_westerly,0.651,False,False,0.2,maritime,1,ocean,False,False,False,False,False,False,False,False,0.0,dry,none/ocean,0,none/ocean,0,fisheries,fisheries,0.8,modest,False
H+42+09,42,9,8.36,851.4,ocean_westerly,0.645,False,False,0.2,maritime,1,ocean,False,False,False,False,False,False,False,False,0.0,dry,none/ocean,0,none/ocean,0,fisheries,fisheries,0.8,modest,False
H+43+09,43,9,8.34,832.5,ocean_westerly,0.638,False,False,0.2,maritime,1,ocean,False,False,False,False,False,False,False,False,0.0,dry,none/ocean,0,none/ocean,0,fisheries,fisheries,0.8,modest,False
H+44+09,44,9,8.33,812.4,ocean_westerly,0.632,False,False,0.2,maritime,1,ocean,False,False,False,False,False,False,False,False,0.0,dry,none/ocean,0,none/ocean,0,fisheries,fisheries,0.8,modest,False
H+45+09,45,9,8.35,800.2,ocean_westerly,0.625,False,False,0.2,maritime,1,ocean,False,False,False,False,False,False,False,False,0.0,dry,none/ocean,0,none/ocean,0,fisheries,fisheries,0.8,modest,False
H+46+09,46,9,8.41,798.0,ocean_westerly,0.619,False,False,0.2,maritime,1,ocean,False,False,False,False,False,False,False,False,0.0,dry,none/ocean,0,none/ocean,0,fisheries,fisheries,0.8,modest,False
H+47+09,47,9,8.49,799.4,ocean_westerly,0.612,False,False,0.2,maritime,1,ocean,False,False,False,False,False,False,False,False,0.0,dry,none/ocean,0,none/ocean,0,fisheries,fisheries,0.8,modest,False
H+48+09,48,9,8.58,812.1,ocean_westerly,0.606,False,False,0.2,maritime,1,ocean,False,False,False,False,False,False,False,False,0.0,dry,none/ocean,0,none/ocean,0,fisheries,fisheries,0.8,modest,False
H+49+09,49,9,8.67,833.2,ocean_westerly,0.599,False,False,0.2,maritime,1,ocean,False,False,False,False,False,False,False,False,0.0,dry,none/ocean,0,none/ocean,0,fisheries,fisheries,0.8,modest,False
H+50+09,50,9,8.73,827.1,ocean_westerly,0.592,False,False,0.2,maritime,1,ocean,False,False,False,False,False,False,False,False,0.0,dry,none/ocean,0,none/ocean,0,fisheries,fisheries,0.8,modest,False
H+51+09,51,9,8.77,794.3,ocean_westerly,0.586,False,False,0.2,maritime,1,ocean,False,False,False,False,False,False,False,False,0.0,dry,none/ocean,0,none/ocean,0,fisheries,fisheries,0.8,modest,False
H+52+09,52,9,8.8,773.0,ocean_westerly,0.579,False,False,0.2,maritime,1,ocean,False,False,False,False,False,False,False,False,0.0,dry,none/ocean,0,none/ocean,0,fisheries,fisheries,0.8,modest,False
H+53+09,53,9,8.81,760.6,ocean_westerly,0.573,False,False,0.2,maritime,1,ocean,False,False,False,False,False,False,False,False,0.0,dry,none/ocean,0,none/ocean,0,fisheries,fisheries,0.8,modest,False
H+54+09,54,9,8.82,753.8,ocean_westerly,0.566,False,False,0.2,maritime,1,ocean,False,False,False,False,False,False,False,False,0.0,dry,none/ocean,0,none/ocean,0,fisheries,fisheries,0.8,modest,False
H+55+09,55,9,8.82,761.6,ocean_westerly,0.56,False,False,0.2,maritime,1,ocean,False,False,False,False,False,False,False,False,0.0,dry,none/ocean,0,none/ocean,0,fisheries,fisheries,0.8,modest,False
H+56+09,56,9,8.81,771.9,ocean_westerly,0.553,False,False,0.2,maritime,1,ocean,False,False,False,False,False,False,False,False,0.0,dry,none/ocean,0,none/ocean,0,fisheries,fisheries,0.8,modest,False
H+57+09,57,9,8.8,772.5,ocean_westerly,0.547,False,False,0.2,maritime,1,ocean,False,False,False,False,False,False,False,False,0.0,dry,none/ocean,0,none/ocean,0,fisheries,fisheries,0.8,modest,False
H+58+09,58,9,8.78,771.7,ocean_westerly,0.54,False,False,0.2,maritime,1,ocean,False,False,False,False,False,False,False,False,0.0,dry,none/ocean,0,none/ocean,0,fisheries,fisheries,0.8,modest,False
H+59+09,59,9,8.74,760.7,ocean_westerly,0.534,False,False,0.2,maritime,1,ocean,False,False,False,False,False,False,False,False,0.0,dry,none/ocean,0,none/ocean,0,fisheries,fisheries,0.8,modest,False
H+60+09,60,9,8.69,735.6,ocean_westerly,0.527,False,False,0.2,maritime,1,ocean,False,False,False,False,False,False,False,False,0.0,dry,none/ocean,0,none/ocean,0,fisheries,fisheries,0.8,modest,False
H+61+09,61,9,8.63,703.8,ocean_westerly,0.52,False,False,0.2,maritime,1,ocean,False,False,False,False,False,False,False,False,0.0,dry,none/ocean,0,none/ocean,0,fisheries,fisheries,0.8,modest,False
H+62+09,62,9,8.55,663.5,ocean_westerly,0.514,False,False,0.2,maritime,1,ocean,False,False,False,False,False,False,False,False,0.0,dry,none/ocean,0,none/ocean,0,fisheries,fisheries,0.8,modest,False
H+63+09,63,9,8.46,634.7,ocean_westerly,0.507,False,False,0.2,maritime,1,ocean,False,False,False,False,False,False,False,False,0.0,dry,none/ocean,0,none/ocean,0,fisheries,fisheries,0.8,modest,False
H+64+09,64,9,8.38,629.3,ocean_westerly,0.501,False,False,0.2,maritime,1,ocean,False,False,False,False,False,False,False,False,0.0,dry,none/ocean,0,none/ocean,0,fisheries,fisheries,0.8,modest,False
H+65+09,65,9,8.32,631.4,ocean_westerly,0.494,False,False,0.2,maritime,1,ocean,False,False,False,False,False,False,False,False,0.0,dry,none/ocean,0,none/ocean,0,fisheries,fisheries,0.8,modest,False
H+66+09,66,9,8.3,631.0,ocean_westerly,0.488,False,False,0.2,maritime,1,ocean,False,False,False,False,False,False,False,False,0.0,dry,none/ocean,0,none/ocean,0,fisheries,fisheries,0.8,modest,False
H+67+09,67,9,8.3,633.4,ocean_westerly,0.481,False,False,0.2,maritime,1,ocean,False,False,False,False,False,False,False,False,0.0,dry,none/ocean,0,none/ocean,0,fisheries,fisheries,0.8,modest,False
H+68+09,68,9,8.3,645.6,ocean_westerly,0.475,False,False,0.2,maritime,1,ocean,False,False,False,False,False,False,False,False,0.0,dry,none/ocean,0,none/ocean,0,fisheries,fisheries,0.8,modest,False
H+69+09,69,9,8.29,674.2,ocean_westerly,0.468,False,False,0.2,maritime,1,ocean,False,False,False,False,False,False,False,False,0.0,dry,none/ocean,0,none/ocean,0,fisheries,fisheries,0.8,modest,False
H+70+09,70,9,8.29,698.7,ocean_westerly,0.461,False,False,0.2,maritime,1,ocean,False,False,False,False,False,False,False,False,0.0,dry,none/ocean,0,none/ocean,0,fisheries,fisheries,0.8,modest,False
H+71+09,71,9,8.29,715.9,ocean_westerly,0.455,False,False,0.2,maritime,1,ocean,False,False,False,False,False,False,False,False,0.0,dry,none/ocean,0,none/ocean,0,fisheries,fisheries,0.8,modest,False
H+72+09,72,9,8.3,722.8,ocean_westerly,0.448,False,False,0.2,maritime,1,ocean,False,False,False,False,False,False,False,False,0.0,dry,none/ocean,0,none/ocean,0,fisheries,fisheries,0.8,modest,False
H+73+09,73,9,8.32,708.9,ocean_westerly,0.442,False,False,0.2,maritime,1,ocean,False,False,False,False,False,False,False,False,0.0,dry,none/ocean,0,none/ocean,0,fisheries,fisheries,0.8,modest,False
H+74+09,74,9,8.35,686.0,ocean_westerly,0.435,False,False,0.2,maritime,1,ocean,False,False,False,False,False,False,False,False,0.0,dry,none/ocean,0,none/ocean,0,fisheries,fisheries,0.8,modest,False
H+75+09,75,9,8.39,673.5,ocean_westerly,0.429,False,False,0.2,maritime,1,ocean,False,False,False,False,False,False,False,False,0.0,dry,none/ocean,0,none/ocean,0,fisheries,fisheries,0.8,modest,False
H+76+09,76,9,8.43,666.2,ocean_westerly,0.422,False,False,0.2,maritime,1,ocean,False,False,False,False,False,False,False,False,0.0,dry,none/ocean,0,none/ocean,0,fisheries,fisheries,0.8,modest,False
H+77+09,77,9,8.47,653.6,ocean_westerly,0.416,False,False,0.2,maritime,1,ocean,False,False,False,False,False,False,False,False,0.0,dry,none/ocean,0,none/ocean,0,fisheries,fisheries,0.8,modest,False
H+78+09,78,9,8.53,635.0,ocean_westerly,0.409,False,False,0.2,maritime,1,ocean,False,False,False,False,False,False,False,False,0.0,dry,none/ocean,0,none/ocean,0,fisheries,fisheries,0.8,modest,False
H+79+09,79,9,8.6,618.0,ocean_westerly,0.402,False,False,0.2,maritime,1,ocean,False,False,False,False,False,False,False,False,0.0,dry,none/ocean,0,none/ocean,0,fisheries,fisheries,0.8,modest,False
H+00+10,0,10,9.26,919.2,ocean_westerly,0.92,False,False,0.2,maritime,1,ocean,False,False,False,False,False,False,False,False,0.0,dry,none/ocean,0,none/ocean,0,fisheries,fisheries,0.8,modest,False
H+01+10,1,10,9.24,911.9,ocean_westerly,0.913,False,False,0.2,maritime,1,ocean,False,False,False,False,False,False,False,False,0.0,dry,none/ocean,0,none/ocean,0,fisheries,fisheries,0.8,modest,False
H+02+10,2,10,9.18,899.2,ocean_westerly,0.907,False,False,0.2,maritime,1,ocean,False,False,False,False,False,False,False,False,0.0,dry,none/ocean,0,none/ocean,0,fisheries,fisheries,0.8,modest,False
H+03+10,3,10,9.11,888.4,ocean_westerly,0.9,False,False,0.2,maritime,1,ocean,False,False,False,False,False,False,False,False,0.0,dry,none/ocean,0,none/ocean,0,fisheries,fisheries,0.8,modest,False
H+04+10,4,10,9.02,873.8,ocean_westerly,0.894,False,False,0.2,maritime,1,ocean,False,False,False,False,False,False,False,False,0.0,dry,none/ocean,0,none/ocean,0,fisheries,fisheries,0.8,modest,False
H+05+10,5,10,8.96,845.2,ocean_westerly,0.887,False,False,0.2,maritime,1,ocean,False,False,False,False,False,False,False,False,0.0,dry,none/ocean,0,none/ocean,0,fisheries,fisheries,0.8,modest,False
H+06+10,6,10,8.92,798.1,ocean_westerly,0.881,False,False,0.2,maritime,1,ocean,False,False,False,False,False,False,False,False,0.0,dry,none/ocean,0,none/ocean,0,fisheries,fisheries,0.8,modest,False
H+07+10,7,10,8.9,759.4,ocean_westerly,0.874,False,False,0.2,maritime,1,ocean,False,False,False,False,False,False,False,False,0.0,dry,none/ocean,0,none/ocean,0,fisheries,fisheries,0.8,modest,False
H+08+10,8,10,8.91,740.0,ocean_westerly,0.868,False,False,0.2,maritime,1,ocean,False,False,False,False,False,False,False,False,0.0,dry,none/ocean,0,none/ocean,0,fisheries,fisheries,0.8,modest,False
H+09+10,9,10,8.92,728.5,ocean_westerly,0.861,False,False,0.2,maritime,1,ocean,False,False,False,False,False,False,False,False,0.0,dry,none/ocean,0,none/ocean,0,fisheries,fisheries,0.8,modest,False
H+10+10,10,10,8.94,724.5,ocean_westerly,0.854,False,False,0.2,maritime,1,ocean,False,False,False,False,False,False,False,False,0.0,dry,none/ocean,0,none/ocean,0,fisheries,fisheries,0.8,modest,False
H+11+10,11,10,8.96,733.5,ocean_westerly,0.848,False,False,0.2,maritime,1,ocean,False,False,False,False,False,False,False,False,0.0,dry,none/ocean,0,none/ocean,0,fisheries,fisheries,0.8,modest,False
H+12+10,12,10,8.99,752.6,ocean_westerly,0.841,False,False,0.2,maritime,1,ocean,False,False,False,False,False,False,False,False,0.0,dry,none/ocean,0,none/ocean,0,fisheries,fisheries,0.8,modest,False
H+13+10,13,10,9.03,772.7,ocean_westerly,0.835,False,False,0.2,maritime,1,ocean,False,False,False,False,False,False,False,False,0.0,dry,none/ocean,0,none/ocean,0,fisheries,fisheries,0.8,modest,False
H+14+10,14,10,9.08,782.9,ocean_westerly,0.828,False,False,0.2,maritime,1,ocean,False,False,False,False,False,False,False,False,0.0,dry,none/ocean,0,none/ocean,0,fisheries,fisheries,0.8,modest,False
H+15+10,15,10,9.12,787.5,ocean_westerly,0.822,False,False,0.2,maritime,1,ocean,False,False,False,False,False,False,False,False,0.0,dry,none/ocean,0,none/ocean,0,fisheries,fisheries,0.8,modest,False
H+16+10,16,10,9.15,783.6,ocean_westerly,0.815,False,False,0.2,maritime,1,ocean,False,False,False,False,False,False,False,False,0.0,dry,none/ocean,0,none/ocean,0,fisheries,fisheries,0.8,modest,False
H+17+10,17,10,9.16,768.2,ocean_westerly,0.809,False,False,0.2,maritime,1,ocean,False,False,False,False,False,False,False,False,0.0,dry,none/ocean,0,none/ocean,0,fisheries,fisheries,0.8,modest,False
H+18+10,18,10,9.17,757.7,ocean_westerly,0.802,False,False,0.2,maritime,1,ocean,False,False,False,False,False,False,False,False,0.0,dry,none/ocean,0,none/ocean,0,fisheries,fisheries,0.8,modest,False
H+19+10,19,10,9.17,764.9,ocean_westerly,0.796,False,False,0.2,maritime,1,ocean,False,False,False,False,False,False,False,False,0.0,dry,none/ocean,0,none/ocean,0,fisheries,fisheries,0.8,modest,False
H+20+10,20,10,9.17,780.0,ocean_westerly,0.789,False,False,0.2,maritime,1,ocean,False,False,False,False,False,False,False,False,0.0,dry,none/ocean,0,none/ocean,0,fisheries,fisheries,0.8,modest,False
H+21+10,21,10,9.18,793.2,ocean_westerly,0.782,False,False,0.2,maritime,1,ocean,False,False,False,False,False,False,False,False,0.0,dry,none/ocean,0,none/ocean,0,fisheries,fisheries,0.8,modest,False
H+22+10,22,10,9.18,805.9,ocean_westerly,0.776,False,False,0.2,maritime,1,ocean,False,False,False,False,False,False,False,False,0.0,dry,none/ocean,0,none/ocean,0,fisheries,fisheries,0.8,modest,False
H+23+10,23,10,9.19,821.1,ocean_westerly,0.769,False,False,0.2,maritime,1,ocean,False,False,False,False,False,False,False,False,0.0,dry,none/ocean,0,none/ocean,0,fisheries,fisheries,0.8,modest,False
H+24+10,24,10,9.22,844.2,ocean_westerly,0.763,False,False,0.2,maritime,1,ocean,False,False,False,False,False,False,False,False,0.0,dry,none/ocean,0,none/ocean,0,fisheries,fisheries,0.8,modest,False
H+25+10,25,10,9.27,861.6,ocean_westerly,0.756,False,False,0.2,maritime,1,ocean,False,False,False,False,False,False,False,False,0.0,dry,none/ocean,0,none/ocean,0,fisheries,fisheries,0.8,modest,False
H+26+10,26,10,9.32,870.8,ocean_westerly,0.75,False,False,0.2,maritime,1,ocean,False,False,False,False,False,False,False,False,0.0,dry,none/ocean,0,none/ocean,0,fisheries,fisheries,0.8,modest,False
H+27+10,27,10,7.89,852.4,open_westerly,0.646,False,False,0.415,moderate,0,none,False,False,False,False,False,False,True,False,2.5,spring_line,loam,4,floodplain farmable,9,,metals,3.0,rich,False
H+28+10,28,10,6.66,986.7,open_westerly,0.661,False,False,0.41,moderate,0,none,False,False,False,False,False,False,False,False,2.5,spring_line,glacial till,2,temperate forest,4,timber,timber,1.5,good,False
H+29+10,29,10,5.3,1168.4,open_westerly,0.683,False,False,0.418,moderate,0,none,False,False,False,False,False,False,False,False,4.81,shallow_well,glacial till,2,boreal forest,3,timber,timber,1.0,modest,False
H+30+10,30,10,3.75,1316.4,open_westerly,0.7,False,False,0.427,moderate,0,none,False,False,False,False,False,False,False,False,4.38,shallow_well,glacial till,2,boreal forest,3,timber,timber,1.0,modest,False
H+31+10,31,10,4.69,562.0,calm_interior,0.644,False,True,0.636,moderate,8,salt_pan,False,False,False,False,True,False,False,False,8.51,dry,saline playa,10,salt flat sparse,11,salt_pans,salt_pans|evaporite_host,0.3,poor,True
H+32+10,32,10,4.67,535.0,calm_interior,0.633,False,True,0.647,moderate,8,salt_pan,False,False,False,False,True,False,False,False,8.45,dry,saline playa,10,salt flat sparse,11,salt_pans,salt_pans|evaporite_host,0.3,poor,True
H+33+10,33,10,4.63,495.4,calm_interior,0.614,False,True,0.658,strong,8,salt_pan,False,False,False,False,True,False,False,False,8.59,dry,saline playa,10,salt flat sparse,11,salt_pans,salt_pans|evaporite_host,0.3,poor,True
H+34+10,34,10,4.57,480.4,calm_interior,0.598,False,True,0.67,strong,8,salt_pan,False,False,False,False,True,False,False,False,8.64,dry,saline playa,10,salt flat sparse,11,salt_pans,salt_pans|evaporite_host,0.3,poor,True
H+35+10,35,10,4.46,471.8,calm_interior,0.582,False,True,0.682,strong,8,salt_pan,False,False,False,False,True,False,False,False,8.68,dry,saline playa,10,salt flat sparse,11,salt_pans,salt_pans|evaporite_host,0.3,poor,True
H+36+10,36,10,4.33,458.6,calm_interior,0.566,False,True,0.695,strong,8,salt_pan,False,False,False,False,True,False,False,False,8.68,dry,saline playa,10,salt flat sparse,11,salt_pans,salt_pans|evaporite_host,0.3,poor,True
H+37+10,37,10,3.18,818.0,open_westerly,0.549,False,False,0.508,moderate,0,none,False,False,False,False,False,False,False,False,6.75,shallow_well,glacial till,2,boreal forest,3,timber,timber,1.0,modest,False
H+38+10,38,10,4.63,738.7,open_westerly,0.535,False,False,0.522,moderate,0,none,False,False,False,False,False,False,False,False,2.5,spring_line,glacial till,2,boreal forest,3,timber,timber,1.0,modest,False
H+39+10,39,10,5.98,764.2,open_westerly,0.543,False,False,0.536,moderate,0,none,False,False,False,False,False,False,False,False,2.5,spring_line,glacial till,2,boreal forest,3,timber,timber,1.0,modest,False
H+40+10,40,10,8.7,872.6,ocean_westerly,0.658,False,False,0.2,maritime,1,ocean,False,False,False,False,False,False,False,False,0.0,dry,none/ocean,0,none/ocean,0,fisheries,fisheries,0.8,modest,False
H+41+10,41,10,8.65,859.4,ocean_westerly,0.651,False,False,0.2,maritime,1,ocean,False,False,False,False,False,False,False,False,0.0,dry,none/ocean,0,none/ocean,0,fisheries,fisheries,0.8,modest,False
H+42+10,42,10,8.61,852.3,ocean_westerly,0.645,False,False,0.2,maritime,1,ocean,False,False,False,False,False,False,False,False,0.0,dry,none/ocean,0,none/ocean,0,fisheries,fisheries,0.8,modest,False
H+43+10,43,10,8.59,840.0,ocean_westerly,0.638,False,False,0.2,maritime,1,ocean,False,False,False,False,False,False,False,False,0.0,dry,none/ocean,0,none/ocean,0,fisheries,fisheries,0.8,modest,False
H+44+10,44,10,8.58,819.4,ocean_westerly,0.632,False,False,0.2,maritime,1,ocean,False,False,False,False,False,False,False,False,0.0,dry,none/ocean,0,none/ocean,0,fisheries,fisheries,0.8,modest,False
H+45+10,45,10,8.61,806.1,ocean_westerly,0.625,False,False,0.2,maritime,1,ocean,False,False,False,False,False,False,False,False,0.0,dry,none/ocean,0,none/ocean,0,fisheries,fisheries,0.8,modest,False
H+46+10,46,10,8.67,806.1,ocean_westerly,0.619,False,False,0.2,maritime,1,ocean,False,False,False,False,False,False,False,False,0.0,dry,none/ocean,0,none/ocean,0,fisheries,fisheries,0.8,modest,False
H+47+10,47,10,8.76,809.5,ocean_westerly,0.612,False,False,0.2,maritime,1,ocean,False,False,False,False,False,False,False,False,0.0,dry,none/ocean,0,none/ocean,0,fisheries,fisheries,0.8,modest,False
H+48+10,48,10,8.86,817.3,ocean_westerly,0.606,False,False,0.2,maritime,1,ocean,False,False,False,False,False,False,False,False,0.0,dry,none/ocean,0,none/ocean,0,fisheries,fisheries,0.8,modest,False
H+49+10,49,10,8.94,830.1,ocean_westerly,0.599,False,False,0.2,maritime,1,ocean,False,False,False,False,False,False,False,False,0.0,dry,none/ocean,0,none/ocean,0,fisheries,fisheries,0.8,modest,False
H+50+10,50,10,9.01,823.1,ocean_westerly,0.592,False,False,0.2,maritime,1,ocean,False,False,False,False,False,False,False,False,0.0,dry,none/ocean,0,none/ocean,0,fisheries,fisheries,0.8,modest,False
H+51+10,51,10,9.05,794.1,ocean_westerly,0.586,False,False,0.2,maritime,1,ocean,False,False,False,False,False,False,False,False,0.0,dry,none/ocean,0,none/ocean,0,fisheries,fisheries,0.8,modest,False
H+52+10,52,10,9.07,774.8,ocean_westerly,0.579,False,False,0.2,maritime,1,ocean,False,False,False,False,False,False,False,False,0.0,dry,none/ocean,0,none/ocean,0,fisheries,fisheries,0.8,modest,False
H+53+10,53,10,9.07,768.3,ocean_westerly,0.573,False,False,0.2,maritime,1,ocean,False,False,False,False,False,False,False,False,0.0,dry,none/ocean,0,none/ocean,0,fisheries,fisheries,0.8,modest,False
H+54+10,54,10,9.07,766.1,ocean_westerly,0.566,False,False,0.2,maritime,1,ocean,False,False,False,False,False,False,False,False,0.0,dry,none/ocean,0,none/ocean,0,fisheries,fisheries,0.8,modest,False
H+55+10,55,10,9.07,763.8,ocean_westerly,0.56,False,False,0.2,maritime,1,ocean,False,False,False,False,False,False,False,False,0.0,dry,none/ocean,0,none/ocean,0,fisheries,fisheries,0.8,modest,False
H+56+10,56,10,9.07,761.0,ocean_westerly,0.553,False,False,0.2,maritime,1,ocean,False,False,False,False,False,False,False,False,0.0,dry,none/ocean,0,none/ocean,0,fisheries,fisheries,0.8,modest,False
H+57+10,57,10,9.08,762.5,ocean_westerly,0.547,False,False,0.2,maritime,1,ocean,False,False,False,False,False,False,False,False,0.0,dry,none/ocean,0,none/ocean,0,fisheries,fisheries,0.8,modest,False
H+58+10,58,10,9.08,765.8,ocean_westerly,0.54,False,False,0.2,maritime,1,ocean,False,False,False,False,False,False,False,False,0.0,dry,none/ocean,0,none/ocean,0,fisheries,fisheries,0.8,modest,False
H+59+10,59,10,9.06,755.6,ocean_westerly,0.534,False,False,0.2,maritime,1,ocean,False,False,False,False,False,False,False,False,0.0,dry,none/ocean,0,none/ocean,0,fisheries,fisheries,0.8,modest,False
H+60+10,60,10,9.03,731.5,ocean_westerly,0.527,False,False,0.2,maritime,1,ocean,False,False,False,False,False,False,False,False,0.0,dry,none/ocean,0,none/ocean,0,fisheries,fisheries,0.8,modest,False
H+61+10,61,10,8.97,701.8,ocean_westerly,0.52,False,False,0.2,maritime,1,ocean,False,False,False,False,False,False,False,False,0.0,dry,none/ocean,0,none/ocean,0,fisheries,fisheries,0.8,modest,False
H+62+10,62,10,8.87,664.6,ocean_westerly,0.514,False,False,0.2,maritime,1,ocean,False,False,False,False,False,False,False,False,0.0,dry,none/ocean,0,none/ocean,0,fisheries,fisheries,0.8,modest,False
H+63+10,63,10,8.77,637.3,ocean_westerly,0.507,False,False,0.2,maritime,1,ocean,False,False,False,False,False,False,False,False,0.0,dry,none/ocean,0,none/ocean,0,fisheries,fisheries,0.8,modest,False
H+64+10,64,10,8.68,630.6,ocean_westerly,0.501,False,False,0.2,maritime,1,ocean,False,False,False,False,False,False,False,False,0.0,dry,none/ocean,0,none/ocean,0,fisheries,fisheries,0.8,modest,False
H+65+10,65,10,8.61,631.2,ocean_westerly,0.494,False,False,0.2,maritime,1,ocean,False,False,False,False,False,False,False,False,0.0,dry,none/ocean,0,none/ocean,0,fisheries,fisheries,0.8,modest,False
H+66+10,66,10,8.58,631.3,ocean_westerly,0.488,False,False,0.2,maritime,1,ocean,False,False,False,False,False,False,False,False,0.0,dry,none/ocean,0,none/ocean,0,fisheries,fisheries,0.8,modest,False
H+67+10,67,10,8.57,634.8,ocean_westerly,0.481,False,False,0.2,maritime,1,ocean,False,False,False,False,False,False,False,False,0.0,dry,none/ocean,0,none/ocean,0,fisheries,fisheries,0.8,modest,False
H+68+10,68,10,8.56,646.6,ocean_westerly,0.475,False,False,0.2,maritime,1,ocean,False,False,False,False,False,False,False,False,0.0,dry,none/ocean,0,none/ocean,0,fisheries,fisheries,0.8,modest,False
H+69+10,69,10,8.54,675.1,ocean_westerly,0.468,False,False,0.2,maritime,1,ocean,False,False,False,False,False,False,False,False,0.0,dry,none/ocean,0,none/ocean,0,fisheries,fisheries,0.8,modest,False
H+70+10,70,10,8.52,697.6,ocean_westerly,0.461,False,False,0.2,maritime,1,ocean,False,False,False,False,False,False,False,False,0.0,dry,none/ocean,0,none/ocean,0,fisheries,fisheries,0.8,modest,False
H+71+10,71,10,8.51,706.4,ocean_westerly,0.455,False,False,0.2,maritime,1,ocean,False,False,False,False,False,False,False,False,0.0,dry,none/ocean,0,none/ocean,0,fisheries,fisheries,0.8,modest,False
H+72+10,72,10,8.52,707.6,ocean_westerly,0.448,False,False,0.2,maritime,1,ocean,False,False,False,False,False,False,False,False,0.0,dry,none/ocean,0,none/ocean,0,fisheries,fisheries,0.8,modest,False
H+73+10,73,10,8.55,698.3,ocean_westerly,0.442,False,False,0.2,maritime,1,ocean,False,False,False,False,False,False,False,False,0.0,dry,none/ocean,0,none/ocean,0,fisheries,fisheries,0.8,modest,False
H+74+10,74,10,8.61,681.0,ocean_westerly,0.435,False,False,0.2,maritime,1,ocean,False,False,False,False,False,False,False,False,0.0,dry,none/ocean,0,none/ocean,0,fisheries,fisheries,0.8,modest,False
H+75+10,75,10,8.67,668.3,ocean_westerly,0.429,False,False,0.2,maritime,1,ocean,False,False,False,False,False,False,False,False,0.0,dry,none/ocean,0,none/ocean,0,fisheries,fisheries,0.8,modest,False
H+76+10,76,10,8.73,660.2,ocean_westerly,0.422,False,False,0.2,maritime,1,ocean,False,False,False,False,False,False,False,False,0.0,dry,none/ocean,0,none/ocean,0,fisheries,fisheries,0.8,modest,False
H+77+10,77,10,8.78,647.8,ocean_westerly,0.416,False,False,0.2,maritime,1,ocean,False,False,False,False,False,False,False,False,0.0,dry,none/ocean,0,none/ocean,0,fisheries,fisheries,0.8,modest,False
H+78+10,78,10,8.83,632.7,ocean_westerly,0.409,False,False,0.2,maritime,1,ocean,False,False,False,False,False,False,False,False,0.0,dry,none/ocean,0,none/ocean,0,fisheries,fisheries,0.8,modest,False
H+79+10,79,10,8.9,618.9,ocean_westerly,0.402,False,False,0.2,maritime,1,ocean,False,False,False,False,False,False,False,False,0.0,dry,none/ocean,0,none/ocean,0,fisheries,fisheries,0.8,modest,False
H+00+11,0,11,9.64,898.3,ocean_westerly,0.92,False,False,0.2,maritime,1,ocean,False,False,False,False,False,False,False,False,0.0,dry,none/ocean,0,none/ocean,0,fisheries,fisheries,0.8,modest,False
H+01+11,1,11,9.61,885.8,ocean_westerly,0.913,False,False,0.2,maritime,1,ocean,False,False,False,False,False,False,False,False,0.0,dry,none/ocean,0,none/ocean,0,fisheries,fisheries,0.8,modest,False
H+02+11,2,11,9.54,865.5,ocean_westerly,0.907,False,False,0.2,maritime,1,ocean,False,False,False,False,False,False,False,False,0.0,dry,none/ocean,0,none/ocean,0,fisheries,fisheries,0.8,modest,False
H+03+11,3,11,9.45,857.5,ocean_westerly,0.9,False,False,0.2,maritime,1,ocean,False,False,False,False,False,False,False,False,0.0,dry,none/ocean,0,none/ocean,0,fisheries,fisheries,0.8,modest,False
H+04+11,4,11,9.36,854.2,ocean_westerly,0.894,False,False,0.2,maritime,1,ocean,False,False,False,False,False,False,False,False,0.0,dry,none/ocean,0,none/ocean,0,fisheries,fisheries,0.8,modest,False
H+05+11,5,11,9.28,831.3,ocean_westerly,0.887,False,False,0.2,maritime,1,ocean,False,False,False,False,False,False,False,False,0.0,dry,none/ocean,0,none/ocean,0,fisheries,fisheries,0.8,modest,False
H+06+11,6,11,9.23,790.6,ocean_westerly,0.881,False,False,0.2,maritime,1,ocean,False,False,False,False,False,False,False,False,0.0,dry,none/ocean,0,none/ocean,0,fisheries,fisheries,0.8,modest,False
H+07+11,7,11,9.22,757.7,ocean_westerly,0.874,False,False,0.2,maritime,1,ocean,False,False,False,False,False,False,False,False,0.0,dry,none/ocean,0,none/ocean,0,fisheries,fisheries,0.8,modest,False
H+08+11,8,11,9.22,734.1,ocean_westerly,0.868,False,False,0.2,maritime,1,ocean,False,False,False,False,False,False,False,False,0.0,dry,none/ocean,0,none/ocean,0,fisheries,fisheries,0.8,modest,False
H+09+11,9,11,9.24,717.9,ocean_westerly,0.861,False,False,0.2,maritime,1,ocean,False,False,False,False,False,False,False,False,0.0,dry,none/ocean,0,none/ocean,0,fisheries,fisheries,0.8,modest,False
H+10+11,10,11,9.26,713.7,ocean_westerly,0.854,False,False,0.2,maritime,1,ocean,False,False,False,False,False,False,False,False,0.0,dry,none/ocean,0,none/ocean,0,fisheries,fisheries,0.8,modest,False
H+11+11,11,11,9.27,721.0,ocean_westerly,0.848,False,False,0.2,maritime,1,ocean,False,False,False,False,False,False,False,False,0.0,dry,none/ocean,0,none/ocean,0,fisheries,fisheries,0.8,modest,False
H+12+11,12,11,9.29,745.4,ocean_westerly,0.841,False,False,0.2,maritime,1,ocean,False,False,False,False,False,False,False,False,0.0,dry,none/ocean,0,none/ocean,0,fisheries,fisheries,0.8,modest,False
H+13+11,13,11,9.33,782.4,ocean_westerly,0.835,False,False,0.2,maritime,1,ocean,False,False,False,False,False,False,False,False,0.0,dry,none/ocean,0,none/ocean,0,fisheries,fisheries,0.8,modest,False
H+14+11,14,11,9.38,791.1,ocean_westerly,0.828,False,False,0.2,maritime,1,ocean,False,False,False,False,False,False,False,False,0.0,dry,none/ocean,0,none/ocean,0,fisheries,fisheries,0.8,modest,False
H+15+11,15,11,9.42,778.6,ocean_westerly,0.822,False,False,0.2,maritime,1,ocean,False,False,False,False,False,False,False,False,0.0,dry,none/ocean,0,none/ocean,0,fisheries,fisheries,0.8,modest,False
H+16+11,16,11,9.44,770.9,ocean_westerly,0.815,False,False,0.2,maritime,1,ocean,False,False,False,False,False,False,False,False,0.0,dry,none/ocean,0,none/ocean,0,fisheries,fisheries,0.8,modest,False
H+17+11,17,11,9.45,773.2,ocean_westerly,0.809,False,False,0.2,maritime,1,ocean,False,False,False,False,False,False,False,False,0.0,dry,none/ocean,0,none/ocean,0,fisheries,fisheries,0.8,modest,False
H+18+11,18,11,9.45,775.4,ocean_westerly,0.802,False,False,0.2,maritime,1,ocean,False,False,False,False,False,False,False,False,0.0,dry,none/ocean,0,none/ocean,0,fisheries,fisheries,0.8,modest,False
H+19+11,19,11,9.45,773.7,ocean_westerly,0.796,False,False,0.2,maritime,1,ocean,False,False,False,False,False,False,False,False,0.0,dry,none/ocean,0,none/ocean,0,fisheries,fisheries,0.8,modest,False
H+20+11,20,11,9.45,777.7,ocean_westerly,0.789,False,False,0.2,maritime,1,ocean,False,False,False,False,False,False,False,False,0.0,dry,none/ocean,0,none/ocean,0,fisheries,fisheries,0.8,modest,False
H+21+11,21,11,9.45,793.5,ocean_westerly,0.782,False,False,0.2,maritime,1,ocean,False,False,False,False,False,False,False,False,0.0,dry,none/ocean,0,none/ocean,0,fisheries,fisheries,0.8,modest,False
H+22+11,22,11,9.45,812.7,ocean_westerly,0.776,False,False,0.2,maritime,1,ocean,False,False,False,False,False,False,False,False,0.0,dry,none/ocean,0,none/ocean,0,fisheries,fisheries,0.8,modest,False
H+23+11,23,11,9.47,829.0,ocean_westerly,0.769,False,False,0.2,maritime,1,ocean,False,False,False,False,False,False,False,False,0.0,dry,none/ocean,0,none/ocean,0,fisheries,fisheries,0.8,modest,False
H+24+11,24,11,9.5,845.9,ocean_westerly,0.763,False,False,0.2,maritime,1,ocean,False,False,False,False,False,False,False,False,0.0,dry,none/ocean,0,none/ocean,0,fisheries,fisheries,0.8,modest,False
H+25+11,25,11,9.56,858.1,ocean_westerly,0.756,False,False,0.2,maritime,1,ocean,False,False,False,False,False,False,False,False,0.0,dry,none/ocean,0,none/ocean,0,fisheries,fisheries,0.8,modest,False
H+26+11,26,11,9.62,860.8,ocean_westerly,0.75,False,False,0.2,maritime,1,ocean,False,False,False,False,False,False,False,False,0.0,dry,none/ocean,0,none/ocean,0,fisheries,fisheries,0.8,modest,False
H+27+11,27,11,8.37,838.0,open_westerly,0.646,False,False,0.409,moderate,2,river,True,False,False,False,False,False,True,False,1.5,spring_line,loam,4,coastal scrub,10,fisheries,fisheries,0.0,none,False
H+28+11,28,11,7.09,964.0,open_westerly,0.658,False,False,0.405,moderate,2,river,True,False,False,False,False,False,True,False,1.5,spring_line,loam,4,floodplain farmable,9,fisheries,fisheries,3.0,rich,False
H+29+11,29,11,5.69,1162.5,open_westerly,0.681,False,False,0.412,moderate,0,none,False,False,False,False,False,False,True,False,4.87,shallow_well,loam,4,boreal forest,3,timber,timber,1.0,modest,False
H+30+11,30,11,4.12,1305.8,open_westerly,0.699,False,False,0.421,moderate,0,none,False,False,False,False,False,False,False,False,4.47,shallow_well,glacial till,2,boreal forest,3,timber,timber,1.0,modest,False
H+31+11,31,11,4.98,556.9,calm_interior,0.644,False,True,0.63,moderate,8,salt_pan,False,False,False,False,True,False,False,False,8.58,dry,saline playa,10,salt flat sparse,11,salt_pans,salt_pans|evaporite_host,0.3,poor,True
H+32+11,32,11,4.96,528.7,calm_interior,0.633,False,True,0.641,moderate,8,salt_pan,False,False,False,False,True,False,False,False,8.5,dry,saline playa,10,salt flat sparse,11,salt_pans,salt_pans|evaporite_host,0.3,poor,True
H+33+11,33,11,4.92,493.8,calm_interior,0.614,False,True,0.652,strong,8,salt_pan,False,False,False,False,True,False,False,False,8.59,dry,saline playa,10,salt flat sparse,11,salt_pans,salt_pans|evaporite_host,0.3,poor,True
H+34+11,34,11,4.85,481.1,calm_interior,0.598,False,True,0.664,strong,8,salt_pan,False,False,False,False,True,False,False,False,8.62,dry,saline playa,10,salt flat sparse,11,salt_pans,salt_pans|evaporite_host,0.3,poor,True
H+35+11,35,11,4.74,468.8,calm_interior,0.582,False,True,0.676,strong,8,salt_pan,False,False,False,False,True,False,False,False,8.68,dry,saline playa,10,salt flat sparse,11,salt_pans,salt_pans|evaporite_host,0.3,poor,True
H+36+11,36,11,4.61,452.7,calm_interior,0.566,False,True,0.689,strong,8,salt_pan,False,False,False,False,True,False,False,False,8.71,dry,saline playa,10,salt flat sparse,11,salt_pans,salt_pans|evaporite_host,0.3,poor,True
H+37+11,37,11,3.6,803.0,open_westerly,0.549,False,False,0.502,moderate,0,none,False,False,False,False,False,False,False,False,6.75,shallow_well,glacial till,2,boreal forest,3,timber,timber,1.0,modest,False
H+38+11,38,11,5.03,739.7,open_westerly,0.537,False,False,0.516,moderate,0,none,False,False,False,False,False,False,False,False,2.5,spring_line,glacial till,2,boreal forest,3,timber,timber,1.0,modest,False
H+39+11,39,11,6.32,756.6,open_westerly,0.545,False,False,0.53,moderate,0,none,False,False,False,False,False,False,False,False,2.5,spring_line,glacial till,2,temperate forest,4,timber,timber,1.5,good,False
H+40+11,40,11,8.96,851.1,ocean_westerly,0.658,False,False,0.2,maritime,1,ocean,False,False,False,False,False,False,False,False,0.0,dry,none/ocean,0,none/ocean,0,fisheries,fisheries,0.8,modest,False
H+41+11,41,11,8.91,841.9,ocean_westerly,0.651,False,False,0.2,maritime,1,ocean,False,False,False,False,False,False,False,False,0.0,dry,none/ocean,0,none/ocean,0,fisheries,fisheries,0.8,modest,False
H+42+11,42,11,8.87,854.3,ocean_westerly,0.645,False,False,0.2,maritime,1,ocean,False,False,False,False,False,False,False,False,0.0,dry,none/ocean,0,none/ocean,0,fisheries,fisheries,0.8,modest,False
H+43+11,43,11,8.85,853.5,ocean_westerly,0.638,False,False,0.2,maritime,1,ocean,False,False,False,False,False,False,False,False,0.0,dry,none/ocean,0,none/ocean,0,fisheries,fisheries,0.8,modest,False
H+44+11,44,11,8.84,834.4,ocean_westerly,0.632,False,False,0.2,maritime,1,ocean,False,False,False,False,False,False,False,False,0.0,dry,none/ocean,0,none/ocean,0,fisheries,fisheries,0.8,modest,False
H+45+11,45,11,8.87,820.5,ocean_westerly,0.625,False,False,0.2,maritime,1,ocean,False,False,False,False,False,False,False,False,0.0,dry,none/ocean,0,none/ocean,0,fisheries,fisheries,0.8,modest,False
H+46+11,46,11,8.94,822.5,ocean_westerly,0.619,False,False,0.2,maritime,1,ocean,False,False,False,False,False,False,False,False,0.0,dry,none/ocean,0,none/ocean,0,fisheries,fisheries,0.8,modest,False
H+47+11,47,11,9.03,826.6,ocean_westerly,0.612,False,False,0.2,maritime,1,ocean,False,False,False,False,False,False,False,False,0.0,dry,none/ocean,0,none/ocean,0,fisheries,fisheries,0.8,modest,False
H+48+11,48,11,9.13,825.6,ocean_westerly,0.606,False,False,0.2,maritime,1,ocean,False,False,False,False,False,False,False,False,0.0,dry,none/ocean,0,none/ocean,0,fisheries,fisheries,0.8,modest,False
H+49+11,49,11,9.22,825.9,ocean_westerly,0.599,False,False,0.2,maritime,1,ocean,False,False,False,False,False,False,False,False,0.0,dry,none/ocean,0,none/ocean,0,fisheries,fisheries,0.8,modest,False
H+50+11,50,11,9.28,817.2,ocean_westerly,0.592,False,False,0.2,maritime,1,ocean,False,False,False,False,False,False,False,False,0.0,dry,none/ocean,0,none/ocean,0,fisheries,fisheries,0.8,modest,False
H+51+11,51,11,9.31,793.2,ocean_westerly,0.586,False,False,0.2,maritime,1,ocean,False,False,False,False,False,False,False,False,0.0,dry,none/ocean,0,none/ocean,0,fisheries,fisheries,0.8,modest,False
H+52+11,52,11,9.33,776.2,ocean_westerly,0.579,False,False,0.2,maritime,1,ocean,False,False,False,False,False,False,False,False,0.0,dry,none/ocean,0,none/ocean,0,fisheries,fisheries,0.8,modest,False
H+53+11,53,11,9.33,777.5,ocean_westerly,0.573,False,False,0.2,maritime,1,ocean,False,False,False,False,False,False,False,False,0.0,dry,none/ocean,0,none/ocean,0,fisheries,fisheries,0.8,modest,False
H+54+11,54,11,9.33,781.3,ocean_westerly,0.566,False,False,0.2,maritime,1,ocean,False,False,False,False,False,False,False,False,0.0,dry,none/ocean,0,none/ocean,0,fisheries,fisheries,0.8,modest,False
H+55+11,55,11,9.32,765.8,ocean_westerly,0.56,False,False,0.2,maritime,1,ocean,False,False,False,False,False,False,False,False,0.0,dry,none/ocean,0,none/ocean,0,fisheries,fisheries,0.8,modest,False
H+56+11,56,11,9.33,745.7,ocean_westerly,0.553,False,False,0.2,maritime,1,ocean,False,False,False,False,False,False,False,False,0.0,dry,none/ocean,0,none/ocean,0,fisheries,fisheries,0.8,modest,False
H+57+11,57,11,9.34,748.5,ocean_westerly,0.547,False,False,0.2,maritime,1,ocean,False,False,False,False,False,False,False,False,0.0,dry,none/ocean,0,none/ocean,0,fisheries,fisheries,0.8,modest,False
H+58+11,58,11,9.35,757.4,ocean_westerly,0.54,False,False,0.2,maritime,1,ocean,False,False,False,False,False,False,False,False,0.0,dry,none/ocean,0,none/ocean,0,fisheries,fisheries,0.8,modest,False
H+59+11,59,11,9.34,748.8,ocean_westerly,0.534,False,False,0.2,maritime,1,ocean,False,False,False,False,False,False,False,False,0.0,dry,none/ocean,0,none/ocean,0,fisheries,fisheries,0.8,modest,False
H+60+11,60,11,9.32,727.8,ocean_westerly,0.527,False,False,0.2,maritime,1,ocean,False,False,False,False,False,False,False,False,0.0,dry,none/ocean,0,none/ocean,0,fisheries,fisheries,0.8,modest,False
H+61+11,61,11,9.25,703.7,ocean_westerly,0.52,False,False,0.2,maritime,1,ocean,False,False,False,False,False,False,False,False,0.0,dry,none/ocean,0,none/ocean,0,fisheries,fisheries,0.8,modest,False
H+62+11,62,11,9.16,673.1,ocean_westerly,0.514,False,False,0.2,maritime,1,ocean,False,False,False,False,False,False,False,False,0.0,dry,none/ocean,0,none/ocean,0,fisheries,fisheries,0.8,modest,False
H+63+11,63,11,9.05,648.9,ocean_westerly,0.507,False,False,0.2,maritime,1,ocean,False,False,False,False,False,False,False,False,0.0,dry,none/ocean,0,none/ocean,0,fisheries,fisheries,0.8,modest,False
H+64+11,64,11,8.95,640.7,ocean_westerly,0.501,False,False,0.2,maritime,1,ocean,False,False,False,False,False,False,False,False,0.0,dry,none/ocean,0,none/ocean,0,fisheries,fisheries,0.8,modest,False
H+65+11,65,11,8.87,639.6,ocean_westerly,0.494,False,False,0.2,maritime,1,ocean,False,False,False,False,False,False,False,False,0.0,dry,none/ocean,0,none/ocean,0,fisheries,fisheries,0.8,modest,False
H+66+11,66,11,8.84,640.4,ocean_westerly,0.488,False,False,0.2,maritime,1,ocean,False,False,False,False,False,False,False,False,0.0,dry,none/ocean,0,none/ocean,0,fisheries,fisheries,0.8,modest,False
H+67+11,67,11,8.83,644.8,ocean_westerly,0.481,False,False,0.2,maritime,1,ocean,False,False,False,False,False,False,False,False,0.0,dry,none/ocean,0,none/ocean,0,fisheries,fisheries,0.8,modest,False
H+68+11,68,11,8.81,654.8,ocean_westerly,0.475,False,False,0.2,maritime,1,ocean,False,False,False,False,False,False,False,False,0.0,dry,none/ocean,0,none/ocean,0,fisheries,fisheries,0.8,modest,False
H+69+11,69,11,8.79,680.8,ocean_westerly,0.468,False,False,0.2,maritime,1,ocean,False,False,False,False,False,False,False,False,0.0,dry,none/ocean,0,none/ocean,0,fisheries,fisheries,0.8,modest,False
H+70+11,70,11,8.76,698.0,ocean_westerly,0.461,False,False,0.2,maritime,1,ocean,False,False,False,False,False,False,False,False,0.0,dry,none/ocean,0,none/ocean,0,fisheries,fisheries,0.8,modest,False
H+71+11,71,11,8.75,693.6,ocean_westerly,0.455,False,False,0.2,maritime,1,ocean,False,False,False,False,False,False,False,False,0.0,dry,none/ocean,0,none/ocean,0,fisheries,fisheries,0.8,modest,False
H+72+11,72,11,8.76,686.6,ocean_westerly,0.448,False,False,0.2,maritime,1,ocean,False,False,False,False,False,False,False,False,0.0,dry,none/ocean,0,none/ocean,0,fisheries,fisheries,0.8,modest,False
H+73+11,73,11,8.8,683.0,ocean_westerly,0.442,False,False,0.2,maritime,1,ocean,False,False,False,False,False,False,False,False,0.0,dry,none/ocean,0,none/ocean,0,fisheries,fisheries,0.8,modest,False
H+74+11,74,11,8.87,673.1,ocean_westerly,0.435,False,False,0.2,maritime,1,ocean,False,False,False,False,False,False,False,False,0.0,dry,none/ocean,0,none/ocean,0,fisheries,fisheries,0.8,modest,False
H+75+11,75,11,8.95,659.9,ocean_westerly,0.429,False,False,0.2,maritime,1,ocean,False,False,False,False,False,False,False,False,0.0,dry,none/ocean,0,none/ocean,0,fisheries,fisheries,0.8,modest,False
H+76+11,76,11,9.02,650.4,ocean_westerly,0.422,False,False,0.2,maritime,1,ocean,False,False,False,False,False,False,False,False,0.0,dry,none/ocean,0,none/ocean,0,fisheries,fisheries,0.8,modest,False
H+77+11,77,11,9.08,638.6,ocean_westerly,0.416,False,False,0.2,maritime,1,ocean,False,False,False,False,False,False,False,False,0.0,dry,none/ocean,0,none/ocean,0,fisheries,fisheries,0.8,modest,False
H+78+11,78,11,9.13,630.1,ocean_westerly,0.409,False,False,0.2,maritime,1,ocean,False,False,False,False,False,False,False,False,0.0,dry,none/ocean,0,none/ocean,0,fisheries,fisheries,0.8,modest,False
H+79+11,79,11,9.19,623.4,ocean_westerly,0.402,False,False,0.2,maritime,1,ocean,False,False,False,False,False,False,False,False,0.0,dry,none/ocean,0,none/ocean,0,fisheries,fisheries,0.8,modest,False
H+00+12,0,12,9.97,887.4,ocean_westerly,0.92,False,False,0.2,maritime,1,ocean,False,False,False,False,False,False,False,False,0.0,dry,none/ocean,0,none/ocean,0,fisheries,fisheries,0.8,modest,False
H+01+12,1,12,9.95,873.2,ocean_westerly,0.913,False,False,0.2,maritime,1,ocean,False,False,False,False,False,False,False,False,0.0,dry,none/ocean,0,none/ocean,0,fisheries,fisheries,0.8,modest,False
H+02+12,2,12,9.89,850.3,ocean_westerly,0.907,False,False,0.2,maritime,1,ocean,False,False,False,False,False,False,False,False,0.0,dry,none/ocean,0,none/ocean,0,fisheries,fisheries,0.8,modest,False
H+03+12,3,12,9.8,842.1,ocean_westerly,0.9,False,False,0.2,maritime,1,ocean,False,False,False,False,False,False,False,False,0.0,dry,none/ocean,0,none/ocean,0,fisheries,fisheries,0.8,modest,False
H+04+12,4,12,9.71,841.7,ocean_westerly,0.894,False,False,0.2,maritime,1,ocean,False,False,False,False,False,False,False,False,0.0,dry,none/ocean,0,none/ocean,0,fisheries,fisheries,0.8,modest,False
H+05+12,5,12,9.64,824.7,ocean_westerly,0.887,False,False,0.2,maritime,1,ocean,False,False,False,False,False,False,False,False,0.0,dry,none/ocean,0,none/ocean,0,fisheries,fisheries,0.8,modest,False
H+06+12,6,12,9.59,795.6,ocean_westerly,0.881,False,False,0.2,maritime,1,ocean,False,False,False,False,False,False,False,False,0.0,dry,none/ocean,0,none/ocean,0,fisheries,fisheries,0.8,modest,False
H+07+12,7,12,9.57,771.7,ocean_westerly,0.874,False,False,0.2,maritime,1,ocean,False,False,False,False,False,False,False,False,0.0,dry,none/ocean,0,none/ocean,0,fisheries,fisheries,0.8,modest,False
H+08+12,8,12,9.57,750.7,ocean_westerly,0.868,False,False,0.2,maritime,1,ocean,False,False,False,False,False,False,False,False,0.0,dry,none/ocean,0,none/ocean,0,fisheries,fisheries,0.8,modest,False
H+09+12,9,12,9.58,734.7,ocean_westerly,0.861,False,False,0.2,maritime,1,ocean,False,False,False,False,False,False,False,False,0.0,dry,none/ocean,0,none/ocean,0,fisheries,fisheries,0.8,modest,False
H+10+12,10,12,9.59,728.5,ocean_westerly,0.854,False,False,0.2,maritime,1,ocean,False,False,False,False,False,False,False,False,0.0,dry,none/ocean,0,none/ocean,0,fisheries,fisheries,0.8,modest,False
H+11+12,11,12,9.6,731.6,ocean_westerly,0.848,False,False,0.2,maritime,1,ocean,False,False,False,False,False,False,False,False,0.0,dry,none/ocean,0,none/ocean,0,fisheries,fisheries,0.8,modest,False
H+12+12,12,12,9.62,750.7,ocean_westerly,0.841,False,False,0.2,maritime,1,ocean,False,False,False,False,False,False,False,False,0.0,dry,none/ocean,0,none/ocean,0,fisheries,fisheries,0.8,modest,False
H+13+12,13,12,9.65,780.7,ocean_westerly,0.835,False,False,0.2,maritime,1,ocean,False,False,False,False,False,False,False,False,0.0,dry,none/ocean,0,none/ocean,0,fisheries,fisheries,0.8,modest,False
H+14+12,14,12,9.68,785.2,ocean_westerly,0.828,False,False,0.2,maritime,1,ocean,False,False,False,False,False,False,False,False,0.0,dry,none/ocean,0,none/ocean,0,fisheries,fisheries,0.8,modest,False
H+15+12,15,12,9.71,771.0,ocean_westerly,0.822,False,False,0.2,maritime,1,ocean,False,False,False,False,False,False,False,False,0.0,dry,none/ocean,0,none/ocean,0,fisheries,fisheries,0.8,modest,False
H+16+12,16,12,9.73,764.8,ocean_westerly,0.815,False,False,0.2,maritime,1,ocean,False,False,False,False,False,False,False,False,0.0,dry,none/ocean,0,none/ocean,0,fisheries,fisheries,0.8,modest,False
H+17+12,17,12,9.73,769.1,ocean_westerly,0.809,False,False,0.2,maritime,1,ocean,False,False,False,False,False,False,False,False,0.0,dry,none/ocean,0,none/ocean,0,fisheries,fisheries,0.8,modest,False
H+18+12,18,12,9.72,771.9,ocean_westerly,0.802,False,False,0.2,maritime,1,ocean,False,False,False,False,False,False,False,False,0.0,dry,none/ocean,0,none/ocean,0,fisheries,fisheries,0.8,modest,False
H+19+12,19,12,9.71,773.5,ocean_westerly,0.796,False,False,0.2,maritime,1,ocean,False,False,False,False,False,False,False,False,0.0,dry,none/ocean,0,none/ocean,0,fisheries,fisheries,0.8,modest,False
H+20+12,20,12,9.7,782.2,ocean_westerly,0.789,False,False,0.2,maritime,1,ocean,False,False,False,False,False,False,False,False,0.0,dry,none/ocean,0,none/ocean,0,fisheries,fisheries,0.8,modest,False
H+21+12,21,12,9.7,800.1,ocean_westerly,0.782,False,False,0.2,maritime,1,ocean,False,False,False,False,False,False,False,False,0.0,dry,none/ocean,0,none/ocean,0,fisheries,fisheries,0.8,modest,False
H+22+12,22,12,9.7,822.1,ocean_westerly,0.776,False,False,0.2,maritime,1,ocean,False,False,False,False,False,False,False,False,0.0,dry,none/ocean,0,none/ocean,0,fisheries,fisheries,0.8,modest,False
H+23+12,23,12,9.71,838.3,ocean_westerly,0.769,False,False,0.2,maritime,1,ocean,False,False,False,False,False,False,False,False,0.0,dry,none/ocean,0,none/ocean,0,fisheries,fisheries,0.8,modest,False
H+24+12,24,12,9.75,847.5,ocean_westerly,0.763,False,False,0.2,maritime,1,ocean,False,False,False,False,False,False,False,False,0.0,dry,none/ocean,0,none/ocean,0,fisheries,fisheries,0.8,modest,False
H+25+12,25,12,9.79,854.1,ocean_westerly,0.756,False,False,0.2,maritime,1,ocean,False,False,False,False,False,False,False,False,0.0,dry,none/ocean,0,none/ocean,0,fisheries,fisheries,0.8,modest,False
H+26+12,26,12,8.92,829.0,open_westerly,0.652,False,False,0.414,moderate,0,none,False,False,False,False,False,False,True,False,2.5,spring_line,loam,4,coastal scrub,10,,,0.0,none,False
H+27+12,27,12,7.81,866.2,open_westerly,0.651,False,False,0.403,moderate,0,none,False,False,False,False,False,False,True,False,2.5,spring_line,loam,4,floodplain farmable,9,,,3.0,rich,False
H+28+12,28,12,6.55,1070.9,open_westerly,0.677,False,False,0.399,moderate,0,none,False,False,False,False,False,False,False,False,5.16,shallow_well,glacial till,2,temperate forest,4,timber,timber,1.5,good,False
H+29+12,29,12,5.08,1264.4,open_westerly,0.701,False,False,0.407,moderate,0,none,False,False,False,False,False,False,False,False,4.59,shallow_well,glacial till,2,boreal forest,3,timber,timber,1.0,modest,False
H+30+12,30,12,5.25,595.1,calm_interior,0.666,False,False,0.415,moderate,8,salt_pan,False,False,False,False,True,False,False,False,8.61,dry,saline playa,10,salt flat sparse,11,salt_pans,salt_pans|evaporite_host,0.3,poor,True
H+31+12,31,12,5.25,551.7,calm_interior,0.651,False,True,0.625,moderate,8,salt_pan,False,False,False,False,True,False,False,False,8.52,dry,saline playa,10,salt flat sparse,11,salt_pans,salt_pans|evaporite_host,0.3,poor,True
H+32+12,32,12,5.23,511.1,calm_interior,0.633,False,True,0.635,moderate,8,salt_pan,False,False,False,False,True,False,False,False,8.5,dry,saline playa,10,salt flat sparse,11,salt_pans,salt_pans|evaporite_host,0.3,poor,True
H+33+12,33,12,5.2,478.3,calm_interior,0.614,False,True,0.646,moderate,8,salt_pan,False,False,False,False,True,False,False,False,8.53,dry,saline playa,10,salt flat sparse,11,salt_pans,salt_pans|evaporite_host,0.3,poor,True
H+34+12,34,12,5.13,467.2,calm_interior,0.598,False,True,0.658,strong,8,salt_pan,False,False,False,False,True,False,False,False,8.5,dry,saline playa,10,salt flat sparse,11,salt_pans,salt_pans|evaporite_host,0.3,poor,True
H+35+12,35,12,5.03,456.5,calm_interior,0.582,False,True,0.67,strong,8,salt_pan,False,False,False,False,True,False,False,False,8.54,dry,saline playa,10,salt flat sparse,11,salt_pans,salt_pans|evaporite_host,0.3,poor,True
H+36+12,36,12,4.9,441.4,calm_interior,0.566,False,True,0.683,strong,8,salt_pan,False,False,False,False,True,False,False,False,8.61,dry,saline playa,10,salt flat sparse,11,salt_pans,salt_pans|evaporite_host,0.3,poor,True
H+37+12,37,12,3.15,818.9,open_westerly,0.552,True,False,0.697,strong,0,none,False,False,False,False,False,False,False,False,7.02,shallow_well,glacial till,2,boreal forest,3,timber,timber,1.0,modest,False
H+38+12,38,12,4.49,678.2,open_westerly,0.521,False,False,0.51,moderate,0,none,False,False,False,False,False,False,False,False,2.5,spring_line,glacial till,2,boreal forest,3,timber,timber,1.0,modest,False
H+39+12,39,12,5.75,728.0,open_westerly,0.539,False,False,0.524,moderate,0,none,False,False,False,False,False,False,False,False,2.5,spring_line,glacial till,2,boreal forest,3,timber,timber,1.0,modest,False
H+40+12,40,12,7.85,747.0,open_westerly,0.547,False,False,0.538,moderate,0,none,False,False,False,False,False,False,False,False,2.5,spring_line,glacial till,2,coastal scrub,10,,volcanic_host,0.0,none,False
H+41+12,41,12,9.19,836.8,ocean_westerly,0.651,False,False,0.2,maritime,1,ocean,False,False,False,False,False,False,False,False,0.0,dry,none/ocean,0,none/ocean,0,fisheries,fisheries,0.8,modest,False
H+42+12,42,12,9.15,854.0,ocean_westerly,0.645,False,False,0.2,maritime,1,ocean,False,False,False,False,False,False,False,False,0.0,dry,none/ocean,0,none/ocean,0,fisheries,fisheries,0.8,modest,False
H+43+12,43,12,9.13,859.8,ocean_westerly,0.638,False,False,0.2,maritime,1,ocean,False,False,False,False,False,False,False,False,0.0,dry,none/ocean,0,none/ocean,0,fisheries,fisheries,0.8,modest,False
H+44+12,44,12,9.12,848.7,ocean_westerly,0.632,False,False,0.2,maritime,1,ocean,False,False,False,False,False,False,False,False,0.0,dry,none/ocean,0,none/ocean,0,fisheries,fisheries,0.8,modest,False
H+45+12,45,12,9.14,838.8,ocean_westerly,0.625,False,False,0.2,maritime,1,ocean,False,False,False,False,False,False,False,False,0.0,dry,none/ocean,0,none/ocean,0,fisheries,fisheries,0.8,modest,False
H+46+12,46,12,9.2,835.6,ocean_westerly,0.619,False,False,0.2,maritime,1,ocean,False,False,False,False,False,False,False,False,0.0,dry,none/ocean,0,none/ocean,0,fisheries,fisheries,0.8,modest,False
H+47+12,47,12,9.28,830.7,ocean_westerly,0.612,False,False,0.2,maritime,1,ocean,False,False,False,False,False,False,False,False,0.0,dry,none/ocean,0,none/ocean,0,fisheries,fisheries,0.8,modest,False
H+48+12,48,12,9.37,823.7,ocean_westerly,0.606,False,False,0.2,maritime,1,ocean,False,False,False,False,False,False,False,False,0.0,dry,none/ocean,0,none/ocean,0,fisheries,fisheries,0.8,modest,False
H+49+12,49,12,9.45,820.0,ocean_westerly,0.599,False,False,0.2,maritime,1,ocean,False,False,False,False,False,False,False,False,0.0,dry,none/ocean,0,none/ocean,0,fisheries,fisheries,0.8,modest,False
H+50+12,50,12,9.51,810.7,ocean_westerly,0.592,False,False,0.2,maritime,1,ocean,False,False,False,False,False,False,False,False,0.0,dry,none/ocean,0,none/ocean,0,fisheries,fisheries,0.8,modest,False
H+51+12,51,12,9.55,788.4,ocean_westerly,0.586,False,False,0.2,maritime,1,ocean,False,False,False,False,False,False,False,False,0.0,dry,none/ocean,0,none/ocean,0,fisheries,fisheries,0.8,modest,False
H+52+12,52,12,9.57,771.9,ocean_westerly,0.579,False,False,0.2,maritime,1,ocean,False,False,False,False,False,False,False,False,0.0,dry,none/ocean,0,none/ocean,0,fisheries,fisheries,0.8,modest,False
H+53+12,53,12,9.59,772.3,ocean_westerly,0.573,False,False,0.2,maritime,1,ocean,False,False,False,False,False,False,False,False,0.0,dry,none/ocean,0,none/ocean,0,fisheries,fisheries,0.8,modest,False
H+54+12,54,12,9.59,775.5,ocean_westerly,0.566,False,False,0.2,maritime,1,ocean,False,False,False,False,False,False,False,False,0.0,dry,none/ocean,0,none/ocean,0,fisheries,fisheries,0.8,modest,False
H+55+12,55,12,9.59,762.0,ocean_westerly,0.56,False,False,0.2,maritime,1,ocean,False,False,False,False,False,False,False,False,0.0,dry,none/ocean,0,none/ocean,0,fisheries,fisheries,0.8,modest,False
H+56+12,56,12,9.59,744.7,ocean_westerly,0.553,False,False,0.2,maritime,1,ocean,False,False,False,False,False,False,False,False,0.0,dry,none/ocean,0,none/ocean,0,fisheries,fisheries,0.8,modest,False
H+57+12,57,12,9.59,747.0,ocean_westerly,0.547,False,False,0.2,maritime,1,ocean,False,False,False,False,False,False,False,False,0.0,dry,none/ocean,0,none/ocean,0,fisheries,fisheries,0.8,modest,False
H+58+12,58,12,9.59,754.2,ocean_westerly,0.54,False,False,0.2,maritime,1,ocean,False,False,False,False,False,False,False,False,0.0,dry,none/ocean,0,none/ocean,0,fisheries,fisheries,0.8,modest,False
H+59+12,59,12,9.58,745.4,ocean_westerly,0.534,False,False,0.2,maritime,1,ocean,False,False,False,False,False,False,False,False,0.0,dry,none/ocean,0,none/ocean,0,fisheries,fisheries,0.8,modest,False
H+60+12,60,12,9.55,726.1,ocean_westerly,0.527,False,False,0.2,maritime,1,ocean,False,False,False,False,False,False,False,False,0.0,dry,none/ocean,0,none/ocean,0,fisheries,fisheries,0.8,modest,False
H+61+12,61,12,9.49,707.6,ocean_westerly,0.52,False,False,0.2,maritime,1,ocean,False,False,False,False,False,False,False,False,0.0,dry,none/ocean,0,none/ocean,0,fisheries,fisheries,0.8,modest,False
H+62+12,62,12,9.4,687.5,ocean_westerly,0.514,False,False,0.2,maritime,1,ocean,False,False,False,False,False,False,False,False,0.0,dry,none/ocean,0,none/ocean,0,fisheries,fisheries,0.8,modest,False
H+63+12,63,12,9.3,669.0,ocean_westerly,0.507,False,False,0.2,maritime,1,ocean,False,False,False,False,False,False,False,False,0.0,dry,none/ocean,0,none/ocean,0,fisheries,fisheries,0.8,modest,False
H+64+12,64,12,9.21,662.2,ocean_westerly,0.501,False,False,0.2,maritime,1,ocean,False,False,False,False,False,False,False,False,0.0,dry,none/ocean,0,none/ocean,0,fisheries,fisheries,0.8,modest,False
H+65+12,65,12,9.15,662.9,ocean_westerly,0.494,False,False,0.2,maritime,1,ocean,False,False,False,False,False,False,False,False,0.0,dry,none/ocean,0,none/ocean,0,fisheries,fisheries,0.8,modest,False
H+66+12,66,12,9.12,661.8,ocean_westerly,0.488,False,False,0.2,maritime,1,ocean,False,False,False,False,False,False,False,False,0.0,dry,none/ocean,0,none/ocean,0,fisheries,fisheries,0.8,modest,False
H+67+12,67,12,9.11,661.4,ocean_westerly,0.481,False,False,0.2,maritime,1,ocean,False,False,False,False,False,False,False,False,0.0,dry,none/ocean,0,none/ocean,0,fisheries,fisheries,0.8,modest,False
H+68+12,68,12,9.09,665.9,ocean_westerly,0.475,False,False,0.2,maritime,1,ocean,False,False,False,False,False,False,False,False,0.0,dry,none/ocean,0,none/ocean,0,fisheries,fisheries,0.8,modest,False
H+69+12,69,12,9.07,681.1,ocean_westerly,0.468,False,False,0.2,maritime,1,ocean,False,False,False,False,False,False,False,False,0.0,dry,none/ocean,0,none/ocean,0,fisheries,fisheries,0.8,modest,False
H+70+12,70,12,9.05,689.3,ocean_westerly,0.461,False,False,0.2,maritime,1,ocean,False,False,False,False,False,False,False,False,0.0,dry,none/ocean,0,none/ocean,0,fisheries,fisheries,0.8,modest,False
H+71+12,71,12,9.04,680.5,ocean_westerly,0.455,False,False,0.2,maritime,1,ocean,False,False,False,False,False,False,False,False,0.0,dry,none/ocean,0,none/ocean,0,fisheries,fisheries,0.8,modest,False
H+72+12,72,12,9.06,672.1,ocean_westerly,0.448,False,False,0.2,maritime,1,ocean,False,False,False,False,False,False,False,False,0.0,dry,none/ocean,0,none/ocean,0,fisheries,fisheries,0.8,modest,False
H+73+12,73,12,9.1,670.5,ocean_westerly,0.442,False,False,0.2,maritime,1,ocean,False,False,False,False,False,False,False,False,0.0,dry,none/ocean,0,none/ocean,0,fisheries,fisheries,0.8,modest,False
H+74+12,74,12,9.17,662.9,ocean_westerly,0.435,False,False,0.2,maritime,1,ocean,False,False,False,False,False,False,False,False,0.0,dry,none/ocean,0,none/ocean,0,fisheries,fisheries,0.8,modest,False
H+75+12,75,12,9.25,646.6,ocean_westerly,0.429,False,False,0.2,maritime,1,ocean,False,False,False,False,False,False,False,False,0.0,dry,none/ocean,0,none/ocean,0,fisheries,fisheries,0.8,modest,False
H+76+12,76,12,9.32,630.0,ocean_westerly,0.422,False,False,0.2,maritime,1,ocean,False,False,False,False,False,False,False,False,0.0,dry,none/ocean,0,none/ocean,0,fisheries,fisheries,0.8,modest,False
H+77+12,77,12,9.38,617.4,ocean_westerly,0.416,False,False,0.2,maritime,1,ocean,False,False,False,False,False,False,False,False,0.0,dry,none/ocean,0,none/ocean,0,fisheries,fisheries,0.8,modest,False
H+78+12,78,12,9.44,615.6,ocean_westerly,0.409,False,False,0.2,maritime,1,ocean,False,False,False,False,False,False,False,False,0.0,dry,none/ocean,0,none/ocean,0,fisheries,fisheries,0.8,modest,False
H+79+12,79,12,9.51,617.1,ocean_westerly,0.402,False,False,0.2,maritime,1,ocean,False,False,False,False,False,False,False,False,0.0,dry,none/ocean,0,none/ocean,0,fisheries,fisheries,0.8,modest,False
H+00+13,0,13,10.27,877.7,ocean_westerly,0.92,False,False,0.2,maritime,1,ocean,False,False,False,False,False,False,False,False,0.0,dry,none/ocean,0,none/ocean,0,fisheries,fisheries,0.8,modest,False
H+01+13,1,13,10.25,862.0,ocean_westerly,0.913,False,False,0.2,maritime,1,ocean,False,False,False,False,False,False,False,False,0.0,dry,none/ocean,0,none/ocean,0,fisheries,fisheries,0.8,modest,False
H+02+13,2,13,10.21,837.5,ocean_westerly,0.907,False,False,0.2,maritime,1,ocean,False,False,False,False,False,False,False,False,0.0,dry,none/ocean,0,none/ocean,0,fisheries,fisheries,0.8,modest,False
H+03+13,3,13,10.14,831.4,ocean_westerly,0.9,False,False,0.2,maritime,1,ocean,False,False,False,False,False,False,False,False,0.0,dry,none/ocean,0,none/ocean,0,fisheries,fisheries,0.8,modest,False
H+04+13,4,13,10.07,836.3,ocean_westerly,0.894,False,False,0.2,maritime,1,ocean,False,False,False,False,False,False,False,False,0.0,dry,none/ocean,0,none/ocean,0,fisheries,fisheries,0.8,modest,False
H+05+13,5,13,10.01,827.6,ocean_westerly,0.887,False,False,0.2,maritime,1,ocean,False,False,False,False,False,False,False,False,0.0,dry,none/ocean,0,none/ocean,0,fisheries,fisheries,0.8,modest,False
H+06+13,6,13,9.96,816.5,ocean_westerly,0.881,False,False,0.2,maritime,1,ocean,False,False,False,False,False,False,False,False,0.0,dry,none/ocean,0,none/ocean,0,fisheries,fisheries,0.8,modest,False
H+07+13,7,13,9.91,730.6,open_westerly,0.76,False,False,0.6,moderate,0,none,False,False,False,False,False,False,False,False,2.5,shallow_well,sandy coastal,6,coastal scrub,10,,clay,0.0,none,False
H+08+13,8,13,9.93,710.9,open_westerly,0.754,False,False,0.592,moderate,0,none,False,False,False,False,False,False,False,False,2.5,shallow_well,sandy coastal,6,coastal scrub,10,,clay,0.0,none,False
H+09+13,9,13,9.94,763.6,ocean_westerly,0.861,False,False,0.2,maritime,1,ocean,False,False,False,False,False,False,False,False,0.0,dry,none/ocean,0,none/ocean,0,fisheries,fisheries,0.8,modest,False
H+10+13,10,13,9.95,754.3,ocean_westerly,0.854,False,False,0.2,maritime,1,ocean,False,False,False,False,False,False,False,False,0.0,dry,none/ocean,0,none/ocean,0,fisheries,fisheries,0.8,modest,False
H+11+13,11,13,9.96,751.8,ocean_westerly,0.848,False,False,0.2,maritime,1,ocean,False,False,False,False,False,False,False,False,0.0,dry,none/ocean,0,none/ocean,0,fisheries,fisheries,0.8,modest,False
H+12+13,12,13,9.96,762.3,ocean_westerly,0.841,False,False,0.2,maritime,1,ocean,False,False,False,False,False,False,False,False,0.0,dry,none/ocean,0,none/ocean,0,fisheries,fisheries,0.8,modest,False
H+13+13,13,13,9.98,778.4,ocean_westerly,0.835,False,False,0.2,maritime,1,ocean,False,False,False,False,False,False,False,False,0.0,dry,none/ocean,0,none/ocean,0,fisheries,fisheries,0.8,modest,False
H+14+13,14,13,10.0,776.6,ocean_westerly,0.828,False,False,0.2,maritime,1,ocean,False,False,False,False,False,False,False,False,0.0,dry,none/ocean,0,none/ocean,0,fisheries,fisheries,0.8,modest,False
H+15+13,15,13,10.01,758.8,ocean_westerly,0.822,False,False,0.2,maritime,1,ocean,False,False,False,False,False,False,False,False,0.0,dry,none/ocean,0,none/ocean,0,fisheries,fisheries,0.8,modest,False
H+16+13,16,13,10.02,751.7,ocean_westerly,0.815,False,False,0.2,maritime,1,ocean,False,False,False,False,False,False,False,False,0.0,dry,none/ocean,0,none/ocean,0,fisheries,fisheries,0.8,modest,False
H+17+13,17,13,10.01,752.7,ocean_westerly,0.809,False,False,0.2,maritime,1,ocean,False,False,False,False,False,False,False,False,0.0,dry,none/ocean,0,none/ocean,0,fisheries,fisheries,0.8,modest,False
H+18+13,18,13,9.99,752.9,ocean_westerly,0.802,False,False,0.2,maritime,1,ocean,False,False,False,False,False,False,False,False,0.0,dry,none/ocean,0,none/ocean,0,fisheries,fisheries,0.8,modest,False
H+19+13,19,13,9.96,763.2,ocean_westerly,0.796,False,False,0.2,maritime,1,ocean,False,False,False,False,False,False,False,False,0.0,dry,none/ocean,0,none/ocean,0,fisheries,fisheries,0.8,modest,False
H+20+13,20,13,9.94,783.7,ocean_westerly,0.789,False,False,0.2,maritime,1,ocean,False,False,False,False,False,False,False,False,0.0,dry,none/ocean,0,none/ocean,0,fisheries,fisheries,0.8,modest,False
H+21+13,21,13,9.92,804.6,ocean_westerly,0.782,False,False,0.2,maritime,1,ocean,False,False,False,False,False,False,False,False,0.0,dry,none/ocean,0,none/ocean,0,fisheries,fisheries,0.8,modest,False
H+22+13,22,13,9.91,830.1,ocean_westerly,0.776,False,False,0.2,maritime,1,ocean,False,False,False,False,False,False,False,False,0.0,dry,none/ocean,0,none/ocean,0,fisheries,fisheries,0.8,modest,False
H+23+13,23,13,9.92,845.3,ocean_westerly,0.769,False,False,0.2,maritime,1,ocean,False,False,False,False,False,False,False,False,0.0,dry,none/ocean,0,none/ocean,0,fisheries,fisheries,0.8,modest,False
H+24+13,24,13,9.95,840.1,ocean_westerly,0.763,False,False,0.2,maritime,1,ocean,False,False,False,False,False,False,False,False,0.0,dry,none/ocean,0,none/ocean,0,fisheries,fisheries,0.8,modest,False
H+25+13,25,13,9.99,839.8,ocean_westerly,0.756,False,False,0.2,maritime,1,ocean,False,False,False,False,False,False,False,False,0.0,dry,none/ocean,0,none/ocean,0,fisheries,fisheries,0.8,modest,False
H+26+13,26,13,8.36,821.4,open_westerly,0.652,False,False,0.409,moderate,0,none,False,False,False,False,False,False,True,False,2.5,spring_line,loam,4,floodplain farmable,9,,,3.0,rich,False
H+27+13,27,13,7.18,994.1,open_westerly,0.673,False,False,0.398,moderate,0,none,False,False,False,False,False,False,False,False,2.5,spring_line,glacial till,2,temperate forest,4,timber,timber,1.5,good,False
H+28+13,28,13,5.89,1188.6,open_westerly,0.698,False,False,0.393,moderate,0,none,False,False,False,False,False,False,False,False,4.72,shallow_well,glacial till,2,boreal forest,3,timber,timber,1.0,modest,False
H+29+13,29,13,4.48,1344.5,open_westerly,0.718,False,False,0.401,moderate,0,none,False,False,False,False,False,False,False,False,4.38,shallow_well,glacial till,2,boreal forest,3,timber,timber,1.0,modest,False
H+30+13,30,13,5.49,567.0,calm_interior,0.66,False,True,0.61,moderate,8,salt_pan,False,False,False,False,True,False,False,False,8.67,dry,saline playa,10,salt flat sparse,11,salt_pans,salt_pans|evaporite_host,0.3,poor,True
H+31+13,31,13,5.51,531.8,calm_interior,0.651,False,True,0.619,moderate,8,salt_pan,False,False,False,False,True,False,False,False,8.52,dry,saline playa,10,salt flat sparse,11,salt_pans,salt_pans|evaporite_host,0.3,poor,True
H+32+13,32,13,5.51,490.7,calm_interior,0.633,False,True,0.629,moderate,8,salt_pan,False,False,False,False,True,False,False,False,8.49,dry,saline playa,10,salt flat sparse,11,salt_pans,salt_pans|evaporite_host,0.3,poor,True
H+33+13,33,13,5.49,460.2,calm_interior,0.614,False,True,0.64,moderate,8,salt_pan,False,False,False,False,True,False,False,False,8.46,dry,saline playa,10,salt flat sparse,11,salt_pans,salt_pans|evaporite_host,0.3,poor,True
H+34+13,34,13,5.43,450.3,calm_interior,0.598,False,True,0.652,strong,8,salt_pan,False,False,False,False,True,False,False,False,8.37,dry,saline playa,10,salt flat sparse,11,salt_pans,salt_pans|evaporite_host,0.3,poor,True
H+35+13,35,13,5.33,441.5,calm_interior,0.582,False,True,0.665,strong,8,salt_pan,False,False,False,False,True,False,False,False,8.38,dry,saline playa,10,salt flat sparse,11,salt_pans,salt_pans|evaporite_host,0.3,poor,True
H+36+13,36,13,5.22,427.9,calm_interior,0.566,False,True,0.678,strong,8,salt_pan,False,False,False,False,True,False,False,False,8.51,dry,saline playa,10,salt flat sparse,11,salt_pans,salt_pans|evaporite_host,0.3,poor,True
H+37+13,37,13,5.1,408.3,calm_interior,0.55,False,True,0.691,strong,8,salt_pan,False,False,False,False,True,False,False,False,8.75,dry,saline playa,10,salt flat sparse,11,salt_pans,salt_pans|evaporite_host,0.3,poor,True
H+38+13,38,13,4.82,705.2,open_westerly,0.534,False,False,0.504,moderate,0,none,False,False,False,False,False,False,False,False,2.5,shallow_well,glacial till,2,boreal forest,3,timber,timber,1.0,modest,False
H+39+13,39,13,5.24,679.8,open_westerly,0.524,False,False,0.518,moderate,0,none,False,False,False,False,False,False,False,False,2.5,spring_line,glacial till,2,grassland/pasture,5,pasture,pasture,2.0,good,False
H+40+13,40,13,7.36,738.1,open_westerly,0.545,False,False,0.532,moderate,0,none,False,False,False,False,False,False,False,False,2.5,spring_line,glacial till,2,temperate forest,4,timber,timber,1.5,good,False
H+41+13,41,13,8.49,739.1,open_westerly,0.54,False,False,0.546,moderate,0,none,False,False,False,False,False,False,False,False,2.5,spring_line,glacial till,2,coastal scrub,10,,,0.0,none,False
H+42+13,42,13,9.46,855.3,ocean_westerly,0.645,False,False,0.2,maritime,1,ocean,False,False,False,False,False,False,False,False,0.0,dry,none/ocean,0,none/ocean,0,fisheries,fisheries,0.8,modest,False
H+43+13,43,13,9.43,865.4,ocean_westerly,0.638,False,False,0.2,maritime,1,ocean,False,False,False,False,False,False,False,False,0.0,dry,none/ocean,0,none/ocean,0,fisheries,fisheries,0.8,modest,False
H+44+13,44,13,9.42,865.3,ocean_westerly,0.632,False,False,0.2,maritime,1,ocean,False,False,False,False,False,False,False,False,0.0,dry,none/ocean,0,none/ocean,0,fisheries,fisheries,0.8,modest,False
H+45+13,45,13,9.43,861.7,ocean_westerly,0.625,False,False,0.2,maritime,1,ocean,False,False,False,False,False,False,False,False,0.0,dry,none/ocean,0,none/ocean,0,fisheries,fisheries,0.8,modest,False
H+46+13,46,13,9.47,849.6,ocean_westerly,0.619,False,False,0.2,maritime,1,ocean,False,False,False,False,False,False,False,False,0.0,dry,none/ocean,0,none/ocean,0,fisheries,fisheries,0.8,modest,False
H+47+13,47,13,9.52,831.3,ocean_westerly,0.612,False,False,0.2,maritime,1,ocean,False,False,False,False,False,False,False,False,0.0,dry,none/ocean,0,none/ocean,0,fisheries,fisheries,0.8,modest,False
H+48+13,48,13,9.58,820.3,ocean_westerly,0.606,False,False,0.2,maritime,1,ocean,False,False,False,False,False,False,False,False,0.0,dry,none/ocean,0,none/ocean,0,fisheries,fisheries,0.8,modest,False
H+49+13,49,13,9.64,815.4,ocean_westerly,0.599,False,False,0.2,maritime,1,ocean,False,False,False,False,False,False,False,False,0.0,dry,none/ocean,0,none/ocean,0,fisheries,fisheries,0.8,modest,False
H+50+13,50,13,9.69,806.5,ocean_westerly,0.592,False,False,0.2,maritime,1,ocean,False,False,False,False,False,False,False,False,0.0,dry,none/ocean,0,none/ocean,0,fisheries,fisheries,0.8,modest,False
H+51+13,51,13,9.74,788.3,ocean_westerly,0.586,False,False,0.2,maritime,1,ocean,False,False,False,False,False,False,False,False,0.0,dry,none/ocean,0,none/ocean,0,fisheries,fisheries,0.8,modest,False
H+52+13,52,13,9.78,773.1,ocean_westerly,0.579,False,False,0.2,maritime,1,ocean,False,False,False,False,False,False,False,False,0.0,dry,none/ocean,0,none/ocean,0,fisheries,fisheries,0.8,modest,False
H+53+13,53,13,9.82,770.3,ocean_westerly,0.573,False,False,0.2,maritime,1,ocean,False,False,False,False,False,False,False,False,0.0,dry,none/ocean,0,none/ocean,0,fisheries,fisheries,0.8,modest,False
H+54+13,54,13,9.84,771.3,ocean_westerly,0.566,False,False,0.2,maritime,1,ocean,False,False,False,False,False,False,False,False,0.0,dry,none/ocean,0,none/ocean,0,fisheries,fisheries,0.8,modest,False
H+55+13,55,13,9.84,764.8,ocean_westerly,0.56,False,False,0.2,maritime,1,ocean,False,False,False,False,False,False,False,False,0.0,dry,none/ocean,0,none/ocean,0,fisheries,fisheries,0.8,modest,False
H+56+13,56,13,9.84,756.5,ocean_westerly,0.553,False,False,0.2,maritime,1,ocean,False,False,False,False,False,False,False,False,0.0,dry,none/ocean,0,none/ocean,0,fisheries,fisheries,0.8,modest,False
H+57+13,57,13,9.83,757.4,ocean_westerly,0.547,False,False,0.2,maritime,1,ocean,False,False,False,False,False,False,False,False,0.0,dry,none/ocean,0,none/ocean,0,fisheries,fisheries,0.8,modest,False
H+58+13,58,13,9.81,759.7,ocean_westerly,0.54,False,False,0.2,maritime,1,ocean,False,False,False,False,False,False,False,False,0.0,dry,none/ocean,0,none/ocean,0,fisheries,fisheries,0.8,modest,False
H+59+13,59,13,9.78,749.0,ocean_westerly,0.534,False,False,0.2,maritime,1,ocean,False,False,False,False,False,False,False,False,0.0,dry,none/ocean,0,none/ocean,0,fisheries,fisheries,0.8,modest,False
H+60+13,60,13,9.74,726.0,ocean_westerly,0.527,False,False,0.2,maritime,1,ocean,False,False,False,False,False,False,False,False,0.0,dry,none/ocean,0,none/ocean,0,fisheries,fisheries,0.8,modest,False
H+61+13,61,13,9.69,710.0,ocean_westerly,0.52,False,False,0.2,maritime,1,ocean,False,False,False,False,False,False,False,False,0.0,dry,none/ocean,0,none/ocean,0,fisheries,fisheries,0.8,modest,False
H+62+13,62,13,9.63,704.5,ocean_westerly,0.514,False,False,0.2,maritime,1,ocean,False,False,False,False,False,False,False,False,0.0,dry,none/ocean,0,none/ocean,0,fisheries,fisheries,0.8,modest,False
H+63+13,63,13,9.56,695.7,ocean_westerly,0.507,False,False,0.2,maritime,1,ocean,False,False,False,False,False,False,False,False,0.0,dry,none/ocean,0,none/ocean,0,fisheries,fisheries,0.8,modest,False
H+64+13,64,13,9.5,691.9,ocean_westerly,0.501,False,False,0.2,maritime,1,ocean,False,False,False,False,False,False,False,False,0.0,dry,none/ocean,0,none/ocean,0,fisheries,fisheries,0.8,modest,False
H+65+13,65,13,9.46,696.1,ocean_westerly,0.494,False,False,0.2,maritime,1,ocean,False,False,False,False,False,False,False,False,0.0,dry,none/ocean,0,none/ocean,0,fisheries,fisheries,0.8,modest,False
H+66+13,66,13,9.44,690.3,ocean_westerly,0.488,False,False,0.2,maritime,1,ocean,False,False,False,False,False,False,False,False,0.0,dry,none/ocean,0,none/ocean,0,fisheries,fisheries,0.8,modest,False
H+67+13,67,13,9.43,679.7,ocean_westerly,0.481,False,False,0.2,maritime,1,ocean,False,False,False,False,False,False,False,False,0.0,dry,none/ocean,0,none/ocean,0,fisheries,fisheries,0.8,modest,False
H+68+13,68,13,9.41,675.9,ocean_westerly,0.475,False,False,0.2,maritime,1,ocean,False,False,False,False,False,False,False,False,0.0,dry,none/ocean,0,none/ocean,0,fisheries,fisheries,0.8,modest,False
H+69+13,69,13,9.4,674.2,ocean_westerly,0.468,False,False,0.2,maritime,1,ocean,False,False,False,False,False,False,False,False,0.0,dry,none/ocean,0,none/ocean,0,fisheries,fisheries,0.8,modest,False
H+70+13,70,13,9.38,671.7,ocean_westerly,0.461,False,False,0.2,maritime,1,ocean,False,False,False,False,False,False,False,False,0.0,dry,none/ocean,0,none/ocean,0,fisheries,fisheries,0.8,modest,False
H+71+13,71,13,9.38,662.4,ocean_westerly,0.455,False,False,0.2,maritime,1,ocean,False,False,False,False,False,False,False,False,0.0,dry,none/ocean,0,none/ocean,0,fisheries,fisheries,0.8,modest,False
H+72+13,72,13,9.39,655.4,ocean_westerly,0.448,False,False,0.2,maritime,1,ocean,False,False,False,False,False,False,False,False,0.0,dry,none/ocean,0,none/ocean,0,fisheries,fisheries,0.8,modest,False
H+73+13,73,13,9.44,658.0,ocean_westerly,0.442,False,False,0.2,maritime,1,ocean,False,False,False,False,False,False,False,False,0.0,dry,none/ocean,0,none/ocean,0,fisheries,fisheries,0.8,modest,False
H+74+13,74,13,9.51,655.7,ocean_westerly,0.435,False,False,0.2,maritime,1,ocean,False,False,False,False,False,False,False,False,0.0,dry,none/ocean,0,none/ocean,0,fisheries,fisheries,0.8,modest,False
H+75+13,75,13,9.58,632.7,ocean_westerly,0.429,False,False,0.2,maritime,1,ocean,False,False,False,False,False,False,False,False,0.0,dry,none/ocean,0,none/ocean,0,fisheries,fisheries,0.8,modest,False
H+76+13,76,13,9.66,600.4,ocean_westerly,0.422,False,False,0.2,maritime,1,ocean,False,False,False,False,False,False,False,False,0.0,dry,none/ocean,0,none/ocean,0,fisheries,fisheries,0.8,modest,False
H+77+13,77,13,9.72,585.4,ocean_westerly,0.416,False,False,0.2,maritime,1,ocean,False,False,False,False,False,False,False,False,0.0,dry,none/ocean,0,none/ocean,0,fisheries,fisheries,0.8,modest,False
H+78+13,78,13,9.78,590.4,ocean_westerly,0.409,False,False,0.2,maritime,1,ocean,False,False,False,False,False,False,False,False,0.0,dry,none/ocean,0,none/ocean,0,fisheries,fisheries,0.8,modest,False
H+79+13,79,13,9.85,598.7,ocean_westerly,0.402,False,False,0.2,maritime,1,ocean,False,False,False,False,False,False,False,False,0.0,dry,none/ocean,0,none/ocean,0,fisheries,fisheries,0.8,modest,False
H+00+14,0,14,10.54,858.4,ocean_westerly,0.92,False,False,0.2,maritime,1,ocean,False,False,False,False,False,False,False,False,0.0,dry,none/ocean,0,none/ocean,0,fisheries,fisheries,0.8,modest,False
H+01+14,1,14,10.53,844.8,ocean_westerly,0.913,False,False,0.2,maritime,1,ocean,False,False,False,False,False,False,False,False,0.0,dry,none/ocean,0,none/ocean,0,fisheries,fisheries,0.8,modest,False
H+02+14,2,14,10.51,824.5,ocean_westerly,0.907,False,False,0.2,maritime,1,ocean,False,False,False,False,False,False,False,False,0.0,dry,none/ocean,0,none/ocean,0,fisheries,fisheries,0.8,modest,False
H+03+14,3,14,10.47,822.7,ocean_westerly,0.9,False,False,0.2,maritime,1,ocean,False,False,False,False,False,False,False,False,0.0,dry,none/ocean,0,none/ocean,0,fisheries,fisheries,0.8,modest,False
H+04+14,4,14,10.43,832.6,ocean_westerly,0.894,False,False,0.2,maritime,1,ocean,False,False,False,False,False,False,False,False,0.0,dry,none/ocean,0,none/ocean,0,fisheries,fisheries,0.8,modest,False
H+05+14,5,14,10.38,830.2,ocean_westerly,0.887,False,False,0.2,maritime,1,ocean,False,False,False,False,False,False,False,False,0.0,dry,none/ocean,0,none/ocean,0,fisheries,fisheries,0.8,modest,False
H+06+14,6,14,10.01,751.9,open_westerly,0.766,False,False,0.606,moderate,0,none,False,False,False,False,False,False,False,False,2.5,spring_line,sandy coastal,6,coastal scrub,10,,clay,0.0,none,False
H+07+14,7,14,9.94,745.4,open_westerly,0.76,False,False,0.598,moderate,0,none,False,False,False,False,False,False,False,False,2.5,shallow_well,sandy coastal,6,coastal scrub,10,,,0.0,none,False
H+08+14,8,14,9.93,727.0,open_westerly,0.754,False,False,0.59,moderate,0,none,False,False,False,False,False,False,False,False,2.5,shallow_well,sandy coastal,6,coastal scrub,10,,,0.0,none,False
H+09+14,9,14,9.94,710.1,open_westerly,0.749,False,False,0.582,moderate,0,none,False,False,False,False,False,False,False,False,2.5,shallow_well,sandy coastal,6,coastal scrub,10,,,0.0,none,False
H+10+14,10,14,9.92,702.6,open_westerly,0.743,False,False,0.573,moderate,0,none,False,False,False,False,False,False,False,False,2.5,shallow_well,sandy coastal,6,coastal scrub,10,,,0.0,none,False
H+11+14,11,14,9.94,699.8,open_westerly,0.737,False,False,0.565,moderate,0,none,False,False,False,False,False,False,False,False,2.5,shallow_well,loam,4,coastal scrub,10,,,0.0,none,False
H+12+14,12,14,9.95,703.8,open_westerly,0.732,False,False,0.557,moderate,0,none,False,False,False,False,False,False,False,False,2.5,shallow_well,loam,4,coastal scrub,10,,,0.0,none,False
H+13+14,13,14,10.03,709.5,open_westerly,0.726,False,False,0.548,moderate,0,none,False,False,False,False,False,False,False,False,2.5,shallow_well,loam,4,coastal scrub,10,,,0.0,none,False
H+14+14,14,14,10.07,703.2,open_westerly,0.72,False,False,0.539,moderate,0,none,False,False,False,False,False,False,False,False,2.5,spring_line,loam,4,coastal scrub,10,,,0.0,none,False
H+15+14,15,14,10.31,753.5,ocean_westerly,0.822,False,False,0.2,maritime,1,ocean,False,False,False,False,False,False,False,False,0.0,dry,none/ocean,0,none/ocean,0,fisheries,fisheries,0.8,modest,False
H+16+14,16,14,10.31,743.9,ocean_westerly,0.815,False,False,0.2,maritime,1,ocean,False,False,False,False,False,False,False,False,0.0,dry,none/ocean,0,none/ocean,0,fisheries,fisheries,0.8,modest,False
H+17+14,17,14,10.29,742.0,ocean_westerly,0.809,False,False,0.2,maritime,1,ocean,False,False,False,False,False,False,False,False,0.0,dry,none/ocean,0,none/ocean,0,fisheries,fisheries,0.8,modest,False
H+18+14,18,14,10.25,740.8,ocean_westerly,0.802,False,False,0.2,maritime,1,ocean,False,False,False,False,False,False,False,False,0.0,dry,none/ocean,0,none/ocean,0,fisheries,fisheries,0.8,modest,False
H+19+14,19,14,10.21,751.9,ocean_westerly,0.796,False,False,0.2,maritime,1,ocean,False,False,False,False,False,False,False,False,0.0,dry,none/ocean,0,none/ocean,0,fisheries,fisheries,0.8,modest,False
H+20+14,20,14,10.16,774.0,ocean_westerly,0.789,False,False,0.2,maritime,1,ocean,False,False,False,False,False,False,False,False,0.0,dry,none/ocean,0,none/ocean,0,fisheries,fisheries,0.8,modest,False
H+21+14,21,14,10.13,796.9,ocean_westerly,0.782,False,False,0.2,maritime,1,ocean,False,False,False,False,False,False,False,False,0.0,dry,none/ocean,0,none/ocean,0,fisheries,fisheries,0.8,modest,False
H+22+14,22,14,10.11,825.9,ocean_westerly,0.776,False,False,0.2,maritime,1,ocean,False,False,False,False,False,False,False,False,0.0,dry,none/ocean,0,none/ocean,0,fisheries,fisheries,0.8,modest,False
H+23+14,23,14,10.12,843.0,ocean_westerly,0.769,False,False,0.2,maritime,1,ocean,False,False,False,False,False,False,False,False,0.0,dry,none/ocean,0,none/ocean,0,fisheries,fisheries,0.8,modest,False
H+24+14,24,14,10.14,837.7,ocean_westerly,0.763,False,False,0.2,maritime,1,ocean,False,False,False,False,False,False,False,False,0.0,dry,none/ocean,0,none/ocean,0,fisheries,fisheries,0.8,modest,False
H+25+14,25,14,8.77,808.5,open_westerly,0.658,False,False,0.415,moderate,2,river,True,False,False,False,False,False,True,False,1.5,spring_line,loam,4,coastal scrub,10,,,0.0,none,False
H+26+14,26,14,7.78,907.9,open_westerly,0.667,False,False,0.404,moderate,6,wetland,False,False,False,False,False,True,False,False,0.8,marsh,peat/wetland,9,wetland/marsh,8,,peat,1.2,modest,False
H+27+14,27,14,6.52,1126.8,open_westerly,0.695,False,False,0.392,moderate,0,none,False,False,False,False,False,False,False,False,4.86,shallow_well,glacial till,2,temperate forest,4,timber,timber,1.5,good,False
H+28+14,28,14,5.27,1301.2,open_westerly,0.717,False,False,0.388,moderate,0,none,False,False,False,False,False,False,False,False,4.35,shallow_well,glacial till,2,boreal forest,3,timber,timber,1.0,modest,False
H+29+14,29,14,5.64,616.1,calm_interior,0.681,False,False,0.396,moderate,8,salt_pan,False,False,False,False,True,False,False,False,8.6,dry,saline playa,10,salt flat sparse,11,salt_pans,salt_pans|evaporite_host,0.3,poor,True
H+30+14,30,14,5.71,576.5,calm_interior,0.668,False,True,0.604,moderate,8,salt_pan,False,False,False,False,True,False,False,False,8.53,dry,saline playa,10,salt flat sparse,11,salt_pans,salt_pans|evaporite_host,0.3,poor,True
H+31+14,31,14,5.76,525.4,calm_interior,0.651,False,True,0.614,moderate,8,salt_pan,False,False,False,False,True,False,False,False,8.49,dry,saline playa,10,salt flat sparse,11,salt_pans,salt_pans|evaporite_host,0.3,poor,True
H+32+14,32,14,5.79,482.5,calm_interior,0.633,False,True,0.624,moderate,8,salt_pan,False,False,False,False,True,False,False,False,8.47,dry,saline playa,10,salt flat sparse,11,salt_pans,salt_pans|evaporite_host,0.3,poor,True
H+33+14,33,14,5.78,449.8,calm_interior,0.614,False,True,0.635,moderate,8,salt_pan,False,False,False,False,True,False,False,False,8.43,dry,saline playa,10,salt flat sparse,11,salt_pans,salt_pans|evaporite_host,0.3,poor,True
H+34+14,34,14,5.72,438.4,calm_interior,0.598,False,True,0.647,moderate,8,salt_pan,False,False,False,False,True,False,False,False,8.34,dry,saline playa,10,salt flat sparse,11,salt_pans,salt_pans|evaporite_host,0.3,poor,True
H+35+14,35,14,5.64,428.9,calm_interior,0.582,False,True,0.659,strong,8,salt_pan,False,False,False,False,True,False,False,False,8.34,dry,saline playa,10,salt flat sparse,11,salt_pans,salt_pans|evaporite_host,0.3,poor,True
H+36+14,36,14,5.55,415.5,calm_interior,0.566,False,True,0.672,strong,8,salt_pan,False,False,False,False,True,False,False,False,8.49,dry,saline playa,10,salt flat sparse,11,salt_pans,salt_pans|evaporite_host,0.3,poor,True
H+37+14,37,14,5.44,398.3,calm_interior,0.55,False,True,0.686,strong,8,salt_pan,False,False,False,False,True,False,False,False,8.78,dry,saline playa,10,salt flat sparse,11,salt_pans,salt_pans|evaporite_host,0.3,poor,True
H+38+14,38,14,4.39,705.6,open_westerly,0.531,True,False,0.699,strong,0,none,False,False,False,False,False,False,False,False,7.55,shallow_well,glacial till,2,boreal forest,3,timber,timber,1.0,modest,False
H+39+14,39,14,5.69,663.6,open_westerly,0.521,False,False,0.513,moderate,0,none,False,False,False,False,False,False,False,False,2.5,spring_line,glacial till,2,grassland/pasture,5,pasture,pasture|volcanic_host,2.0,good,False
H+40+14,40,14,6.9,730.0,open_westerly,0.543,False,False,0.527,moderate,0,none,False,False,False,False,False,False,False,False,2.5,spring_line,glacial till,2,temperate forest,4,timber,timber,1.5,good,False
H+41+14,41,14,7.2,739.3,open_westerly,0.539,False,False,0.54,moderate,0,none,False,False,False,False,False,False,False,False,2.5,spring_line,glacial till,2,temperate forest,4,timber,timber,1.5,good,False
H+42+14,42,14,9.11,713.9,open_westerly,0.533,False,False,0.554,moderate,0,none,False,False,False,False,False,False,False,False,2.5,spring_line,volcanic andisol,7,temperate forest,4,timber,timber,1.5,good,False
H+43+14,43,14,9.55,725.9,open_westerly,0.527,False,False,0.567,moderate,0,none,False,False,False,False,False,False,False,False,2.5,shallow_well,volcanic andisol,7,coastal scrub,10,,,0.0,none,False
H+44+14,44,14,9.64,731.7,open_westerly,0.522,False,False,0.58,moderate,0,none,False,False,False,False,False,False,False,False,2.5,shallow_well,volcanic andisol,7,coastal scrub,10,,,0.0,none,False
H+45+14,45,14,9.62,734.0,open_westerly,0.518,False,False,0.592,moderate,0,none,False,False,False,False,False,False,False,False,2.5,shallow_well,volcanic andisol,7,coastal scrub,10,,metals,0.0,none,False
H+46+14,46,14,9.67,727.5,open_westerly,0.514,False,False,0.604,moderate,0,none,False,False,False,False,False,False,False,False,2.5,shallow_well,volcanic andisol,7,coastal scrub,10,,metals,0.0,none,False
H+47+14,47,14,9.75,847.0,ocean_westerly,0.612,False,False,0.2,maritime,1,ocean,False,False,False,False,False,False,False,False,0.0,dry,none/ocean,0,none/ocean,0,fisheries,fisheries,0.8,modest,False
H+48+14,48,14,9.76,714.4,open_westerly,0.509,False,False,0.626,moderate,0,none,False,False,False,False,False,False,False,False,2.5,shallow_well,volcanic andisol,7,coastal scrub,10,,,0.0,none,False
H+49+14,49,14,9.77,716.8,open_westerly,0.506,False,False,0.636,moderate,0,none,False,False,False,False,False,False,False,False,2.5,shallow_well,volcanic andisol,7,coastal scrub,10,,,0.0,none,False
H+50+14,50,14,9.81,715.7,open_westerly,0.504,False,False,0.646,moderate,0,none,False,False,False,False,False,False,False,False,2.5,shallow_well,volcanic andisol,7,coastal scrub,10,,,0.0,none,False
H+51+14,51,14,9.9,706.8,open_westerly,0.5,False,False,0.656,strong,0,none,False,False,False,False,False,False,False,False,2.5,shallow_well,volcanic andisol,7,coastal scrub,10,,,0.0,none,False
H+52+14,52,14,9.97,786.1,ocean_westerly,0.579,False,False,0.2,maritime,1,ocean,False,False,False,False,False,False,False,False,0.0,dry,none/ocean,0,none/ocean,0,fisheries,fisheries,0.8,modest,False
H+53+14,53,14,10.04,781.2,ocean_westerly,0.573,False,False,0.2,maritime,1,ocean,False,False,False,False,False,False,False,False,0.0,dry,none/ocean,0,none/ocean,0,fisheries,fisheries,0.8,modest,False
H+54+14,54,14,10.08,780.8,ocean_westerly,0.566,False,False,0.2,maritime,1,ocean,False,False,False,False,False,False,False,False,0.0,dry,none/ocean,0,none/ocean,0,fisheries,fisheries,0.8,modest,False
H+55+14,55,14,10.09,776.5,ocean_westerly,0.56,False,False,0.2,maritime,1,ocean,False,False,False,False,False,False,False,False,0.0,dry,none/ocean,0,none/ocean,0,fisheries,fisheries,0.8,modest,False
H+56+14,56,14,10.08,771.2,ocean_westerly,0.553,False,False,0.2,maritime,1,ocean,False,False,False,False,False,False,False,False,0.0,dry,none/ocean,0,none/ocean,0,fisheries,fisheries,0.8,modest,False
H+57+14,57,14,10.05,771.5,ocean_westerly,0.547,False,False,0.2,maritime,1,ocean,False,False,False,False,False,False,False,False,0.0,dry,none/ocean,0,none/ocean,0,fisheries,fisheries,0.8,modest,False
H+58+14,58,14,10.01,772.2,ocean_westerly,0.54,False,False,0.2,maritime,1,ocean,False,False,False,False,False,False,False,False,0.0,dry,none/ocean,0,none/ocean,0,fisheries,fisheries,0.8,modest,False
H+59+14,59,14,9.97,761.9,ocean_westerly,0.534,False,False,0.2,maritime,1,ocean,False,False,False,False,False,False,False,False,0.0,dry,none/ocean,0,none/ocean,0,fisheries,fisheries,0.8,modest,False
H+60+14,60,14,9.92,742.1,ocean_westerly,0.527,False,False,0.2,maritime,1,ocean,False,False,False,False,False,False,False,False,0.0,dry,none/ocean,0,none/ocean,0,fisheries,fisheries,0.8,modest,False
H+61+14,61,14,9.88,728.2,ocean_westerly,0.52,False,False,0.2,maritime,1,ocean,False,False,False,False,False,False,False,False,0.0,dry,none/ocean,0,none/ocean,0,fisheries,fisheries,0.8,modest,False
H+62+14,62,14,9.85,723.7,ocean_westerly,0.514,False,False,0.2,maritime,1,ocean,False,False,False,False,False,False,False,False,0.0,dry,none/ocean,0,none/ocean,0,fisheries,fisheries,0.8,modest,False
H+63+14,63,14,9.82,715.2,ocean_westerly,0.507,False,False,0.2,maritime,1,ocean,False,False,False,False,False,False,False,False,0.0,dry,none/ocean,0,none/ocean,0,fisheries,fisheries,0.8,modest,False
H+64+14,64,14,9.8,709.6,ocean_westerly,0.501,False,False,0.2,maritime,1,ocean,False,False,False,False,False,False,False,False,0.0,dry,none/ocean,0,none/ocean,0,fisheries,fisheries,0.8,modest,False
H+65+14,65,14,9.79,710.4,ocean_westerly,0.494,False,False,0.2,maritime,1,ocean,False,False,False,False,False,False,False,False,0.0,dry,none/ocean,0,none/ocean,0,fisheries,fisheries,0.8,modest,False
H+66+14,66,14,9.78,700.6,ocean_westerly,0.488,False,False,0.2,maritime,1,ocean,False,False,False,False,False,False,False,False,0.0,dry,none/ocean,0,none/ocean,0,fisheries,fisheries,0.8,modest,False
H+67+14,67,14,9.78,685.2,ocean_westerly,0.481,False,False,0.2,maritime,1,ocean,False,False,False,False,False,False,False,False,0.0,dry,none/ocean,0,none/ocean,0,fisheries,fisheries,0.8,modest,False
H+68+14,68,14,9.76,676.3,ocean_westerly,0.475,False,False,0.2,maritime,1,ocean,False,False,False,False,False,False,False,False,0.0,dry,none/ocean,0,none/ocean,0,fisheries,fisheries,0.8,modest,False
H+69+14,69,14,9.74,667.8,ocean_westerly,0.468,False,False,0.2,maritime,1,ocean,False,False,False,False,False,False,False,False,0.0,dry,none/ocean,0,none/ocean,0,fisheries,fisheries,0.8,modest,False
H+70+14,70,14,9.73,660.4,ocean_westerly,0.461,False,False,0.2,maritime,1,ocean,False,False,False,False,False,False,False,False,0.0,dry,none/ocean,0,none/ocean,0,fisheries,fisheries,0.8,modest,False
H+71+14,71,14,9.74,651.6,ocean_westerly,0.455,False,False,0.2,maritime,1,ocean,False,False,False,False,False,False,False,False,0.0,dry,none/ocean,0,none/ocean,0,fisheries,fisheries,0.8,modest,False
H+72+14,72,14,9.76,646.2,ocean_westerly,0.448,False,False,0.2,maritime,1,ocean,False,False,False,False,False,False,False,False,0.0,dry,none/ocean,0,none/ocean,0,fisheries,fisheries,0.8,modest,False
H+73+14,73,14,9.81,647.0,ocean_westerly,0.442,False,False,0.2,maritime,1,ocean,False,False,False,False,False,False,False,False,0.0,dry,none/ocean,0,none/ocean,0,fisheries,fisheries,0.8,modest,False
H+74+14,74,14,9.87,642.1,ocean_westerly,0.435,False,False,0.2,maritime,1,ocean,False,False,False,False,False,False,False,False,0.0,dry,none/ocean,0,none/ocean,0,fisheries,fisheries,0.8,modest,False
H+75+14,75,14,9.94,618.8,ocean_westerly,0.429,False,False,0.2,maritime,1,ocean,False,False,False,False,False,False,False,False,0.0,dry,none/ocean,0,none/ocean,0,fisheries,fisheries,0.8,modest,False
H+76+14,76,14,10.02,586.7,ocean_westerly,0.422,False,False,0.2,maritime,1,ocean,False,False,False,False,False,False,False,False,0.0,dry,none/ocean,0,none/ocean,0,fisheries,fisheries,0.8,modest,False
H+77+14,77,14,10.08,571.1,ocean_westerly,0.416,False,False,0.2,maritime,1,ocean,False,False,False,False,False,False,False,False,0.0,dry,none/ocean,0,none/ocean,0,fisheries,fisheries,0.8,modest,False
H+78+14,78,14,10.14,575.6,ocean_westerly,0.409,False,False,0.2,maritime,1,ocean,False,False,False,False,False,False,False,False,0.0,dry,none/ocean,0,none/ocean,0,fisheries,fisheries,0.8,modest,False
H+79+14,79,14,10.21,583.9,ocean_westerly,0.402,False,False,0.2,maritime,1,ocean,False,False,False,False,False,False,False,False,0.0,dry,none/ocean,0,none/ocean,0,fisheries,fisheries,0.8,modest,False
H+00+15,0,15,10.81,829.7,ocean_westerly,0.92,False,False,0.2,maritime,1,ocean,False,False,False,False,False,False,False,False,0.0,dry,none/ocean,0,none/ocean,0,fisheries,fisheries,0.8,modest,False
H+01+15,1,15,10.81,823.8,ocean_westerly,0.913,False,False,0.2,maritime,1,ocean,False,False,False,False,False,False,False,False,0.0,dry,none/ocean,0,none/ocean,0,fisheries,fisheries,0.8,modest,False
H+02+15,2,15,10.8,815.2,ocean_westerly,0.907,False,False,0.2,maritime,1,ocean,False,False,False,False,False,False,False,False,0.0,dry,none/ocean,0,none/ocean,0,fisheries,fisheries,0.8,modest,False
H+03+15,3,15,10.79,817.3,ocean_westerly,0.9,False,False,0.2,maritime,1,ocean,False,False,False,False,False,False,False,False,0.0,dry,none/ocean,0,none/ocean,0,fisheries,fisheries,0.8,modest,False
H+04+15,4,15,10.77,829.1,ocean_westerly,0.894,False,False,0.2,maritime,1,ocean,False,False,False,False,False,False,False,False,0.0,dry,none/ocean,0,none/ocean,0,fisheries,fisheries,0.8,modest,False
H+05+15,5,15,10.06,755.8,open_westerly,0.772,False,False,0.612,moderate,0,none,False,False,False,False,False,False,False,False,2.5,spring_line,sandy coastal,6,temperate forest,4,timber,timber,1.5,good,False
H+06+15,6,15,9.96,757.0,open_westerly,0.766,False,False,0.604,moderate,0,none,False,False,False,False,False,False,False,False,2.5,shallow_well,sandy coastal,6,temperate forest,4,,,1.5,good,False
H+07+15,7,15,9.91,752.6,open_westerly,0.76,False,False,0.596,moderate,0,none,False,False,False,False,False,False,False,False,2.5,shallow_well,sandy coastal,6,temperate forest,4,,,1.5,good,False
H+08+15,8,15,9.9,732.3,open_westerly,0.754,False,False,0.587,moderate,0,none,False,False,False,False,False,False,False,False,2.5,shallow_well,sandy coastal,6,temperate forest,4,,,1.5,good,False
H+09+15,9,15,9.9,713.6,open_westerly,0.749,False,False,0.579,moderate,0,none,False,False,False,False,False,False,False,False,2.5,shallow_well,sandy coastal,6,temperate forest,4,,,1.5,good,False
H+10+15,10,15,9.84,714.6,open_westerly,0.743,False,False,0.571,moderate,0,none,False,False,False,False,False,False,False,False,2.5,spring_line,sandy coastal,6,temperate forest,4,,,1.5,good,False
H+11+15,11,15,10.68,793.0,ocean_westerly,0.848,False,False,0.2,maritime,1,ocean,False,False,False,False,False,False,False,False,0.0,dry,none/ocean,0,none/ocean,0,fisheries,fisheries,0.8,modest,False
H+12+15,12,15,10.66,785.3,ocean_westerly,0.841,False,False,0.2,maritime,1,ocean,False,False,False,False,False,False,False,False,0.0,dry,none/ocean,0,none/ocean,0,fisheries,fisheries,0.8,modest,False
H+13+15,13,15,10.65,769.9,ocean_westerly,0.835,False,False,0.2,maritime,1,ocean,False,False,False,False,False,False,False,False,0.0,dry,none/ocean,0,none/ocean,0,fisheries,fisheries,0.8,modest,False
H+14+15,14,15,10.63,757.2,ocean_westerly,0.828,False,False,0.2,maritime,1,ocean,False,False,False,False,False,False,False,False,0.0,dry,none/ocean,0,none/ocean,0,fisheries,fisheries,0.8,modest,False
H+15+15,15,15,10.61,743.5,ocean_westerly,0.822,False,False,0.2,maritime,1,ocean,False,False,False,False,False,False,False,False,0.0,dry,none/ocean,0,none/ocean,0,fisheries,fisheries,0.8,modest,False
H+16+15,16,15,10.59,734.4,ocean_westerly,0.815,False,False,0.2,maritime,1,ocean,False,False,False,False,False,False,False,False,0.0,dry,none/ocean,0,none/ocean,0,fisheries,fisheries,0.8,modest,False
H+17+15,17,15,10.56,729.5,ocean_westerly,0.809,False,False,0.2,maritime,1,ocean,False,False,False,False,False,False,False,False,0.0,dry,none/ocean,0,none/ocean,0,fisheries,fisheries,0.8,modest,False
H+18+15,18,15,10.51,727.1,ocean_westerly,0.802,False,False,0.2,maritime,1,ocean,False,False,False,False,False,False,False,False,0.0,dry,none/ocean,0,none/ocean,0,fisheries,fisheries,0.8,modest,False
H+19+15,19,15,10.45,732.6,ocean_westerly,0.796,False,False,0.2,maritime,1,ocean,False,False,False,False,False,False,False,False,0.0,dry,none/ocean,0,none/ocean,0,fisheries,fisheries,0.8,modest,False
H+20+15,20,15,8.84,719.5,open_westerly,0.686,False,False,0.471,moderate,0,none,False,False,False,False,False,False,False,False,2.5,spring_line,glacial till,2,temperate forest,4,timber,timber,1.5,good,False
H+21+15,21,15,8.81,743.6,open_westerly,0.68,False,False,0.459,moderate,0,none,False,False,False,False,False,False,False,False,2.5,shallow_well,glacial till,2,temperate forest,4,timber,timber,1.5,good,False
H+22+15,22,15,8.8,779.5,open_westerly,0.675,False,False,0.447,moderate,0,none,False,False,False,False,False,False,False,False,2.5,shallow_well,glacial till,2,temperate forest,4,timber,timber,1.5,good,False
H+23+15,23,15,8.84,800.3,open_westerly,0.669,False,False,0.434,moderate,0,none,False,False,False,False,False,False,False,False,2.5,shallow_well,glacial till,2,temperate forest,4,timber,timber,1.5,good,False
H+24+15,24,15,8.82,803.8,open_westerly,0.663,False,False,0.422,moderate,0,none,False,False,False,False,False,False,True,False,2.5,spring_line,loam,4,floodplain farmable,9,,,3.0,rich,False
H+25+15,25,15,8.11,867.3,open_westerly,0.667,False,False,0.41,moderate,0,none,False,False,False,False,False,False,True,False,2.5,spring_line,loam,4,floodplain farmable,9,,,3.0,rich,False
H+26+15,26,15,7.05,1052.3,open_westerly,0.691,False,False,0.399,moderate,0,none,False,False,False,False,False,False,False,False,5.35,shallow_well,glacial till,2,temperate forest,4,timber,timber,1.5,good,False
H+27+15,27,15,5.83,1253.5,open_westerly,0.717,False,False,0.387,moderate,0,none,False,False,False,False,False,False,False,False,4.48,shallow_well,glacial till,2,boreal forest,3,,,1.0,modest,False
H+28+15,28,15,4.58,1425.1,open_westerly,0.738,False,False,0.383,moderate,0,none,False,False,False,False,False,False,False,False,3.98,shallow_well,glacial till,2,boreal forest,3,timber,timber,1.0,modest,False
H+29+15,29,15,5.84,603.5,calm_interior,0.674,False,False,0.391,moderate,8,salt_pan,False,False,False,False,True,False,False,False,8.65,dry,saline playa,10,salt flat sparse,11,salt_pans,salt_pans|evaporite_host,0.3,poor,True
H+30+15,30,15,5.94,577.8,calm_interior,0.668,False,True,0.599,moderate,8,salt_pan,False,False,False,False,True,False,False,False,8.53,dry,saline playa,10,salt flat sparse,11,salt_pans,salt_pans|evaporite_host,0.3,poor,True
H+31+15,31,15,6.02,526.1,calm_interior,0.651,False,True,0.609,moderate,8,salt_pan,False,False,False,False,True,False,False,False,8.52,dry,saline playa,10,salt flat sparse,11,salt_pans,salt_pans|evaporite_host,0.3,poor,True
H+32+15,32,15,6.07,479.9,calm_interior,0.633,False,True,0.619,moderate,8,salt_pan,False,False,False,False,True,False,False,False,8.53,dry,saline playa,10,salt flat sparse,11,salt_pans,salt_pans|evaporite_host,0.3,poor,True
H+33+15,33,15,6.07,438.7,calm_interior,0.614,False,True,0.63,moderate,8,salt_pan,False,False,False,False,True,False,False,False,8.56,dry,saline playa,10,salt flat sparse,11,salt_pans,salt_pans|evaporite_host,0.3,poor,True
H+34+15,34,15,6.02,421.5,calm_interior,0.598,False,True,0.642,moderate,8,salt_pan,False,False,False,False,True,False,False,False,8.51,dry,saline playa,10,salt flat sparse,11,salt_pans,salt_pans|evaporite_host,0.3,poor,True
H+35+15,35,15,5.95,408.8,calm_interior,0.582,False,True,0.654,strong,8,salt_pan,False,False,False,False,True,False,False,False,8.54,dry,saline playa,10,salt flat sparse,11,salt_pans,salt_pans|evaporite_host,0.3,poor,True
H+36+15,36,15,5.87,394.4,calm_interior,0.566,False,True,0.667,strong,8,salt_pan,False,False,False,False,True,False,False,False,8.69,dry,saline playa,10,salt flat sparse,11,salt_pans,salt_pans|evaporite_host,0.3,poor,True
H+37+15,37,15,5.78,383.8,calm_interior,0.55,False,True,0.681,strong,8,salt_pan,False,False,False,False,True,False,False,False,8.94,dry,saline playa,10,salt flat sparse,11,salt_pans,salt_pans|evaporite_host,0.3,poor,True
H+38+15,38,15,3.9,722.3,open_westerly,0.532,True,False,0.694,strong,0,none,False,False,False,False,False,False,False,False,7.97,shallow_well,glacial till,2,boreal forest,3,timber,timber,1.0,modest,False
H+39+15,39,15,5.22,608.6,open_westerly,0.501,True,False,0.708,strong,0,none,False,False,False,False,False,False,False,False,8.29,dry,glacial till,2,grassland/pasture,5,pasture,pasture,2.0,good,False
H+40+15,40,15,6.43,671.9,open_westerly,0.522,False,False,0.522,moderate,0,none,False,False,False,False,False,False,False,False,2.5,spring_line,glacial till,2,grassland/pasture,5,pasture,pasture,2.0,good,False
H+41+15,41,15,6.72,710.1,open_westerly,0.528,False,False,0.535,moderate,0,none,False,False,False,False,False,False,False,False,2.5,spring_line,glacial till,2,temperate forest,4,timber,timber,1.5,good,False
H+42+15,42,15,7.78,758.1,open_westerly,0.532,False,False,0.549,moderate,0,none,False,False,False,False,False,False,False,False,2.5,spring_line,glacial till,2,temperate forest,4,timber,timber,1.5,good,False
H+43+15,43,15,9.1,733.8,open_westerly,0.527,False,False,0.562,moderate,0,none,False,False,False,False,False,False,False,False,2.5,shallow_well,volcanic andisol,7,temperate forest,4,timber,timber,1.5,good,False
H+44+15,44,15,9.17,741.8,open_westerly,0.522,False,False,0.575,moderate,0,none,False,False,False,False,False,False,False,False,2.5,shallow_well,volcanic andisol,7,temperate forest,4,timber,timber,1.5,good,False
H+45+15,45,15,9.25,745.1,open_westerly,0.518,False,False,0.587,moderate,0,none,False,False,False,False,False,False,False,False,2.5,shallow_well,volcanic andisol,7,temperate forest,4,timber,timber,1.5,good,False
H+46+15,46,15,9.24,739.8,open_westerly,0.514,False,False,0.599,moderate,0,none,False,False,False,False,False,False,False,False,2.5,shallow_well,volcanic andisol,7,temperate forest,4,timber,timber,1.5,good,False
H+47+15,47,15,9.25,729.7,open_westerly,0.511,False,False,0.61,moderate,0,none,False,False,False,False,False,False,False,False,2.5,shallow_well,volcanic andisol,7,temperate forest,4,timber,timber,1.5,good,False
H+48+15,48,15,9.21,725.3,open_westerly,0.509,False,False,0.621,moderate,0,none,False,False,False,False,False,False,False,False,2.5,shallow_well,volcanic andisol,7,temperate forest,4,timber,timber|volcanic_host,1.5,good,False
H+49+15,49,15,9.19,721.4,open_westerly,0.506,False,False,0.632,moderate,0,none,False,False,False,False,False,False,False,False,2.5,shallow_well,volcanic andisol,7,temperate forest,4,timber,timber,1.5,good,False
H+50+15,50,15,9.23,719.5,open_westerly,0.504,False,False,0.642,moderate,0,none,False,False,False,False,False,False,False,False,2.5,shallow_well,volcanic andisol,7,temperate forest,4,timber,timber,1.5,good,False
H+51+15,51,15,9.27,714.7,open_westerly,0.5,False,False,0.652,strong,0,none,False,False,False,False,False,False,False,False,2.5,shallow_well,volcanic andisol,7,temperate forest,4,timber,timber|volcanic_host,1.5,good,False
H+52+15,52,15,9.38,707.6,open_westerly,0.497,False,False,0.661,strong,0,none,False,False,False,False,False,False,False,False,2.5,shallow_well,volcanic andisol,7,temperate forest,4,timber,timber|volcanic_host,1.5,good,False
H+53+15,53,15,9.52,702.1,open_westerly,0.493,False,False,0.671,strong,0,none,False,False,False,False,False,False,False,False,2.5,shallow_well,volcanic andisol,7,temperate forest,4,timber,timber,1.5,good,False
H+54+15,54,15,9.63,701.1,open_westerly,0.488,False,False,0.68,strong,0,none,False,False,False,False,False,False,False,False,2.5,shallow_well,volcanic andisol,7,temperate forest,4,timber,timber,1.5,good,False
H+55+15,55,15,9.64,702.9,open_westerly,0.484,False,False,0.689,strong,0,none,False,False,False,False,False,False,False,False,2.5,shallow_well,volcanic andisol,7,temperate forest,4,timber,timber,1.5,good,False
H+56+15,56,15,9.58,704.2,open_westerly,0.479,False,False,0.698,strong,0,none,False,False,False,False,False,False,False,False,2.5,shallow_well,volcanic andisol,7,temperate forest,4,timber,timber,1.5,good,False
H+57+15,57,15,9.52,704.7,open_westerly,0.474,False,False,0.706,strong,0,none,False,False,False,False,False,False,False,False,2.5,shallow_well,volcanic andisol,7,temperate forest,4,timber,timber,1.5,good,False
H+58+15,58,15,9.5,703.3,open_westerly,0.469,False,False,0.715,strong,0,none,False,False,False,False,False,False,False,False,2.5,shallow_well,volcanic andisol,7,temperate forest,4,timber,timber,1.5,good,False
H+59+15,59,15,9.49,697.8,open_westerly,0.463,False,False,0.724,strong,0,none,False,False,False,False,False,False,False,False,2.5,spring_line,volcanic andisol,7,grassland/pasture,5,pasture,pasture,2.0,good,False
H+60+15,60,15,10.1,769.7,ocean_westerly,0.527,False,False,0.2,maritime,1,ocean,False,False,False,False,False,False,False,False,0.0,dry,none/ocean,0,none/ocean,0,fisheries,fisheries,0.8,modest,False
H+61+15,61,15,10.08,766.3,ocean_westerly,0.52,False,False,0.2,maritime,1,ocean,False,False,False,False,False,False,False,False,0.0,dry,none/ocean,0,none/ocean,0,fisheries,fisheries,0.8,modest,False
H+62+15,62,15,10.07,754.0,ocean_westerly,0.514,False,False,0.2,maritime,1,ocean,False,False,False,False,False,False,False,False,0.0,dry,none/ocean,0,none/ocean,0,fisheries,fisheries,0.8,modest,False
H+63+15,63,15,10.08,738.3,ocean_westerly,0.507,False,False,0.2,maritime,1,ocean,False,False,False,False,False,False,False,False,0.0,dry,none/ocean,0,none/ocean,0,fisheries,fisheries,0.8,modest,False
H+64+15,64,15,10.1,724.8,ocean_westerly,0.501,False,False,0.2,maritime,1,ocean,False,False,False,False,False,False,False,False,0.0,dry,none/ocean,0,none/ocean,0,fisheries,fisheries,0.8,modest,False
H+65+15,65,15,10.12,713.2,ocean_westerly,0.494,False,False,0.2,maritime,1,ocean,False,False,False,False,False,False,False,False,0.0,dry,none/ocean,0,none/ocean,0,fisheries,fisheries,0.8,modest,False
H+66+15,66,15,10.13,699.7,ocean_westerly,0.488,False,False,0.2,maritime,1,ocean,False,False,False,False,False,False,False,False,0.0,dry,none/ocean,0,none/ocean,0,fisheries,fisheries,0.8,modest,False
H+67+15,67,15,10.12,684.6,ocean_westerly,0.481,False,False,0.2,maritime,1,ocean,False,False,False,False,False,False,False,False,0.0,dry,none/ocean,0,none/ocean,0,fisheries,fisheries,0.8,modest,False
H+68+15,68,15,10.11,672.4,ocean_westerly,0.475,False,False,0.2,maritime,1,ocean,False,False,False,False,False,False,False,False,0.0,dry,none/ocean,0,none/ocean,0,fisheries,fisheries,0.8,modest,False
H+69+15,69,15,10.1,659.9,ocean_westerly,0.468,False,False,0.2,maritime,1,ocean,False,False,False,False,False,False,False,False,0.0,dry,none/ocean,0,none/ocean,0,fisheries,fisheries,0.8,modest,False
H+70+15,70,15,10.09,649.4,ocean_westerly,0.461,False,False,0.2,maritime,1,ocean,False,False,False,False,False,False,False,False,0.0,dry,none/ocean,0,none/ocean,0,fisheries,fisheries,0.8,modest,False
H+71+15,71,15,10.1,650.3,ocean_westerly,0.455,False,False,0.2,maritime,1,ocean,False,False,False,False,False,False,False,False,0.0,dry,none/ocean,0,none/ocean,0,fisheries,fisheries,0.8,modest,False
H+72+15,72,15,10.13,653.4,ocean_westerly,0.448,False,False,0.2,maritime,1,ocean,False,False,False,False,False,False,False,False,0.0,dry,none/ocean,0,none/ocean,0,fisheries,fisheries,0.8,modest,False
H+73+15,73,15,10.18,641.5,ocean_westerly,0.442,False,False,0.2,maritime,1,ocean,False,False,False,False,False,False,False,False,0.0,dry,none/ocean,0,none/ocean,0,fisheries,fisheries,0.8,modest,False
H+74+15,74,15,10.24,620.3,ocean_westerly,0.435,False,False,0.2,maritime,1,ocean,False,False,False,False,False,False,False,False,0.0,dry,none/ocean,0,none/ocean,0,fisheries,fisheries,0.8,modest,False
H+75+15,75,15,10.31,604.5,ocean_westerly,0.429,False,False,0.2,maritime,1,ocean,False,False,False,False,False,False,False,False,0.0,dry,none/ocean,0,none/ocean,0,fisheries,fisheries,0.8,modest,False
H+76+15,76,15,10.39,591.0,ocean_westerly,0.422,False,False,0.2,maritime,1,ocean,False,False,False,False,False,False,False,False,0.0,dry,none/ocean,0,none/ocean,0,fisheries,fisheries,0.8,modest,False
H+77+15,77,15,10.45,577.5,ocean_westerly,0.416,False,False,0.2,maritime,1,ocean,False,False,False,False,False,False,False,False,0.0,dry,none/ocean,0,none/ocean,0,fisheries,fisheries,0.8,modest,False
H+78+15,78,15,10.52,575.6,ocean_westerly,0.409,False,False,0.2,maritime,1,ocean,False,False,False,False,False,False,False,False,0.0,dry,none/ocean,0,none/ocean,0,fisheries,fisheries,0.8,modest,False
H+79+15,79,15,10.58,579.0,ocean_westerly,0.402,False,False,0.2,maritime,1,ocean,False,False,False,False,False,False,False,False,0.0,dry,none/ocean,0,none/ocean,0,fisheries,fisheries,0.8,modest,False
H+00+16,0,16,11.07,817.8,ocean_westerly,0.92,False,False,0.2,maritime,1,ocean,False,False,False,False,False,False,False,False,0.0,dry,none/ocean,0,none/ocean,0,fisheries,fisheries,0.8,modest,False
H+01+16,1,16,10.31,741.8,open_westerly,0.794,False,False,0.644,moderate,0,none,False,False,False,False,False,False,False,False,2.5,spring_line,sandy coastal,6,temperate forest,4,timber,timber|clay,1.5,good,False
H+02+16,2,16,10.32,740.4,open_westerly,0.789,False,False,0.635,moderate,0,none,False,False,False,False,False,False,False,False,2.5,spring_line,sandy coastal,6,temperate forest,4,timber,timber|clay,1.5,good,False
H+03+16,3,16,11.1,820.3,ocean_westerly,0.9,False,False,0.2,maritime,1,ocean,False,False,False,False,False,False,False,False,0.0,dry,none/ocean,0,none/ocean,0,fisheries,fisheries,0.8,modest,False
H+04+16,4,16,11.1,835.4,ocean_westerly,0.894,False,False,0.2,maritime,1,ocean,False,False,False,False,False,False,False,False,0.0,dry,none/ocean,0,none/ocean,0,fisheries,fisheries,0.8,modest,False
H+05+16,5,16,10.27,765.3,open_westerly,0.772,False,False,0.61,moderate,0,none,False,False,False,False,False,False,False,False,2.5,spring_line,sandy coastal,6,temperate forest,4,,,1.5,good,False
H+06+16,6,16,10.16,768.5,open_westerly,0.766,False,False,0.602,moderate,0,none,False,False,False,False,False,False,False,False,2.5,shallow_well,sandy coastal,6,temperate forest,4,,,1.5,good,False
H+07+16,7,16,10.17,764.6,open_westerly,0.76,False,False,0.593,moderate,0,none,False,False,False,False,False,False,False,False,7.61,shallow_well,sandy coastal,6,temperate forest,4,,,1.5,good,False
H+08+16,8,16,10.16,743.5,open_westerly,0.754,False,False,0.585,moderate,0,none,False,False,False,False,False,False,False,False,2.5,shallow_well,sandy coastal,6,temperate forest,4,,,1.5,good,False
H+09+16,9,16,10.16,724.2,open_westerly,0.749,False,False,0.577,moderate,0,none,False,False,False,False,False,False,False,False,2.5,spring_line,sandy coastal,6,temperate forest,4,,,1.5,good,False
H+10+16,10,16,11.02,799.6,ocean_westerly,0.854,False,False,0.2,maritime,1,ocean,False,False,False,False,False,False,False,False,0.0,dry,none/ocean,0,none/ocean,0,fisheries,fisheries,0.8,modest,False
H+11+16,11,16,11.01,806.4,ocean_westerly,0.848,False,False,0.2,maritime,1,ocean,False,False,False,False,False,False,False,False,0.0,dry,none/ocean,0,none/ocean,0,fisheries,fisheries,0.8,modest,False
H+12+16,12,16,10.99,789.3,ocean_westerly,0.841,False,False,0.2,maritime,1,ocean,False,False,False,False,False,False,False,False,0.0,dry,none/ocean,0,none/ocean,0,fisheries,fisheries,0.8,modest,False
H+13+16,13,16,10.96,761.3,ocean_westerly,0.835,False,False,0.2,maritime,1,ocean,False,False,False,False,False,False,False,False,0.0,dry,none/ocean,0,none/ocean,0,fisheries,fisheries,0.8,modest,False
H+14+16,14,16,10.93,744.0,ocean_westerly,0.828,False,False,0.2,maritime,1,ocean,False,False,False,False,False,False,False,False,0.0,dry,none/ocean,0,none/ocean,0,fisheries,fisheries,0.8,modest,False
H+15+16,15,16,10.9,730.1,ocean_westerly,0.822,False,False,0.2,maritime,1,ocean,False,False,False,False,False,False,False,False,0.0,dry,none/ocean,0,none/ocean,0,fisheries,fisheries,0.8,modest,False
H+16+16,16,16,10.87,718.9,ocean_westerly,0.815,False,False,0.2,maritime,1,ocean,False,False,False,False,False,False,False,False,0.0,dry,none/ocean,0,none/ocean,0,fisheries,fisheries,0.8,modest,False
H+17+16,17,16,10.83,711.1,ocean_westerly,0.809,False,False,0.2,maritime,1,ocean,False,False,False,False,False,False,False,False,0.0,dry,none/ocean,0,none/ocean,0,fisheries,fisheries,0.8,modest,False
H+18+16,18,16,10.77,707.6,ocean_westerly,0.802,False,False,0.2,maritime,1,ocean,False,False,False,False,False,False,False,False,0.0,dry,none/ocean,0,none/ocean,0,fisheries,fisheries,0.8,modest,False
H+19+16,19,16,10.69,710.4,ocean_westerly,0.796,False,False,0.2,maritime,1,ocean,False,False,False,False,False,False,False,False,0.0,dry,none/ocean,0,none/ocean,0,fisheries,fisheries,0.8,modest,False
H+20+16,20,16,8.72,695.5,open_westerly,0.687,False,False,0.467,moderate,0,none,False,False,False,False,False,False,False,False,2.5,spring_line,glacial till,2,grassland/pasture,5,pasture,pasture,2.0,good,False
H+21+16,21,16,8.65,719.6,open_westerly,0.681,False,False,0.454,moderate,0,none,False,False,False,False,False,False,False,False,2.5,shallow_well,glacial till,2,temperate forest,4,timber,timber,1.5,good,False
H+22+16,22,16,8.64,755.7,open_westerly,0.675,False,False,0.442,moderate,0,none,False,False,False,False,False,False,False,False,2.5,shallow_well,glacial till,2,temperate forest,4,timber,timber,1.5,good,False
H+23+16,23,16,8.66,777.0,open_westerly,0.669,False,False,0.43,moderate,0,none,False,False,False,False,False,False,False,False,2.5,shallow_well,glacial till,2,temperate forest,4,,,1.5,good,False
H+24+16,24,16,8.64,791.2,open_westerly,0.664,False,False,0.418,moderate,0,none,False,False,False,False,False,False,False,False,2.5,spring_line,glacial till,2,temperate forest,4,timber,timber,1.5,good,False
H+25+16,25,16,7.96,910.2,open_westerly,0.677,False,False,0.406,moderate,0,none,False,False,False,False,False,False,False,False,6.1,shallow_well,glacial till,2,temperate forest,4,timber,timber,1.5,good,False
H+26+16,26,16,6.89,1099.6,open_westerly,0.701,False,False,0.394,moderate,0,none,False,False,False,False,False,False,False,False,5.22,shallow_well,glacial till,2,temperate forest,4,,,1.5,good,False
H+27+16,27,16,5.69,1292.5,open_westerly,0.726,False,False,0.383,moderate,0,none,False,False,False,False,False,False,False,False,4.38,shallow_well,glacial till,2,boreal forest,3,,,1.0,modest,False
H+28+16,28,16,5.96,640.1,calm_interior,0.695,False,False,0.378,moderate,8,salt_pan,False,False,False,False,True,False,False,False,8.48,dry,saline playa,10,salt flat sparse,11,salt_pans,salt_pans|evaporite_host,0.3,poor,True
H+29+16,29,16,6.06,619.4,calm_interior,0.683,False,False,0.386,moderate,8,salt_pan,False,False,False,False,True,False,False,False,8.52,dry,saline playa,10,salt flat sparse,11,salt_pans,salt_pans|evaporite_host,0.3,poor,True
H+30+16,30,16,6.18,578.1,calm_interior,0.668,False,True,0.594,moderate,8,salt_pan,False,False,False,False,True,False,False,False,8.57,dry,saline playa,10,salt flat sparse,11,salt_pans,salt_pans|evaporite_host,0.3,poor,True
H+31+16,31,16,6.28,526.8,calm_interior,0.651,False,True,0.604,moderate,8,salt_pan,False,False,False,False,True,False,False,False,8.63,dry,saline playa,10,salt flat sparse,11,salt_pans,salt_pans|evaporite_host,0.3,poor,True
H+32+16,32,16,6.35,478.2,calm_interior,0.633,False,True,0.614,moderate,8,salt_pan,False,False,False,False,True,False,False,False,8.68,dry,saline playa,10,salt flat sparse,11,salt_pans,salt_pans|evaporite_host,0.3,poor,True
H+33+16,33,16,6.35,430.8,calm_interior,0.614,False,True,0.625,moderate,8,salt_pan,False,False,False,False,True,False,False,False,8.78,dry,saline playa,10,salt flat sparse,11,salt_pans,salt_pans|evaporite_host,0.3,poor,True
H+34+16,34,16,6.3,408.0,calm_interior,0.598,False,True,0.637,moderate,8,salt_pan,False,False,False,False,True,False,False,False,8.78,dry,saline playa,10,salt flat sparse,11,salt_pans,salt_pans|evaporite_host,0.3,poor,True
H+35+16,35,16,6.24,391.2,calm_interior,0.582,False,True,0.649,moderate,8,salt_pan,False,False,False,False,True,False,False,False,8.83,dry,saline playa,10,salt flat sparse,11,salt_pans,salt_pans|evaporite_host,0.3,poor,True
H+36+16,36,16,6.17,375.7,calm_interior,0.566,False,True,0.662,strong,8,salt_pan,False,False,False,False,True,False,False,False,9.0,dry,saline playa,10,salt flat sparse,11,salt_pans,salt_pans|evaporite_host,0.3,poor,True
H+37+16,37,16,6.1,369.1,calm_interior,0.55,False,True,0.676,strong,8,salt_pan,False,False,False,False,True,False,False,False,9.2,dry,saline playa,10,salt flat sparse,11,salt_pans,salt_pans|evaporite_host,0.3,poor,True
H+38+16,38,16,6.02,368.1,calm_interior,0.535,False,True,0.689,strong,8,salt_pan,False,False,False,False,True,False,False,False,9.44,dry,saline playa,10,salt flat sparse,11,salt_pans,salt_pans|evaporite_host,0.3,poor,True
H+39+16,39,16,5.22,654.9,open_westerly,0.515,True,False,0.703,strong,0,none,False,False,False,False,False,False,False,False,8.3,dry,glacial till,2,grassland/pasture,5,pasture,pasture|stone,2.0,good,False
H+40+16,40,16,6.45,650.1,open_westerly,0.514,False,False,0.517,moderate,0,none,False,False,False,False,False,False,False,False,8.14,dry,glacial till,2,grassland/pasture,5,pasture,pasture,2.0,good,False
H+41+16,41,16,6.74,693.2,open_westerly,0.52,False,False,0.53,moderate,0,none,False,False,False,False,False,False,False,False,8.18,dry,glacial till,2,grassland/pasture,5,pasture,pasture,2.0,good,False
H+42+16,42,16,7.73,761.5,open_westerly,0.531,False,False,0.544,moderate,0,none,False,False,False,False,False,False,False,False,7.35,shallow_well,glacial till,2,temperate forest,4,timber,timber,1.5,good,False
H+43+16,43,16,8.15,785.0,open_westerly,0.527,False,False,0.557,moderate,0,none,False,False,False,False,False,False,False,False,6.77,shallow_well,glacial till,2,temperate forest,4,timber,timber,1.5,good,False
H+44+16,44,16,9.12,752.0,open_westerly,0.522,False,False,0.57,moderate,0,none,False,False,False,False,False,False,False,False,6.6,shallow_well,loam,4,floodplain farmable,9,,,3.0,rich,False
H+45+16,45,16,9.17,755.6,open_westerly,0.518,False,False,0.582,moderate,0,none,False,False,False,False,False,False,False,False,2.5,shallow_well,loam,4,floodplain farmable,9,,,3.0,rich,False
H+46+16,46,16,9.21,750.8,open_westerly,0.514,False,False,0.594,moderate,0,none,False,False,False,False,False,False,False,False,2.5,shallow_well,loam,4,floodplain farmable,9,,,3.0,rich,False
H+47+16,47,16,9.16,741.1,open_westerly,0.511,False,False,0.605,moderate,0,none,False,False,False,False,False,False,False,False,2.5,shallow_well,loam,4,floodplain farmable,9,,,3.0,rich,False
H+48+16,48,16,9.14,735.1,open_westerly,0.509,False,False,0.616,moderate,0,none,False,False,False,False,False,False,False,False,5.92,shallow_well,loam,4,floodplain farmable,9,,,3.0,rich,False
H+49+16,49,16,9.08,728.3,open_westerly,0.506,False,False,0.627,moderate,0,none,False,False,False,False,False,False,False,False,5.98,shallow_well,loam,4,floodplain farmable,9,,,3.0,rich,False
H+50+16,50,16,9.07,725.9,open_westerly,0.504,False,False,0.637,moderate,0,none,False,False,False,False,False,False,False,False,2.5,shallow_well,loam,4,floodplain farmable,9,,greenstone_metals,3.0,rich,False
H+51+16,51,16,9.15,723.2,open_westerly,0.5,False,False,0.647,moderate,0,none,False,False,False,False,False,False,False,False,2.5,shallow_well,loam,4,floodplain farmable,9,,,3.0,rich,False
H+52+16,52,16,9.23,716.8,open_westerly,0.497,False,False,0.657,strong,0,none,False,False,False,False,False,False,False,False,2.5,shallow_well,loam,4,floodplain farmable,9,,,3.0,rich,False
H+53+16,53,16,9.36,709.1,open_westerly,0.493,False,False,0.666,strong,0,none,False,False,False,False,False,False,False,False,2.5,shallow_well,loam,4,floodplain farmable,9,,,3.0,rich,False
H+54+16,54,16,9.5,706.3,open_westerly,0.488,False,False,0.675,strong,0,none,False,False,False,False,False,False,False,False,2.5,shallow_well,loam,4,floodplain farmable,9,,,3.0,rich,False
H+55+16,55,16,9.49,709.7,open_westerly,0.484,False,False,0.685,strong,0,none,False,False,False,False,False,False,False,False,2.5,shallow_well,loam,4,floodplain farmable,9,,,3.0,rich,False
H+56+16,56,16,9.46,712.6,open_westerly,0.479,False,False,0.694,strong,0,none,False,False,False,False,False,False,False,False,2.5,shallow_well,loam,4,floodplain farmable,9,,,3.0,rich,False
H+57+16,57,16,9.37,711.8,open_westerly,0.474,False,False,0.702,strong,0,none,False,False,False,False,False,False,False,False,2.5,shallow_well,loam,4,floodplain farmable,9,,,3.0,rich,False
H+58+16,58,16,9.3,708.2,open_westerly,0.469,False,False,0.711,strong,0,none,False,False,False,False,False,False,False,False,2.5,shallow_well,loam,4,floodplain farmable,9,,,3.0,rich,False
H+59+16,59,16,9.29,704.2,open_westerly,0.463,False,False,0.72,strong,0,none,False,False,False,False,False,False,False,False,2.5,spring_line,loam,4,floodplain farmable,9,,,3.0,rich,False
H+60+16,60,16,10.29,787.8,ocean_westerly,0.527,False,False,0.2,maritime,1,ocean,False,False,False,False,False,False,False,False,0.0,dry,none/ocean,0,none/ocean,0,fisheries,fisheries,0.8,modest,False
H+61+16,61,16,10.28,792.4,ocean_westerly,0.52,False,False,0.2,maritime,1,ocean,False,False,False,False,False,False,False,False,0.0,dry,none/ocean,0,none/ocean,0,fisheries,fisheries,0.8,modest,False
H+62+16,62,16,10.31,780.7,ocean_westerly,0.514,False,False,0.2,maritime,1,ocean,False,False,False,False,False,False,False,False,0.0,dry,none/ocean,0,none/ocean,0,fisheries,fisheries,0.8,modest,False
H+63+16,63,16,10.35,763.8,ocean_westerly,0.507,False,False,0.2,maritime,1,ocean,False,False,False,False,False,False,False,False,0.0,dry,none/ocean,0,none/ocean,0,fisheries,fisheries,0.8,modest,False
H+64+16,64,16,10.4,745.2,ocean_westerly,0.501,False,False,0.2,maritime,1,ocean,False,False,False,False,False,False,False,False,0.0,dry,none/ocean,0,none/ocean,0,fisheries,fisheries,0.8,modest,False
H+65+16,65,16,10.44,724.8,ocean_westerly,0.494,False,False,0.2,maritime,1,ocean,False,False,False,False,False,False,False,False,0.0,dry,none/ocean,0,none/ocean,0,fisheries,fisheries,0.8,modest,False
H+66+16,66,16,10.46,706.2,ocean_westerly,0.488,False,False,0.2,maritime,1,ocean,False,False,False,False,False,False,False,False,0.0,dry,none/ocean,0,none/ocean,0,fisheries,fisheries,0.8,modest,False
H+67+16,67,16,10.45,688.2,ocean_westerly,0.481,False,False,0.2,maritime,1,ocean,False,False,False,False,False,False,False,False,0.0,dry,none/ocean,0,none/ocean,0,fisheries,fisheries,0.8,modest,False
H+68+16,68,16,10.44,672.5,ocean_westerly,0.475,False,False,0.2,maritime,1,ocean,False,False,False,False,False,False,False,False,0.0,dry,none/ocean,0,none/ocean,0,fisheries,fisheries,0.8,modest,False
H+69+16,69,16,10.44,656.2,ocean_westerly,0.468,False,False,0.2,maritime,1,ocean,False,False,False,False,False,False,False,False,0.0,dry,none/ocean,0,none/ocean,0,fisheries,fisheries,0.8,modest,False
H+70+16,70,16,10.44,641.9,ocean_westerly,0.461,False,False,0.2,maritime,1,ocean,False,False,False,False,False,False,False,False,0.0,dry,none/ocean,0,none/ocean,0,fisheries,fisheries,0.8,modest,False
H+71+16,71,16,10.45,644.2,ocean_westerly,0.455,False,False,0.2,maritime,1,ocean,False,False,False,False,False,False,False,False,0.0,dry,none/ocean,0,none/ocean,0,fisheries,fisheries,0.8,modest,False
H+72+16,72,16,10.49,649.5,ocean_westerly,0.448,False,False,0.2,maritime,1,ocean,False,False,False,False,False,False,False,False,0.0,dry,none/ocean,0,none/ocean,0,fisheries,fisheries,0.8,modest,False
H+73+16,73,16,10.54,633.5,ocean_westerly,0.442,False,False,0.2,maritime,1,ocean,False,False,False,False,False,False,False,False,0.0,dry,none/ocean,0,none/ocean,0,fisheries,fisheries,0.8,modest,False
H+74+16,74,16,10.61,607.6,ocean_westerly,0.435,False,False,0.2,maritime,1,ocean,False,False,False,False,False,False,False,False,0.0,dry,none/ocean,0,none/ocean,0,fisheries,fisheries,0.8,modest,False
H+75+16,75,16,10.68,596.0,ocean_westerly,0.429,False,False,0.2,maritime,1,ocean,False,False,False,False,False,False,False,False,0.0,dry,none/ocean,0,none/ocean,0,fisheries,fisheries,0.8,modest,False
H+76+16,76,16,10.73,536.9,open_westerly,0.367,False,False,0.822,strong,0,none,False,False,False,False,False,False,False,False,2.5,shallow_well,sandy coastal,6,coastal scrub,10,,,0.0,none,False
H+77+16,77,16,10.68,525.0,open_westerly,0.361,False,False,0.821,strong,0,none,False,False,False,False,False,False,False,False,2.5,shallow_well,sandy coastal,6,coastal scrub,10,,clay,0.0,none,False
H+78+16,78,16,10.72,518.8,open_westerly,0.356,False,False,0.82,strong,0,none,False,False,False,False,False,False,False,False,2.5,shallow_well,sandy coastal,6,coastal scrub,10,,clay,0.0,none,False
H+79+16,79,16,10.76,517.6,open_westerly,0.35,False,False,0.819,strong,0,none,False,False,False,False,False,False,False,False,10.37,dry,sandy coastal,6,coastal scrub,10,,clay,0.0,none,False
H+00+17,0,17,11.36,816.9,ocean_westerly,0.92,False,False,0.2,maritime,1,ocean,False,False,False,False,False,False,False,False,0.0,dry,none/ocean,0,none/ocean,0,fisheries,fisheries,0.8,modest,False
H+01+17,1,17,10.68,745.7,open_westerly,0.794,False,False,0.642,moderate,0,none,False,False,False,False,False,False,False,False,2.5,spring_line,sandy coastal,6,temperate forest,4,timber,timber|clay,1.5,good,False
H+02+17,2,17,10.75,751.4,open_westerly,0.789,False,False,0.633,moderate,0,none,False,False,False,False,False,False,False,False,2.5,spring_line,sandy coastal,6,temperate forest,4,timber,timber,1.5,good,False
H+03+17,3,17,11.39,835.4,ocean_westerly,0.9,False,False,0.2,maritime,1,ocean,False,False,False,False,False,False,False,False,0.0,dry,none/ocean,0,none/ocean,0,fisheries,fisheries,0.8,modest,False
H+04+17,4,17,10.74,775.1,open_westerly,0.777,False,False,0.616,moderate,0,none,False,False,False,False,False,False,False,False,2.5,spring_line,sandy coastal,6,temperate forest,4,,,1.5,good,False
H+05+17,5,17,10.56,782.5,open_westerly,0.772,False,False,0.608,moderate,0,none,False,False,False,False,False,False,False,False,2.5,shallow_well,sandy coastal,6,temperate forest,4,,,1.5,good,False
H+06+17,6,17,10.45,782.4,open_westerly,0.766,False,False,0.599,moderate,0,none,False,False,False,False,False,False,False,False,7.59,shallow_well,sandy coastal,6,temperate forest,4,,,1.5,good,False
H+07+17,7,17,10.53,777.1,open_westerly,0.76,False,False,0.591,moderate,0,none,False,False,False,False,False,False,False,False,2.5,shallow_well,sandy coastal,6,temperate forest,4,,,1.5,good,False
H+08+17,8,17,10.55,766.3,open_westerly,0.754,False,False,0.582,moderate,0,none,False,False,False,False,False,False,False,False,2.5,spring_line,sandy coastal,6,temperate forest,4,,,1.5,good,False
H+09+17,9,17,11.31,830.3,ocean_westerly,0.861,False,False,0.2,maritime,1,ocean,False,False,False,False,False,False,False,False,0.0,dry,none/ocean,0,none/ocean,0,fisheries,fisheries,0.8,modest,False
H+10+17,10,17,11.31,823.2,ocean_westerly,0.854,False,False,0.2,maritime,1,ocean,False,False,False,False,False,False,False,False,0.0,dry,none/ocean,0,none/ocean,0,fisheries,fisheries,0.8,modest,False
H+11+17,11,17,11.3,814.3,ocean_westerly,0.848,False,False,0.2,maritime,1,ocean,False,False,False,False,False,False,False,False,0.0,dry,none/ocean,0,none/ocean,0,fisheries,fisheries,0.8,modest,False
H+12+17,12,17,11.27,794.5,ocean_westerly,0.841,False,False,0.2,maritime,1,ocean,False,False,False,False,False,False,False,False,0.0,dry,none/ocean,0,none/ocean,0,fisheries,fisheries,0.8,modest,False
H+13+17,13,17,11.24,770.8,ocean_westerly,0.835,False,False,0.2,maritime,1,ocean,False,False,False,False,False,False,False,False,0.0,dry,none/ocean,0,none/ocean,0,fisheries,fisheries,0.8,modest,False
H+14+17,14,17,11.2,750.0,ocean_westerly,0.828,False,False,0.2,maritime,1,ocean,False,False,False,False,False,False,False,False,0.0,dry,none/ocean,0,none/ocean,0,fisheries,fisheries,0.8,modest,False
H+15+17,15,17,11.17,721.6,ocean_westerly,0.822,False,False,0.2,maritime,1,ocean,False,False,False,False,False,False,False,False,0.0,dry,none/ocean,0,none/ocean,0,fisheries,fisheries,0.8,modest,False
H+16+17,16,17,11.13,702.7,ocean_westerly,0.815,False,False,0.2,maritime,1,ocean,False,False,False,False,False,False,False,False,0.0,dry,none/ocean,0,none/ocean,0,fisheries,fisheries,0.8,modest,False
H+17+17,17,17,11.09,692.6,ocean_westerly,0.809,False,False,0.2,maritime,1,ocean,False,False,False,False,False,False,False,False,0.0,dry,none/ocean,0,none/ocean,0,fisheries,fisheries,0.8,modest,False
H+18+17,18,17,11.03,688.0,ocean_westerly,0.802,False,False,0.2,maritime,1,ocean,False,False,False,False,False,False,False,False,0.0,dry,none/ocean,0,none/ocean,0,fisheries,fisheries,0.8,modest,False
H+19+17,19,17,10.94,695.9,ocean_westerly,0.796,False,False,0.2,maritime,1,ocean,False,False,False,False,False,False,False,False,0.0,dry,none/ocean,0,none/ocean,0,fisheries,fisheries,0.8,modest,False
H+20+17,20,17,9.21,683.5,open_westerly,0.686,False,False,0.462,moderate,0,none,False,False,False,False,False,False,False,False,2.5,spring_line,glacial till,2,grassland/pasture,5,pasture,pasture,2.0,good,False
H+21+17,21,17,9.15,699.6,open_westerly,0.68,False,False,0.45,moderate,0,none,False,False,False,False,False,False,False,False,2.5,shallow_well,glacial till,2,grassland/pasture,5,pasture,pasture,2.0,good,False
H+22+17,22,17,8.89,727.4,open_westerly,0.675,False,False,0.437,moderate,0,none,False,False,False,False,False,False,False,False,7.15,shallow_well,glacial till,2,temperate forest,4,timber,timber,1.5,good,False
H+23+17,23,17,8.91,748.7,open_westerly,0.669,False,False,0.425,moderate,0,none,False,False,False,False,False,False,True,False,6.87,shallow_well,loam,4,floodplain farmable,9,,,3.0,rich,False
H+24+17,24,17,8.89,772.9,open_westerly,0.664,False,False,0.413,moderate,0,none,False,False,False,False,False,False,True,False,6.64,shallow_well,loam,4,floodplain farmable,9,,,3.0,rich,False
H+25+17,25,17,8.21,897.8,open_westerly,0.677,False,False,0.401,moderate,0,none,False,False,False,False,False,False,False,False,6.17,shallow_well,glacial till,2,temperate forest,4,,limestone_karst,1.5,good,False
H+26+17,26,17,7.14,1089.5,open_westerly,0.702,False,False,0.389,moderate,0,none,False,False,False,False,False,False,False,False,5.32,shallow_well,glacial till,2,temperate forest,4,,,1.5,good,False
H+27+17,27,17,5.94,1282.9,open_westerly,0.726,False,False,0.378,moderate,0,none,False,False,False,False,False,False,False,False,4.48,shallow_well,glacial till,2,boreal forest,3,,,1.0,modest,False
H+28+17,28,17,6.22,637.7,calm_interior,0.695,False,False,0.374,moderate,8,salt_pan,False,False,False,False,True,False,False,False,8.53,dry,saline playa,10,salt flat sparse,11,salt_pans,salt_pans|evaporite_host,0.3,poor,True
H+29+17,29,17,6.32,621.3,calm_interior,0.683,False,False,0.382,moderate,8,salt_pan,False,False,False,False,True,False,False,False,8.57,dry,saline playa,10,salt flat sparse,11,salt_pans,salt_pans|evaporite_host,0.3,poor,True
H+30+17,30,17,6.44,580.9,calm_interior,0.668,False,True,0.59,moderate,8,salt_pan,False,False,False,False,True,False,False,False,8.68,dry,saline playa,10,salt flat sparse,11,salt_pans,salt_pans|evaporite_host,0.3,poor,True
H+31+17,31,17,6.55,527.8,calm_interior,0.651,False,True,0.599,moderate,8,salt_pan,False,False,False,False,True,False,False,False,8.81,dry,saline playa,10,salt flat sparse,11,salt_pans,salt_pans|evaporite_host,0.3,poor,True
H+32+17,32,17,6.61,477.8,calm_interior,0.633,False,True,0.61,moderate,8,salt_pan,False,False,False,False,True,False,False,False,8.91,dry,saline playa,10,salt flat sparse,11,salt_pans,salt_pans|evaporite_host,0.3,poor,True
H+33+17,33,17,6.62,429.2,calm_interior,0.614,False,True,0.621,moderate,8,salt_pan,False,False,False,False,True,False,False,False,9.04,dry,saline playa,10,salt flat sparse,11,salt_pans,salt_pans|evaporite_host,0.3,poor,True
H+34+17,34,17,6.57,403.1,calm_interior,0.598,False,True,0.632,moderate,8,salt_pan,False,False,False,False,True,False,False,False,9.09,dry,saline playa,10,salt flat sparse,11,salt_pans,salt_pans|evaporite_host,0.3,poor,True
H+35+17,35,17,6.51,382.9,calm_interior,0.582,False,True,0.645,moderate,8,salt_pan,False,False,False,False,True,False,False,False,9.17,dry,saline playa,10,salt flat sparse,11,salt_pans,salt_pans|evaporite_host,0.3,poor,True
H+36+17,36,17,6.45,366.2,calm_interior,0.566,False,True,0.658,strong,8,salt_pan,False,False,False,False,True,False,False,False,9.34,dry,saline playa,10,salt flat sparse,11,salt_pans,salt_pans|evaporite_host,0.3,poor,True
H+37+17,37,17,6.38,358.5,calm_interior,0.55,False,True,0.671,strong,8,salt_pan,False,False,False,False,True,False,False,False,9.53,dry,saline playa,10,salt flat sparse,11,salt_pans,salt_pans|evaporite_host,0.3,poor,True
H+38+17,38,17,6.3,357.6,calm_interior,0.535,False,True,0.684,strong,8,salt_pan,False,False,False,False,True,False,False,False,9.75,dry,saline playa,10,salt flat sparse,11,salt_pans,salt_pans|evaporite_host,0.3,poor,True
H+39+17,39,17,5.87,642.9,open_westerly,0.518,True,False,0.698,strong,0,none,False,False,False,False,False,False,False,False,8.39,dry,glacial till,2,grassland/pasture,5,pasture,pasture|stone,2.0,good,False
H+40+17,40,17,7.1,673.5,open_westerly,0.524,False,False,0.511,moderate,0,none,False,False,False,False,False,False,False,False,8.02,dry,glacial till,2,grassland/pasture,5,pasture,pasture|limestone_karst,2.0,good,False
H+41+17,41,17,7.33,717.6,open_westerly,0.528,False,False,0.525,moderate,0,none,False,False,False,False,False,False,False,False,8.12,dry,glacial till,2,temperate forest,4,timber,timber,1.5,good,False
H+42+17,42,17,8.28,772.0,open_westerly,0.531,False,False,0.538,moderate,0,none,False,False,False,False,False,False,False,False,7.42,shallow_well,glacial till,2,temperate forest,4,timber,timber,1.5,good,False
H+43+17,43,17,9.41,753.3,open_westerly,0.527,False,False,0.552,moderate,0,none,False,False,False,False,False,False,False,False,7.21,shallow_well,loam,4,floodplain farmable,9,,,3.0,rich,False
H+44+17,44,17,9.47,758.6,open_westerly,0.522,False,False,0.565,moderate,0,none,False,False,False,False,False,False,False,False,6.79,shallow_well,loam,4,floodplain farmable,9,,,3.0,rich,False
H+45+17,45,17,9.53,758.4,open_westerly,0.518,False,False,0.577,moderate,0,none,False,False,False,False,False,False,False,False,6.43,shallow_well,loam,4,floodplain farmable,9,,,3.0,rich,False
H+46+17,46,17,9.48,754.7,open_westerly,0.514,False,False,0.589,moderate,0,none,False,False,False,False,False,False,False,False,6.32,shallow_well,loam,4,floodplain farmable,9,,,3.0,rich,False
H+47+17,47,17,9.42,746.1,open_westerly,0.511,False,False,0.6,moderate,0,none,False,False,False,False,False,False,False,False,6.21,shallow_well,loam,4,floodplain farmable,9,,,3.0,rich,False
H+48+17,48,17,9.66,740.8,open_westerly,0.509,False,False,0.611,moderate,0,none,False,False,False,False,False,False,False,False,5.91,shallow_well,loam,4,floodplain farmable,9,,,3.0,rich,False
H+49+17,49,17,9.29,737.1,open_westerly,0.507,False,False,0.622,moderate,0,none,False,False,False,False,False,False,False,False,6.08,shallow_well,loam,4,floodplain farmable,9,,,3.0,rich,False
H+50+17,50,17,9.3,735.5,open_westerly,0.504,False,False,0.632,moderate,0,none,False,False,False,False,False,False,False,False,6.15,shallow_well,loam,4,floodplain farmable,9,,,3.0,rich,False
H+51+17,51,17,9.34,739.3,open_westerly,0.5,False,False,0.642,moderate,0,none,False,False,False,False,False,False,False,False,6.19,shallow_well,loam,4,floodplain farmable,9,,,3.0,rich,False
H+52+17,52,17,9.42,735.6,open_westerly,0.497,False,False,0.652,strong,0,none,False,False,False,False,False,False,False,False,6.16,shallow_well,loam,4,floodplain farmable,9,,,3.0,rich,False
H+53+17,53,17,9.54,725.1,open_westerly,0.493,False,False,0.662,strong,0,none,False,False,False,False,False,False,False,False,6.0,shallow_well,loam,4,floodplain farmable,9,,,3.0,rich,False
H+54+17,54,17,9.67,720.3,open_westerly,0.488,False,False,0.671,strong,0,none,False,False,False,False,False,False,False,False,5.93,shallow_well,loam,4,floodplain farmable,9,,,3.0,rich,False
H+55+17,55,17,9.66,726.7,open_westerly,0.484,False,False,0.68,strong,0,none,False,False,False,False,False,False,False,False,5.95,shallow_well,loam,4,floodplain farmable,9,,,3.0,rich,False
H+56+17,56,17,9.63,733.4,open_westerly,0.479,False,False,0.689,strong,0,none,False,False,False,False,False,False,False,False,5.94,shallow_well,loam,4,floodplain farmable,9,,,3.0,rich,False
H+57+17,57,17,9.55,727.7,open_westerly,0.474,False,False,0.698,strong,0,none,False,False,False,False,False,False,False,False,6.08,shallow_well,loam,4,floodplain farmable,9,,,3.0,rich,False
H+58+17,58,17,9.53,712.7,open_westerly,0.469,False,False,0.707,strong,0,none,False,False,False,False,False,False,False,False,2.5,shallow_well,loam,4,floodplain farmable,9,,,3.0,rich,False
H+59+17,59,17,9.73,706.3,open_westerly,0.463,False,False,0.716,strong,0,none,False,False,False,False,False,False,False,False,2.5,spring_line,loam,4,floodplain farmable,9,,,3.0,rich,False
H+60+17,60,17,10.51,790.3,ocean_westerly,0.527,False,False,0.2,maritime,1,ocean,False,False,False,False,False,False,False,False,0.0,dry,none/ocean,0,none/ocean,0,fisheries,fisheries,0.8,modest,False
H+61+17,61,17,10.52,799.0,ocean_westerly,0.52,False,False,0.2,maritime,1,ocean,False,False,False,False,False,False,False,False,0.0,dry,none/ocean,0,none/ocean,0,fisheries,fisheries,0.8,modest,False
H+62+17,62,17,10.56,800.7,ocean_westerly,0.514,False,False,0.2,maritime,1,ocean,False,False,False,False,False,False,False,False,0.0,dry,none/ocean,0,none/ocean,0,fisheries,fisheries,0.8,modest,False
H+63+17,63,17,10.62,792.5,ocean_westerly,0.507,False,False,0.2,maritime,1,ocean,False,False,False,False,False,False,False,False,0.0,dry,none/ocean,0,none/ocean,0,fisheries,fisheries,0.8,modest,False
H+64+17,64,17,10.68,766.0,ocean_westerly,0.501,False,False,0.2,maritime,1,ocean,False,False,False,False,False,False,False,False,0.0,dry,none/ocean,0,none/ocean,0,fisheries,fisheries,0.8,modest,False
H+65+17,65,17,10.73,733.5,ocean_westerly,0.494,False,False,0.2,maritime,1,ocean,False,False,False,False,False,False,False,False,0.0,dry,none/ocean,0,none/ocean,0,fisheries,fisheries,0.8,modest,False
H+66+17,66,17,10.75,711.5,ocean_westerly,0.488,False,False,0.2,maritime,1,ocean,False,False,False,False,False,False,False,False,0.0,dry,none/ocean,0,none/ocean,0,fisheries,fisheries,0.8,modest,False
H+67+17,67,17,10.75,693.9,ocean_westerly,0.481,False,False,0.2,maritime,1,ocean,False,False,False,False,False,False,False,False,0.0,dry,none/ocean,0,none/ocean,0,fisheries,fisheries,0.8,modest,False
H+68+17,68,17,10.74,677.0,ocean_westerly,0.475,False,False,0.2,maritime,1,ocean,False,False,False,False,False,False,False,False,0.0,dry,none/ocean,0,none/ocean,0,fisheries,fisheries,0.8,modest,False
H+69+17,69,17,10.74,661.2,ocean_westerly,0.468,False,False,0.2,maritime,1,ocean,False,False,False,False,False,False,False,False,0.0,dry,none/ocean,0,none/ocean,0,fisheries,fisheries,0.8,modest,False
H+70+17,70,17,10.75,644.2,ocean_westerly,0.461,False,False,0.2,maritime,1,ocean,False,False,False,False,False,False,False,False,0.0,dry,none/ocean,0,none/ocean,0,fisheries,fisheries,0.8,modest,False
H+71+17,71,17,10.77,628.7,ocean_westerly,0.455,False,False,0.2,maritime,1,ocean,False,False,False,False,False,False,False,False,0.0,dry,none/ocean,0,none/ocean,0,fisheries,fisheries,0.8,modest,False
H+72+17,72,17,10.81,621.5,ocean_westerly,0.448,False,False,0.2,maritime,1,ocean,False,False,False,False,False,False,False,False,0.0,dry,none/ocean,0,none/ocean,0,fisheries,fisheries,0.8,modest,False
H+73+17,73,17,10.87,619.4,ocean_westerly,0.442,False,False,0.2,maritime,1,ocean,False,False,False,False,False,False,False,False,0.0,dry,none/ocean,0,none/ocean,0,fisheries,fisheries,0.8,modest,False
H+74+17,74,17,10.92,556.6,open_westerly,0.378,False,False,0.817,strong,0,none,False,False,False,False,False,False,False,False,2.5,shallow_well,sandy coastal,6,coastal scrub,10,,,0.0,none,False
H+75+17,75,17,10.96,545.5,open_westerly,0.373,False,False,0.817,strong,0,none,False,False,False,False,False,False,False,False,2.5,shallow_well,sandy coastal,6,coastal scrub,10,,,0.0,none,False
H+76+17,76,17,10.96,534.5,open_westerly,0.367,False,False,0.816,strong,0,none,False,False,False,False,False,False,False,False,2.5,shallow_well,sandy coastal,6,coastal scrub,10,,,0.0,none,False
H+77+17,77,17,10.95,520.8,open_westerly,0.361,False,False,0.815,strong,0,none,False,False,False,False,False,False,False,False,2.5,shallow_well,sandy coastal,6,coastal scrub,10,,clay,0.0,none,False
H+78+17,78,17,10.97,513.5,open_westerly,0.356,False,False,0.814,strong,0,none,False,False,False,False,False,False,False,False,2.5,shallow_well,sandy coastal,6,coastal scrub,10,,clay,0.0,none,False
H+79+17,79,17,10.96,509.2,open_westerly,0.35,False,False,0.813,strong,0,none,False,False,False,False,False,False,False,False,10.8,dry,sandy coastal,6,coastal scrub,10,,clay,0.0,none,False
H+00+18,0,18,11.03,743.4,open_westerly,0.8,False,False,0.648,moderate,0,none,False,False,False,False,False,False,False,False,7.71,shallow_well,sandy coastal,6,temperate forest,4,timber,timber|clay,1.5,good,False
H+01+18,1,18,11.04,749.6,open_westerly,0.794,False,False,0.64,moderate,0,none,False,False,False,False,False,False,False,False,2.5,shallow_well,sandy coastal,6,temperate forest,4,timber,timber|clay,1.5,good,False
H+02+18,2,18,11.12,760.0,open_westerly,0.789,False,False,0.631,moderate,0,none,False,False,False,False,False,False,False,False,2.5,spring_line,sandy coastal,6,temperate forest,4,timber,timber,1.5,good,False
H+03+18,3,18,11.68,845.9,ocean_westerly,0.9,False,False,0.2,maritime,1,ocean,False,False,False,False,False,False,False,False,0.0,dry,none/ocean,0,none/ocean,0,fisheries,fisheries,0.8,modest,False
H+04+18,4,18,11.14,784.9,open_westerly,0.777,False,False,0.614,moderate,0,none,False,False,False,False,False,False,True,False,2.5,spring_line,loam,4,floodplain farmable,9,,,3.0,rich,False
H+05+18,5,18,11.01,792.5,open_westerly,0.772,False,False,0.605,moderate,0,none,False,False,False,False,False,False,False,False,2.5,shallow_well,sandy coastal,6,temperate forest,4,,,1.5,good,False
H+06+18,6,18,10.93,789.4,open_westerly,0.766,False,False,0.596,moderate,0,none,False,False,False,False,False,False,False,False,2.5,shallow_well,sandy coastal,6,temperate forest,4,,,1.5,good,False
H+07+18,7,18,10.92,783.0,open_westerly,0.76,False,False,0.588,moderate,0,none,False,False,False,False,False,False,False,False,2.5,spring_line,sandy coastal,6,temperate forest,4,,,1.5,good,False
H+08+18,8,18,11.58,858.1,ocean_westerly,0.868,False,False,0.2,maritime,1,ocean,False,False,False,False,False,False,False,False,0.0,dry,none/ocean,0,none/ocean,0,fisheries,fisheries,0.8,modest,False
H+09+18,9,18,11.59,852.2,ocean_westerly,0.861,False,False,0.2,maritime,1,ocean,False,False,False,False,False,False,False,False,0.0,dry,none/ocean,0,none/ocean,0,fisheries,fisheries,0.8,modest,False
H+10+18,10,18,11.59,838.0,ocean_westerly,0.854,False,False,0.2,maritime,1,ocean,False,False,False,False,False,False,False,False,0.0,dry,none/ocean,0,none/ocean,0,fisheries,fisheries,0.8,modest,False
H+11+18,11,18,11.58,818.8,ocean_westerly,0.848,False,False,0.2,maritime,1,ocean,False,False,False,False,False,False,False,False,0.0,dry,none/ocean,0,none/ocean,0,fisheries,fisheries,0.8,modest,False
H+12+18,12,18,11.54,799.0,ocean_westerly,0.841,False,False,0.2,maritime,1,ocean,False,False,False,False,False,False,False,False,0.0,dry,none/ocean,0,none/ocean,0,fisheries,fisheries,0.8,modest,False
H+13+18,13,18,11.51,780.3,ocean_westerly,0.835,False,False,0.2,maritime,1,ocean,False,False,False,False,False,False,False,False,0.0,dry,none/ocean,0,none/ocean,0,fisheries,fisheries,0.8,modest,False
H+14+18,14,18,11.47,758.0,ocean_westerly,0.828,False,False,0.2,maritime,1,ocean,False,False,False,False,False,False,False,False,0.0,dry,none/ocean,0,none/ocean,0,fisheries,fisheries,0.8,modest,False
H+15+18,15,18,11.43,719.6,ocean_westerly,0.822,False,False,0.2,maritime,1,ocean,False,False,False,False,False,False,False,False,0.0,dry,none/ocean,0,none/ocean,0,fisheries,fisheries,0.8,modest,False
H+16+18,16,18,11.39,695.9,ocean_westerly,0.815,False,False,0.2,maritime,1,ocean,False,False,False,False,False,False,False,False,0.0,dry,none/ocean,0,none/ocean,0,fisheries,fisheries,0.8,modest,False
H+17+18,17,18,11.35,684.7,ocean_westerly,0.809,False,False,0.2,maritime,1,ocean,False,False,False,False,False,False,False,False,0.0,dry,none/ocean,0,none/ocean,0,fisheries,fisheries,0.8,modest,False
H+18+18,18,18,11.28,679.7,ocean_westerly,0.802,False,False,0.2,maritime,1,ocean,False,False,False,False,False,False,False,False,0.0,dry,none/ocean,0,none/ocean,0,fisheries,fisheries,0.8,modest,False
H+19+18,19,18,11.21,691.8,ocean_westerly,0.796,False,False,0.2,maritime,1,ocean,False,False,False,False,False,False,False,False,0.0,dry,none/ocean,0,none/ocean,0,fisheries,fisheries,0.8,modest,False
H+20+18,20,18,10.59,647.5,open_westerly,0.686,False,False,0.457,moderate,3,major_river,True,True,False,False,False,False,True,False,1.5,spring_line,loam,4,floodplain farmable,9,fisheries,fisheries,3.5,rich,False
H+21+18,21,18,10.53,658.6,open_westerly,0.68,False,False,0.445,moderate,3,major_river,True,True,False,False,False,False,True,False,1.5,spring_line,loam,4,floodplain farmable,9,fisheries,fisheries,3.5,rich,False
H+22+18,22,18,9.63,710.7,open_westerly,0.675,False,False,0.432,moderate,3,major_river,True,True,False,False,False,False,True,False,1.5,spring_line,loam,4,floodplain farmable,9,fisheries,fisheries,3.5,rich,False
H+23+18,23,18,9.2,735.1,open_westerly,0.669,False,False,0.42,moderate,3,major_river,True,True,False,False,False,False,True,False,1.5,spring_line,loam,4,floodplain farmable,9,fisheries,fisheries,3.5,rich,False
H+24+18,24,18,9.17,765.6,open_westerly,0.664,False,False,0.408,moderate,0,none,False,False,False,False,False,False,True,False,6.64,shallow_well,loam,4,floodplain farmable,9,,,3.0,rich,False
H+25+18,25,18,8.49,894.2,open_westerly,0.677,False,False,0.397,moderate,0,none,False,False,False,False,False,False,False,False,6.25,shallow_well,glacial till,2,temperate forest,4,,,1.5,good,False
H+26+18,26,18,7.41,1086.8,open_westerly,0.702,False,False,0.385,moderate,0,none,False,False,False,False,False,False,False,False,5.48,shallow_well,glacial till,2,temperate forest,4,,,1.5,good,False
H+27+18,27,18,6.21,1280.4,open_westerly,0.726,False,False,0.374,moderate,0,none,False,False,False,False,False,False,False,False,4.69,shallow_well,glacial till,2,temperate forest,4,,,1.5,good,False
H+28+18,28,18,6.49,637.7,calm_interior,0.695,False,False,0.37,moderate,8,salt_pan,False,False,False,False,True,False,False,False,8.74,dry,saline playa,10,salt flat sparse,11,salt_pans,salt_pans|evaporite_host,0.3,poor,True
H+29+18,29,18,6.59,623.8,calm_interior,0.683,False,False,0.378,moderate,8,salt_pan,False,False,False,False,True,False,False,False,8.78,dry,saline playa,10,salt flat sparse,11,salt_pans,salt_pans|evaporite_host,0.3,poor,True
H+30+18,30,18,6.7,583.5,calm_interior,0.668,False,False,0.386,moderate,8,salt_pan,False,False,False,False,True,False,False,False,8.9,dry,saline playa,10,salt flat sparse,11,salt_pans,salt_pans|evaporite_host,0.3,poor,True
H+31+18,31,18,6.81,528.6,calm_interior,0.651,False,True,0.595,moderate,8,salt_pan,False,False,False,False,True,False,False,False,9.08,dry,saline playa,10,salt flat sparse,11,salt_pans,salt_pans|evaporite_host,0.3,poor,True
H+32+18,32,18,6.87,478.1,calm_interior,0.633,False,True,0.606,moderate,8,salt_pan,False,False,False,False,True,False,False,False,9.22,dry,saline playa,10,salt flat sparse,11,salt_pans,salt_pans|evaporite_host,0.3,poor,True
H+33+18,33,18,6.87,429.9,calm_interior,0.614,False,True,0.617,moderate,8,salt_pan,False,False,False,False,True,False,False,False,9.39,dry,saline playa,10,salt flat sparse,11,salt_pans,salt_pans|evaporite_host,0.3,poor,True
H+34+18,34,18,6.82,402.5,calm_interior,0.598,False,True,0.628,moderate,8,salt_pan,False,False,False,False,True,False,False,False,9.49,dry,saline playa,10,salt flat sparse,11,salt_pans,salt_pans|evaporite_host,0.3,poor,True
H+35+18,35,18,6.76,380.9,calm_interior,0.582,False,True,0.64,moderate,8,salt_pan,False,False,False,False,True,False,False,False,9.61,dry,saline playa,10,salt flat sparse,11,salt_pans,salt_pans|evaporite_host,0.3,poor,True
H+36+18,36,18,6.69,363.6,calm_interior,0.566,False,True,0.653,strong,8,salt_pan,False,False,False,False,True,False,False,False,9.77,dry,saline playa,10,salt flat sparse,11,salt_pans,salt_pans|evaporite_host,0.3,poor,True
H+37+18,37,18,6.62,354.5,calm_interior,0.55,False,True,0.666,strong,8,salt_pan,False,False,False,False,True,False,False,False,9.94,dry,saline playa,10,salt flat sparse,11,salt_pans,salt_pans|evaporite_host,0.3,poor,True
H+38+18,38,18,5.12,664.2,open_westerly,0.531,True,False,0.679,strong,0,none,False,False,False,False,False,False,False,False,8.9,dry,glacial till,2,grassland/pasture,5,pasture,pasture|stone,2.0,good,False
H+39+18,39,18,6.47,611.4,open_westerly,0.51,False,False,0.492,moderate,0,none,False,False,False,False,False,False,False,False,8.74,dry,glacial till,2,grassland/pasture,5,pasture,pasture,2.0,good,False
H+40+18,40,18,7.68,695.3,open_westerly,0.532,False,False,0.506,moderate,0,none,False,False,False,False,False,False,False,False,7.98,shallow_well,glacial till,2,grassland/pasture,5,pasture,pasture,2.0,good,False
H+41+18,41,18,7.89,739.0,open_westerly,0.535,False,False,0.519,moderate,0,none,False,False,False,False,False,False,False,False,8.06,dry,glacial till,2,temperate forest,4,timber,timber,1.5,good,False
H+42+18,42,18,9.75,737.6,open_westerly,0.532,False,False,0.533,moderate,0,none,False,False,False,False,False,False,False,False,2.5,spring_line,loam,4,floodplain farmable,9,,,3.0,rich,False
H+43+18,43,18,9.94,759.8,open_westerly,0.527,False,False,0.546,moderate,0,none,False,False,False,False,False,False,False,False,2.5,shallow_well,loam,4,floodplain farmable,9,,,3.0,rich,False
H+44+18,44,18,10.28,760.9,open_westerly,0.522,False,False,0.559,moderate,0,none,False,False,False,False,False,False,False,False,2.5,shallow_well,loam,4,floodplain farmable,9,,,3.0,rich,False
H+45+18,45,18,10.34,757.7,open_westerly,0.518,False,False,0.571,moderate,0,none,False,False,False,False,False,False,False,False,6.5,shallow_well,loam,4,floodplain farmable,9,,,3.0,rich,False
H+46+18,46,18,10.33,754.9,open_westerly,0.514,False,False,0.583,moderate,0,none,False,False,False,False,False,False,False,False,2.5,shallow_well,loam,4,coastal scrub,10,,,0.0,none,False
H+47+18,47,18,10.3,747.4,open_westerly,0.511,False,False,0.594,moderate,0,none,False,False,False,False,False,False,False,False,2.5,shallow_well,loam,4,coastal scrub,10,,,0.0,none,False
H+48+18,48,18,10.29,742.7,open_westerly,0.509,False,False,0.606,moderate,0,none,False,False,False,False,False,False,False,False,2.5,shallow_well,loam,4,coastal scrub,10,,,0.0,none,False
H+49+18,49,18,10.28,740.2,open_westerly,0.506,False,False,0.616,moderate,0,none,False,False,False,False,False,False,False,False,2.5,shallow_well,loam,4,coastal scrub,10,,,0.0,none,False
H+50+18,50,18,10.32,740.8,open_westerly,0.504,False,False,0.627,moderate,0,none,False,False,False,False,False,False,False,False,2.5,shallow_well,loam,4,coastal scrub,10,,,0.0,none,False
H+51+18,51,18,10.3,749.6,open_westerly,0.5,False,False,0.637,moderate,0,none,False,False,False,False,False,False,False,False,2.5,shallow_well,loam,4,coastal scrub,10,,,0.0,none,False
H+52+18,52,18,10.29,747.9,open_westerly,0.497,False,False,0.647,moderate,0,none,False,False,False,False,False,False,False,False,2.5,shallow_well,loam,4,coastal scrub,10,,,0.0,none,False
H+53+18,53,18,10.32,735.4,open_westerly,0.493,False,False,0.657,strong,0,none,False,False,False,False,False,False,False,False,2.5,shallow_well,loam,4,coastal scrub,10,,,0.0,none,False
H+54+18,54,18,10.32,728.9,open_westerly,0.488,False,False,0.667,strong,0,none,False,False,False,False,False,False,False,False,2.5,shallow_well,loam,4,floodplain farmable,9,,,3.0,rich,False
H+55+18,55,18,10.31,737.7,open_westerly,0.484,False,False,0.676,strong,0,none,False,False,False,False,False,False,False,False,2.5,shallow_well,loam,4,floodplain farmable,9,,,3.0,rich,False
H+56+18,56,18,10.32,747.4,open_westerly,0.479,False,False,0.685,strong,0,none,False,False,False,False,False,False,False,False,2.5,shallow_well,loam,4,floodplain farmable,9,,,3.0,rich,False
H+57+18,57,18,10.27,738.1,open_westerly,0.474,False,False,0.694,strong,0,none,False,False,False,False,False,False,False,False,2.5,shallow_well,loam,4,floodplain farmable,9,,,3.0,rich,False
H+58+18,58,18,9.97,714.6,open_westerly,0.469,False,False,0.703,strong,0,none,False,False,False,False,False,False,False,False,2.5,shallow_well,loam,4,floodplain farmable,9,,,3.0,rich,False
H+59+18,59,18,10.24,706.3,open_westerly,0.463,False,False,0.712,strong,0,none,False,False,False,False,False,False,False,False,2.5,spring_line,loam,4,coastal scrub,10,,,0.0,none,False
H+60+18,60,18,10.73,789.3,ocean_westerly,0.527,False,False,0.2,maritime,1,ocean,False,False,False,False,False,False,False,False,0.0,dry,none/ocean,0,none/ocean,0,fisheries,fisheries,0.8,modest,False
H+61+18,61,18,10.76,799.5,ocean_westerly,0.52,False,False,0.2,maritime,1,ocean,False,False,False,False,False,False,False,False,0.0,dry,none/ocean,0,none/ocean,0,fisheries,fisheries,0.8,modest,False
H+62+18,62,18,10.82,810.0,ocean_westerly,0.514,False,False,0.2,maritime,1,ocean,False,False,False,False,False,False,False,False,0.0,dry,none/ocean,0,none/ocean,0,fisheries,fisheries,0.8,modest,False
H+63+18,63,18,10.89,807.9,ocean_westerly,0.507,False,False,0.2,maritime,1,ocean,False,False,False,False,False,False,False,False,0.0,dry,none/ocean,0,none/ocean,0,fisheries,fisheries,0.8,modest,False
H+64+18,64,18,10.96,775.9,ocean_westerly,0.501,False,False,0.2,maritime,1,ocean,False,False,False,False,False,False,False,False,0.0,dry,none/ocean,0,none/ocean,0,fisheries,fisheries,0.8,modest,False
H+65+18,65,18,11.01,735.6,ocean_westerly,0.494,False,False,0.2,maritime,1,ocean,False,False,False,False,False,False,False,False,0.0,dry,none/ocean,0,none/ocean,0,fisheries,fisheries,0.8,modest,False
H+66+18,66,18,11.03,712.7,ocean_westerly,0.488,False,False,0.2,maritime,1,ocean,False,False,False,False,False,False,False,False,0.0,dry,none/ocean,0,none/ocean,0,fisheries,fisheries,0.8,modest,False
H+67+18,67,18,11.03,697.0,ocean_westerly,0.481,False,False,0.2,maritime,1,ocean,False,False,False,False,False,False,False,False,0.0,dry,none/ocean,0,none/ocean,0,fisheries,fisheries,0.8,modest,False
H+68+18,68,18,11.02,680.3,ocean_westerly,0.475,False,False,0.2,maritime,1,ocean,False,False,False,False,False,False,False,False,0.0,dry,none/ocean,0,none/ocean,0,fisheries,fisheries,0.8,modest,False
H+69+18,69,18,11.01,666.0,ocean_westerly,0.468,False,False,0.2,maritime,1,ocean,False,False,False,False,False,False,False,False,0.0,dry,none/ocean,0,none/ocean,0,fisheries,fisheries,0.8,modest,False
H+70+18,70,18,11.02,648.3,ocean_westerly,0.461,False,False,0.2,maritime,1,ocean,False,False,False,False,False,False,False,False,0.0,dry,none/ocean,0,none/ocean,0,fisheries,fisheries,0.8,modest,False
H+71+18,71,18,11.04,620.1,ocean_westerly,0.455,False,False,0.2,maritime,1,ocean,False,False,False,False,False,False,False,False,0.0,dry,none/ocean,0,none/ocean,0,fisheries,fisheries,0.8,modest,False
H+72+18,72,18,11.09,603.6,ocean_westerly,0.448,False,False,0.2,maritime,1,ocean,False,False,False,False,False,False,False,False,0.0,dry,none/ocean,0,none/ocean,0,fisheries,fisheries,0.8,modest,False
H+73+18,73,18,11.15,612.0,ocean_westerly,0.442,False,False,0.2,maritime,1,ocean,False,False,False,False,False,False,False,False,0.0,dry,none/ocean,0,none/ocean,0,fisheries,fisheries,0.8,modest,False
H+74+18,74,18,11.17,562.5,open_westerly,0.378,False,False,0.811,strong,0,none,False,False,False,False,False,False,False,False,2.5,shallow_well,sandy coastal,6,coastal scrub,10,,,0.0,none,False
H+75+18,75,18,11.17,550.5,open_westerly,0.373,False,False,0.81,strong,0,none,False,False,False,False,False,False,False,False,2.5,shallow_well,sandy coastal,6,coastal scrub,10,,,0.0,none,False
H+76+18,76,18,11.16,534.6,open_westerly,0.367,False,False,0.809,strong,0,none,False,False,False,False,False,False,False,False,10.28,dry,sandy coastal,6,coastal scrub,10,,,0.0,none,False
H+77+18,77,18,11.17,519.8,open_westerly,0.361,False,False,0.808,strong,0,none,False,False,False,False,False,False,False,False,10.52,dry,sandy coastal,6,coastal scrub,10,,clay,0.0,none,False
H+78+18,78,18,11.18,512.3,open_westerly,0.356,False,False,0.807,strong,0,none,False,False,False,False,False,False,False,False,10.74,dry,sandy coastal,6,coastal scrub,10,,clay,0.0,none,False
H+79+18,79,18,11.17,507.0,open_westerly,0.35,False,False,0.806,strong,0,none,False,False,False,False,False,False,False,False,11.05,dry,sandy coastal,6,coastal scrub,10,,clay,0.0,none,False
H+00+19,0,19,11.36,754.8,open_westerly,0.8,False,False,0.646,moderate,0,none,False,False,False,False,False,False,False,False,7.29,shallow_well,sandy coastal,6,temperate forest,4,timber,timber|clay,1.5,good,False
H+01+19,1,19,11.38,755.9,open_westerly,0.794,False,False,0.637,moderate,0,none,False,False,False,False,False,False,False,False,2.5,shallow_well,sandy coastal,6,temperate forest,4,timber,timber|clay,1.5,good,False
H+02+19,2,19,11.43,758.9,open_westerly,0.789,False,False,0.629,moderate,0,none,False,False,False,False,False,False,False,False,2.5,shallow_well,sandy coastal,6,temperate forest,4,timber,timber|clay,1.5,good,False
H+03+19,3,19,11.48,763.3,open_westerly,0.783,False,False,0.62,moderate,2,river,True,False,False,False,False,False,True,False,1.5,spring_line,loam,4,coastal scrub,10,,,0.0,none,False
H+04+19,4,19,11.41,771.0,open_westerly,0.777,False,False,0.611,moderate,0,none,False,False,False,False,False,False,False,False,2.5,shallow_well,sandy coastal,6,temperate forest,4,,,1.5,good,False
H+05+19,5,19,11.27,778.2,open_westerly,0.772,False,False,0.602,moderate,0,none,False,False,False,False,False,False,False,False,7.23,shallow_well,sandy coastal,6,temperate forest,4,,,1.5,good,False
H+06+19,6,19,11.19,784.4,open_westerly,0.766,False,False,0.593,moderate,0,none,False,False,False,False,False,False,False,False,2.5,shallow_well,sandy coastal,6,temperate forest,4,,,1.5,good,False
H+07+19,7,19,11.3,782.7,open_westerly,0.76,False,False,0.584,moderate,0,none,False,False,False,False,False,False,False,False,2.5,spring_line,sandy coastal,6,temperate forest,4,,,1.5,good,False
H+08+19,8,19,11.85,852.8,ocean_westerly,0.868,False,False,0.2,maritime,1,ocean,False,False,False,False,False,False,False,False,0.0,dry,none/ocean,0,none/ocean,0,fisheries,fisheries,0.8,modest,False
H+09+19,9,19,11.86,842.7,ocean_westerly,0.861,False,False,0.2,maritime,1,ocean,False,False,False,False,False,False,False,False,0.0,dry,none/ocean,0,none/ocean,0,fisheries,fisheries,0.8,modest,False
H+10+19,10,19,11.86,828.1,ocean_westerly,0.854,False,False,0.2,maritime,1,ocean,False,False,False,False,False,False,False,False,0.0,dry,none/ocean,0,none/ocean,0,fisheries,fisheries,0.8,modest,False
H+11+19,11,19,11.84,809.2,ocean_westerly,0.848,False,False,0.2,maritime,1,ocean,False,False,False,False,False,False,False,False,0.0,dry,none/ocean,0,none/ocean,0,fisheries,fisheries,0.8,modest,False
H+12+19,12,19,11.81,790.8,ocean_westerly,0.841,False,False,0.2,maritime,1,ocean,False,False,False,False,False,False,False,False,0.0,dry,none/ocean,0,none/ocean,0,fisheries,fisheries,0.8,modest,False
H+13+19,13,19,11.77,773.7,ocean_westerly,0.835,False,False,0.2,maritime,1,ocean,False,False,False,False,False,False,False,False,0.0,dry,none/ocean,0,none/ocean,0,fisheries,fisheries,0.8,modest,False
H+14+19,14,19,11.73,754.6,ocean_westerly,0.828,False,False,0.2,maritime,1,ocean,False,False,False,False,False,False,False,False,0.0,dry,none/ocean,0,none/ocean,0,fisheries,fisheries,0.8,modest,False
H+15+19,15,19,11.68,727.3,ocean_westerly,0.822,False,False,0.2,maritime,1,ocean,False,False,False,False,False,False,False,False,0.0,dry,none/ocean,0,none/ocean,0,fisheries,fisheries,0.8,modest,False
H+16+19,16,19,11.64,708.3,ocean_westerly,0.815,False,False,0.2,maritime,1,ocean,False,False,False,False,False,False,False,False,0.0,dry,none/ocean,0,none/ocean,0,fisheries,fisheries,0.8,modest,False
H+17+19,17,19,11.6,697.2,ocean_westerly,0.809,False,False,0.2,maritime,1,ocean,False,False,False,False,False,False,False,False,0.0,dry,none/ocean,0,none/ocean,0,fisheries,fisheries,0.8,modest,False
H+18+19,18,19,10.89,629.1,open_westerly,0.697,False,False,0.475,moderate,0,none,False,False,False,False,False,False,False,False,2.5,spring_line,loam,4,grassland/pasture,5,pasture,pasture,2.0,good,False
H+19+19,19,19,10.78,637.1,open_westerly,0.692,False,False,0.463,moderate,3,major_river,True,True,False,False,False,False,True,False,1.5,spring_line,loam,4,floodplain farmable,9,fisheries,fisheries,3.5,rich,False
H+20+19,20,19,10.27,669.0,open_westerly,0.69,False,False,0.451,moderate,0,none,False,False,False,False,False,False,False,False,2.5,shallow_well,loam,4,grassland/pasture,5,pasture,pasture,2.0,good,False
H+21+19,21,19,10.24,678.5,open_westerly,0.684,False,False,0.439,moderate,0,none,False,False,False,False,False,False,False,False,6.74,shallow_well,loam,4,grassland/pasture,5,pasture,pasture,2.0,good,False
H+22+19,22,19,10.24,689.9,open_westerly,0.678,False,False,0.427,moderate,0,none,False,False,False,False,False,False,False,False,6.74,shallow_well,loam,4,grassland/pasture,5,pasture,pasture,2.0,good,False
H+23+19,23,19,10.38,694.8,open_westerly,0.669,False,False,0.416,moderate,3,major_river,True,True,False,False,False,False,True,False,1.5,spring_line,loam,4,floodplain farmable,9,fisheries,fisheries,3.5,rich,False
H+24+19,24,19,10.34,727.5,open_westerly,0.664,False,False,0.404,moderate,0,none,False,False,False,False,False,False,True,False,6.96,shallow_well,loam,4,floodplain farmable,9,,,3.0,rich,False
H+25+19,25,19,8.78,899.5,open_westerly,0.677,False,False,0.392,moderate,0,none,False,False,False,False,False,False,False,False,6.41,shallow_well,glacial till,2,temperate forest,4,,,1.5,good,False
H+26+19,26,19,7.69,1099.0,open_westerly,0.702,False,False,0.381,moderate,0,none,False,False,False,False,False,False,False,False,5.69,shallow_well,glacial till,2,temperate forest,4,,,1.5,good,False
H+27+19,27,19,6.48,1298.7,open_westerly,0.726,False,False,0.37,moderate,0,none,False,False,False,False,False,False,False,False,4.95,shallow_well,glacial till,2,temperate forest,4,,,1.5,good,False
H+28+19,28,19,6.77,642.7,calm_interior,0.695,False,False,0.366,moderate,8,salt_pan,False,False,False,False,True,False,False,False,9.11,dry,saline playa,10,salt flat sparse,11,salt_pans,salt_pans|evaporite_host,0.3,poor,True
H+29+19,29,19,6.87,623.4,calm_interior,0.683,False,False,0.374,moderate,8,salt_pan,False,False,False,False,True,False,False,False,9.16,dry,saline playa,10,salt flat sparse,11,salt_pans,salt_pans|evaporite_host,0.3,poor,True
H+30+19,30,19,6.97,582.6,calm_interior,0.668,False,False,0.382,moderate,8,salt_pan,False,False,False,False,True,False,False,False,9.24,dry,saline playa,10,salt flat sparse,11,salt_pans,salt_pans|evaporite_host,0.3,poor,True
H+31+19,31,19,7.06,529.9,calm_interior,0.651,False,True,0.592,moderate,8,salt_pan,False,False,False,False,True,False,False,False,9.37,dry,saline playa,10,salt flat sparse,11,salt_pans,salt_pans|evaporite_host,0.3,poor,True
H+32+19,32,19,7.11,480.5,calm_interior,0.633,False,True,0.602,moderate,8,salt_pan,False,False,False,False,True,False,False,False,9.54,dry,saline playa,10,salt flat sparse,11,salt_pans,salt_pans|evaporite_host,0.3,poor,True
H+33+19,33,19,7.11,433.1,calm_interior,0.614,False,True,0.613,moderate,8,salt_pan,False,False,False,False,True,False,False,False,9.86,dry,saline playa,10,salt flat sparse,11,salt_pans,salt_pans|evaporite_host,0.3,poor,True
H+34+19,34,19,7.06,406.5,calm_interior,0.598,False,True,0.624,moderate,8,salt_pan,False,False,False,False,True,False,False,False,10.11,dry,saline playa,10,salt flat sparse,11,salt_pans,salt_pans|evaporite_host,0.3,poor,True
H+35+19,35,19,7.0,385.8,calm_interior,0.582,False,True,0.636,moderate,8,salt_pan,False,False,False,False,True,False,False,False,10.3,dry,saline playa,10,salt flat sparse,11,salt_pans,salt_pans|evaporite_host,0.3,poor,True
H+36+19,36,19,6.92,368.9,calm_interior,0.566,False,True,0.648,moderate,8,salt_pan,False,False,False,False,True,False,False,False,10.43,dry,saline playa,10,salt flat sparse,11,salt_pans,salt_pans|evaporite_host,0.3,poor,True
H+37+19,37,19,6.84,359.5,calm_interior,0.55,False,True,0.661,strong,8,salt_pan,False,False,False,False,True,False,False,False,10.55,dry,saline playa,10,salt flat sparse,11,salt_pans,salt_pans|evaporite_host,0.3,poor,True
H+38+19,38,19,5.66,663.5,open_westerly,0.53,True,False,0.674,strong,0,none,False,False,False,False,False,False,False,False,9.31,dry,glacial till,2,grassland/pasture,5,pasture,pasture|stone,2.0,good,False
H+39+19,39,19,7.0,636.3,open_westerly,0.518,False,False,0.487,moderate,0,none,False,False,False,False,False,False,False,False,8.93,dry,glacial till,2,grassland/pasture,5,pasture,pasture|stone,2.0,good,False
H+40+19,40,19,8.23,720.5,open_westerly,0.54,False,False,0.5,moderate,0,none,False,False,False,False,False,False,True,False,7.98,shallow_well,loam,4,floodplain farmable,9,,,3.0,rich,False
H+41+19,41,19,10.17,712.8,open_westerly,0.539,False,False,0.513,moderate,2,river,True,False,False,False,False,False,True,False,1.5,spring_line,loam,4,floodplain farmable,9,,,3.0,rich,False
H+42+19,42,19,10.26,736.5,open_westerly,0.533,False,False,0.527,moderate,0,none,False,False,False,False,False,False,False,False,2.5,shallow_well,loam,4,floodplain farmable,9,,,3.0,rich,False
H+43+19,43,19,10.7,753.8,open_westerly,0.527,False,False,0.54,moderate,0,none,False,False,False,False,False,False,False,False,2.5,shallow_well,loam,4,coastal scrub,10,,,0.0,none,False
H+44+19,44,19,10.86,754.9,open_westerly,0.522,False,False,0.552,moderate,0,none,False,False,False,False,False,False,False,False,2.5,shallow_well,loam,4,coastal scrub,10,,,0.0,none,False
H+45+19,45,19,10.92,752.1,open_westerly,0.518,False,False,0.565,moderate,0,none,False,False,False,False,False,False,True,False,2.5,shallow_well,loam,4,coastal scrub,10,,,0.0,none,False
H+46+19,46,19,10.92,753.8,open_westerly,0.514,False,False,0.577,moderate,0,none,False,False,False,False,False,False,False,False,2.5,shallow_well,loam,4,coastal scrub,10,,,0.0,none,False
H+47+19,47,19,10.89,753.2,open_westerly,0.511,False,False,0.588,moderate,0,none,False,False,False,False,False,False,False,False,2.5,shallow_well,loam,4,coastal scrub,10,,,0.0,none,False
H+48+19,48,19,10.92,750.9,open_westerly,0.509,False,False,0.6,moderate,0,none,False,False,False,False,False,False,False,False,2.5,shallow_well,loam,4,coastal scrub,10,,,0.0,none,False
H+49+19,49,19,11.01,749.8,open_westerly,0.506,False,False,0.611,moderate,0,none,False,False,False,False,False,False,False,False,2.5,shallow_well,loam,4,coastal scrub,10,,,0.0,none,False
H+50+19,50,19,11.0,749.4,open_westerly,0.504,False,False,0.621,moderate,0,none,False,False,False,False,False,False,False,False,2.5,shallow_well,loam,4,coastal scrub,10,,,0.0,none,False
H+51+19,51,19,10.96,750.7,open_westerly,0.5,False,False,0.632,moderate,0,none,False,False,False,False,False,False,False,False,2.5,shallow_well,loam,4,coastal scrub,10,,,0.0,none,False
H+52+19,52,19,10.91,747.2,open_westerly,0.497,False,False,0.642,moderate,0,none,False,False,False,False,False,False,False,False,2.5,shallow_well,loam,4,coastal scrub,10,,,0.0,none,False
H+53+19,53,19,10.88,741.6,open_westerly,0.493,False,False,0.652,strong,0,none,False,False,False,False,False,False,False,False,2.5,shallow_well,loam,4,coastal scrub,10,,,0.0,none,False
H+54+19,54,19,10.89,740.0,open_westerly,0.488,False,False,0.662,strong,0,none,False,False,False,False,False,False,False,False,2.5,shallow_well,loam,4,coastal scrub,10,,,0.0,none,False
H+55+19,55,19,10.86,743.4,open_westerly,0.484,False,False,0.672,strong,0,none,False,False,False,False,False,False,False,False,2.5,shallow_well,loam,4,coastal scrub,10,,,0.0,none,False
H+56+19,56,19,10.83,746.5,open_westerly,0.479,False,False,0.681,strong,0,none,False,False,False,False,False,False,False,False,2.5,shallow_well,loam,4,coastal scrub,10,,,0.0,none,False
H+57+19,57,19,10.72,739.5,open_westerly,0.474,False,False,0.691,strong,0,none,False,False,False,False,False,False,False,False,2.5,shallow_well,loam,4,coastal scrub,10,,,0.0,none,False
H+58+19,58,19,10.7,721.4,open_westerly,0.469,False,False,0.7,strong,0,none,False,False,False,False,False,False,False,False,2.5,shallow_well,loam,4,coastal scrub,10,,,0.0,none,False
H+59+19,59,19,10.77,714.6,open_westerly,0.463,False,False,0.709,strong,0,none,False,False,False,False,False,False,False,False,2.5,shallow_well,loam,4,coastal scrub,10,,,0.0,none,False
H+60+19,60,19,10.96,799.9,ocean_westerly,0.527,False,False,0.2,maritime,1,ocean,False,False,False,False,False,False,False,False,0.0,dry,none/ocean,0,none/ocean,0,fisheries,fisheries,0.8,modest,False
H+61+19,61,19,11.0,809.0,ocean_westerly,0.52,False,False,0.2,maritime,1,ocean,False,False,False,False,False,False,False,False,0.0,dry,none/ocean,0,none/ocean,0,fisheries,fisheries,0.8,modest,False
H+62+19,62,19,11.07,815.6,ocean_westerly,0.514,False,False,0.2,maritime,1,ocean,False,False,False,False,False,False,False,False,0.0,dry,none/ocean,0,none/ocean,0,fisheries,fisheries,0.8,modest,False
H+63+19,63,19,11.14,811.2,ocean_westerly,0.507,False,False,0.2,maritime,1,ocean,False,False,False,False,False,False,False,False,0.0,dry,none/ocean,0,none/ocean,0,fisheries,fisheries,0.8,modest,False
H+64+19,64,19,11.22,782.8,ocean_westerly,0.501,False,False,0.2,maritime,1,ocean,False,False,False,False,False,False,False,False,0.0,dry,none/ocean,0,none/ocean,0,fisheries,fisheries,0.8,modest,False
H+65+19,65,19,11.27,747.2,ocean_westerly,0.494,False,False,0.2,maritime,1,ocean,False,False,False,False,False,False,False,False,0.0,dry,none/ocean,0,none/ocean,0,fisheries,fisheries,0.8,modest,False
H+66+19,66,19,11.29,721.0,ocean_westerly,0.488,False,False,0.2,maritime,1,ocean,False,False,False,False,False,False,False,False,0.0,dry,none/ocean,0,none/ocean,0,fisheries,fisheries,0.8,modest,False
H+67+19,67,19,11.29,695.7,ocean_westerly,0.481,False,False,0.2,maritime,1,ocean,False,False,False,False,False,False,False,False,0.0,dry,none/ocean,0,none/ocean,0,fisheries,fisheries,0.8,modest,False
H+68+19,68,19,11.27,677.5,ocean_westerly,0.475,False,False,0.2,maritime,1,ocean,False,False,False,False,False,False,False,False,0.0,dry,none/ocean,0,none/ocean,0,fisheries,fisheries,0.8,modest,False
H+69+19,69,19,11.26,664.3,ocean_westerly,0.468,False,False,0.2,maritime,1,ocean,False,False,False,False,False,False,False,False,0.0,dry,none/ocean,0,none/ocean,0,fisheries,fisheries,0.8,modest,False
H+70+19,70,19,11.26,647.7,ocean_westerly,0.461,False,False,0.2,maritime,1,ocean,False,False,False,False,False,False,False,False,0.0,dry,none/ocean,0,none/ocean,0,fisheries,fisheries,0.8,modest,False
H+71+19,71,19,11.28,627.3,ocean_westerly,0.455,False,False,0.2,maritime,1,ocean,False,False,False,False,False,False,False,False,0.0,dry,none/ocean,0,none/ocean,0,fisheries,fisheries,0.8,modest,False
H+72+19,72,19,11.34,616.6,ocean_westerly,0.448,False,False,0.2,maritime,1,ocean,False,False,False,False,False,False,False,False,0.0,dry,none/ocean,0,none/ocean,0,fisheries,fisheries,0.8,modest,False
H+73+19,73,19,11.41,620.4,ocean_westerly,0.442,False,False,0.2,maritime,1,ocean,False,False,False,False,False,False,False,False,0.0,dry,none/ocean,0,none/ocean,0,fisheries,fisheries,0.8,modest,False
H+74+19,74,19,11.42,564.7,open_westerly,0.378,False,False,0.804,strong,0,none,False,False,False,False,False,False,False,False,2.5,shallow_well,sandy coastal,6,coastal scrub,10,,,0.0,none,False
H+75+19,75,19,11.35,552.0,open_westerly,0.373,False,False,0.803,strong,0,none,False,False,False,False,False,False,False,False,2.5,shallow_well,sandy coastal,6,coastal scrub,10,,,0.0,none,False
H+76+19,76,19,11.36,535.6,open_westerly,0.367,False,False,0.802,strong,0,none,False,False,False,False,False,False,False,False,10.39,dry,sandy coastal,6,coastal scrub,10,,,0.0,none,False
H+77+19,77,19,11.41,520.7,open_westerly,0.361,False,False,0.801,strong,0,none,False,False,False,False,False,False,False,False,10.64,dry,sandy coastal,6,coastal scrub,10,,clay,0.0,none,False
H+78+19,78,19,11.42,512.6,open_westerly,0.356,False,False,0.8,strong,0,none,False,False,False,False,False,False,False,False,10.84,dry,sandy coastal,6,coastal scrub,10,,clay,0.0,none,False
H+79+19,79,19,11.42,507.3,open_westerly,0.35,False,False,0.799,strong,0,none,False,False,False,False,False,False,False,False,11.07,dry,sandy coastal,6,coastal scrub,10,,clay,0.0,none,False
H+00+20,0,20,11.68,768.6,open_westerly,0.8,False,False,0.644,moderate,0,none,False,False,False,False,False,False,False,False,6.96,shallow_well,sandy coastal,6,temperate forest,4,timber,timber|clay,1.5,good,False
H+01+20,1,20,11.76,762.3,open_westerly,0.794,False,False,0.635,moderate,0,none,False,False,False,False,False,False,False,False,2.5,shallow_well,sandy coastal,6,temperate forest,4,timber,timber|clay,1.5,good,False
H+02+20,2,20,11.8,754.6,open_westerly,0.789,False,False,0.626,moderate,2,river,True,False,False,False,False,False,True,False,1.5,spring_line,loam,4,coastal scrub,10,,clay,0.0,none,False
H+03+20,3,20,11.76,751.4,open_westerly,0.783,False,False,0.617,moderate,0,none,False,False,False,False,False,False,True,False,2.5,shallow_well,loam,4,coastal scrub,10,,,0.0,none,False
H+04+20,4,20,11.66,746.5,open_westerly,0.777,False,False,0.608,moderate,0,none,False,False,False,False,False,False,False,False,6.9,shallow_well,sandy coastal,6,temperate forest,4,,,1.5,good,False
H+05+20,5,20,11.47,751.9,open_westerly,0.772,False,False,0.599,moderate,0,none,False,False,False,False,False,False,False,False,7.13,shallow_well,sandy coastal,6,temperate forest,4,,,1.5,good,False
H+06+20,6,20,11.56,770.6,open_westerly,0.766,False,False,0.59,moderate,0,none,False,False,False,False,False,False,False,False,2.5,shallow_well,sandy coastal,6,temperate forest,4,,,1.5,good,False
H+07+20,7,20,11.66,776.0,open_westerly,0.76,False,False,0.58,moderate,0,none,False,False,False,False,False,False,False,False,2.5,spring_line,sandy coastal,6,coastal scrub,10,,,0.0,none,False
H+08+20,8,20,12.1,840.2,ocean_westerly,0.868,False,False,0.2,maritime,1,ocean,False,False,False,False,False,False,False,False,0.0,dry,none/ocean,0,none/ocean,0,fisheries,fisheries,0.8,modest,False
H+09+20,9,20,12.11,825.0,ocean_westerly,0.861,False,False,0.2,maritime,1,ocean,False,False,False,False,False,False,False,False,0.0,dry,none/ocean,0,none/ocean,0,fisheries,fisheries,0.8,modest,False
H+10+20,10,20,12.11,810.4,ocean_westerly,0.854,False,False,0.2,maritime,1,ocean,False,False,False,False,False,False,False,False,0.0,dry,none/ocean,0,none/ocean,0,fisheries,fisheries,0.8,modest,False
H+11+20,11,20,12.1,792.9,ocean_westerly,0.848,False,False,0.2,maritime,1,ocean,False,False,False,False,False,False,False,False,0.0,dry,none/ocean,0,none/ocean,0,fisheries,fisheries,0.8,modest,False
H+12+20,12,20,12.06,778.0,ocean_westerly,0.841,False,False,0.2,maritime,1,ocean,False,False,False,False,False,False,False,False,0.0,dry,none/ocean,0,none/ocean,0,fisheries,fisheries,0.8,modest,False
H+13+20,13,20,12.02,764.9,ocean_westerly,0.835,False,False,0.2,maritime,1,ocean,False,False,False,False,False,False,False,False,0.0,dry,none/ocean,0,none/ocean,0,fisheries,fisheries,0.8,modest,False
H+14+20,14,20,11.98,751.7,ocean_westerly,0.828,False,False,0.2,maritime,1,ocean,False,False,False,False,False,False,False,False,0.0,dry,none/ocean,0,none/ocean,0,fisheries,fisheries,0.8,modest,False
H+15+20,15,20,11.94,740.0,ocean_westerly,0.822,False,False,0.2,maritime,1,ocean,False,False,False,False,False,False,False,False,0.0,dry,none/ocean,0,none/ocean,0,fisheries,fisheries,0.8,modest,False
H+16+20,16,20,11.89,728.2,ocean_westerly,0.815,False,False,0.2,maritime,1,ocean,False,False,False,False,False,False,False,False,0.0,dry,none/ocean,0,none/ocean,0,fisheries,fisheries,0.8,modest,False
H+17+20,17,20,11.17,652.3,open_westerly,0.703,False,False,0.48,moderate,0,none,False,False,False,False,False,False,False,False,2.5,spring_line,loam,4,grassland/pasture,5,pasture,pasture,2.0,good,False
H+18+20,18,20,11.08,647.7,open_westerly,0.697,False,False,0.469,moderate,0,none,False,False,False,False,False,False,False,False,2.5,shallow_well,loam,4,grassland/pasture,5,pasture,pasture,2.0,good,False
H+19+20,19,20,11.06,651.2,open_westerly,0.692,False,False,0.457,moderate,3,major_river,True,True,False,False,False,False,True,False,1.5,spring_line,loam,4,floodplain farmable,9,fisheries,fisheries,3.5,rich,False
H+20+20,20,20,10.56,677.0,open_westerly,0.69,False,False,0.446,moderate,0,none,False,False,False,False,False,False,False,False,6.27,shallow_well,loam,4,grassland/pasture,5,pasture,pasture,2.0,good,False
H+21+20,21,20,10.55,682.2,open_westerly,0.684,False,False,0.434,moderate,0,none,False,False,False,False,False,False,False,False,6.15,shallow_well,loam,4,grassland/pasture,5,pasture,pasture,2.0,good,False
H+22+20,22,20,10.55,688.0,open_westerly,0.678,False,False,0.422,moderate,0,none,False,False,False,False,False,False,False,False,6.37,shallow_well,loam,4,grassland/pasture,5,pasture,pasture,2.0,good,False
H+23+20,23,20,10.69,691.5,open_westerly,0.669,False,False,0.411,moderate,3,major_river,True,True,False,False,False,False,True,False,1.5,spring_line,loam,4,floodplain farmable,9,fisheries,fisheries,3.5,rich,False
H+24+20,24,20,10.64,730.8,open_westerly,0.665,False,False,0.399,moderate,0,none,False,False,False,False,False,False,True,False,7.12,shallow_well,loam,4,floodplain farmable,9,,,3.0,rich,False
H+25+20,25,20,9.0,919.9,open_westerly,0.679,False,False,0.388,moderate,0,none,False,False,False,False,False,False,False,False,6.61,shallow_well,glacial till,2,temperate forest,4,,,1.5,good,False
H+26+20,26,20,7.97,1116.5,open_westerly,0.701,False,False,0.377,moderate,0,none,False,False,False,False,False,False,False,False,5.96,shallow_well,glacial till,2,temperate forest,4,,,1.5,good,False
H+27+20,27,20,6.76,1328.8,open_westerly,0.727,False,False,0.366,moderate,0,none,False,False,False,False,False,False,False,False,5.21,shallow_well,glacial till,2,temperate forest,4,,,1.5,good,False
H+28+20,28,20,7.05,651.5,calm_interior,0.695,False,False,0.362,moderate,0,none,False,False,False,False,False,False,False,False,9.55,dry,glacial till,2,grassland/pasture,5,pasture,pasture|evaporite_host,2.0,good,True
H+29+20,29,20,7.14,623.5,calm_interior,0.683,False,False,0.37,moderate,8,salt_pan,False,False,False,False,True,False,False,False,9.62,dry,saline playa,10,salt flat sparse,11,salt_pans,salt_pans|evaporite_host,0.3,poor,True
H+30+20,30,20,7.23,580.6,calm_interior,0.668,False,False,0.379,moderate,8,salt_pan,False,False,False,False,True,False,False,False,9.64,dry,saline playa,10,salt flat sparse,11,salt_pans,salt_pans|evaporite_host,0.3,poor,True
H+31+20,31,20,7.31,530.4,calm_interior,0.651,False,True,0.588,moderate,8,salt_pan,False,False,False,False,True,False,False,False,9.71,dry,saline playa,10,salt flat sparse,11,salt_pans,salt_pans|evaporite_host,0.3,poor,True
H+32+20,32,20,7.36,483.3,calm_interior,0.633,False,True,0.598,moderate,8,salt_pan,False,False,False,False,True,False,False,False,9.9,dry,saline playa,10,salt flat sparse,11,salt_pans,salt_pans|evaporite_host,0.3,poor,True
H+33+20,33,20,7.35,438.1,calm_interior,0.614,False,True,0.609,moderate,8,salt_pan,False,False,False,False,True,False,False,False,10.36,dry,saline playa,10,salt flat sparse,11,salt_pans,salt_pans|evaporite_host,0.3,poor,True
H+34+20,34,20,7.3,413.6,calm_interior,0.598,False,True,0.62,moderate,8,salt_pan,False,False,False,False,True,False,False,False,10.78,dry,saline playa,10,salt flat sparse,11,salt_pans,salt_pans|evaporite_host,0.3,poor,True
H+35+20,35,20,7.23,394.8,calm_interior,0.582,False,True,0.632,moderate,8,salt_pan,False,False,False,False,True,False,False,False,11.04,dry,saline playa,10,salt flat sparse,11,salt_pans,salt_pans|evaporite_host,0.3,poor,True
H+36+20,36,20,7.14,378.6,calm_interior,0.566,False,True,0.644,moderate,8,salt_pan,False,False,False,False,True,False,False,False,11.14,dry,saline playa,10,salt flat sparse,11,salt_pans,salt_pans|evaporite_host,0.3,poor,True
H+37+20,37,20,7.05,368.4,calm_interior,0.55,False,True,0.656,strong,8,salt_pan,False,False,False,False,True,False,False,False,11.22,dry,saline playa,10,salt flat sparse,11,salt_pans,salt_pans|evaporite_host,0.3,poor,True
H+38+20,38,20,6.19,669.8,open_westerly,0.531,True,False,0.669,strong,0,none,False,False,False,False,False,False,False,False,9.75,dry,glacial till,2,grassland/pasture,5,pasture,pasture|stone,2.0,good,False
H+39+20,39,20,7.54,664.7,open_westerly,0.526,False,False,0.481,moderate,0,none,False,False,False,False,False,False,False,False,9.17,dry,glacial till,2,grassland/pasture,5,pasture,pasture|stone,2.0,good,False
H+40+20,40,20,8.75,734.5,open_westerly,0.544,False,False,0.494,moderate,0,none,False,False,False,False,False,False,True,False,2.5,spring_line,loam,4,floodplain farmable,9,,,3.0,rich,False
H+41+20,41,20,9.8,751.5,open_westerly,0.54,False,False,0.507,moderate,2,river,True,False,False,False,False,False,True,False,1.5,spring_line,loam,4,floodplain farmable,9,,,3.0,rich,False
H+42+20,42,20,11.51,878.8,ocean_westerly,0.645,False,False,0.2,maritime,1,ocean,False,False,False,False,False,False,False,False,0.0,dry,none/ocean,0,none/ocean,0,fisheries,fisheries,0.8,modest,False
H+43+20,43,20,11.17,737.8,open_westerly,0.527,False,False,0.533,moderate,2,river,True,False,False,False,False,False,True,False,1.5,spring_line,loam,4,coastal scrub,10,,,0.0,none,False
H+44+20,44,20,11.16,737.5,open_westerly,0.522,False,False,0.546,moderate,0,none,False,False,False,False,False,False,False,False,2.5,shallow_well,loam,4,coastal scrub,10,,greenstone_metals,0.0,none,False
H+45+20,45,20,11.47,734.6,open_westerly,0.518,False,False,0.558,moderate,2,river,True,False,False,False,False,False,True,False,1.5,spring_line,loam,4,coastal scrub,10,,,0.0,none,False
H+46+20,46,20,11.48,886.3,ocean_westerly,0.619,False,False,0.2,maritime,1,ocean,False,False,False,False,False,False,False,False,0.0,dry,none/ocean,0,none/ocean,0,fisheries,fisheries,0.8,modest,False
H+47+20,47,20,11.45,890.9,ocean_westerly,0.612,False,False,0.2,maritime,1,ocean,False,False,False,False,False,False,False,False,0.0,dry,none/ocean,0,none/ocean,0,fisheries,fisheries,0.8,modest,False
H+48+20,48,20,11.42,882.6,ocean_westerly,0.606,False,False,0.2,maritime,1,ocean,False,False,False,False,False,False,False,False,0.0,dry,none/ocean,0,none/ocean,0,fisheries,fisheries,0.8,modest,False
H+49+20,49,20,11.38,875.2,ocean_westerly,0.599,False,False,0.2,maritime,1,ocean,False,False,False,False,False,False,False,False,0.0,dry,none/ocean,0,none/ocean,0,fisheries,fisheries,0.8,modest,False
H+50+20,50,20,11.34,865.0,ocean_westerly,0.592,False,False,0.2,maritime,1,ocean,False,False,False,False,False,False,False,False,0.0,dry,none/ocean,0,none/ocean,0,fisheries,fisheries,0.8,modest,False
H+51+20,51,20,11.31,849.5,ocean_westerly,0.586,False,False,0.2,maritime,1,ocean,False,False,False,False,False,False,False,False,0.0,dry,none/ocean,0,none/ocean,0,fisheries,fisheries,0.8,modest,False
H+52+20,52,20,11.29,838.6,ocean_westerly,0.579,False,False,0.2,maritime,1,ocean,False,False,False,False,False,False,False,False,0.0,dry,none/ocean,0,none/ocean,0,fisheries,fisheries,0.8,modest,False
H+53+20,53,20,11.28,839.2,ocean_westerly,0.573,False,False,0.2,maritime,1,ocean,False,False,False,False,False,False,False,False,0.0,dry,none/ocean,0,none/ocean,0,fisheries,fisheries,0.8,modest,False
H+54+20,54,20,11.27,841.5,ocean_westerly,0.566,False,False,0.2,maritime,1,ocean,False,False,False,False,False,False,False,False,0.0,dry,none/ocean,0,none/ocean,0,fisheries,fisheries,0.8,modest,False
H+55+20,55,20,11.26,834.9,ocean_westerly,0.56,False,False,0.2,maritime,1,ocean,False,False,False,False,False,False,False,False,0.0,dry,none/ocean,0,none/ocean,0,fisheries,fisheries,0.8,modest,False
H+56+20,56,20,11.24,827.0,ocean_westerly,0.553,False,False,0.2,maritime,1,ocean,False,False,False,False,False,False,False,False,0.0,dry,none/ocean,0,none/ocean,0,fisheries,fisheries,0.8,modest,False
H+57+20,57,20,11.21,821.9,ocean_westerly,0.547,False,False,0.2,maritime,1,ocean,False,False,False,False,False,False,False,False,0.0,dry,none/ocean,0,none/ocean,0,fisheries,fisheries,0.8,modest,False
H+58+20,58,20,11.19,809.5,ocean_westerly,0.54,False,False,0.2,maritime,1,ocean,False,False,False,False,False,False,False,False,0.0,dry,none/ocean,0,none/ocean,0,fisheries,fisheries,0.8,modest,False
H+59+20,59,20,11.18,803.8,ocean_westerly,0.534,False,False,0.2,maritime,1,ocean,False,False,False,False,False,False,False,False,0.0,dry,none/ocean,0,none/ocean,0,fisheries,fisheries,0.8,modest,False
H+60+20,60,20,11.2,816.4,ocean_westerly,0.527,False,False,0.2,maritime,1,ocean,False,False,False,False,False,False,False,False,0.0,dry,none/ocean,0,none/ocean,0,fisheries,fisheries,0.8,modest,False
H+61+20,61,20,11.25,822.2,ocean_westerly,0.52,False,False,0.2,maritime,1,ocean,False,False,False,False,False,False,False,False,0.0,dry,none/ocean,0,none/ocean,0,fisheries,fisheries,0.8,modest,False
H+62+20,62,20,11.32,821.9,ocean_westerly,0.514,False,False,0.2,maritime,1,ocean,False,False,False,False,False,False,False,False,0.0,dry,none/ocean,0,none/ocean,0,fisheries,fisheries,0.8,modest,False
H+63+20,63,20,11.4,813.8,ocean_westerly,0.507,False,False,0.2,maritime,1,ocean,False,False,False,False,False,False,False,False,0.0,dry,none/ocean,0,none/ocean,0,fisheries,fisheries,0.8,modest,False
H+64+20,64,20,11.47,790.4,ocean_westerly,0.501,False,False,0.2,maritime,1,ocean,False,False,False,False,False,False,False,False,0.0,dry,none/ocean,0,none/ocean,0,fisheries,fisheries,0.8,modest,False
H+65+20,65,20,11.53,762.0,ocean_westerly,0.494,False,False,0.2,maritime,1,ocean,False,False,False,False,False,False,False,False,0.0,dry,none/ocean,0,none/ocean,0,fisheries,fisheries,0.8,modest,False
H+66+20,66,20,11.55,732.3,ocean_westerly,0.488,False,False,0.2,maritime,1,ocean,False,False,False,False,False,False,False,False,0.0,dry,none/ocean,0,none/ocean,0,fisheries,fisheries,0.8,modest,False
H+67+20,67,20,11.54,695.4,ocean_westerly,0.481,False,False,0.2,maritime,1,ocean,False,False,False,False,False,False,False,False,0.0,dry,none/ocean,0,none/ocean,0,fisheries,fisheries,0.8,modest,False
H+68+20,68,20,11.52,676.2,ocean_westerly,0.475,False,False,0.2,maritime,1,ocean,False,False,False,False,False,False,False,False,0.0,dry,none/ocean,0,none/ocean,0,fisheries,fisheries,0.8,modest,False
H+69+20,69,20,11.5,665.2,ocean_westerly,0.468,False,False,0.2,maritime,1,ocean,False,False,False,False,False,False,False,False,0.0,dry,none/ocean,0,none/ocean,0,fisheries,fisheries,0.8,modest,False
H+70+20,70,20,11.49,651.1,ocean_westerly,0.461,False,False,0.2,maritime,1,ocean,False,False,False,False,False,False,False,False,0.0,dry,none/ocean,0,none/ocean,0,fisheries,fisheries,0.8,modest,False
H+71+20,71,20,11.51,641.6,ocean_westerly,0.455,False,False,0.2,maritime,1,ocean,False,False,False,False,False,False,False,False,0.0,dry,none/ocean,0,none/ocean,0,fisheries,fisheries,0.8,modest,False
H+72+20,72,20,11.57,638.7,ocean_westerly,0.448,False,False,0.2,maritime,1,ocean,False,False,False,False,False,False,False,False,0.0,dry,none/ocean,0,none/ocean,0,fisheries,fisheries,0.8,modest,False
H+73+20,73,20,11.64,636.5,ocean_westerly,0.442,False,False,0.2,maritime,1,ocean,False,False,False,False,False,False,False,False,0.0,dry,none/ocean,0,none/ocean,0,fisheries,fisheries,0.8,modest,False
H+74+20,74,20,11.65,572.1,open_westerly,0.378,False,False,0.797,strong,0,none,False,False,False,False,False,False,False,False,2.5,shallow_well,sandy coastal,6,coastal scrub,10,,,0.0,none,False
H+75+20,75,20,11.55,558.4,open_westerly,0.373,False,False,0.796,strong,0,none,False,False,False,False,False,False,False,False,2.5,shallow_well,sandy coastal,6,coastal scrub,10,,,0.0,none,False
H+76+20,76,20,11.56,541.2,open_westerly,0.367,False,False,0.795,strong,0,none,False,False,False,False,False,False,False,False,10.36,dry,sandy coastal,6,coastal scrub,10,,clay,0.0,none,False
H+77+20,77,20,11.64,526.3,open_westerly,0.361,False,False,0.794,strong,0,none,False,False,False,False,False,False,False,False,10.6,dry,sandy coastal,6,coastal scrub,10,,clay,0.0,none,False
H+78+20,78,20,11.66,517.7,open_westerly,0.356,False,False,0.792,strong,0,none,False,False,False,False,False,False,False,False,10.78,dry,sandy coastal,6,coastal scrub,10,,clay,0.0,none,False
H+79+20,79,20,11.65,512.8,open_westerly,0.35,False,False,0.791,strong,0,none,False,False,False,False,False,False,False,False,10.94,dry,sandy coastal,6,coastal scrub,10,,clay,0.0,none,False
H+00+21,0,21,12.08,765.4,open_westerly,0.8,False,False,0.641,moderate,0,none,False,False,False,False,False,False,False,False,6.73,shallow_well,sandy coastal,6,temperate forest,4,timber,timber|clay,1.5,good,False
H+01+21,1,21,12.13,759.1,open_westerly,0.794,False,False,0.633,moderate,2,river,True,False,False,False,False,False,True,False,1.5,spring_line,loam,4,coastal scrub,10,,,0.0,none,False
H+02+21,2,21,12.09,749.9,open_westerly,0.789,False,False,0.624,moderate,0,none,False,False,False,False,False,False,False,False,6.56,shallow_well,sandy coastal,6,coastal scrub,10,,,0.0,none,False
H+03+21,3,21,12.02,742.2,open_westerly,0.783,False,False,0.614,moderate,0,none,False,False,False,False,False,False,False,False,6.51,shallow_well,sandy coastal,6,coastal scrub,10,,,0.0,none,False
H+04+21,4,21,11.91,732.4,open_westerly,0.777,False,False,0.605,moderate,0,none,False,False,False,False,False,False,False,False,6.69,shallow_well,sandy coastal,6,temperate forest,4,,,1.5,good,False
H+05+21,5,21,11.84,733.9,open_westerly,0.772,False,False,0.596,moderate,0,none,False,False,False,False,False,False,False,False,6.95,shallow_well,sandy coastal,6,temperate forest,4,,,1.5,good,False
H+06+21,6,21,11.91,751.2,open_westerly,0.766,False,False,0.586,moderate,0,none,False,False,False,False,False,False,False,False,2.5,shallow_well,sandy coastal,6,coastal scrub,10,,,0.0,none,False
H+07+21,7,21,11.96,758.3,open_westerly,0.76,False,False,0.577,moderate,3,major_river,True,True,False,False,False,False,True,False,1.5,spring_line,loam,4,coastal scrub,10,fisheries,fisheries,0.8,modest,False
H+08+21,8,21,11.93,749.3,open_westerly,0.754,False,False,0.567,moderate,0,none,False,False,False,False,False,False,False,False,2.5,shallow_well,loam,4,coastal scrub,10,,,0.0,none,False
H+09+21,9,21,11.98,737.1,open_westerly,0.749,False,False,0.557,moderate,0,none,False,False,False,False,False,False,False,False,2.5,shallow_well,loam,4,coastal scrub,10,,,0.0,none,False
H+10+21,10,21,12.0,727.4,open_westerly,0.743,False,False,0.547,moderate,3,major_river,True,True,False,False,False,False,True,False,1.5,spring_line,loam,4,coastal scrub,10,fisheries,fisheries,0.8,modest,False
H+11+21,11,21,11.92,717.8,open_westerly,0.737,False,False,0.537,moderate,0,none,False,False,False,False,False,False,False,False,2.5,shallow_well,loam,4,coastal scrub,10,,,0.0,none,False
H+12+21,12,21,11.87,707.4,open_westerly,0.732,False,False,0.527,moderate,2,river,True,False,False,False,False,False,True,False,1.5,spring_line,loam,4,coastal scrub,10,,,0.0,none,False
H+13+21,13,21,11.78,697.1,open_westerly,0.726,False,False,0.516,moderate,0,none,False,False,False,False,False,False,False,False,2.5,shallow_well,loam,4,coastal scrub,10,,,0.0,none,False
H+14+21,14,21,11.76,688.8,open_westerly,0.72,False,False,0.506,moderate,0,none,False,False,False,False,False,False,True,False,2.5,shallow_well,loam,4,coastal scrub,10,,,0.0,none,False
H+15+21,15,21,11.67,683.1,open_westerly,0.715,False,False,0.495,moderate,2,river,True,False,False,False,False,False,True,False,1.5,spring_line,loam,4,coastal scrub,10,,,0.0,none,False
H+16+21,16,21,11.51,675.3,open_westerly,0.709,False,False,0.485,moderate,0,none,False,False,False,False,False,False,False,False,2.5,shallow_well,loam,4,grassland/pasture,5,pasture,pasture,2.0,good,False
H+17+21,17,21,11.41,667.2,open_westerly,0.703,False,False,0.474,moderate,0,none,False,False,False,False,False,False,False,False,2.5,shallow_well,loam,4,grassland/pasture,5,pasture,pasture,2.0,good,False
H+18+21,18,21,11.34,663.2,open_westerly,0.697,False,False,0.463,moderate,0,none,False,False,False,False,False,False,False,False,6.44,shallow_well,loam,4,grassland/pasture,5,pasture,pasture,2.0,good,False
H+19+21,19,21,11.32,663.3,open_westerly,0.692,False,False,0.451,moderate,3,major_river,True,True,False,False,False,False,True,False,1.5,spring_line,loam,4,floodplain farmable,9,fisheries,fisheries,3.5,rich,False
H+20+21,20,21,10.85,683.8,open_westerly,0.69,False,False,0.44,moderate,0,none,False,False,False,False,False,False,False,False,6.03,shallow_well,loam,4,grassland/pasture,5,pasture,pasture,2.0,good,False
H+21+21,21,21,10.85,684.6,open_westerly,0.684,False,False,0.429,moderate,0,none,False,False,False,False,False,False,False,False,5.97,shallow_well,loam,4,grassland/pasture,5,pasture,pasture,2.0,good,False
H+22+21,22,21,10.85,685.4,open_westerly,0.679,False,False,0.417,moderate,0,none,False,False,False,False,False,False,False,False,6.33,shallow_well,loam,4,grassland/pasture,5,pasture,pasture,2.0,good,False
H+23+21,23,21,10.99,686.5,open_westerly,0.669,False,False,0.406,moderate,3,major_river,True,True,False,False,False,False,True,False,1.5,spring_line,loam,4,floodplain farmable,9,fisheries,fisheries,3.5,rich,False
H+24+21,24,21,10.93,728.9,open_westerly,0.665,False,False,0.395,moderate,0,none,False,False,False,False,False,False,True,False,7.41,shallow_well,loam,4,floodplain farmable,9,,,3.0,rich,False
H+25+21,25,21,10.15,876.9,open_westerly,0.679,False,False,0.384,moderate,0,none,False,False,False,False,False,False,False,False,7.25,shallow_well,loam,4,floodplain farmable,9,,,3.0,rich,False
H+26+21,26,21,9.11,1069.8,open_westerly,0.701,False,False,0.373,moderate,0,none,False,False,False,False,False,False,False,False,6.68,shallow_well,loam,4,floodplain farmable,9,,,3.0,rich,False
H+27+21,27,21,7.89,1275.7,open_westerly,0.727,False,False,0.363,moderate,0,none,False,False,False,False,False,False,False,False,6.02,shallow_well,loam,4,temperate forest,4,,limestone_karst,1.5,good,False
H+28+21,28,21,8.18,623.9,calm_interior,0.695,False,False,0.359,moderate,8,salt_pan,False,False,False,False,True,False,False,False,10.2,dry,saline playa,10,salt flat sparse,11,salt_pans,salt_pans|evaporite_host,0.3,poor,True
H+29+21,29,21,7.41,624.8,calm_interior,0.683,False,False,0.367,moderate,8,salt_pan,False,False,False,False,True,False,False,False,10.06,dry,saline playa,10,salt flat sparse,11,salt_pans,salt_pans|evaporite_host,0.3,poor,True
H+30+21,30,21,7.49,578.8,calm_interior,0.668,False,False,0.376,moderate,8,salt_pan,False,False,False,False,True,False,False,False,10.08,dry,saline playa,10,salt flat sparse,11,salt_pans,salt_pans|evaporite_host,0.3,poor,True
H+31+21,31,21,7.56,528.5,calm_interior,0.651,False,True,0.585,moderate,8,salt_pan,False,False,False,False,True,False,False,False,10.12,dry,saline playa,10,salt flat sparse,11,salt_pans,salt_pans|evaporite_host,0.3,poor,True
H+32+21,32,21,7.6,483.5,calm_interior,0.633,False,True,0.595,moderate,8,salt_pan,False,False,False,False,True,False,False,False,10.31,dry,saline playa,10,salt flat sparse,11,salt_pans,salt_pans|evaporite_host,0.3,poor,True
H+33+21,33,21,7.59,438.4,calm_interior,0.614,False,True,0.605,moderate,8,salt_pan,False,False,False,False,True,False,False,False,10.84,dry,saline playa,10,salt flat sparse,11,salt_pans,salt_pans|evaporite_host,0.3,poor,True
H+34+21,34,21,7.54,415.4,calm_interior,0.598,False,True,0.616,moderate,8,salt_pan,False,False,False,False,True,False,False,False,11.34,dry,saline playa,10,salt flat sparse,11,salt_pans,salt_pans|evaporite_host,0.3,poor,True
H+35+21,35,21,7.46,400.0,calm_interior,0.582,False,True,0.627,moderate,8,salt_pan,False,False,False,False,True,False,False,False,11.62,dry,saline playa,10,salt flat sparse,11,salt_pans,salt_pans|evaporite_host,0.3,poor,True
H+36+21,36,21,7.37,385.6,calm_interior,0.566,False,True,0.639,moderate,8,salt_pan,False,False,False,False,True,False,False,False,11.7,dry,saline playa,10,salt flat sparse,11,salt_pans,salt_pans|evaporite_host,0.3,poor,True
H+37+21,37,21,7.27,373.4,calm_interior,0.55,False,True,0.651,strong,8,salt_pan,False,False,False,False,True,False,False,False,11.76,dry,saline playa,10,salt flat sparse,11,salt_pans,salt_pans|evaporite_host,0.3,poor,True
H+38+21,38,21,6.64,669.1,open_westerly,0.532,False,False,0.463,moderate,0,none,False,False,False,False,False,False,False,False,10.17,dry,glacial till,2,grassland/pasture,5,pasture,pasture|stone|limestone_karst,2.0,good,False
H+39+21,39,21,7.75,602.7,open_westerly,0.514,True,False,0.676,strong,0,none,False,False,False,False,False,False,False,False,10.61,dry,loam,4,grassland/pasture,5,pasture,pasture|stone,2.0,good,False
H+40+21,40,21,8.96,648.7,open_westerly,0.525,False,False,0.488,moderate,0,none,False,False,False,False,False,False,False,False,2.5,spring_line,loam,4,grassland/pasture,5,pasture,pasture,2.0,good,False
H+41+21,41,21,10.09,700.4,open_westerly,0.537,False,False,0.501,moderate,0,none,False,False,False,False,False,False,False,False,2.5,spring_line,loam,4,floodplain farmable,9,,,3.0,rich,False
H+42+21,42,21,10.99,713.1,open_westerly,0.533,False,False,0.514,moderate,0,none,False,False,False,False,False,False,False,False,2.5,spring_line,loam,4,floodplain farmable,9,,,3.0,rich,False
H+43+21,43,21,11.44,718.8,open_westerly,0.527,False,False,0.526,moderate,2,river,True,False,False,False,False,False,True,False,1.5,spring_line,loam,4,coastal scrub,10,,,0.0,none,False
H+44+21,44,21,11.15,715.3,open_westerly,0.522,False,False,0.539,moderate,0,none,False,False,False,False,False,False,False,False,2.5,shallow_well,loam,4,floodplain farmable,9,,,3.0,rich,False
H+45+21,45,21,11.15,711.4,open_westerly,0.518,False,False,0.551,moderate,0,none,False,False,False,False,False,False,False,False,2.5,shallow_well,loam,4,floodplain farmable,9,,,3.0,rich,False
H+46+21,46,21,11.16,718.5,open_westerly,0.514,False,False,0.563,moderate,0,none,False,False,False,False,False,False,False,False,2.5,shallow_well,loam,4,floodplain farmable,9,,,3.0,rich,False
H+47+21,47,21,11.15,729.3,open_westerly,0.511,False,False,0.575,moderate,0,none,False,False,False,False,False,False,False,False,2.5,shallow_well,loam,4,floodplain farmable,9,,,3.0,rich,False
H+48+21,48,21,11.13,738.2,open_westerly,0.509,False,False,0.587,moderate,0,none,False,False,False,False,False,False,False,False,2.5,shallow_well,loam,4,floodplain farmable,9,,,3.0,rich,False
H+49+21,49,21,11.1,747.3,open_westerly,0.506,False,False,0.599,moderate,0,none,False,False,False,False,False,False,False,False,2.5,shallow_well,loam,4,floodplain farmable,9,,,3.0,rich,False
H+50+21,50,21,11.05,747.8,open_westerly,0.504,False,False,0.61,moderate,0,none,False,False,False,False,False,False,False,False,2.5,shallow_well,loam,4,floodplain farmable,9,,,3.0,rich,False
H+51+21,51,21,11.0,742.6,open_westerly,0.5,False,False,0.621,moderate,0,none,False,False,False,False,False,False,False,False,2.5,shallow_well,loam,4,floodplain farmable,9,,,3.0,rich,False
H+52+21,52,21,10.95,741.5,open_westerly,0.497,False,False,0.632,moderate,0,none,False,False,False,False,False,False,False,False,2.5,shallow_well,loam,4,floodplain farmable,9,,,3.0,rich,False
H+53+21,53,21,10.9,748.6,open_westerly,0.493,False,False,0.643,moderate,0,none,False,False,False,False,False,False,False,False,2.5,shallow_well,loam,4,floodplain farmable,9,,,3.0,rich,False
H+54+21,54,21,10.86,754.7,open_westerly,0.488,False,False,0.653,strong,0,none,False,False,False,False,False,False,False,False,2.5,spring_line,loam,4,floodplain farmable,9,,,3.0,rich,False
H+55+21,55,21,11.48,834.1,ocean_westerly,0.56,False,False,0.2,maritime,1,ocean,False,False,False,False,False,False,False,False,0.0,dry,none/ocean,0,none/ocean,0,fisheries,fisheries,0.8,modest,False
H+56+21,56,21,11.46,826.7,ocean_westerly,0.553,False,False,0.2,maritime,1,ocean,False,False,False,False,False,False,False,False,0.0,dry,none/ocean,0,none/ocean,0,fisheries,fisheries,0.8,modest,False
H+57+21,57,21,11.44,825.1,ocean_westerly,0.547,False,False,0.2,maritime,1,ocean,False,False,False,False,False,False,False,False,0.0,dry,none/ocean,0,none/ocean,0,fisheries,fisheries,0.8,modest,False
H+58+21,58,21,11.42,817.4,ocean_westerly,0.54,False,False,0.2,maritime,1,ocean,False,False,False,False,False,False,False,False,0.0,dry,none/ocean,0,none/ocean,0,fisheries,fisheries,0.8,modest,False
H+59+21,59,21,11.41,813.4,ocean_westerly,0.534,False,False,0.2,maritime,1,ocean,False,False,False,False,False,False,False,False,0.0,dry,none/ocean,0,none/ocean,0,fisheries,fisheries,0.8,modest,False
H+60+21,60,21,11.44,824.8,ocean_westerly,0.527,False,False,0.2,maritime,1,ocean,False,False,False,False,False,False,False,False,0.0,dry,none/ocean,0,none/ocean,0,fisheries,fisheries,0.8,modest,False
H+61+21,61,21,11.5,826.1,ocean_westerly,0.52,False,False,0.2,maritime,1,ocean,False,False,False,False,False,False,False,False,0.0,dry,none/ocean,0,none/ocean,0,fisheries,fisheries,0.8,modest,False
H+62+21,62,21,11.57,818.3,ocean_westerly,0.514,False,False,0.2,maritime,1,ocean,False,False,False,False,False,False,False,False,0.0,dry,none/ocean,0,none/ocean,0,fisheries,fisheries,0.8,modest,False
H+63+21,63,21,11.65,806.4,ocean_westerly,0.507,False,False,0.2,maritime,1,ocean,False,False,False,False,False,False,False,False,0.0,dry,none/ocean,0,none/ocean,0,fisheries,fisheries,0.8,modest,False
H+64+21,64,21,11.72,786.1,ocean_westerly,0.501,False,False,0.2,maritime,1,ocean,False,False,False,False,False,False,False,False,0.0,dry,none/ocean,0,none/ocean,0,fisheries,fisheries,0.8,modest,False
H+65+21,65,21,11.78,762.4,ocean_westerly,0.494,False,False,0.2,maritime,1,ocean,False,False,False,False,False,False,False,False,0.0,dry,none/ocean,0,none/ocean,0,fisheries,fisheries,0.8,modest,False
H+66+21,66,21,11.8,736.3,ocean_westerly,0.488,False,False,0.2,maritime,1,ocean,False,False,False,False,False,False,False,False,0.0,dry,none/ocean,0,none/ocean,0,fisheries,fisheries,0.8,modest,False
H+67+21,67,21,11.78,703.8,ocean_westerly,0.481,False,False,0.2,maritime,1,ocean,False,False,False,False,False,False,False,False,0.0,dry,none/ocean,0,none/ocean,0,fisheries,fisheries,0.8,modest,False
H+68+21,68,21,11.76,687.1,ocean_westerly,0.475,False,False,0.2,maritime,1,ocean,False,False,False,False,False,False,False,False,0.0,dry,none/ocean,0,none/ocean,0,fisheries,fisheries,0.8,modest,False
H+69+21,69,21,11.73,677.6,ocean_westerly,0.468,False,False,0.2,maritime,1,ocean,False,False,False,False,False,False,False,False,0.0,dry,none/ocean,0,none/ocean,0,fisheries,fisheries,0.8,modest,False
H+70+21,70,21,11.72,665.6,ocean_westerly,0.461,False,False,0.2,maritime,1,ocean,False,False,False,False,False,False,False,False,0.0,dry,none/ocean,0,none/ocean,0,fisheries,fisheries,0.8,modest,False
H+71+21,71,21,11.74,659.5,ocean_westerly,0.455,False,False,0.2,maritime,1,ocean,False,False,False,False,False,False,False,False,0.0,dry,none/ocean,0,none/ocean,0,fisheries,fisheries,0.8,modest,False
H+72+21,72,21,11.8,658.5,ocean_westerly,0.448,False,False,0.2,maritime,1,ocean,False,False,False,False,False,False,False,False,0.0,dry,none/ocean,0,none/ocean,0,fisheries,fisheries,0.8,modest,False
H+73+21,73,21,11.87,653.6,ocean_westerly,0.442,False,False,0.2,maritime,1,ocean,False,False,False,False,False,False,False,False,0.0,dry,none/ocean,0,none/ocean,0,fisheries,fisheries,0.8,modest,False
H+74+21,74,21,11.86,584.2,open_westerly,0.378,False,False,0.789,strong,0,none,False,False,False,False,False,False,False,False,2.5,shallow_well,sandy coastal,6,coastal scrub,10,,,0.0,none,False
H+75+21,75,21,11.86,570.0,open_westerly,0.373,False,False,0.789,strong,0,none,False,False,False,False,False,False,False,False,2.5,shallow_well,sandy coastal,6,coastal scrub,10,,clay,0.0,none,False
H+76+21,76,21,11.87,552.6,open_westerly,0.367,False,False,0.788,strong,0,none,False,False,False,False,False,False,False,False,10.12,dry,sandy coastal,6,coastal scrub,10,,clay,0.0,none,False
H+77+21,77,21,11.93,538.4,open_westerly,0.361,False,False,0.786,strong,0,none,False,False,False,False,False,False,False,False,10.39,dry,sandy coastal,6,coastal scrub,10,,clay,0.0,none,False
H+78+21,78,21,11.93,530.7,open_westerly,0.356,False,False,0.785,strong,0,none,False,False,False,False,False,False,False,False,10.57,dry,sandy coastal,6,coastal scrub,10,,clay,0.0,none,False
H+79+21,79,21,11.88,526.9,open_westerly,0.35,False,False,0.783,strong,0,none,False,False,False,False,False,False,False,False,10.73,dry,sandy coastal,6,coastal scrub,10,,clay,0.0,none,False
H+00+22,0,22,12.42,761.1,open_westerly,0.8,False,False,0.639,moderate,0,none,False,False,False,False,False,False,False,False,6.36,shallow_well,sandy coastal,6,coastal scrub,10,,clay,0.0,none,False
H+01+22,1,22,12.4,757.7,open_westerly,0.794,False,False,0.63,moderate,0,none,False,False,False,False,False,False,False,False,6.36,shallow_well,sandy coastal,6,coastal scrub,10,,,0.0,none,False
H+02+22,2,22,12.35,750.5,open_westerly,0.789,False,False,0.621,moderate,0,none,False,False,False,False,False,False,False,False,6.37,shallow_well,sandy coastal,6,coastal scrub,10,,,0.0,none,False
H+03+22,3,22,12.28,738.8,open_westerly,0.783,False,False,0.611,moderate,0,none,False,False,False,False,False,False,False,False,6.46,shallow_well,sandy coastal,6,coastal scrub,10,,,0.0,none,False
H+04+22,4,22,12.15,724.3,open_westerly,0.777,False,False,0.602,moderate,0,none,False,False,False,False,False,False,False,False,6.69,shallow_well,sandy coastal,6,temperate forest,4,timber,timber|clay,1.5,good,False
H+05+22,5,22,12.19,720.5,open_westerly,0.772,False,False,0.592,moderate,0,none,False,False,False,False,False,False,False,False,6.83,shallow_well,sandy coastal,6,coastal scrub,10,,,0.0,none,False
H+06+22,6,22,12.22,730.5,open_westerly,0.766,False,False,0.582,moderate,2,river,True,False,False,False,False,False,True,False,1.5,spring_line,loam,4,coastal scrub,10,,,0.0,none,False
H+07+22,7,22,12.17,735.5,open_westerly,0.76,False,False,0.572,moderate,0,none,False,False,False,False,False,False,False,False,2.5,shallow_well,loam,4,coastal scrub,10,,,0.0,none,False
H+08+22,8,22,12.18,729.8,open_westerly,0.754,False,False,0.562,moderate,0,none,False,False,False,False,False,False,False,False,2.5,shallow_well,loam,4,coastal scrub,10,,,0.0,none,False
H+09+22,9,22,12.2,719.7,open_westerly,0.749,False,False,0.552,moderate,2,river,True,False,False,False,False,False,True,False,1.5,spring_line,loam,4,coastal scrub,10,,,0.0,none,False
H+10+22,10,22,12.2,717.1,open_westerly,0.743,False,False,0.542,moderate,0,none,False,False,False,False,False,False,True,False,2.5,shallow_well,loam,4,coastal scrub,10,,,0.0,none,False
H+11+22,11,22,12.14,718.8,open_westerly,0.737,False,False,0.531,moderate,0,none,False,False,False,False,False,False,False,False,2.5,shallow_well,loam,4,coastal scrub,10,,,0.0,none,False
H+12+22,12,22,12.08,710.3,open_westerly,0.732,False,False,0.521,moderate,2,river,True,False,False,False,False,False,True,False,1.5,spring_line,loam,4,coastal scrub,10,,,0.0,none,False
H+13+22,13,22,12.02,697.8,open_westerly,0.726,False,False,0.51,moderate,0,none,False,False,False,False,False,False,False,False,2.5,shallow_well,loam,4,coastal scrub,10,,,0.0,none,False
H+14+22,14,22,11.96,693.3,open_westerly,0.72,False,False,0.5,moderate,0,none,False,False,False,False,False,False,True,False,2.5,shallow_well,loam,4,floodplain farmable,9,,,3.0,rich,False
H+15+22,15,22,11.86,694.1,open_westerly,0.715,False,False,0.489,moderate,2,river,True,False,False,False,False,False,True,False,1.5,spring_line,loam,4,floodplain farmable,9,,,3.0,rich,False
H+16+22,16,22,11.76,690.5,open_westerly,0.709,False,False,0.478,moderate,0,none,False,False,False,False,False,False,False,False,2.5,shallow_well,loam,4,grassland/pasture,5,pasture,pasture|greenstone_metals,2.0,good,False
H+17+22,17,22,11.64,685.1,open_westerly,0.703,False,False,0.467,moderate,0,none,False,False,False,False,False,False,False,False,6.54,shallow_well,loam,4,grassland/pasture,5,pasture,pasture,2.0,good,False
H+18+22,18,22,11.59,682.4,open_westerly,0.697,False,False,0.456,moderate,0,none,False,False,False,False,False,False,False,False,6.37,shallow_well,loam,4,grassland/pasture,5,pasture,pasture,2.0,good,False
H+19+22,19,22,11.58,676.4,open_westerly,0.692,False,False,0.445,moderate,3,major_river,True,True,False,False,False,False,True,False,1.5,spring_line,loam,4,floodplain farmable,9,fisheries,fisheries,3.5,rich,False
H+20+22,20,22,11.11,688.0,open_westerly,0.69,False,False,0.434,moderate,0,none,False,False,False,False,False,False,False,False,6.27,shallow_well,loam,4,grassland/pasture,5,pasture,pasture,2.0,good,False
H+21+22,21,22,11.11,683.6,open_westerly,0.684,False,False,0.423,moderate,0,none,False,False,False,False,False,False,False,False,6.32,shallow_well,loam,4,grassland/pasture,5,pasture,pasture,2.0,good,False
H+22+22,22,22,11.13,677.8,open_westerly,0.679,False,False,0.412,moderate,0,none,False,False,False,False,False,False,False,False,6.72,shallow_well,loam,4,grassland/pasture,5,pasture,pasture,2.0,good,False
H+23+22,23,22,11.26,675.9,open_westerly,0.67,False,False,0.401,moderate,3,major_river,True,True,False,False,False,False,True,False,1.5,spring_line,loam,4,floodplain farmable,9,fisheries,fisheries|greenstone_metals,3.5,rich,False
H+24+22,24,22,11.19,720.7,open_westerly,0.665,False,False,0.39,moderate,0,none,False,False,False,False,False,False,True,False,7.68,shallow_well,loam,4,floodplain farmable,9,,,3.0,rich,False
H+25+22,25,22,10.41,870.7,open_westerly,0.679,False,False,0.38,moderate,0,none,False,False,False,False,False,False,False,False,7.53,shallow_well,loam,4,floodplain farmable,9,,,3.0,rich,False
H+26+22,26,22,9.36,1064.9,open_westerly,0.702,False,False,0.369,moderate,0,none,False,False,False,False,False,False,False,False,7.05,shallow_well,loam,4,floodplain farmable,9,,,3.0,rich,False
H+27+22,27,22,8.14,1271.2,open_westerly,0.727,False,False,0.359,moderate,0,none,False,False,False,False,False,False,False,False,6.48,shallow_well,loam,4,temperate forest,4,,,1.5,good,False
H+28+22,28,22,7.59,653.5,calm_interior,0.695,False,False,0.356,moderate,0,none,False,False,False,False,False,False,False,False,10.48,dry,glacial till,2,grassland/pasture,5,pasture,pasture|evaporite_host,2.0,good,True
H+29+22,29,22,7.67,623.1,calm_interior,0.683,False,False,0.364,moderate,8,salt_pan,False,False,False,False,True,False,False,False,10.58,dry,saline playa,10,salt flat sparse,11,salt_pans,salt_pans|evaporite_host,0.3,poor,True
H+30+22,30,22,7.75,576.7,calm_interior,0.668,False,True,0.573,moderate,8,salt_pan,False,False,False,False,True,False,False,False,10.65,dry,saline playa,10,salt flat sparse,11,salt_pans,salt_pans|evaporite_host,0.3,poor,True
H+31+22,31,22,7.82,528.2,calm_interior,0.651,False,True,0.582,moderate,8,salt_pan,False,False,False,False,True,False,False,False,10.73,dry,saline playa,10,salt flat sparse,11,salt_pans,salt_pans|evaporite_host,0.3,poor,True
H+32+22,32,22,7.85,485.0,calm_interior,0.633,False,True,0.591,moderate,8,salt_pan,False,False,False,False,True,False,False,False,10.9,dry,saline playa,10,salt flat sparse,11,salt_pans,salt_pans|evaporite_host,0.3,poor,True
H+33+22,33,22,7.84,435.9,calm_interior,0.614,False,True,0.602,moderate,8,salt_pan,False,False,False,False,True,False,False,False,11.39,dry,saline playa,10,salt flat sparse,11,salt_pans,salt_pans|evaporite_host,0.3,poor,True
H+34+22,34,22,7.79,413.4,calm_interior,0.598,False,True,0.612,moderate,8,salt_pan,False,False,False,False,True,False,False,False,11.8,dry,saline playa,10,salt flat sparse,11,salt_pans,salt_pans|evaporite_host,0.3,poor,True
H+35+22,35,22,7.71,403.6,calm_interior,0.582,False,True,0.623,moderate,8,salt_pan,False,False,False,False,True,False,False,False,12.0,dry,saline playa,10,salt flat sparse,11,salt_pans,salt_pans|evaporite_host,0.3,poor,True
H+36+22,36,22,7.61,392.2,calm_interior,0.566,False,True,0.634,moderate,8,salt_pan,False,False,False,False,True,False,False,False,12.06,dry,saline playa,10,salt flat sparse,11,salt_pans,salt_pans|evaporite_host,0.3,poor,True
H+37+22,37,22,7.52,377.1,calm_interior,0.55,False,True,0.646,moderate,8,salt_pan,False,False,False,False,True,False,False,False,12.15,dry,saline playa,10,salt flat sparse,11,salt_pans,salt_pans|evaporite_host,0.3,poor,True
H+38+22,38,22,7.43,364.5,calm_interior,0.535,False,True,0.658,strong,8,salt_pan,False,False,False,False,True,False,False,False,12.3,dry,saline playa,10,salt flat sparse,11,salt_pans,salt_pans|evaporite_host,0.3,poor,True
H+39+22,39,22,8.02,615.6,open_westerly,0.519,True,False,0.67,strong,0,none,False,False,False,False,False,False,False,False,10.91,dry,loam,4,grassland/pasture,5,pasture,pasture|stone,2.0,good,False
H+40+22,40,22,9.23,647.3,open_westerly,0.526,False,False,0.482,moderate,0,none,False,False,False,False,False,False,False,False,2.5,spring_line,loam,4,grassland/pasture,5,pasture,pasture,2.0,good,False
H+41+22,41,22,10.31,691.9,open_westerly,0.537,False,False,0.495,moderate,0,none,False,False,False,False,False,False,False,False,2.5,spring_line,loam,4,grassland/pasture,5,pasture,pasture,2.0,good,False
H+42+22,42,22,11.24,699.6,open_westerly,0.533,False,False,0.507,moderate,0,none,False,False,False,False,False,False,False,False,2.5,spring_line,loam,4,grassland/pasture,5,pasture,pasture,2.0,good,False
H+43+22,43,22,11.43,700.2,open_westerly,0.527,False,False,0.52,moderate,2,river,True,False,False,False,False,False,True,False,1.5,spring_line,loam,4,floodplain farmable,9,,,3.0,rich,False
H+44+22,44,22,11.42,694.3,open_westerly,0.522,False,False,0.532,moderate,0,none,False,False,False,False,False,False,False,False,2.5,spring_line,loam,4,grassland/pasture,5,pasture,pasture,2.0,good,False
H+45+22,45,22,8.23,397.7,open_westerly,0.509,True,True,0.744,strong,6,wetland,False,False,False,False,False,True,False,False,0.8,marsh,peat/wetland,9,wetland/marsh,8,,peat|evaporite_host,1.2,modest,True
H+46+22,46,22,8.23,331.9,open_westerly,0.478,True,True,0.757,strong,6,wetland,False,False,False,False,False,True,False,False,0.8,marsh,peat/wetland,9,wetland/marsh,8,,clay|peat|evaporite_host,1.2,modest,True
H+47+22,47,22,8.22,339.1,open_westerly,0.478,False,True,0.769,strong,6,wetland,False,False,False,False,False,True,False,False,0.8,marsh,peat/wetland,9,wetland/marsh,8,,peat|evaporite_host,1.2,modest,True
H+48+22,48,22,8.2,354.5,calm_interior,0.482,False,True,0.781,strong,6,wetland,False,False,False,False,False,True,False,False,0.8,marsh,peat/wetland,9,wetland/marsh,8,,peat|evaporite_host,1.2,modest,True
H+49+22,49,22,8.17,371.4,calm_interior,0.485,False,True,0.792,strong,6,wetland,False,False,False,False,False,True,False,False,0.8,marsh,peat/wetland,9,wetland/marsh,8,,peat|evaporite_host,1.2,modest,True
H+50+22,50,22,8.12,379.4,calm_interior,0.487,False,True,0.804,strong,6,wetland,False,False,False,False,False,True,False,False,0.8,marsh,peat/wetland,9,wetland/marsh,8,,peat|evaporite_host,1.2,modest,True
H+51+22,51,22,8.06,383.1,calm_interior,0.487,False,True,0.815,strong,6,wetland,False,False,False,False,False,True,False,False,0.8,marsh,peat/wetland,9,wetland/marsh,8,,peat|evaporite_host,1.2,modest,True
H+52+22,52,22,8.01,388.3,calm_interior,0.487,False,True,0.827,strong,6,wetland,False,False,False,False,False,True,False,False,0.8,marsh,peat/wetland,9,wetland/marsh,8,,peat|evaporite_host,1.2,modest,True
H+53+22,53,22,7.95,395.2,calm_interior,0.485,False,True,0.838,strong,6,wetland,False,False,False,False,False,True,False,False,0.8,marsh,peat/wetland,9,wetland/marsh,8,,peat|evaporite_host,1.2,modest,True
H+54+22,54,22,11.14,740.2,open_westerly,0.488,False,False,0.648,moderate,0,none,False,False,False,False,False,False,False,False,2.5,spring_line,loam,4,floodplain farmable,9,,,3.0,rich,False
H+55+22,55,22,11.1,735.8,open_westerly,0.484,False,False,0.659,strong,0,none,False,False,False,False,False,False,False,False,2.5,shallow_well,loam,4,floodplain farmable,9,,,3.0,rich,False
H+56+22,56,22,11.07,730.8,open_westerly,0.479,False,False,0.669,strong,0,none,False,False,False,False,False,False,False,False,2.5,shallow_well,loam,4,floodplain farmable,9,,,3.0,rich,False
H+57+22,57,22,11.03,734.7,open_westerly,0.474,False,False,0.679,strong,0,none,False,False,False,False,False,False,False,False,2.5,spring_line,loam,4,floodplain farmable,9,,,3.0,rich,False
H+58+22,58,22,11.66,811.6,ocean_westerly,0.54,False,False,0.2,maritime,1,ocean,False,False,False,False,False,False,False,False,0.0,dry,none/ocean,0,none/ocean,0,fisheries,fisheries,0.8,modest,False
H+59+22,59,22,11.66,810.6,ocean_westerly,0.534,False,False,0.2,maritime,1,ocean,False,False,False,False,False,False,False,False,0.0,dry,none/ocean,0,none/ocean,0,fisheries,fisheries,0.8,modest,False
H+60+22,60,22,11.68,824.0,ocean_westerly,0.527,False,False,0.2,maritime,1,ocean,False,False,False,False,False,False,False,False,0.0,dry,none/ocean,0,none/ocean,0,fisheries,fisheries,0.8,modest,False
H+61+22,61,22,11.75,823.6,ocean_westerly,0.52,False,False,0.2,maritime,1,ocean,False,False,False,False,False,False,False,False,0.0,dry,none/ocean,0,none/ocean,0,fisheries,fisheries,0.8,modest,False
H+62+22,62,22,11.82,806.7,ocean_westerly,0.514,False,False,0.2,maritime,1,ocean,False,False,False,False,False,False,False,False,0.0,dry,none/ocean,0,none/ocean,0,fisheries,fisheries,0.8,modest,False
H+63+22,63,22,11.9,788.9,ocean_westerly,0.507,False,False,0.2,maritime,1,ocean,False,False,False,False,False,False,False,False,0.0,dry,none/ocean,0,none/ocean,0,fisheries,fisheries,0.8,modest,False
H+64+22,64,22,11.98,774.0,ocean_westerly,0.501,False,False,0.2,maritime,1,ocean,False,False,False,False,False,False,False,False,0.0,dry,none/ocean,0,none/ocean,0,fisheries,fisheries,0.8,modest,False
H+65+22,65,22,12.03,757.7,ocean_westerly,0.494,False,False,0.2,maritime,1,ocean,False,False,False,False,False,False,False,False,0.0,dry,none/ocean,0,none/ocean,0,fisheries,fisheries,0.8,modest,False
H+66+22,66,22,12.05,737.5,ocean_westerly,0.488,False,False,0.2,maritime,1,ocean,False,False,False,False,False,False,False,False,0.0,dry,none/ocean,0,none/ocean,0,fisheries,fisheries,0.8,modest,False
H+67+22,67,22,12.03,714.2,ocean_westerly,0.481,False,False,0.2,maritime,1,ocean,False,False,False,False,False,False,False,False,0.0,dry,none/ocean,0,none/ocean,0,fisheries,fisheries,0.8,modest,False
H+68+22,68,22,12.0,701.1,ocean_westerly,0.475,False,False,0.2,maritime,1,ocean,False,False,False,False,False,False,False,False,0.0,dry,none/ocean,0,none/ocean,0,fisheries,fisheries,0.8,modest,False
H+69+22,69,22,11.97,692.1,ocean_westerly,0.468,False,False,0.2,maritime,1,ocean,False,False,False,False,False,False,False,False,0.0,dry,none/ocean,0,none/ocean,0,fisheries,fisheries,0.8,modest,False
H+70+22,70,22,11.96,681.7,ocean_westerly,0.461,False,False,0.2,maritime,1,ocean,False,False,False,False,False,False,False,False,0.0,dry,none/ocean,0,none/ocean,0,fisheries,fisheries,0.8,modest,False
H+71+22,71,22,11.98,680.0,ocean_westerly,0.455,False,False,0.2,maritime,1,ocean,False,False,False,False,False,False,False,False,0.0,dry,none/ocean,0,none/ocean,0,fisheries,fisheries,0.8,modest,False
H+72+22,72,22,12.04,681.7,ocean_westerly,0.448,False,False,0.2,maritime,1,ocean,False,False,False,False,False,False,False,False,0.0,dry,none/ocean,0,none/ocean,0,fisheries,fisheries,0.8,modest,False
H+73+22,73,22,12.11,671.4,ocean_westerly,0.442,False,False,0.2,maritime,1,ocean,False,False,False,False,False,False,False,False,0.0,dry,none/ocean,0,none/ocean,0,fisheries,fisheries,0.8,modest,False
H+74+22,74,22,12.14,594.1,open_westerly,0.378,False,False,0.782,strong,0,none,False,False,False,False,False,False,False,False,2.5,shallow_well,sandy coastal,6,coastal scrub,10,,,0.0,none,False
H+75+22,75,22,12.15,579.4,open_westerly,0.373,False,False,0.781,strong,0,none,False,False,False,False,False,False,False,False,2.5,shallow_well,sandy coastal,6,coastal scrub,10,,clay,0.0,none,False
H+76+22,76,22,12.16,561.9,open_westerly,0.367,False,False,0.78,strong,0,none,False,False,False,False,False,False,False,False,9.95,dry,sandy coastal,6,coastal scrub,10,,clay,0.0,none,False
H+77+22,77,22,12.18,548.4,open_westerly,0.361,False,False,0.778,strong,0,none,False,False,False,False,False,False,False,False,10.28,dry,sandy coastal,6,coastal scrub,10,,clay,0.0,none,False
H+78+22,78,22,12.23,542.2,open_westerly,0.356,False,False,0.777,strong,0,none,False,False,False,False,False,False,False,False,10.43,dry,sandy coastal,6,coastal scrub,10,,clay,0.0,none,False
H+79+22,79,22,12.25,539.9,open_westerly,0.35,False,False,0.775,strong,0,none,False,False,False,False,False,False,False,False,10.51,dry,sandy coastal,6,coastal scrub,10,,clay,0.0,none,False
H+00+23,0,23,12.65,773.0,open_westerly,0.8,False,False,0.636,moderate,0,none,False,False,False,False,False,False,False,False,5.75,shallow_well,sandy coastal,6,coastal scrub,10,,,0.0,none,False
H+01+23,1,23,12.63,767.9,open_westerly,0.794,False,False,0.627,moderate,0,none,False,False,False,False,False,False,False,False,5.88,shallow_well,sandy coastal,6,coastal scrub,10,,,0.0,none,False
H+02+23,2,23,12.58,757.1,open_westerly,0.789,False,False,0.618,moderate,0,none,False,False,False,False,False,False,False,False,6.17,shallow_well,sandy coastal,6,coastal scrub,10,,,0.0,none,False
H+03+23,3,23,12.51,742.0,open_westerly,0.783,False,False,0.608,moderate,0,none,False,False,False,False,False,False,False,False,6.5,shallow_well,sandy coastal,6,coastal scrub,10,,,0.0,none,False
H+04+23,4,23,12.5,724.0,open_westerly,0.777,False,False,0.598,moderate,0,none,False,False,False,False,False,False,False,False,6.71,shallow_well,sandy coastal,6,coastal scrub,10,,clay,0.0,none,False
H+05+23,5,23,12.5,715.0,open_westerly,0.772,False,False,0.589,moderate,2,river,True,False,False,False,False,False,True,False,1.5,spring_line,loam,4,coastal scrub,10,,,0.0,none,False
H+06+23,6,23,12.42,718.6,open_westerly,0.766,False,False,0.578,moderate,0,none,False,False,False,False,False,False,False,False,6.69,shallow_well,sandy coastal,6,coastal scrub,10,,,0.0,none,False
H+07+23,7,23,12.41,718.5,open_westerly,0.76,False,False,0.568,moderate,0,none,False,False,False,False,False,False,False,False,6.61,shallow_well,loam,4,coastal scrub,10,,,0.0,none,False
H+08+23,8,23,12.42,709.8,open_westerly,0.754,False,False,0.558,moderate,0,none,False,False,False,False,False,False,False,False,6.62,shallow_well,loam,4,coastal scrub,10,,,0.0,none,False
H+09+23,9,23,12.44,698.3,open_westerly,0.749,False,False,0.547,moderate,2,river,True,False,False,False,False,False,True,False,1.5,spring_line,loam,4,coastal scrub,10,,,0.0,none,False
H+10+23,10,23,12.4,697.6,open_westerly,0.743,False,False,0.537,moderate,0,none,False,False,False,False,False,False,False,False,6.72,shallow_well,loam,4,coastal scrub,10,,,0.0,none,False
H+11+23,11,23,12.35,703.5,open_westerly,0.737,False,False,0.526,moderate,0,none,False,False,False,False,False,False,False,False,6.67,shallow_well,loam,4,coastal scrub,10,,,0.0,none,False
H+12+23,12,23,12.28,698.9,open_westerly,0.732,False,False,0.515,moderate,2,river,True,False,False,False,False,False,True,False,1.5,spring_line,loam,4,floodplain farmable,9,,,3.0,rich,False
H+13+23,13,23,12.16,690.5,open_westerly,0.726,False,False,0.504,moderate,0,none,False,False,False,False,False,False,False,False,6.7,shallow_well,loam,4,grassland/pasture,5,pasture,pasture,2.0,good,False
H+14+23,14,23,12.13,690.6,open_westerly,0.72,False,False,0.493,moderate,0,none,False,False,False,False,False,False,False,False,6.67,shallow_well,loam,4,grassland/pasture,5,pasture,pasture,2.0,good,False
H+15+23,15,23,12.04,695.3,open_westerly,0.715,False,False,0.482,moderate,0,none,False,False,False,False,False,False,True,False,6.62,shallow_well,loam,4,floodplain farmable,9,,,3.0,rich,False
H+16+23,16,23,11.93,695.3,open_westerly,0.709,False,False,0.472,moderate,0,none,False,False,False,False,False,False,False,False,6.57,shallow_well,loam,4,grassland/pasture,5,pasture,pasture,2.0,good,False
H+17+23,17,23,11.83,692.3,open_westerly,0.703,False,False,0.461,moderate,0,none,False,False,False,False,False,False,False,False,6.53,shallow_well,loam,4,grassland/pasture,5,pasture,pasture,2.0,good,False
H+18+23,18,23,11.79,690.3,open_westerly,0.697,False,False,0.45,moderate,0,none,False,False,False,False,False,False,False,False,6.47,shallow_well,loam,4,grassland/pasture,5,pasture,pasture,2.0,good,False
H+19+23,19,23,11.81,683.5,open_westerly,0.692,False,False,0.439,moderate,3,major_river,True,True,False,False,False,False,True,False,1.5,spring_line,loam,4,floodplain farmable,9,fisheries,fisheries,3.5,rich,False
H+20+23,20,23,11.35,693.4,open_westerly,0.69,False,False,0.428,moderate,0,none,False,False,False,False,False,False,False,False,6.69,shallow_well,loam,4,grassland/pasture,5,pasture,pasture,2.0,good,False
H+21+23,21,23,11.36,685.6,open_westerly,0.684,False,False,0.417,moderate,0,none,False,False,False,False,False,False,False,False,6.87,shallow_well,loam,4,grassland/pasture,5,pasture,pasture,2.0,good,False
H+22+23,22,23,11.37,676.0,open_westerly,0.679,False,False,0.407,moderate,0,none,False,False,False,False,False,False,False,False,7.23,shallow_well,loam,4,grassland/pasture,5,pasture,pasture,2.0,good,False
H+23+23,23,23,11.5,670.4,open_westerly,0.67,False,False,0.396,moderate,3,major_river,True,True,False,False,False,False,True,False,1.5,spring_line,loam,4,floodplain farmable,9,fisheries,fisheries,3.5,rich,False
H+24+23,24,23,11.44,712.5,open_westerly,0.665,False,False,0.386,moderate,0,none,False,False,False,False,False,False,True,False,7.84,shallow_well,loam,4,floodplain farmable,9,,,3.0,rich,False
H+25+23,25,23,10.66,858.3,open_westerly,0.68,False,False,0.376,moderate,0,none,False,False,False,False,False,False,False,False,7.73,shallow_well,loam,4,floodplain farmable,9,,,3.0,rich,False
H+26+23,26,23,9.61,1047.1,open_westerly,0.702,False,False,0.366,moderate,0,none,False,False,False,False,False,False,False,False,7.43,shallow_well,loam,4,floodplain farmable,9,,,3.0,rich,False
H+27+23,27,23,8.39,1248.6,open_westerly,0.727,False,False,0.356,moderate,0,none,False,False,False,False,False,False,False,False,7.06,shallow_well,rocky/lithosol,1,temperate forest,4,,,1.5,good,False
H+28+23,28,23,8.69,611.9,calm_interior,0.695,False,False,0.352,moderate,8,salt_pan,False,False,False,False,True,False,False,False,11.27,dry,saline playa,10,salt flat sparse,11,salt_pans,salt_pans|evaporite_host,0.3,poor,True
H+29+23,29,23,7.92,614.7,calm_interior,0.683,False,False,0.361,moderate,8,salt_pan,False,False,False,False,True,False,False,False,11.21,dry,saline playa,10,salt flat sparse,11,salt_pans,salt_pans|evaporite_host,0.3,poor,True
H+30+23,30,23,7.99,572.0,calm_interior,0.668,False,True,0.57,moderate,8,salt_pan,False,False,False,False,True,False,False,False,11.38,dry,saline playa,10,salt flat sparse,11,salt_pans,salt_pans|evaporite_host,0.3,poor,True
H+31+23,31,23,8.05,526.9,calm_interior,0.651,False,True,0.579,moderate,8,salt_pan,False,False,False,False,True,False,False,False,11.53,dry,saline playa,10,salt flat sparse,11,salt_pans,salt_pans|evaporite_host,0.3,poor,True
H+32+23,32,23,8.08,487.3,calm_interior,0.633,False,True,0.588,moderate,8,salt_pan,False,False,False,False,True,False,False,False,11.66,dry,saline playa,10,salt flat sparse,11,salt_pans,salt_pans|evaporite_host,0.3,poor,True
H+33+23,33,23,8.06,440.8,calm_interior,0.614,False,True,0.598,moderate,8,salt_pan,False,False,False,False,True,False,False,False,11.98,dry,saline playa,10,salt flat sparse,11,salt_pans,salt_pans|evaporite_host,0.3,poor,True
H+34+23,34,23,8.01,420.3,calm_interior,0.598,False,True,0.608,moderate,8,salt_pan,False,False,False,False,True,False,False,False,12.19,dry,saline playa,10,salt flat sparse,11,salt_pans,salt_pans|evaporite_host,0.3,poor,True
H+35+23,35,23,7.93,411.7,calm_interior,0.582,False,True,0.619,moderate,8,salt_pan,False,False,False,False,True,False,False,False,12.3,dry,saline playa,10,salt flat sparse,11,salt_pans,salt_pans|evaporite_host,0.3,poor,True
H+36+23,36,23,7.85,400.5,calm_interior,0.566,False,True,0.63,moderate,8,salt_pan,False,False,False,False,True,False,False,False,12.37,dry,saline playa,10,salt flat sparse,11,salt_pans,salt_pans|evaporite_host,0.3,poor,True
H+37+23,37,23,7.76,384.1,calm_interior,0.55,False,True,0.641,moderate,8,salt_pan,False,False,False,False,True,False,False,False,12.47,dry,saline playa,10,salt flat sparse,11,salt_pans,salt_pans|evaporite_host,0.3,poor,True
H+38+23,38,23,7.67,368.9,calm_interior,0.535,False,True,0.653,strong,8,salt_pan,False,False,False,False,True,False,False,False,12.62,dry,saline playa,10,salt flat sparse,11,salt_pans,salt_pans|evaporite_host,0.3,poor,True
H+39+23,39,23,8.26,619.7,open_westerly,0.519,True,False,0.664,strong,0,none,False,False,False,False,False,False,False,False,11.2,dry,loam,4,grassland/pasture,5,pasture,pasture|stone,2.0,good,False
H+40+23,40,23,9.55,652.8,open_westerly,0.528,False,False,0.476,moderate,0,none,False,False,False,False,False,False,False,False,10.31,dry,loam,4,grassland/pasture,5,pasture,pasture,2.0,good,False
H+41+23,41,23,10.72,687.2,open_westerly,0.538,False,False,0.488,moderate,0,none,False,False,False,False,False,False,False,False,9.43,dry,loam,4,grassland/pasture,5,pasture,pasture,2.0,good,False
H+42+23,42,23,11.47,686.5,open_westerly,0.533,False,False,0.5,moderate,2,river,True,False,False,False,False,False,True,False,1.5,spring_line,loam,4,floodplain farmable,9,,,3.0,rich,False
H+43+23,43,23,8.44,384.0,open_westerly,0.514,True,True,0.713,strong,6,wetland,False,False,False,False,False,True,False,False,0.8,marsh,peat/wetland,9,wetland/marsh,8,,peat|evaporite_host,1.2,modest,True
H+44+23,44,23,8.45,316.3,open_westerly,0.481,True,True,0.725,strong,6,wetland,False,False,False,False,False,True,False,False,0.8,marsh,peat/wetland,9,wetland/marsh,8,,peat|evaporite_host,1.2,modest,True
H+45+23,45,23,11.84,422.3,calm_interior,0.518,False,True,0.737,strong,5,inland_sea,False,False,False,True,False,False,False,False,0.0,marsh,clay basin,5,none/ocean,0,fisheries,fisheries|evaporite_host,0.8,modest,True
H+46+23,46,23,11.84,421.9,calm_interior,0.514,False,True,0.75,strong,5,inland_sea,False,False,False,True,False,False,False,False,0.0,marsh,clay basin,5,none/ocean,0,fisheries,fisheries|evaporite_host,0.8,modest,True
H+47+23,47,23,11.84,423.5,calm_interior,0.511,False,True,0.762,strong,5,inland_sea,False,False,False,True,False,False,False,False,0.0,marsh,clay basin,5,none/ocean,0,fisheries,fisheries|evaporite_host,0.8,modest,True
H+48+23,48,23,11.83,433.1,calm_interior,0.509,False,True,0.774,strong,5,inland_sea,False,False,False,True,False,False,False,False,0.0,marsh,clay basin,5,none/ocean,0,fisheries,fisheries|evaporite_host,0.8,modest,True
H+49+23,49,23,11.8,445.6,calm_interior,0.506,False,True,0.786,strong,5,inland_sea,False,False,False,True,False,False,False,False,0.0,marsh,clay basin,5,none/ocean,0,fisheries,fisheries|evaporite_host,0.8,modest,True
H+50+23,50,23,11.76,448.0,calm_interior,0.504,False,True,0.798,strong,5,inland_sea,False,False,False,True,False,False,False,False,0.0,marsh,clay basin,5,none/ocean,0,fisheries,fisheries|evaporite_host,0.8,modest,True
H+51+23,51,23,11.71,446.0,calm_interior,0.5,False,True,0.81,strong,5,inland_sea,False,False,False,True,False,False,False,False,0.0,marsh,clay basin,5,none/ocean,0,fisheries,fisheries|evaporite_host,0.8,modest,True
H+52+23,52,23,11.65,447.1,calm_interior,0.497,False,True,0.821,strong,5,inland_sea,False,False,False,True,False,False,False,False,0.0,marsh,clay basin,5,none/ocean,0,fisheries,fisheries|evaporite_host,0.8,modest,True
H+53+23,53,23,11.61,450.5,calm_interior,0.493,False,True,0.833,strong,5,inland_sea,False,False,False,True,False,False,False,False,0.0,marsh,clay basin,5,none/ocean,0,fisheries,fisheries|evaporite_host,0.8,modest,True
H+54+23,54,23,8.18,476.8,calm_interior,0.515,False,True,0.844,strong,6,wetland,False,False,False,False,False,True,False,False,0.8,marsh,peat/wetland,9,wetland/marsh,8,,peat|evaporite_host,1.2,modest,True
H+55+23,55,23,8.16,389.3,calm_interior,0.48,False,True,0.854,strong,6,wetland,False,False,False,False,False,True,False,False,0.8,marsh,peat/wetland,9,wetland/marsh,8,,peat|evaporite_host,1.2,modest,True
H+56+23,56,23,8.14,389.9,calm_interior,0.477,False,True,0.865,strong,6,wetland,False,False,False,False,False,True,False,False,0.8,marsh,peat/wetland,9,wetland/marsh,8,,peat|evaporite_host,1.2,modest,True
H+57+23,57,23,11.33,716.7,open_westerly,0.474,False,False,0.675,strong,0,none,False,False,False,False,False,False,False,False,2.5,spring_line,loam,4,floodplain farmable,9,,,3.0,rich,False
H+58+23,58,23,11.3,718.4,open_westerly,0.469,False,False,0.685,strong,0,none,False,False,False,False,False,False,False,False,2.5,spring_line,loam,4,floodplain farmable,9,,,3.0,rich,False
H+59+23,59,23,11.94,793.5,ocean_westerly,0.534,False,False,0.2,maritime,1,ocean,False,False,False,False,False,False,False,False,0.0,dry,none/ocean,0,none/ocean,0,fisheries,fisheries,0.8,modest,False
H+60+23,60,23,11.96,808.4,ocean_westerly,0.527,False,False,0.2,maritime,1,ocean,False,False,False,False,False,False,False,False,0.0,dry,none/ocean,0,none/ocean,0,fisheries,fisheries,0.8,modest,False
H+61+23,61,23,12.02,809.5,ocean_westerly,0.52,False,False,0.2,maritime,1,ocean,False,False,False,False,False,False,False,False,0.0,dry,none/ocean,0,none/ocean,0,fisheries,fisheries,0.8,modest,False
H+62+23,62,23,12.09,792.9,ocean_westerly,0.514,False,False,0.2,maritime,1,ocean,False,False,False,False,False,False,False,False,0.0,dry,none/ocean,0,none/ocean,0,fisheries,fisheries,0.8,modest,False
H+63+23,63,23,12.16,775.6,ocean_westerly,0.507,False,False,0.2,maritime,1,ocean,False,False,False,False,False,False,False,False,0.0,dry,none/ocean,0,none/ocean,0,fisheries,fisheries,0.8,modest,False
H+64+23,64,23,12.23,762.7,ocean_westerly,0.501,False,False,0.2,maritime,1,ocean,False,False,False,False,False,False,False,False,0.0,dry,none/ocean,0,none/ocean,0,fisheries,fisheries,0.8,modest,False
H+65+23,65,23,12.27,749.4,ocean_westerly,0.494,False,False,0.2,maritime,1,ocean,False,False,False,False,False,False,False,False,0.0,dry,none/ocean,0,none/ocean,0,fisheries,fisheries,0.8,modest,False
H+66+23,66,23,12.29,732.3,ocean_westerly,0.488,False,False,0.2,maritime,1,ocean,False,False,False,False,False,False,False,False,0.0,dry,none/ocean,0,none/ocean,0,fisheries,fisheries,0.8,modest,False
H+67+23,67,23,12.28,712.9,ocean_westerly,0.481,False,False,0.2,maritime,1,ocean,False,False,False,False,False,False,False,False,0.0,dry,none/ocean,0,none/ocean,0,fisheries,fisheries,0.8,modest,False
H+68+23,68,23,12.25,702.8,ocean_westerly,0.475,False,False,0.2,maritime,1,ocean,False,False,False,False,False,False,False,False,0.0,dry,none/ocean,0,none/ocean,0,fisheries,fisheries,0.8,modest,False
H+69+23,69,23,12.22,695.7,ocean_westerly,0.468,False,False,0.2,maritime,1,ocean,False,False,False,False,False,False,False,False,0.0,dry,none/ocean,0,none/ocean,0,fisheries,fisheries,0.8,modest,False
H+70+23,70,23,12.21,687.1,ocean_westerly,0.461,False,False,0.2,maritime,1,ocean,False,False,False,False,False,False,False,False,0.0,dry,none/ocean,0,none/ocean,0,fisheries,fisheries,0.8,modest,False
H+71+23,71,23,12.24,687.6,ocean_westerly,0.455,False,False,0.2,maritime,1,ocean,False,False,False,False,False,False,False,False,0.0,dry,none/ocean,0,none/ocean,0,fisheries,fisheries,0.8,modest,False
H+72+23,72,23,12.3,690.4,ocean_westerly,0.448,False,False,0.2,maritime,1,ocean,False,False,False,False,False,False,False,False,0.0,dry,none/ocean,0,none/ocean,0,fisheries,fisheries,0.8,modest,False
H+73+23,73,23,12.37,678.8,ocean_westerly,0.442,False,False,0.2,maritime,1,ocean,False,False,False,False,False,False,False,False,0.0,dry,none/ocean,0,none/ocean,0,fisheries,fisheries,0.8,modest,False
H+74+23,74,23,12.39,599.5,open_westerly,0.378,False,False,0.775,strong,0,none,False,False,False,False,False,False,False,False,2.5,shallow_well,sandy coastal,6,coastal scrub,10,,clay,0.0,none,False
H+75+23,75,23,12.42,586.6,open_westerly,0.373,False,False,0.774,strong,0,none,False,False,False,False,False,False,False,False,2.5,shallow_well,sandy coastal,6,coastal scrub,10,,clay,0.0,none,False
H+76+23,76,23,12.41,572.5,open_westerly,0.367,False,False,0.772,strong,0,none,False,False,False,False,False,False,False,False,9.92,dry,sandy coastal,6,coastal scrub,10,,clay,0.0,none,False
H+77+23,77,23,12.49,560.3,open_westerly,0.361,False,False,0.771,strong,0,none,False,False,False,False,False,False,False,False,10.28,dry,sandy coastal,6,coastal scrub,10,,clay,0.0,none,False
H+78+23,78,23,12.56,553.8,open_westerly,0.356,False,False,0.769,strong,0,none,False,False,False,False,False,False,False,False,10.39,dry,sandy coastal,6,coastal scrub,10,,clay,0.0,none,False
H+79+23,79,23,12.57,551.6,open_westerly,0.35,False,False,0.767,strong,0,none,False,False,False,False,False,False,False,False,10.41,dry,sandy coastal,6,coastal scrub,10,,clay,0.0,none,False
H+00+24,0,24,12.84,796.0,open_westerly,0.8,False,False,0.633,moderate,0,none,False,False,False,False,False,False,False,False,5.15,shallow_well,sandy coastal,6,coastal scrub,10,,,0.0,none,False
H+01+24,1,24,12.82,782.8,open_westerly,0.794,False,False,0.624,moderate,0,none,False,False,False,False,False,False,False,False,5.44,shallow_well,sandy coastal,6,coastal scrub,10,,,0.0,none,False
H+02+24,2,24,12.78,761.1,open_westerly,0.789,False,False,0.615,moderate,0,none,False,False,False,False,False,False,False,False,6.01,shallow_well,sandy coastal,6,coastal scrub,10,,,0.0,none,False
H+03+24,3,24,12.78,746.0,open_westerly,0.783,False,False,0.605,moderate,0,none,False,False,False,False,False,False,False,False,6.49,shallow_well,sandy coastal,6,coastal scrub,10,,,0.0,none,False
H+04+24,4,24,12.78,729.6,open_westerly,0.777,False,False,0.595,moderate,2,river,True,False,False,False,False,False,True,False,1.5,spring_line,loam,4,coastal scrub,10,,,0.0,none,False
H+05+24,5,24,12.69,716.1,open_westerly,0.772,False,False,0.585,moderate,0,none,False,False,False,False,False,False,True,False,6.73,shallow_well,loam,4,coastal scrub,10,,,0.0,none,False
H+06+24,6,24,12.66,709.4,open_westerly,0.766,False,False,0.574,moderate,0,none,False,False,False,False,False,False,False,False,6.54,shallow_well,loam,4,coastal scrub,10,,,0.0,none,False
H+07+24,7,24,12.65,699.1,open_westerly,0.76,False,False,0.564,moderate,0,none,False,False,False,False,False,False,False,False,6.45,shallow_well,loam,4,coastal scrub,10,,,0.0,none,False
H+08+24,8,24,12.67,681.0,open_westerly,0.754,False,False,0.553,moderate,2,river,True,False,False,False,False,False,True,False,1.5,spring_line,loam,4,coastal scrub,10,,,0.0,none,False
H+09+24,9,24,12.64,664.7,open_westerly,0.749,False,False,0.542,moderate,0,none,False,False,False,False,False,False,False,False,6.91,shallow_well,loam,4,coastal scrub,10,,,0.0,none,False
H+10+24,10,24,12.58,664.5,open_westerly,0.743,False,False,0.531,moderate,0,none,False,False,False,False,False,False,False,False,7.06,shallow_well,loam,4,grassland/pasture,5,pasture,pasture|greenstone_metals,2.0,good,False
H+11+24,11,24,12.53,673.2,open_westerly,0.737,False,False,0.52,moderate,0,none,False,False,False,False,False,False,False,False,6.94,shallow_well,loam,4,grassland/pasture,5,pasture,pasture,2.0,good,False
H+12+24,12,24,12.47,674.4,open_westerly,0.732,False,False,0.509,moderate,2,river,True,False,False,False,False,False,True,False,1.5,spring_line,loam,4,floodplain farmable,9,,,3.0,rich,False
H+13+24,13,24,12.32,674.9,open_westerly,0.726,False,False,0.498,moderate,2,river,True,False,False,False,False,False,True,False,1.5,spring_line,loam,4,floodplain farmable,9,,,3.0,rich,False
H+14+24,14,24,12.22,679.3,open_westerly,0.72,False,False,0.487,moderate,0,none,False,False,False,False,False,False,False,False,6.35,shallow_well,loam,4,grassland/pasture,5,pasture,pasture,2.0,good,False
H+15+24,15,24,12.07,682.5,open_westerly,0.715,False,False,0.476,moderate,0,none,False,False,False,False,False,False,False,False,6.43,shallow_well,loam,4,grassland/pasture,5,pasture,pasture,2.0,good,False
H+16+24,16,24,12.0,684.3,open_westerly,0.709,False,False,0.465,moderate,0,none,False,False,False,False,False,False,False,False,6.53,shallow_well,loam,4,grassland/pasture,5,pasture,pasture,2.0,good,False
H+17+24,17,24,11.92,682.0,open_westerly,0.703,False,False,0.454,moderate,0,none,False,False,False,False,False,False,False,False,6.68,shallow_well,loam,4,grassland/pasture,5,pasture,pasture,2.0,good,False
H+18+24,18,24,11.92,679.3,open_westerly,0.697,False,False,0.443,moderate,0,none,False,False,False,False,False,False,False,False,6.74,shallow_well,loam,4,grassland/pasture,5,pasture,pasture,2.0,good,False
H+19+24,19,24,12.02,677.1,open_westerly,0.692,False,False,0.433,moderate,3,major_river,True,True,False,False,False,False,True,False,1.5,spring_line,loam,4,floodplain farmable,9,fisheries,fisheries,3.5,rich,False
H+20+24,20,24,11.57,692.2,open_westerly,0.69,False,False,0.422,moderate,0,none,False,False,False,False,False,False,False,False,7.17,shallow_well,loam,4,grassland/pasture,5,pasture,pasture,2.0,good,False
H+21+24,21,24,11.59,683.4,open_westerly,0.685,False,False,0.412,moderate,0,none,False,False,False,False,False,False,False,False,7.45,shallow_well,loam,4,grassland/pasture,5,pasture,pasture,2.0,good,False
H+22+24,22,24,11.61,673.2,open_westerly,0.679,False,False,0.402,moderate,0,none,False,False,False,False,False,False,False,False,7.76,shallow_well,loam,4,grassland/pasture,5,pasture,pasture,2.0,good,False
H+23+24,23,24,11.74,664.4,open_westerly,0.67,False,False,0.391,moderate,3,major_river,True,True,False,False,False,False,True,False,1.5,spring_line,loam,4,floodplain farmable,9,fisheries,fisheries,3.5,rich,False
H+24+24,24,24,11.68,702.5,open_westerly,0.665,False,False,0.381,moderate,0,none,False,False,False,False,False,False,True,False,8.09,dry,loam,4,floodplain farmable,9,,,3.0,rich,False
H+25+24,25,24,10.9,840.6,open_westerly,0.68,False,False,0.372,moderate,0,none,False,False,False,False,False,False,False,False,8.02,dry,loam,4,floodplain farmable,9,,,3.0,rich,False
H+26+24,26,24,9.86,1018.0,open_westerly,0.702,False,False,0.362,moderate,0,none,False,False,False,False,False,False,False,False,7.91,shallow_well,rocky/lithosol,1,temperate forest,4,timber,timber,1.5,good,False
H+27+24,27,24,-0.11,2562.1,windward,0.972,False,False,0.352,moderate,0,none,False,False,False,False,False,False,False,False,8.85,dry,mountain thin,3,boreal forest,3,timber,timber,1.0,modest,False
H+28+24,28,24,8.93,541.1,calm_interior,0.668,False,True,0.549,moderate,8,salt_pan,False,False,False,False,True,False,False,False,12.22,dry,saline playa,10,salt flat sparse,11,salt_pans,salt_pans|evaporite_host,0.3,poor,True
H+29+24,29,24,8.15,602.1,calm_interior,0.683,False,False,0.358,moderate,8,salt_pan,False,False,False,False,True,False,False,False,11.82,dry,saline playa,10,salt flat sparse,11,salt_pans,salt_pans|evaporite_host,0.3,poor,True
H+30+24,30,24,9.03,541.2,calm_interior,0.668,False,True,0.567,moderate,8,salt_pan,False,False,False,False,True,False,False,False,12.21,dry,saline playa,10,salt flat sparse,11,salt_pans,salt_pans|evaporite_host,0.3,poor,True
H+31+24,31,24,9.07,501.0,calm_interior,0.651,False,True,0.576,moderate,8,salt_pan,False,False,False,False,True,False,False,False,12.4,dry,saline playa,10,salt flat sparse,11,salt_pans,salt_pans|evaporite_host,0.3,poor,True
H+32+24,32,24,8.24,489.5,calm_interior,0.633,False,True,0.585,moderate,8,salt_pan,False,False,False,False,True,False,False,False,12.32,dry,saline playa,10,salt flat sparse,11,salt_pans,salt_pans|evaporite_host,0.3,poor,True
H+33+24,33,24,8.22,450.2,calm_interior,0.614,False,True,0.595,moderate,8,salt_pan,False,False,False,False,True,False,False,False,12.45,dry,saline playa,10,salt flat sparse,11,salt_pans,salt_pans|evaporite_host,0.3,poor,True
H+34+24,34,24,8.17,432.1,calm_interior,0.598,False,True,0.605,moderate,8,salt_pan,False,False,False,False,True,False,False,False,12.5,dry,saline playa,10,salt flat sparse,11,salt_pans,salt_pans|evaporite_host,0.3,poor,True
H+35+24,35,24,8.11,419.3,calm_interior,0.582,False,True,0.615,moderate,8,salt_pan,False,False,False,False,True,False,False,False,12.56,dry,saline playa,10,salt flat sparse,11,salt_pans,salt_pans|evaporite_host,0.3,poor,True
H+36+24,36,24,8.04,404.9,calm_interior,0.566,False,True,0.626,moderate,8,salt_pan,False,False,False,False,True,False,False,False,12.65,dry,saline playa,10,salt flat sparse,11,salt_pans,salt_pans|evaporite_host,0.3,poor,True
H+37+24,37,24,7.96,388.7,calm_interior,0.55,False,True,0.636,moderate,8,salt_pan,False,False,False,False,True,False,False,False,12.73,dry,saline playa,10,salt flat sparse,11,salt_pans,salt_pans|evaporite_host,0.3,poor,True
H+38+24,38,24,7.89,372.3,calm_interior,0.535,False,True,0.648,moderate,8,salt_pan,False,False,False,False,True,False,False,False,12.85,dry,saline playa,10,salt flat sparse,11,salt_pans,salt_pans|evaporite_host,0.3,poor,True
H+39+24,39,24,8.6,623.7,open_westerly,0.521,False,False,0.459,moderate,0,none,False,False,False,False,False,False,False,False,11.3,dry,loam,4,grassland/pasture,5,pasture,pasture,2.0,good,False
H+40+24,40,24,9.95,669.8,open_westerly,0.533,False,False,0.47,moderate,0,none,False,False,False,False,False,False,False,False,10.3,dry,loam,4,grassland/pasture,5,pasture,pasture,2.0,good,False
H+41+24,41,24,11.05,687.9,open_westerly,0.538,False,False,0.482,moderate,2,river,True,False,False,False,False,False,True,False,1.5,spring_line,loam,4,floodplain farmable,9,,,3.0,rich,False
H+42+24,42,24,8.61,367.7,open_westerly,0.514,True,True,0.694,strong,6,wetland,False,False,False,False,False,True,False,False,0.8,marsh,peat/wetland,9,wetland/marsh,8,,peat|evaporite_host,1.2,modest,True
H+43+24,43,24,12.01,420.7,calm_interior,0.527,False,True,0.706,strong,5,inland_sea,False,False,False,True,False,False,False,False,0.0,marsh,clay basin,5,none/ocean,0,fisheries,fisheries|evaporite_host,0.8,modest,True
H+44+24,44,24,12.02,416.8,calm_interior,0.522,False,True,0.718,strong,5,inland_sea,False,False,False,True,False,False,False,False,0.0,marsh,clay basin,5,none/ocean,0,fisheries,fisheries|evaporite_host,0.8,modest,True
H+45+24,45,24,12.02,414.7,calm_interior,0.518,False,True,0.73,strong,5,inland_sea,False,False,False,True,False,False,False,False,0.0,marsh,clay basin,5,none/ocean,0,fisheries,fisheries|evaporite_host,0.8,modest,True
H+46+24,46,24,12.03,414.6,calm_interior,0.514,False,True,0.743,strong,5,inland_sea,False,False,False,True,False,False,False,False,0.0,marsh,clay basin,5,none/ocean,0,fisheries,fisheries|evaporite_host,0.8,modest,True
H+47+24,47,24,12.04,416.2,calm_interior,0.511,False,True,0.755,strong,5,inland_sea,False,False,False,True,False,False,False,False,0.0,marsh,clay basin,5,none/ocean,0,fisheries,fisheries|evaporite_host,0.8,modest,True
H+48+24,48,24,12.04,422.8,calm_interior,0.509,False,True,0.768,strong,5,inland_sea,False,False,False,True,False,False,False,False,0.0,marsh,clay basin,5,none/ocean,0,fisheries,fisheries|evaporite_host,0.8,modest,True
H+49+24,49,24,12.02,431.3,calm_interior,0.506,False,True,0.78,strong,5,inland_sea,False,False,False,True,False,False,False,False,0.0,marsh,clay basin,5,none/ocean,0,fisheries,fisheries|evaporite_host,0.8,modest,True
H+50+24,50,24,11.99,432.9,calm_interior,0.504,False,True,0.792,strong,5,inland_sea,False,False,False,True,False,False,False,False,0.0,marsh,clay basin,5,none/ocean,0,fisheries,fisheries|evaporite_host,0.8,modest,True
H+51+24,51,24,11.95,428.6,calm_interior,0.5,False,True,0.804,strong,5,inland_sea,False,False,False,True,False,False,False,False,0.0,marsh,clay basin,5,none/ocean,0,fisheries,fisheries|evaporite_host,0.8,modest,True
H+52+24,52,24,11.92,427.6,calm_interior,0.497,False,True,0.816,strong,5,inland_sea,False,False,False,True,False,False,False,False,0.0,marsh,clay basin,5,none/ocean,0,fisheries,fisheries|evaporite_host,0.8,modest,True
H+53+24,53,24,11.89,428.4,calm_interior,0.493,False,True,0.828,strong,5,inland_sea,False,False,False,True,False,False,False,False,0.0,marsh,clay basin,5,none/ocean,0,fisheries,fisheries|evaporite_host,0.8,modest,True
H+54+24,54,24,11.87,429.2,calm_interior,0.488,False,True,0.839,strong,5,inland_sea,False,False,False,True,False,False,False,False,0.0,marsh,clay basin,5,none/ocean,0,fisheries,fisheries|evaporite_host,0.8,modest,True
H+55+24,55,24,11.86,433.7,calm_interior,0.484,False,True,0.85,strong,5,inland_sea,False,False,False,True,False,False,False,False,0.0,marsh,clay basin,5,none/ocean,0,fisheries,fisheries|evaporite_host,0.8,modest,True
H+56+24,56,24,8.45,469.9,calm_interior,0.509,False,True,0.861,strong,6,wetland,False,False,False,False,False,True,False,False,0.8,marsh,peat/wetland,9,wetland/marsh,8,,peat|evaporite_host,1.2,modest,True
H+57+24,57,24,8.44,385.7,calm_interior,0.473,False,True,0.871,strong,6,wetland,False,False,False,False,False,True,False,False,0.8,marsh,peat/wetland,9,wetland/marsh,8,,peat|evaporite_host,1.2,modest,True
H+58+24,58,24,11.64,694.6,open_westerly,0.469,False,False,0.681,strong,0,none,False,False,False,False,False,False,False,False,2.5,spring_line,loam,4,grassland/pasture,5,pasture,pasture,2.0,good,False
H+59+24,59,24,11.62,695.5,open_westerly,0.463,False,False,0.691,strong,0,none,False,False,False,False,False,False,False,False,2.5,spring_line,loam,4,grassland/pasture,5,pasture,pasture,2.0,good,False
H+60+24,60,24,12.28,781.0,ocean_westerly,0.527,False,False,0.2,maritime,1,ocean,False,False,False,False,False,False,False,False,0.0,dry,none/ocean,0,none/ocean,0,fisheries,fisheries,0.8,modest,False
H+61+24,61,24,12.33,785.8,ocean_westerly,0.52,False,False,0.2,maritime,1,ocean,False,False,False,False,False,False,False,False,0.0,dry,none/ocean,0,none/ocean,0,fisheries,fisheries,0.8,modest,False
H+62+24,62,24,12.38,776.3,ocean_westerly,0.514,False,False,0.2,maritime,1,ocean,False,False,False,False,False,False,False,False,0.0,dry,none/ocean,0,none/ocean,0,fisheries,fisheries,0.8,modest,False
H+63+24,63,24,12.43,763.0,ocean_westerly,0.507,False,False,0.2,maritime,1,ocean,False,False,False,False,False,False,False,False,0.0,dry,none/ocean,0,none/ocean,0,fisheries,fisheries,0.8,modest,False
H+64+24,64,24,12.47,750.9,ocean_westerly,0.501,False,False,0.2,maritime,1,ocean,False,False,False,False,False,False,False,False,0.0,dry,none/ocean,0,none/ocean,0,fisheries,fisheries,0.8,modest,False
H+65+24,65,24,12.5,738.4,ocean_westerly,0.494,False,False,0.2,maritime,1,ocean,False,False,False,False,False,False,False,False,0.0,dry,none/ocean,0,none/ocean,0,fisheries,fisheries,0.8,modest,False
H+66+24,66,24,12.51,722.3,ocean_westerly,0.488,False,False,0.2,maritime,1,ocean,False,False,False,False,False,False,False,False,0.0,dry,none/ocean,0,none/ocean,0,fisheries,fisheries,0.8,modest,False
H+67+24,67,24,12.5,703.6,ocean_westerly,0.481,False,False,0.2,maritime,1,ocean,False,False,False,False,False,False,False,False,0.0,dry,none/ocean,0,none/ocean,0,fisheries,fisheries,0.8,modest,False
H+68+24,68,24,12.49,695.7,ocean_westerly,0.475,False,False,0.2,maritime,1,ocean,False,False,False,False,False,False,False,False,0.0,dry,none/ocean,0,none/ocean,0,fisheries,fisheries,0.8,modest,False
H+69+24,69,24,12.47,689.2,ocean_westerly,0.468,False,False,0.2,maritime,1,ocean,False,False,False,False,False,False,False,False,0.0,dry,none/ocean,0,none/ocean,0,fisheries,fisheries,0.8,modest,False
H+70+24,70,24,12.47,680.0,ocean_westerly,0.461,False,False,0.2,maritime,1,ocean,False,False,False,False,False,False,False,False,0.0,dry,none/ocean,0,none/ocean,0,fisheries,fisheries,0.8,modest,False
H+71+24,71,24,12.5,681.8,ocean_westerly,0.455,False,False,0.2,maritime,1,ocean,False,False,False,False,False,False,False,False,0.0,dry,none/ocean,0,none/ocean,0,fisheries,fisheries,0.8,modest,False
H+72+24,72,24,12.56,685.8,ocean_westerly,0.448,False,False,0.2,maritime,1,ocean,False,False,False,False,False,False,False,False,0.0,dry,none/ocean,0,none/ocean,0,fisheries,fisheries,0.8,modest,False
H+73+24,73,24,12.64,672.5,ocean_westerly,0.442,False,False,0.2,maritime,1,ocean,False,False,False,False,False,False,False,False,0.0,dry,none/ocean,0,none/ocean,0,fisheries,fisheries,0.8,modest,False
H+74+24,74,24,12.67,592.9,open_westerly,0.378,False,False,0.767,strong,0,none,False,False,False,False,False,False,False,False,2.5,shallow_well,sandy coastal,6,coastal scrub,10,,clay,0.0,none,False
H+75+24,75,24,12.68,588.1,open_westerly,0.373,False,False,0.766,strong,0,none,False,False,False,False,False,False,False,False,2.5,shallow_well,sandy coastal,6,coastal scrub,10,,clay,0.0,none,False
H+76+24,76,24,12.72,588.5,open_westerly,0.367,False,False,0.765,strong,0,none,False,False,False,False,False,False,False,False,9.86,dry,sandy coastal,6,coastal scrub,10,,clay,0.0,none,False
H+77+24,77,24,12.8,578.5,open_westerly,0.361,False,False,0.763,strong,0,none,False,False,False,False,False,False,False,False,10.27,dry,sandy coastal,6,coastal scrub,10,,clay,0.0,none,False
H+78+24,78,24,12.85,565.3,open_westerly,0.356,False,False,0.761,strong,0,none,False,False,False,False,False,False,False,False,10.41,dry,sandy coastal,6,coastal scrub,10,,clay,0.0,none,False
H+79+24,79,24,12.85,558.6,open_westerly,0.35,False,False,0.759,strong,0,none,False,False,False,False,False,False,False,False,10.36,dry,sandy coastal,6,coastal scrub,10,,clay,0.0,none,False
H+00+25,0,25,13.01,813.3,open_westerly,0.8,False,False,0.63,moderate,0,none,False,False,False,False,False,False,False,False,4.91,shallow_well,sandy coastal,6,coastal scrub,10,,,0.0,none,False
H+01+25,1,25,13.0,797.8,open_westerly,0.794,False,False,0.621,moderate,0,none,False,False,False,False,False,False,False,False,5.22,shallow_well,sandy coastal,6,coastal scrub,10,,,0.0,none,False
H+02+25,2,25,13.02,773.4,open_westerly,0.789,False,False,0.611,moderate,0,none,False,False,False,False,False,False,False,False,5.8,shallow_well,sandy coastal,6,coastal scrub,10,,,0.0,none,False
H+03+25,3,25,13.05,759.2,open_westerly,0.783,False,False,0.601,moderate,0,none,False,False,False,False,False,False,True,False,6.3,shallow_well,loam,4,coastal scrub,10,,,0.0,none,False
H+04+25,4,25,12.96,743.4,open_westerly,0.777,False,False,0.591,moderate,0,none,False,False,False,False,False,False,False,False,6.62,shallow_well,sandy coastal,6,coastal scrub,10,,,0.0,none,False
H+05+25,5,25,12.92,725.3,open_westerly,0.772,False,False,0.581,moderate,0,none,False,False,False,False,False,False,False,False,6.64,shallow_well,sandy coastal,6,coastal scrub,10,,,0.0,none,False
H+06+25,6,25,12.9,708.1,open_westerly,0.766,False,False,0.57,moderate,0,none,False,False,False,False,False,False,False,False,6.53,shallow_well,loam,4,coastal scrub,10,,,0.0,none,False
H+07+25,7,25,12.9,685.8,open_westerly,0.76,False,False,0.559,moderate,0,none,False,False,False,False,False,False,False,False,6.52,shallow_well,loam,4,coastal scrub,10,,,0.0,none,False
H+08+25,8,25,12.92,657.5,open_westerly,0.754,False,False,0.548,moderate,2,river,True,False,False,False,False,False,True,False,1.5,spring_line,loam,4,coastal scrub,10,,,0.0,none,False
H+09+25,9,25,12.81,636.3,open_westerly,0.749,False,False,0.537,moderate,0,none,False,False,False,False,False,False,False,False,7.14,shallow_well,loam,4,grassland/pasture,5,pasture,pasture,2.0,good,False
H+10+25,10,25,12.74,636.8,open_westerly,0.743,False,False,0.526,moderate,0,none,False,False,False,False,False,False,False,False,7.27,shallow_well,loam,4,grassland/pasture,5,pasture,pasture,2.0,good,False
H+11+25,11,25,12.65,648.1,open_westerly,0.737,False,False,0.514,moderate,0,none,False,False,False,False,False,False,False,False,7.1,shallow_well,loam,4,grassland/pasture,5,pasture,pasture,2.0,good,False
H+12+25,12,25,12.6,653.7,open_westerly,0.732,False,False,0.503,moderate,0,none,False,False,False,False,False,False,True,False,6.73,shallow_well,loam,4,floodplain farmable,9,,,3.0,rich,False
H+13+25,13,25,12.47,659.8,open_westerly,0.726,False,False,0.492,moderate,2,river,True,False,False,False,False,False,True,False,1.5,spring_line,loam,4,floodplain farmable,9,,,3.0,rich,False
H+14+25,14,25,12.3,668.0,open_westerly,0.72,False,False,0.481,moderate,0,none,False,False,False,False,False,False,False,False,6.24,shallow_well,loam,4,grassland/pasture,5,pasture,pasture,2.0,good,False
H+15+25,15,25,12.13,673.5,open_westerly,0.715,False,False,0.469,moderate,0,none,False,False,False,False,False,False,False,False,6.35,shallow_well,loam,4,grassland/pasture,5,pasture,pasture,2.0,good,False
H+16+25,16,25,12.05,678.9,open_westerly,0.709,False,False,0.458,moderate,0,none,False,False,False,False,False,False,False,False,6.52,shallow_well,loam,4,grassland/pasture,5,pasture,pasture,2.0,good,False
H+17+25,17,25,12.01,679.4,open_westerly,0.703,False,False,0.448,moderate,0,none,False,False,False,False,False,False,False,False,6.73,shallow_well,loam,4,grassland/pasture,5,pasture,pasture,2.0,good,False
H+18+25,18,25,12.06,677.5,open_westerly,0.697,False,False,0.437,moderate,0,none,False,False,False,False,False,False,False,False,6.89,shallow_well,loam,4,grassland/pasture,5,pasture,pasture,2.0,good,False
H+19+25,19,25,12.22,676.7,open_westerly,0.692,False,False,0.427,moderate,3,major_river,True,True,False,False,False,False,True,False,1.5,spring_line,loam,4,floodplain farmable,9,fisheries,fisheries,3.5,rich,False
H+20+25,20,25,11.79,693.5,open_westerly,0.69,False,False,0.416,moderate,0,none,False,False,False,False,False,False,False,False,7.5,shallow_well,loam,4,grassland/pasture,5,pasture,pasture|greenstone_metals,2.0,good,False
H+21+25,21,25,11.82,683.2,open_westerly,0.685,False,False,0.406,moderate,0,none,False,False,False,False,False,False,False,False,7.87,shallow_well,loam,4,grassland/pasture,5,pasture,pasture,2.0,good,False
H+22+25,22,25,11.84,671.4,open_westerly,0.679,False,False,0.396,moderate,0,none,False,False,False,False,False,False,False,False,8.2,dry,loam,4,grassland/pasture,5,pasture,pasture,2.0,good,False
H+23+25,23,25,11.98,659.3,open_westerly,0.67,False,False,0.387,moderate,3,major_river,True,True,False,False,False,False,True,False,1.5,spring_line,loam,4,floodplain farmable,9,fisheries,fisheries,3.5,rich,False
H+24+25,24,25,11.92,691.4,open_westerly,0.665,False,False,0.377,moderate,0,none,False,False,False,False,False,False,True,False,8.54,dry,loam,4,floodplain farmable,9,,,3.0,rich,False
H+25+25,25,25,11.14,819.8,open_westerly,0.68,False,False,0.368,moderate,0,none,False,False,False,False,False,False,False,False,8.53,dry,loam,4,floodplain farmable,9,,,3.0,rich,False
H+26+25,26,25,10.09,985.6,open_westerly,0.702,False,False,0.358,moderate,0,none,False,False,False,False,False,False,False,False,8.5,dry,rocky/lithosol,1,temperate forest,4,timber,timber|stone,1.5,good,False
H+27+25,27,25,0.28,2472.5,windward,0.972,False,False,0.349,weak,0,none,False,False,False,False,False,False,False,False,9.16,dry,mountain thin,3,boreal forest,3,timber,timber|stone,1.0,modest,False
H+28+25,28,25,9.15,525.3,calm_interior,0.668,False,True,0.546,moderate,8,salt_pan,False,False,False,False,True,False,False,False,12.73,dry,saline playa,10,salt flat sparse,11,salt_pans,salt_pans|evaporite_host,0.3,poor,True
H+29+25,29,25,8.35,592.7,calm_interior,0.683,False,False,0.355,moderate,8,salt_pan,False,False,False,False,True,False,False,False,12.28,dry,saline playa,10,salt flat sparse,11,salt_pans,salt_pans|evaporite_host,0.3,poor,True
H+30+25,30,25,9.2,543.2,calm_interior,0.668,False,True,0.564,moderate,8,salt_pan,False,False,False,False,True,False,False,False,12.57,dry,saline playa,10,salt flat sparse,11,salt_pans,salt_pans|evaporite_host,0.3,poor,True
H+31+25,31,25,9.21,509.5,calm_interior,0.651,False,True,0.572,moderate,8,salt_pan,False,False,False,False,True,False,False,False,12.69,dry,saline playa,10,salt flat sparse,11,salt_pans,salt_pans|evaporite_host,0.3,poor,True
H+32+25,32,25,8.37,500.6,calm_interior,0.633,False,True,0.582,moderate,8,salt_pan,False,False,False,False,True,False,False,False,12.56,dry,saline playa,10,salt flat sparse,11,salt_pans,salt_pans|evaporite_host,0.3,poor,True
H+33+25,33,25,8.34,463.4,calm_interior,0.614,False,True,0.591,moderate,8,salt_pan,False,False,False,False,True,False,False,False,12.64,dry,saline playa,10,salt flat sparse,11,salt_pans,salt_pans|evaporite_host,0.3,poor,True
H+34+25,34,25,8.3,445.2,calm_interior,0.598,False,True,0.601,moderate,8,salt_pan,False,False,False,False,True,False,False,False,12.65,dry,saline playa,10,salt flat sparse,11,salt_pans,salt_pans|evaporite_host,0.3,poor,True
H+35+25,35,25,8.25,429.5,calm_interior,0.582,False,True,0.611,moderate,8,salt_pan,False,False,False,False,True,False,False,False,12.72,dry,saline playa,10,salt flat sparse,11,salt_pans,salt_pans|evaporite_host,0.3,poor,True
H+36+25,36,25,8.19,413.1,calm_interior,0.566,False,True,0.621,moderate,8,salt_pan,False,False,False,False,True,False,False,False,12.8,dry,saline playa,10,salt flat sparse,11,salt_pans,salt_pans|evaporite_host,0.3,poor,True
H+37+25,37,25,8.14,396.0,calm_interior,0.55,False,True,0.632,moderate,8,salt_pan,False,False,False,False,True,False,False,False,12.85,dry,saline playa,10,salt flat sparse,11,salt_pans,salt_pans|evaporite_host,0.3,poor,True
H+38+25,38,25,8.48,658.0,open_westerly,0.532,False,False,0.442,moderate,0,none,False,False,False,False,False,False,False,False,11.31,dry,loam,4,grassland/pasture,5,pasture,pasture|greenstone_metals,2.0,good,False
H+39+25,39,25,8.9,620.0,open_westerly,0.519,False,False,0.453,moderate,0,none,False,False,False,False,False,False,False,False,11.32,dry,loam,4,grassland/pasture,5,pasture,pasture,2.0,good,False
H+40+25,40,25,10.21,672.9,open_westerly,0.535,False,False,0.465,moderate,0,none,False,False,False,False,False,False,True,False,10.23,dry,loam,4,floodplain farmable,9,,,3.0,rich,False
H+41+25,41,25,8.79,352.1,open_westerly,0.512,True,True,0.676,strong,6,wetland,False,False,False,False,False,True,False,False,0.8,marsh,peat/wetland,9,wetland/marsh,8,,peat|evaporite_host,1.2,modest,True
H+42+25,42,25,12.17,419.5,calm_interior,0.533,False,True,0.688,strong,5,inland_sea,False,False,False,True,False,False,False,False,0.0,marsh,clay basin,5,none/ocean,0,fisheries,fisheries|evaporite_host,0.8,modest,True
H+43+25,43,25,12.17,413.7,calm_interior,0.527,False,True,0.699,strong,5,inland_sea,False,False,False,True,False,False,False,False,0.0,marsh,clay basin,5,none/ocean,0,fisheries,fisheries|evaporite_host,0.8,modest,True
H+44+25,44,25,12.17,411.4,calm_interior,0.522,False,True,0.711,strong,5,inland_sea,False,False,False,True,False,False,False,False,0.0,marsh,clay basin,5,none/ocean,0,fisheries,fisheries|evaporite_host,0.8,modest,True
H+45+25,45,25,12.18,410.0,calm_interior,0.518,False,True,0.724,strong,5,inland_sea,False,False,False,True,False,False,False,False,0.0,marsh,clay basin,5,none/ocean,0,fisheries,fisheries|evaporite_host,0.8,modest,True
H+46+25,46,25,12.2,409.4,calm_interior,0.514,False,True,0.736,strong,5,inland_sea,False,False,False,True,False,False,False,False,0.0,marsh,clay basin,5,none/ocean,0,fisheries,fisheries|evaporite_host,0.8,modest,True
H+47+25,47,25,12.22,409.4,calm_interior,0.511,False,True,0.749,strong,5,inland_sea,False,False,False,True,False,False,False,False,0.0,marsh,clay basin,5,none/ocean,0,fisheries,fisheries|evaporite_host,0.8,modest,True
H+48+25,48,25,12.23,412.8,calm_interior,0.509,False,True,0.761,strong,5,inland_sea,False,False,False,True,False,False,False,False,0.0,marsh,clay basin,5,none/ocean,0,fisheries,fisheries|evaporite_host,0.8,modest,True
H+49+25,49,25,12.23,418.1,calm_interior,0.506,False,True,0.774,strong,5,inland_sea,False,False,False,True,False,False,False,False,0.0,marsh,clay basin,5,none/ocean,0,fisheries,fisheries|evaporite_host,0.8,modest,True
H+50+25,50,25,12.21,419.0,calm_interior,0.504,False,True,0.786,strong,5,inland_sea,False,False,False,True,False,False,False,False,0.0,marsh,clay basin,5,none/ocean,0,fisheries,fisheries|evaporite_host,0.8,modest,True
H+51+25,51,25,12.2,412.8,calm_interior,0.5,False,True,0.798,strong,5,inland_sea,False,False,False,True,False,False,False,False,0.0,marsh,clay basin,5,none/ocean,0,fisheries,fisheries|evaporite_host,0.8,modest,True
H+52+25,52,25,12.2,409.4,calm_interior,0.497,False,True,0.811,strong,5,inland_sea,False,False,False,True,False,False,False,False,0.0,marsh,clay basin,5,none/ocean,0,fisheries,fisheries|evaporite_host,0.8,modest,True
H+53+25,53,25,12.19,407.7,calm_interior,0.493,False,True,0.823,strong,5,inland_sea,False,False,False,True,False,False,False,False,0.0,marsh,clay basin,5,none/ocean,0,fisheries,fisheries|evaporite_host,0.8,modest,True
H+54+25,54,25,12.19,407.1,calm_interior,0.488,False,True,0.834,strong,5,inland_sea,False,False,False,True,False,False,False,False,0.0,marsh,clay basin,5,none/ocean,0,fisheries,fisheries|evaporite_host,0.8,modest,True
H+55+25,55,25,12.18,413.8,calm_interior,0.484,False,True,0.846,strong,5,inland_sea,False,False,False,True,False,False,False,False,0.0,marsh,clay basin,5,none/ocean,0,fisheries,fisheries|evaporite_host,0.8,modest,True
H+56+25,56,25,12.17,423.0,calm_interior,0.479,False,True,0.857,strong,5,inland_sea,False,False,False,True,False,False,False,False,0.0,marsh,clay basin,5,none/ocean,0,fisheries,fisheries|evaporite_host,0.8,modest,True
H+57+25,57,25,8.77,455.7,calm_interior,0.506,False,True,0.867,strong,6,wetland,False,False,False,False,False,True,False,False,0.8,marsh,peat/wetland,9,wetland/marsh,8,,peat|evaporite_host,1.2,modest,True
H+58+25,58,25,8.77,368.4,calm_interior,0.469,False,True,0.878,strong,6,wetland,False,False,False,False,False,True,False,False,0.8,marsh,peat/wetland,9,wetland/marsh,8,,peat|evaporite_host,1.2,modest,True
H+59+25,59,25,11.99,664.3,open_westerly,0.463,False,False,0.687,strong,0,none,False,False,False,False,False,False,False,False,2.5,spring_line,loam,4,grassland/pasture,5,pasture,pasture,2.0,good,False
H+60+25,60,25,11.99,681.0,open_westerly,0.458,False,False,0.696,strong,0,none,False,False,False,False,False,False,False,False,2.5,spring_line,loam,4,grassland/pasture,5,pasture,pasture,2.0,good,False
H+61+25,61,25,12.66,761.8,ocean_westerly,0.52,False,False,0.2,maritime,1,ocean,False,False,False,False,False,False,False,False,0.0,dry,none/ocean,0,none/ocean,0,fisheries,fisheries,0.8,modest,False
H+62+25,62,25,12.69,759.8,ocean_westerly,0.514,False,False,0.2,maritime,1,ocean,False,False,False,False,False,False,False,False,0.0,dry,none/ocean,0,none/ocean,0,fisheries,fisheries,0.8,modest,False
H+63+25,63,25,12.71,750.7,ocean_westerly,0.507,False,False,0.2,maritime,1,ocean,False,False,False,False,False,False,False,False,0.0,dry,none/ocean,0,none/ocean,0,fisheries,fisheries,0.8,modest,False
H+64+25,64,25,12.72,739.1,ocean_westerly,0.501,False,False,0.2,maritime,1,ocean,False,False,False,False,False,False,False,False,0.0,dry,none/ocean,0,none/ocean,0,fisheries,fisheries,0.8,modest,False
H+65+25,65,25,12.72,726.9,ocean_westerly,0.494,False,False,0.2,maritime,1,ocean,False,False,False,False,False,False,False,False,0.0,dry,none/ocean,0,none/ocean,0,fisheries,fisheries,0.8,modest,False
H+66+25,66,25,12.72,711.8,ocean_westerly,0.488,False,False,0.2,maritime,1,ocean,False,False,False,False,False,False,False,False,0.0,dry,none/ocean,0,none/ocean,0,fisheries,fisheries,0.8,modest,False
H+67+25,67,25,12.72,694.5,ocean_westerly,0.481,False,False,0.2,maritime,1,ocean,False,False,False,False,False,False,False,False,0.0,dry,none/ocean,0,none/ocean,0,fisheries,fisheries,0.8,modest,False
H+68+25,68,25,12.71,688.6,ocean_westerly,0.475,False,False,0.2,maritime,1,ocean,False,False,False,False,False,False,False,False,0.0,dry,none/ocean,0,none/ocean,0,fisheries,fisheries,0.8,modest,False
H+69+25,69,25,12.71,681.8,ocean_westerly,0.468,False,False,0.2,maritime,1,ocean,False,False,False,False,False,False,False,False,0.0,dry,none/ocean,0,none/ocean,0,fisheries,fisheries,0.8,modest,False
H+70+25,70,25,12.73,670.5,ocean_westerly,0.461,False,False,0.2,maritime,1,ocean,False,False,False,False,False,False,False,False,0.0,dry,none/ocean,0,none/ocean,0,fisheries,fisheries,0.8,modest,False
H+71+25,71,25,12.76,670.4,ocean_westerly,0.455,False,False,0.2,maritime,1,ocean,False,False,False,False,False,False,False,False,0.0,dry,none/ocean,0,none/ocean,0,fisheries,fisheries,0.8,modest,False
H+72+25,72,25,12.83,673.6,ocean_westerly,0.448,False,False,0.2,maritime,1,ocean,False,False,False,False,False,False,False,False,0.0,dry,none/ocean,0,none/ocean,0,fisheries,fisheries,0.8,modest,False
H+73+25,73,25,12.91,661.1,ocean_westerly,0.442,False,False,0.2,maritime,1,ocean,False,False,False,False,False,False,False,False,0.0,dry,none/ocean,0,none/ocean,0,fisheries,fisheries,0.8,modest,False
H+74+25,74,25,12.98,585.1,open_westerly,0.378,False,False,0.76,strong,0,none,False,False,False,False,False,False,False,False,2.5,shallow_well,sandy coastal,6,coastal scrub,10,,clay,0.0,none,False
H+75+25,75,25,13.02,586.7,open_westerly,0.373,False,False,0.759,strong,0,none,False,False,False,False,False,False,False,False,2.5,shallow_well,sandy coastal,6,coastal scrub,10,,clay,0.0,none,False
H+76+25,76,25,13.02,595.7,open_westerly,0.367,False,False,0.758,strong,0,none,False,False,False,False,False,False,False,False,9.81,dry,sandy coastal,6,coastal scrub,10,,clay,0.0,none,False
H+77+25,77,25,13.13,587.4,open_westerly,0.361,False,False,0.756,strong,0,none,False,False,False,False,False,False,True,False,10.21,dry,loam,4,coastal scrub,10,,clay,0.0,none,False
H+78+25,78,25,13.12,570.2,open_westerly,0.356,False,False,0.754,strong,0,none,False,False,False,False,False,False,False,False,10.41,dry,sandy coastal,6,coastal scrub,10,,clay,0.0,none,False
H+79+25,79,25,13.09,559.7,open_westerly,0.35,False,False,0.751,strong,0,none,False,False,False,False,False,False,False,False,10.37,dry,sandy coastal,6,coastal scrub,10,,clay,0.0,none,False
H+00+26,0,26,13.19,810.4,open_westerly,0.8,False,False,0.626,moderate,0,none,False,False,False,False,False,False,False,False,5.13,shallow_well,sandy coastal,6,coastal scrub,10,,clay,0.0,none,False
H+01+26,1,26,13.24,803.5,open_westerly,0.794,False,False,0.617,moderate,0,none,False,False,False,False,False,False,False,False,5.26,shallow_well,sandy coastal,6,coastal scrub,10,,clay,0.0,none,False
H+02+26,2,26,13.28,790.9,open_westerly,0.789,False,False,0.608,moderate,0,none,False,False,False,False,False,False,False,False,5.57,shallow_well,sandy coastal,6,coastal scrub,10,,clay,0.0,none,False
H+03+26,3,26,13.21,778.2,open_westerly,0.783,False,False,0.598,moderate,0,none,False,False,False,False,False,False,False,False,5.97,shallow_well,sandy coastal,6,coastal scrub,10,,clay,0.0,none,False
H+04+26,4,26,13.18,761.3,open_westerly,0.777,False,False,0.587,moderate,0,none,False,False,False,False,False,False,False,False,6.29,shallow_well,sandy coastal,6,coastal scrub,10,,clay,0.0,none,False
H+05+26,5,26,13.15,738.6,open_westerly,0.772,False,False,0.577,moderate,0,none,False,False,False,False,False,False,False,False,6.42,shallow_well,loam,4,coastal scrub,10,,,0.0,none,False
H+06+26,6,26,13.14,708.7,open_westerly,0.766,False,False,0.566,moderate,0,none,False,False,False,False,False,False,False,False,6.49,shallow_well,loam,4,coastal scrub,10,,,0.0,none,False
H+07+26,7,26,13.15,674.8,open_westerly,0.76,False,False,0.555,moderate,0,none,False,False,False,False,False,False,True,False,6.61,shallow_well,loam,4,coastal scrub,10,,,0.0,none,False
H+08+26,8,26,13.09,640.5,open_westerly,0.754,False,False,0.543,moderate,2,river,True,False,False,False,False,False,True,False,1.5,spring_line,loam,4,coastal scrub,10,,,0.0,none,False
H+09+26,9,26,13.02,617.1,open_westerly,0.749,False,False,0.532,moderate,0,none,False,False,False,False,False,False,False,False,7.33,shallow_well,loam,4,grassland/pasture,5,pasture,pasture,2.0,good,False
H+10+26,10,26,12.89,619.4,open_westerly,0.743,False,False,0.52,moderate,0,none,False,False,False,False,False,False,False,False,7.47,shallow_well,loam,4,grassland/pasture,5,pasture,pasture,2.0,good,False
H+11+26,11,26,12.81,634.6,open_westerly,0.737,False,False,0.509,moderate,0,none,False,False,False,False,False,False,False,False,7.22,shallow_well,loam,4,grassland/pasture,5,pasture,pasture,2.0,good,False
H+12+26,12,26,12.75,640.9,open_westerly,0.732,False,False,0.497,moderate,0,none,False,False,False,False,False,False,False,False,6.8,shallow_well,loam,4,grassland/pasture,5,pasture,pasture,2.0,good,False
H+13+26,13,26,12.58,644.9,open_westerly,0.726,False,False,0.486,moderate,2,river,True,False,False,False,False,False,True,False,1.5,spring_line,loam,4,floodplain farmable,9,,,3.0,rich,False
H+14+26,14,26,12.41,656.2,open_westerly,0.72,False,False,0.474,moderate,0,none,False,False,False,False,False,False,False,False,6.26,shallow_well,loam,4,grassland/pasture,5,pasture,pasture,2.0,good,False
H+15+26,15,26,12.27,673.0,open_westerly,0.715,False,False,0.463,moderate,0,none,False,False,False,False,False,False,False,False,6.29,shallow_well,loam,4,grassland/pasture,5,pasture,pasture,2.0,good,False
H+16+26,16,26,12.23,683.7,open_westerly,0.709,False,False,0.452,moderate,0,none,False,False,False,False,False,False,False,False,6.45,shallow_well,loam,4,grassland/pasture,5,pasture,pasture,2.0,good,False
H+17+26,17,26,12.2,693.6,open_westerly,0.703,False,False,0.441,moderate,0,none,False,False,False,False,False,False,False,False,6.68,shallow_well,loam,4,grassland/pasture,5,pasture,pasture,2.0,good,False
H+18+26,18,26,12.25,698.4,open_westerly,0.697,False,False,0.431,moderate,0,none,False,False,False,False,False,False,False,False,6.89,shallow_well,loam,4,grassland/pasture,5,pasture,pasture,2.0,good,False
H+19+26,19,26,12.39,693.1,open_westerly,0.692,False,False,0.421,moderate,2,river,True,False,False,False,False,False,True,False,1.5,spring_line,loam,4,floodplain farmable,9,fisheries,fisheries,3.0,rich,False
H+20+26,20,26,12.0,703.9,open_westerly,0.69,False,False,0.411,moderate,0,none,False,False,False,False,False,False,False,False,7.78,shallow_well,loam,4,floodplain farmable,9,,,3.0,rich,False
H+21+26,21,26,12.04,691.9,open_westerly,0.685,False,False,0.401,moderate,0,none,False,False,False,False,False,False,False,False,8.22,dry,loam,4,grassland/pasture,5,pasture,pasture|greenstone_metals,2.0,good,False
H+22+26,22,26,12.07,677.8,open_westerly,0.679,False,False,0.391,moderate,0,none,False,False,False,False,False,False,False,False,8.58,dry,loam,4,grassland/pasture,5,pasture,pasture,2.0,good,False
H+23+26,23,26,12.2,661.0,open_westerly,0.67,False,False,0.382,moderate,3,major_river,True,True,False,False,False,False,True,False,1.5,spring_line,loam,4,floodplain farmable,9,fisheries,fisheries,3.5,rich,False
H+24+26,24,26,12.14,679.1,open_westerly,0.665,False,False,0.373,moderate,0,none,False,False,False,False,False,False,True,False,9.01,dry,loam,4,floodplain farmable,9,,,3.0,rich,False
H+25+26,25,26,11.37,795.2,open_westerly,0.68,False,False,0.363,moderate,0,none,False,False,False,False,False,False,False,False,9.07,dry,loam,4,floodplain farmable,9,,limestone_karst,3.0,rich,False
H+26+26,26,26,10.32,959.2,open_westerly,0.702,False,False,0.354,moderate,0,none,False,False,False,False,False,False,False,False,9.08,dry,rocky/lithosol,1,temperate forest,4,timber,timber,1.5,good,False
H+27+26,27,26,0.58,2415.8,windward,0.972,False,False,0.345,weak,0,none,False,False,False,False,False,False,False,False,9.53,dry,mountain thin,3,boreal forest,3,timber,timber,1.0,modest,False
H+28+26,28,26,9.36,515.3,calm_interior,0.668,False,True,0.543,moderate,8,salt_pan,False,False,False,False,True,False,False,False,13.24,dry,saline playa,10,salt flat sparse,11,salt_pans,salt_pans|evaporite_host,0.3,poor,True
H+29+26,29,26,8.54,587.4,calm_interior,0.683,False,False,0.352,moderate,8,salt_pan,False,False,False,False,True,False,False,False,12.66,dry,saline playa,10,salt flat sparse,11,salt_pans,salt_pans|evaporite_host,0.3,poor,True
H+30+26,30,26,9.35,550.9,calm_interior,0.668,False,False,0.36,moderate,8,salt_pan,False,False,False,False,True,False,False,False,12.67,dry,saline playa,10,salt flat sparse,11,salt_pans,salt_pans|evaporite_host,0.3,poor,True
H+31+26,31,26,9.33,530.0,calm_interior,0.651,False,True,0.569,moderate,8,salt_pan,False,False,False,False,True,False,False,False,12.54,dry,saline playa,10,salt flat sparse,11,salt_pans,salt_pans|evaporite_host,0.3,poor,True
H+32+26,32,26,9.3,500.7,calm_interior,0.633,False,True,0.578,moderate,8,salt_pan,False,False,False,False,True,False,False,False,12.5,dry,saline playa,10,salt flat sparse,11,salt_pans,salt_pans|evaporite_host,0.3,poor,True
H+33+26,33,26,8.44,482.1,calm_interior,0.614,False,True,0.588,moderate,8,salt_pan,False,False,False,False,True,False,False,False,12.46,dry,saline playa,10,salt flat sparse,11,salt_pans,salt_pans|evaporite_host,0.3,poor,True
H+34+26,34,26,8.41,461.4,calm_interior,0.598,False,True,0.597,moderate,8,salt_pan,False,False,False,False,True,False,False,False,12.49,dry,saline playa,10,salt flat sparse,11,salt_pans,salt_pans|evaporite_host,0.3,poor,True
H+35+26,35,26,8.37,442.2,calm_interior,0.582,False,True,0.607,moderate,8,salt_pan,False,False,False,False,True,False,False,False,12.59,dry,saline playa,10,salt flat sparse,11,salt_pans,salt_pans|evaporite_host,0.3,poor,True
H+36+26,36,26,8.34,423.5,calm_interior,0.566,False,True,0.617,moderate,8,salt_pan,False,False,False,False,True,False,False,False,12.68,dry,saline playa,10,salt flat sparse,11,salt_pans,salt_pans|evaporite_host,0.3,poor,True
H+37+26,37,26,8.3,407.5,calm_interior,0.55,False,True,0.627,moderate,8,salt_pan,False,False,False,False,True,False,False,False,12.7,dry,saline playa,10,salt flat sparse,11,salt_pans,salt_pans|evaporite_host,0.3,poor,True
H+38+26,38,26,8.68,679.0,open_westerly,0.533,False,False,0.437,moderate,0,none,False,False,False,False,False,False,False,False,11.04,dry,loam,4,grassland/pasture,5,pasture,pasture,2.0,good,False
H+39+26,39,26,9.08,628.0,open_westerly,0.519,False,False,0.448,moderate,0,none,False,False,False,False,False,False,False,False,11.08,dry,loam,4,grassland/pasture,5,pasture,pasture,2.0,good,False
H+40+26,40,26,9.0,327.2,open_westerly,0.51,True,True,0.659,strong,6,wetland,False,False,False,False,False,True,False,False,0.8,marsh,peat/wetland,9,wetland/marsh,8,,peat|evaporite_host,1.2,modest,True
H+41+26,41,26,12.36,416.8,calm_interior,0.54,False,True,0.67,strong,5,inland_sea,False,False,False,True,False,False,False,False,0.0,marsh,clay basin,5,none/ocean,0,fisheries,fisheries|evaporite_host,0.8,modest,True
H+42+26,42,26,12.33,413.1,calm_interior,0.533,False,True,0.681,strong,5,inland_sea,False,False,False,True,False,False,False,False,0.0,marsh,clay basin,5,none/ocean,0,fisheries,fisheries|evaporite_host,0.8,modest,True
H+43+26,43,26,12.32,411.9,calm_interior,0.527,False,True,0.693,strong,5,inland_sea,False,False,False,True,False,False,False,False,0.0,marsh,clay basin,5,none/ocean,0,fisheries,fisheries|evaporite_host,0.8,modest,True
H+44+26,44,26,12.31,405.3,calm_interior,0.522,False,True,0.705,strong,5,inland_sea,False,False,False,True,False,False,False,False,0.0,marsh,clay basin,5,none/ocean,0,fisheries,fisheries|evaporite_host,0.8,modest,True
H+45+26,45,26,12.33,400.0,calm_interior,0.518,False,True,0.717,strong,5,inland_sea,True,False,False,True,False,False,False,False,0.0,marsh,clay basin,5,none/ocean,0,fisheries,fisheries|evaporite_host,0.8,modest,True
H+46+26,46,26,12.36,402.1,calm_interior,0.514,False,True,0.73,strong,5,inland_sea,False,False,False,True,False,False,False,False,0.0,marsh,clay basin,5,none/ocean,0,fisheries,fisheries|evaporite_host,0.8,modest,True
H+47+26,47,26,12.4,404.9,calm_interior,0.511,False,True,0.742,strong,5,inland_sea,False,False,False,True,False,False,False,False,0.0,marsh,clay basin,5,none/ocean,0,fisheries,fisheries|evaporite_host,0.8,modest,True
H+48+26,48,26,12.43,404.7,calm_interior,0.509,False,True,0.755,strong,5,inland_sea,False,False,False,True,False,False,False,False,0.0,marsh,clay basin,5,none/ocean,0,fisheries,fisheries|evaporite_host,0.8,modest,True
H+49+26,49,26,12.45,405.0,calm_interior,0.506,False,True,0.768,strong,5,inland_sea,False,False,False,True,False,False,False,False,0.0,marsh,clay basin,5,none/ocean,0,fisheries,fisheries|evaporite_host,0.8,modest,True
H+50+26,50,26,12.45,405.3,calm_interior,0.504,False,True,0.78,strong,5,inland_sea,False,False,False,True,False,False,False,False,0.0,marsh,clay basin,5,none/ocean,0,fisheries,fisheries|evaporite_host,0.8,modest,True
H+51+26,51,26,12.46,400.1,calm_interior,0.5,False,True,0.793,strong,5,inland_sea,False,False,False,True,False,False,False,False,0.0,marsh,clay basin,5,none/ocean,0,fisheries,fisheries|evaporite_host,0.8,modest,True
H+52+26,52,26,12.49,395.7,calm_interior,0.497,False,True,0.805,strong,5,inland_sea,False,False,False,True,False,False,False,False,0.0,marsh,clay basin,5,none/ocean,0,fisheries,fisheries|evaporite_host,0.8,modest,True
H+53+26,53,26,12.51,394.1,calm_interior,0.493,False,True,0.818,strong,5,inland_sea,False,False,False,True,False,False,False,False,0.0,marsh,clay basin,5,none/ocean,0,fisheries,fisheries|evaporite_host,0.8,modest,True
H+54+26,54,26,12.53,394.2,calm_interior,0.488,False,True,0.83,strong,5,inland_sea,False,False,False,True,False,False,False,False,0.0,marsh,clay basin,5,none/ocean,0,fisheries,fisheries|evaporite_host,0.8,modest,True
H+55+26,55,26,12.53,397.8,calm_interior,0.484,False,True,0.841,strong,5,inland_sea,False,False,False,True,False,False,False,False,0.0,marsh,clay basin,5,none/ocean,0,fisheries,fisheries|evaporite_host,0.8,modest,True
H+56+26,56,26,12.52,402.8,calm_interior,0.479,False,True,0.853,strong,5,inland_sea,False,False,False,True,False,False,False,False,0.0,marsh,clay basin,5,none/ocean,0,fisheries,fisheries|evaporite_host,0.8,modest,True
H+57+26,57,26,12.52,402.5,calm_interior,0.474,False,True,0.863,strong,5,inland_sea,False,False,False,True,False,False,False,False,0.0,marsh,clay basin,5,none/ocean,0,fisheries,fisheries|evaporite_host,0.8,modest,True
H+58+26,58,26,9.13,431.6,calm_interior,0.502,False,True,0.874,strong,6,wetland,False,False,False,False,False,True,False,False,0.8,marsh,peat/wetland,9,wetland/marsh,8,,peat|evaporite_host,1.2,modest,True
H+59+26,59,26,12.32,632.3,open_westerly,0.463,False,False,0.684,strong,0,none,False,False,False,False,False,False,False,False,2.5,spring_line,loam,4,grassland/pasture,5,pasture,pasture,2.0,good,False
H+60+26,60,26,12.35,653.7,open_westerly,0.458,False,False,0.693,strong,0,none,False,False,False,False,False,False,False,False,2.5,shallow_well,loam,4,grassland/pasture,5,pasture,pasture,2.0,good,False
H+61+26,61,26,12.35,670.8,open_westerly,0.452,False,False,0.702,strong,0,none,False,False,False,False,False,False,False,False,2.5,spring_line,loam,4,grassland/pasture,5,pasture,pasture,2.0,good,False
H+62+26,62,26,12.99,742.6,ocean_westerly,0.514,False,False,0.2,maritime,1,ocean,False,False,False,False,False,False,False,False,0.0,dry,none/ocean,0,none/ocean,0,fisheries,fisheries,0.8,modest,False
H+63+26,63,26,12.98,736.7,ocean_westerly,0.507,False,False,0.2,maritime,1,ocean,False,False,False,False,False,False,False,False,0.0,dry,none/ocean,0,none/ocean,0,fisheries,fisheries,0.8,modest,False
H+64+26,64,26,12.96,722.2,ocean_westerly,0.501,False,False,0.2,maritime,1,ocean,False,False,False,False,False,False,False,False,0.0,dry,none/ocean,0,none/ocean,0,fisheries,fisheries,0.8,modest,False
H+65+26,65,26,12.94,705.7,ocean_westerly,0.494,False,False,0.2,maritime,1,ocean,False,False,False,False,False,False,False,False,0.0,dry,none/ocean,0,none/ocean,0,fisheries,fisheries,0.8,modest,False
H+66+26,66,26,12.93,693.3,ocean_westerly,0.488,False,False,0.2,maritime,1,ocean,False,False,False,False,False,False,False,False,0.0,dry,none/ocean,0,none/ocean,0,fisheries,fisheries,0.8,modest,False
H+67+26,67,26,12.93,682.3,ocean_westerly,0.481,False,False,0.2,maritime,1,ocean,False,False,False,False,False,False,False,False,0.0,dry,none/ocean,0,none/ocean,0,fisheries,fisheries,0.8,modest,False
H+68+26,68,26,12.94,679.8,ocean_westerly,0.475,False,False,0.2,maritime,1,ocean,False,False,False,False,False,False,False,False,0.0,dry,none/ocean,0,none/ocean,0,fisheries,fisheries,0.8,modest,False
H+69+26,69,26,12.95,675.3,ocean_westerly,0.468,False,False,0.2,maritime,1,ocean,False,False,False,False,False,False,False,False,0.0,dry,none/ocean,0,none/ocean,0,fisheries,fisheries,0.8,modest,False
H+70+26,70,26,12.98,662.5,ocean_westerly,0.461,False,False,0.2,maritime,1,ocean,False,False,False,False,False,False,False,False,0.0,dry,none/ocean,0,none/ocean,0,fisheries,fisheries,0.8,modest,False
H+71+26,71,26,13.02,651.2,ocean_westerly,0.455,False,False,0.2,maritime,1,ocean,False,False,False,False,False,False,False,False,0.0,dry,none/ocean,0,none/ocean,0,fisheries,fisheries,0.8,modest,False
H+72+26,72,26,13.09,646.8,ocean_westerly,0.448,False,False,0.2,maritime,1,ocean,False,False,False,False,False,False,False,False,0.0,dry,none/ocean,0,none/ocean,0,fisheries,fisheries,0.8,modest,False
H+73+26,73,26,13.18,641.0,ocean_westerly,0.442,False,False,0.2,maritime,1,ocean,False,False,False,False,False,False,False,False,0.0,dry,none/ocean,0,none/ocean,0,fisheries,fisheries,0.8,modest,False
H+74+26,74,26,13.26,576.2,open_westerly,0.378,False,False,0.753,strong,2,river,True,False,False,False,False,False,True,False,1.5,spring_line,loam,4,coastal scrub,10,fisheries,fisheries|clay,0.0,none,False
H+75+26,75,26,13.35,582.9,open_westerly,0.373,False,False,0.752,strong,2,river,True,False,False,False,False,False,True,False,1.5,spring_line,loam,4,coastal scrub,10,fisheries,fisheries|clay,0.0,none,False
H+76+26,76,26,13.33,596.8,open_westerly,0.367,False,False,0.751,strong,2,river,True,False,False,False,False,False,True,False,1.5,spring_line,loam,4,coastal scrub,10,fisheries,fisheries|clay,0.0,none,False
H+77+26,77,26,13.37,590.2,open_westerly,0.361,False,False,0.749,strong,0,none,False,False,False,False,False,False,False,False,10.26,dry,sandy coastal,6,coastal scrub,10,,clay,0.0,none,False
H+78+26,78,26,13.31,572.8,open_westerly,0.356,False,False,0.746,strong,0,none,False,False,False,False,False,False,False,False,10.5,dry,sandy coastal,6,coastal scrub,10,,clay,0.0,none,False
H+79+26,79,26,13.33,560.5,open_westerly,0.35,False,False,0.744,strong,0,none,False,False,False,False,False,False,False,False,10.44,dry,sandy coastal,6,coastal scrub,10,,clay,0.0,none,False
H+00+27,0,27,13.44,808.2,open_westerly,0.8,False,False,0.623,moderate,0,none,False,False,False,False,False,False,False,False,5.41,shallow_well,sandy coastal,6,coastal scrub,10,,clay,0.0,none,False
H+01+27,1,27,13.46,807.6,open_westerly,0.794,False,False,0.614,moderate,0,none,False,False,False,False,False,False,False,False,5.4,shallow_well,sandy coastal,6,coastal scrub,10,,clay,0.0,none,False
H+02+27,2,27,13.45,803.4,open_westerly,0.789,False,False,0.604,moderate,0,none,False,False,False,False,False,False,False,False,5.45,shallow_well,sandy coastal,6,coastal scrub,10,,clay,0.0,none,False
H+03+27,3,27,13.43,791.4,open_westerly,0.783,False,False,0.594,moderate,0,none,False,False,False,False,False,False,False,False,5.64,shallow_well,sandy coastal,6,coastal scrub,10,,clay,0.0,none,False
H+04+27,4,27,13.41,773.8,open_westerly,0.777,False,False,0.583,moderate,0,none,False,False,False,False,False,False,False,False,5.96,shallow_well,loam,4,coastal scrub,10,,,0.0,none,False
H+05+27,5,27,13.4,748.6,open_westerly,0.772,False,False,0.573,moderate,0,none,False,False,False,False,False,False,False,False,6.21,shallow_well,loam,4,coastal scrub,10,,,0.0,none,False
H+06+27,6,27,13.37,711.4,open_westerly,0.766,False,False,0.561,moderate,0,none,False,False,False,False,False,False,False,False,6.44,shallow_well,loam,4,coastal scrub,10,,,0.0,none,False
H+07+27,7,27,13.34,671.5,open_westerly,0.76,False,False,0.55,moderate,0,none,False,False,False,False,False,False,False,False,6.67,shallow_well,loam,4,coastal scrub,10,,,0.0,none,False
H+08+27,8,27,13.28,634.9,open_westerly,0.754,False,False,0.539,moderate,2,river,True,False,False,False,False,False,True,False,1.5,spring_line,loam,4,floodplain farmable,9,,,3.0,rich,False
H+09+27,9,27,13.21,610.7,open_westerly,0.749,False,False,0.527,moderate,0,none,False,False,False,False,False,False,False,False,7.46,shallow_well,loam,4,grassland/pasture,5,pasture,pasture,2.0,good,False
H+10+27,10,27,13.06,613.9,open_westerly,0.743,False,False,0.515,moderate,0,none,False,False,False,False,False,False,False,False,7.62,shallow_well,loam,4,grassland/pasture,5,pasture,pasture,2.0,good,False
H+11+27,11,27,12.99,630.9,open_westerly,0.737,False,False,0.503,moderate,0,none,False,False,False,False,False,False,False,False,7.32,shallow_well,loam,4,grassland/pasture,5,pasture,pasture,2.0,good,False
H+12+27,12,27,12.89,636.2,open_westerly,0.732,False,False,0.492,moderate,0,none,False,False,False,False,False,False,False,False,6.89,shallow_well,loam,4,grassland/pasture,5,pasture,pasture,2.0,good,False
H+13+27,13,27,12.77,637.2,open_westerly,0.726,False,False,0.48,moderate,2,river,True,False,False,False,False,False,True,False,1.5,spring_line,loam,4,floodplain farmable,9,,,3.0,rich,False
H+14+27,14,27,12.57,651.9,open_westerly,0.721,False,False,0.468,moderate,0,none,False,False,False,False,False,False,False,False,6.29,shallow_well,loam,4,grassland/pasture,5,pasture,pasture,2.0,good,False
H+15+27,15,27,12.46,673.8,open_westerly,0.715,False,False,0.457,moderate,0,none,False,False,False,False,False,False,False,False,6.28,shallow_well,loam,4,grassland/pasture,5,pasture,pasture,2.0,good,False
H+16+27,16,27,12.4,688.5,open_westerly,0.709,False,False,0.446,moderate,0,none,False,False,False,False,False,False,False,False,6.46,shallow_well,loam,4,grassland/pasture,5,pasture,pasture,2.0,good,False
H+17+27,17,27,12.41,702.6,open_westerly,0.703,False,False,0.435,moderate,0,none,False,False,False,False,False,False,False,False,6.69,shallow_well,loam,4,floodplain farmable,9,,,3.0,rich,False
H+18+27,18,27,12.47,712.0,open_westerly,0.697,False,False,0.425,moderate,0,none,False,False,False,False,False,False,False,False,6.95,shallow_well,loam,4,floodplain farmable,9,,,3.0,rich,False
H+19+27,19,27,12.58,703.4,open_westerly,0.692,False,False,0.415,moderate,2,river,True,False,False,False,False,False,True,False,1.5,spring_line,loam,4,floodplain farmable,9,fisheries,fisheries,3.0,rich,False
H+20+27,20,27,12.22,710.0,open_westerly,0.69,False,False,0.405,moderate,0,none,False,False,False,False,False,False,False,False,8.04,dry,loam,4,floodplain farmable,9,,,3.0,rich,False
H+21+27,21,27,12.26,697.1,open_westerly,0.685,False,False,0.396,moderate,0,none,False,False,False,False,False,False,False,False,8.52,dry,loam,4,grassland/pasture,5,pasture,pasture,2.0,good,False
H+22+27,22,27,12.29,682.0,open_westerly,0.679,False,False,0.386,moderate,0,none,False,False,False,False,False,False,False,False,8.89,dry,loam,4,grassland/pasture,5,pasture,pasture,2.0,good,False
H+23+27,23,27,12.43,662.4,open_westerly,0.67,False,False,0.377,moderate,3,major_river,True,True,False,False,False,False,True,False,1.5,spring_line,loam,4,floodplain farmable,9,fisheries,fisheries,3.5,rich,False
H+24+27,24,27,12.37,671.5,open_westerly,0.665,False,False,0.368,moderate,0,none,False,False,False,False,False,False,True,False,9.34,dry,loam,4,floodplain farmable,9,,,3.0,rich,False
H+25+27,25,27,11.58,780.5,open_westerly,0.68,False,False,0.359,moderate,0,none,False,False,False,False,False,False,False,False,9.44,dry,rocky/lithosol,1,temperate forest,4,timber,timber,1.5,good,False
H+26+27,26,27,0.79,2398.6,windward,0.992,False,False,0.351,moderate,0,none,False,False,False,False,False,False,False,False,9.4,dry,mountain thin,3,boreal forest,3,timber,timber|stone|limestone_karst,1.0,modest,False
H+27+27,27,27,9.53,516.2,open_westerly,0.68,False,True,0.542,moderate,8,salt_pan,False,False,False,False,True,False,False,False,13.39,dry,saline playa,10,salt flat sparse,11,salt_pans,salt_pans|evaporite_host,0.3,poor,True
H+28+27,28,27,9.54,564.0,calm_interior,0.697,False,False,0.339,weak,8,salt_pan,False,False,False,False,True,False,False,False,13.28,dry,saline playa,10,salt flat sparse,11,salt_pans,salt_pans|evaporite_host,0.3,poor,True
H+29+27,29,27,8.71,583.3,calm_interior,0.683,False,False,0.348,weak,8,salt_pan,False,False,False,False,True,False,False,False,12.95,dry,saline playa,10,salt flat sparse,11,salt_pans,salt_pans|evaporite_host,0.3,poor,True
H+30+27,30,27,9.49,553.7,calm_interior,0.668,False,False,0.357,moderate,8,salt_pan,False,False,False,False,True,False,False,False,12.68,dry,saline playa,10,salt flat sparse,11,salt_pans,salt_pans|evaporite_host,0.3,poor,True
H+31+27,31,27,9.45,540.4,calm_interior,0.651,False,True,0.566,moderate,8,salt_pan,False,False,False,False,True,False,False,False,12.31,dry,saline playa,10,salt flat sparse,11,salt_pans,salt_pans|evaporite_host,0.3,poor,True
H+32+27,32,27,9.4,511.8,calm_interior,0.633,False,True,0.575,moderate,8,salt_pan,False,False,False,False,True,False,False,False,12.22,dry,saline playa,10,salt flat sparse,11,salt_pans,salt_pans|evaporite_host,0.3,poor,True
H+33+27,33,27,9.36,469.9,calm_interior,0.614,False,True,0.584,moderate,8,salt_pan,False,False,False,False,True,False,False,False,12.34,dry,saline playa,10,salt flat sparse,11,salt_pans,salt_pans|evaporite_host,0.3,poor,True
H+34+27,34,27,8.52,468.1,calm_interior,0.598,False,True,0.593,moderate,8,salt_pan,False,False,False,False,True,False,False,False,12.26,dry,saline playa,10,salt flat sparse,11,salt_pans,salt_pans|evaporite_host,0.3,poor,True
H+35+27,35,27,8.5,446.7,calm_interior,0.582,False,True,0.603,moderate,8,salt_pan,False,False,False,False,True,False,False,False,12.39,dry,saline playa,10,salt flat sparse,11,salt_pans,salt_pans|evaporite_host,0.3,poor,True
H+36+27,36,27,8.48,426.5,calm_interior,0.566,False,True,0.613,moderate,8,salt_pan,False,False,False,False,True,False,False,False,12.49,dry,saline playa,10,salt flat sparse,11,salt_pans,salt_pans|evaporite_host,0.3,poor,True
H+37+27,37,27,8.46,411.9,calm_interior,0.55,False,True,0.622,moderate,8,salt_pan,False,False,False,False,True,False,False,False,12.5,dry,saline playa,10,salt flat sparse,11,salt_pans,salt_pans|evaporite_host,0.3,poor,True
H+38+27,38,27,8.79,690.7,open_westerly,0.532,False,False,0.432,moderate,0,none,False,False,False,False,False,False,False,False,10.8,dry,loam,4,grassland/pasture,5,pasture,pasture,2.0,good,False
H+39+27,39,27,9.23,628.5,open_westerly,0.518,False,False,0.443,moderate,0,none,False,False,False,False,False,False,False,False,10.85,dry,loam,4,grassland/pasture,5,pasture,pasture,2.0,good,False
H+40+27,40,27,9.17,319.2,open_westerly,0.51,True,True,0.653,strong,6,wetland,False,False,False,False,False,True,False,False,0.8,marsh,peat/wetland,9,wetland/marsh,8,,peat|evaporite_host,1.2,modest,True
H+41+27,41,27,12.53,404.9,calm_interior,0.54,False,True,0.664,strong,5,inland_sea,False,False,False,True,False,False,False,False,0.0,marsh,clay basin,5,none/ocean,0,fisheries,fisheries|evaporite_host,0.8,modest,True
H+42+27,42,27,12.5,407.9,calm_interior,0.533,False,True,0.675,strong,5,inland_sea,False,False,False,True,False,False,False,False,0.0,marsh,clay basin,5,none/ocean,0,fisheries,fisheries|evaporite_host,0.8,modest,True
H+43+27,43,27,12.48,409.9,calm_interior,0.527,False,True,0.687,strong,5,inland_sea,False,False,False,True,False,False,False,False,0.0,marsh,clay basin,5,none/ocean,0,fisheries,fisheries|evaporite_host,0.8,modest,True
H+44+27,44,27,12.48,399.4,calm_interior,0.522,False,True,0.699,strong,5,inland_sea,False,False,False,True,False,False,False,False,0.0,marsh,clay basin,5,none/ocean,0,fisheries,fisheries|evaporite_host,0.8,modest,True
H+45+27,45,27,12.5,390.8,calm_interior,0.518,False,True,0.711,strong,5,inland_sea,True,False,False,True,False,False,False,False,0.0,marsh,clay basin,5,none/ocean,0,fisheries,fisheries|evaporite_host,0.8,modest,True
H+46+27,46,27,12.54,395.0,calm_interior,0.514,False,True,0.724,strong,5,inland_sea,True,False,False,True,False,False,False,False,0.0,marsh,clay basin,5,none/ocean,0,fisheries,fisheries|evaporite_host,0.8,modest,True
H+47+27,47,27,12.6,400.5,calm_interior,0.511,False,True,0.736,strong,5,inland_sea,True,False,False,True,False,False,False,False,0.0,marsh,clay basin,5,none/ocean,0,fisheries,fisheries|evaporite_host,0.8,modest,True
H+48+27,48,27,12.65,398.2,calm_interior,0.509,False,True,0.749,strong,5,inland_sea,False,False,False,True,False,False,False,False,0.0,marsh,clay basin,5,none/ocean,0,fisheries,fisheries|evaporite_host,0.8,modest,True
H+49+27,49,27,12.69,395.2,calm_interior,0.506,False,True,0.762,strong,5,inland_sea,True,False,False,True,False,False,False,False,0.0,marsh,clay basin,5,none/ocean,0,fisheries,fisheries|evaporite_host,0.8,modest,True
H+50+27,50,27,12.71,394.9,calm_interior,0.504,False,True,0.775,strong,5,inland_sea,False,False,False,True,False,False,False,False,0.0,marsh,clay basin,5,none/ocean,0,fisheries,fisheries|evaporite_host,0.8,modest,True
H+51+27,51,27,12.74,390.7,calm_interior,0.5,False,True,0.788,strong,5,inland_sea,False,False,False,True,False,False,False,False,0.0,marsh,clay basin,5,none/ocean,0,fisheries,fisheries|evaporite_host,0.8,modest,True
H+52+27,52,27,12.79,386.1,calm_interior,0.497,False,True,0.8,strong,5,inland_sea,False,False,False,True,False,False,False,False,0.0,marsh,clay basin,5,none/ocean,0,fisheries,fisheries|evaporite_host,0.8,modest,True
H+53+27,53,27,12.84,385.1,calm_interior,0.493,False,True,0.813,strong,5,inland_sea,False,False,False,True,False,False,False,False,0.0,marsh,clay basin,5,none/ocean,0,fisheries,fisheries|evaporite_host,0.8,modest,True
H+54+27,54,27,12.88,386.0,calm_interior,0.488,False,True,0.825,strong,5,inland_sea,False,False,False,True,False,False,False,False,0.0,marsh,clay basin,5,none/ocean,0,fisheries,fisheries|evaporite_host,0.8,modest,True
H+55+27,55,27,12.89,387.4,calm_interior,0.484,False,True,0.837,strong,5,inland_sea,False,False,False,True,False,False,False,False,0.0,marsh,clay basin,5,none/ocean,0,fisheries,fisheries|evaporite_host,0.8,modest,True
H+56+27,56,27,12.88,389.5,calm_interior,0.479,False,True,0.848,strong,5,inland_sea,False,False,False,True,False,False,False,False,0.0,marsh,clay basin,5,none/ocean,0,fisheries,fisheries|evaporite_host,0.8,modest,True
H+57+27,57,27,12.88,388.9,calm_interior,0.474,False,True,0.859,strong,5,inland_sea,False,False,False,True,False,False,False,False,0.0,marsh,clay basin,5,none/ocean,0,fisheries,fisheries|evaporite_host,0.8,modest,True
H+58+27,58,27,9.48,421.5,calm_interior,0.504,False,True,0.87,strong,6,wetland,False,False,False,False,False,True,False,False,0.8,marsh,peat/wetland,9,wetland/marsh,8,,peat|evaporite_host,1.2,modest,True
H+59+27,59,27,9.48,347.5,calm_interior,0.467,False,True,0.88,strong,6,wetland,False,False,False,False,False,True,False,False,0.8,marsh,peat/wetland,9,wetland/marsh,8,,peat|evaporite_host,1.2,modest,True
H+60+27,60,27,12.66,636.3,open_westerly,0.458,False,False,0.689,strong,0,none,False,False,False,False,False,False,False,False,2.5,spring_line,loam,4,grassland/pasture,5,pasture,pasture|greenstone_metals,2.0,good,False
H+61+27,61,27,12.67,656.7,open_westerly,0.452,False,False,0.698,strong,0,none,False,False,False,False,False,False,False,False,2.5,spring_line,loam,4,grassland/pasture,5,pasture,pasture,2.0,good,False
H+62+27,62,27,13.28,730.2,ocean_westerly,0.514,False,False,0.2,maritime,1,ocean,False,False,False,False,False,False,False,False,0.0,dry,none/ocean,0,none/ocean,0,fisheries,fisheries,0.8,modest,False
H+63+27,63,27,13.24,726.3,ocean_westerly,0.507,False,False,0.2,maritime,1,ocean,False,False,False,False,False,False,False,False,0.0,dry,none/ocean,0,none/ocean,0,fisheries,fisheries,0.8,modest,False
H+64+27,64,27,13.2,710.0,ocean_westerly,0.501,False,False,0.2,maritime,1,ocean,False,False,False,False,False,False,False,False,0.0,dry,none/ocean,0,none/ocean,0,fisheries,fisheries,0.8,modest,False
H+65+27,65,27,13.16,690.7,ocean_westerly,0.494,False,False,0.2,maritime,1,ocean,False,False,False,False,False,False,False,False,0.0,dry,none/ocean,0,none/ocean,0,fisheries,fisheries,0.8,modest,False
H+66+27,66,27,13.15,680.6,ocean_westerly,0.488,False,False,0.2,maritime,1,ocean,False,False,False,False,False,False,False,False,0.0,dry,none/ocean,0,none/ocean,0,fisheries,fisheries,0.8,modest,False
H+67+27,67,27,13.15,674.6,ocean_westerly,0.481,False,False,0.2,maritime,1,ocean,False,False,False,False,False,False,False,False,0.0,dry,none/ocean,0,none/ocean,0,fisheries,fisheries,0.8,modest,False
H+68+27,68,27,13.16,674.5,ocean_westerly,0.475,False,False,0.2,maritime,1,ocean,False,False,False,False,False,False,False,False,0.0,dry,none/ocean,0,none/ocean,0,fisheries,fisheries,0.8,modest,False
H+69+27,69,27,13.18,672.4,ocean_westerly,0.468,False,False,0.2,maritime,1,ocean,False,False,False,False,False,False,False,False,0.0,dry,none/ocean,0,none/ocean,0,fisheries,fisheries,0.8,modest,False
H+70+27,70,27,13.21,659.4,ocean_westerly,0.461,False,False,0.2,maritime,1,ocean,False,False,False,False,False,False,False,False,0.0,dry,none/ocean,0,none/ocean,0,fisheries,fisheries,0.8,modest,False
H+71+27,71,27,13.26,640.7,ocean_westerly,0.455,False,False,0.2,maritime,1,ocean,False,False,False,False,False,False,False,False,0.0,dry,none/ocean,0,none/ocean,0,fisheries,fisheries,0.8,modest,False
H+72+27,72,27,13.33,630.8,ocean_westerly,0.448,False,False,0.2,maritime,1,ocean,False,False,False,False,False,False,False,False,0.0,dry,none/ocean,0,none/ocean,0,fisheries,fisheries,0.8,modest,False
H+73+27,73,27,13.42,629.6,ocean_westerly,0.442,False,False,0.2,maritime,1,ocean,False,False,False,False,False,False,False,False,0.0,dry,none/ocean,0,none/ocean,0,fisheries,fisheries,0.8,modest,False
H+74+27,74,27,13.5,571.9,open_westerly,0.378,False,False,0.747,strong,0,none,False,False,False,False,False,False,False,False,2.5,shallow_well,sandy coastal,6,coastal scrub,10,,clay,0.0,none,False
H+75+27,75,27,13.59,581.6,open_westerly,0.373,False,False,0.746,strong,0,none,False,False,False,False,False,False,False,False,2.5,shallow_well,sandy coastal,6,coastal scrub,10,,clay,0.0,none,False
H+76+27,76,27,13.56,598.7,open_westerly,0.367,False,False,0.744,strong,0,none,False,False,False,False,False,False,False,False,2.5,shallow_well,sandy coastal,6,coastal scrub,10,,clay,0.0,none,False
H+77+27,77,27,13.51,593.6,open_westerly,0.361,False,False,0.742,strong,0,none,False,False,False,False,False,False,False,False,10.35,dry,sandy coastal,6,coastal scrub,10,,clay,0.0,none,False
H+78+27,78,27,13.55,577.2,open_westerly,0.356,False,False,0.74,strong,0,none,False,False,False,False,False,False,False,False,10.54,dry,sandy coastal,6,coastal scrub,10,,clay,0.0,none,False
H+79+27,79,27,13.55,565.0,open_westerly,0.35,False,False,0.737,strong,0,none,False,False,False,False,False,False,False,False,10.51,dry,sandy coastal,6,coastal scrub,10,,clay,0.0,none,False
H+00+28,0,28,13.76,821.4,open_westerly,0.8,False,False,0.619,moderate,0,none,False,False,False,False,False,False,False,False,5.43,shallow_well,sandy coastal,6,coastal scrub,10,,clay,0.0,none,False
H+01+28,1,28,13.72,818.3,open_westerly,0.794,False,False,0.61,moderate,0,none,False,False,False,False,False,False,False,False,5.41,shallow_well,sandy coastal,6,coastal scrub,10,,clay,0.0,none,False
H+02+28,2,28,13.74,810.3,open_westerly,0.789,False,False,0.6,moderate,0,none,False,False,False,False,False,False,False,False,5.36,shallow_well,sandy coastal,6,coastal scrub,10,,clay,0.0,none,False
H+03+28,3,28,13.68,798.2,open_westerly,0.783,False,False,0.59,moderate,0,none,False,False,False,False,False,False,False,False,5.49,shallow_well,sandy coastal,6,coastal scrub,10,,clay,0.0,none,False
H+04+28,4,28,13.63,783.4,open_westerly,0.777,False,False,0.579,moderate,0,none,False,False,False,False,False,False,False,False,5.81,shallow_well,loam,4,coastal scrub,10,,,0.0,none,False
H+05+28,5,28,13.56,759.7,open_westerly,0.772,False,False,0.568,moderate,0,none,False,False,False,False,False,False,False,False,6.12,shallow_well,loam,4,floodplain farmable,9,,,3.0,rich,False
H+06+28,6,28,13.47,727.6,open_westerly,0.766,False,False,0.557,moderate,0,none,False,False,False,False,False,False,False,False,6.41,shallow_well,loam,4,floodplain farmable,9,,,3.0,rich,False
H+07+28,7,28,13.44,690.1,open_westerly,0.76,False,False,0.546,moderate,0,none,False,False,False,False,False,False,False,False,6.65,shallow_well,loam,4,grassland/pasture,5,pasture,pasture,2.0,good,False
H+08+28,8,28,13.5,646.4,open_westerly,0.754,False,False,0.534,moderate,0,none,False,False,False,False,False,False,True,False,7.02,shallow_well,loam,4,floodplain farmable,9,,,3.0,rich,False
H+09+28,9,28,13.42,616.1,open_westerly,0.749,False,False,0.522,moderate,0,none,False,False,False,False,False,False,False,False,7.5,shallow_well,loam,4,grassland/pasture,5,pasture,pasture,2.0,good,False
H+10+28,10,28,13.29,615.6,open_westerly,0.743,False,False,0.51,moderate,0,none,False,False,False,False,False,False,False,False,7.68,shallow_well,loam,4,grassland/pasture,5,pasture,pasture,2.0,good,False
H+11+28,11,28,13.19,628.8,open_westerly,0.737,False,False,0.498,moderate,0,none,False,False,False,False,False,False,False,False,7.41,shallow_well,loam,4,grassland/pasture,5,pasture,pasture,2.0,good,False
H+12+28,12,28,13.11,639.3,open_westerly,0.732,False,False,0.486,moderate,0,none,False,False,False,False,False,False,False,False,6.92,shallow_well,loam,4,grassland/pasture,5,pasture,pasture,2.0,good,False
H+13+28,13,28,13.0,652.0,open_westerly,0.726,False,False,0.474,moderate,2,river,True,False,False,False,False,False,True,False,1.5,spring_line,loam,4,floodplain farmable,9,,,3.0,rich,False
H+14+28,14,28,12.83,665.8,open_westerly,0.721,False,False,0.463,moderate,0,none,False,False,False,False,False,False,True,False,6.21,shallow_well,loam,4,floodplain farmable,9,,,3.0,rich,False
H+15+28,15,28,12.66,680.2,open_westerly,0.716,False,False,0.451,moderate,0,none,False,False,False,False,False,False,False,False,6.27,shallow_well,loam,4,grassland/pasture,5,pasture,pasture,2.0,good,False
H+16+28,16,28,12.57,690.9,open_westerly,0.71,False,False,0.44,moderate,0,none,False,False,False,False,False,False,False,False,6.51,shallow_well,loam,4,grassland/pasture,5,pasture,pasture,2.0,good,False
H+17+28,17,28,12.64,697.9,open_westerly,0.703,False,False,0.43,moderate,0,none,False,False,False,False,False,False,False,False,6.77,shallow_well,loam,4,grassland/pasture,5,pasture,pasture|greenstone_metals,2.0,good,False
H+18+28,18,28,12.7,704.7,open_westerly,0.697,False,False,0.42,moderate,0,none,False,False,False,False,False,False,False,False,7.06,shallow_well,loam,4,floodplain farmable,9,,,3.0,rich,False
H+19+28,19,28,12.71,700.2,open_westerly,0.692,False,False,0.41,moderate,2,river,True,False,False,False,False,False,True,False,1.5,spring_line,loam,4,floodplain farmable,9,fisheries,fisheries,3.0,rich,False
H+20+28,20,28,12.45,713.0,open_westerly,0.69,False,False,0.4,moderate,0,none,False,False,False,False,False,False,False,False,8.14,dry,loam,4,floodplain farmable,9,,,3.0,rich,False
H+21+28,21,28,12.49,703.7,open_westerly,0.685,False,False,0.391,moderate,0,none,False,False,False,False,False,False,False,False,8.62,dry,loam,4,floodplain farmable,9,,,3.0,rich,False
H+22+28,22,28,12.51,692.2,open_westerly,0.679,False,False,0.382,moderate,0,none,False,False,False,False,False,False,False,False,8.96,dry,loam,4,grassland/pasture,5,pasture,pasture,2.0,good,False
H+23+28,23,28,12.65,672.4,open_westerly,0.67,False,False,0.373,moderate,3,major_river,True,True,False,False,False,False,True,False,1.5,spring_line,loam,4,floodplain farmable,9,fisheries,fisheries,3.5,rich,False
H+24+28,24,28,12.58,678.8,open_westerly,0.665,False,False,0.364,moderate,0,none,False,False,False,False,False,False,True,False,9.41,dry,loam,4,floodplain farmable,9,,,3.0,rich,False
H+25+28,25,28,11.78,786.6,open_westerly,0.68,False,False,0.355,moderate,0,none,False,False,False,False,False,False,False,False,9.51,dry,rocky/lithosol,1,temperate forest,4,timber,timber,1.5,good,False
H+26+28,26,28,1.02,2379.7,windward,0.992,False,False,0.347,weak,0,none,False,False,False,False,False,False,False,False,9.5,dry,mountain thin,3,boreal forest,3,timber,timber|stone,1.0,modest,False
H+27+28,27,28,9.71,506.5,open_westerly,0.68,False,True,0.538,moderate,8,salt_pan,False,False,False,False,True,False,False,False,13.6,dry,saline playa,10,salt flat sparse,11,salt_pans,salt_pans|evaporite_host,0.3,poor,True
H+28+28,28,28,9.7,554.4,calm_interior,0.697,False,False,0.336,weak,8,salt_pan,False,False,False,False,True,False,False,False,13.5,dry,saline playa,10,salt flat sparse,11,salt_pans,salt_pans|evaporite_host,0.3,poor,True
H+29+28,29,28,8.87,573.3,calm_interior,0.683,False,False,0.345,weak,8,salt_pan,False,False,False,False,True,False,False,False,13.11,dry,saline playa,10,salt flat sparse,11,salt_pans,salt_pans|evaporite_host,0.3,poor,True
H+30+28,30,28,9.63,543.5,calm_interior,0.668,False,True,0.554,moderate,8,salt_pan,False,False,False,False,True,False,False,False,12.74,dry,saline playa,10,salt flat sparse,11,salt_pans,salt_pans|evaporite_host,0.3,poor,True
H+31+28,31,28,9.57,529.7,calm_interior,0.651,False,True,0.562,moderate,8,salt_pan,False,False,False,False,True,False,False,False,12.28,dry,saline playa,10,salt flat sparse,11,salt_pans,salt_pans|evaporite_host,0.3,poor,True
H+32+28,32,28,9.52,502.0,calm_interior,0.633,False,True,0.571,moderate,8,salt_pan,False,False,False,False,True,False,False,False,12.17,dry,saline playa,10,salt flat sparse,11,salt_pans,salt_pans|evaporite_host,0.3,poor,True
H+33+28,33,28,9.48,463.7,calm_interior,0.614,False,True,0.58,moderate,8,salt_pan,False,False,False,False,True,False,False,False,12.27,dry,saline playa,10,salt flat sparse,11,salt_pans,salt_pans|evaporite_host,0.3,poor,True
H+34+28,34,28,8.65,462.2,calm_interior,0.598,False,True,0.59,moderate,8,salt_pan,False,False,False,False,True,False,False,False,12.2,dry,saline playa,10,salt flat sparse,11,salt_pans,salt_pans|evaporite_host,0.3,poor,True
H+35+28,35,28,8.64,439.0,calm_interior,0.582,False,True,0.599,moderate,8,salt_pan,False,False,False,False,True,False,False,False,12.33,dry,saline playa,10,salt flat sparse,11,salt_pans,salt_pans|evaporite_host,0.3,poor,True
H+36+28,36,28,8.63,417.7,calm_interior,0.566,False,True,0.608,moderate,8,salt_pan,False,False,False,False,True,False,False,False,12.45,dry,saline playa,10,salt flat sparse,11,salt_pans,salt_pans|evaporite_host,0.3,poor,True
H+37+28,37,28,8.62,402.5,calm_interior,0.55,False,True,0.618,moderate,8,salt_pan,False,False,False,False,True,False,False,False,12.46,dry,saline playa,10,salt flat sparse,11,salt_pans,salt_pans|evaporite_host,0.3,poor,True
H+38+28,38,28,8.92,674.1,open_westerly,0.532,False,False,0.428,moderate,0,none,False,False,False,False,False,False,False,False,10.82,dry,loam,4,grassland/pasture,5,pasture,pasture,2.0,good,False
H+39+28,39,28,9.39,339.5,open_westerly,0.518,False,True,0.638,moderate,6,wetland,False,False,False,False,False,True,False,False,0.8,marsh,peat/wetland,9,wetland/marsh,8,,peat|evaporite_host,1.2,modest,True
H+40+28,40,28,12.75,423.7,calm_interior,0.547,False,True,0.648,moderate,5,inland_sea,False,False,False,True,False,False,False,False,0.0,marsh,clay basin,5,none/ocean,0,fisheries,fisheries|evaporite_host,0.8,modest,True
H+41+28,41,28,12.72,406.6,calm_interior,0.54,False,True,0.659,strong,5,inland_sea,False,False,False,True,False,False,False,False,0.0,marsh,clay basin,5,none/ocean,0,fisheries,fisheries|evaporite_host,0.8,modest,True
H+42+28,42,28,12.7,402.4,calm_interior,0.533,False,True,0.67,strong,5,inland_sea,False,False,False,True,False,False,False,False,0.0,marsh,clay basin,5,none/ocean,0,fisheries,fisheries|evaporite_host,0.8,modest,True
H+43+28,43,28,12.68,401.3,calm_interior,0.527,False,True,0.681,strong,5,inland_sea,False,False,False,True,False,False,False,False,0.0,marsh,clay basin,5,none/ocean,0,fisheries,fisheries|evaporite_host,0.8,modest,True
H+44+28,44,28,12.68,394.1,calm_interior,0.522,False,True,0.693,strong,5,inland_sea,True,False,False,True,False,False,False,False,0.0,marsh,clay basin,5,none/ocean,0,fisheries,fisheries|evaporite_host,0.8,modest,True
H+45+28,45,28,12.7,388.0,calm_interior,0.518,False,True,0.705,strong,5,inland_sea,True,False,False,True,False,False,False,False,0.0,marsh,clay basin,5,none/ocean,0,fisheries,fisheries|evaporite_host,0.8,modest,True
H+46+28,46,28,12.76,390.1,calm_interior,0.514,False,True,0.718,strong,5,inland_sea,True,False,False,True,False,False,False,False,0.0,marsh,clay basin,5,none/ocean,0,fisheries,fisheries|evaporite_host,0.8,modest,True
H+47+28,47,28,12.83,393.2,calm_interior,0.511,False,True,0.731,strong,5,inland_sea,True,True,False,True,False,False,False,False,0.0,marsh,clay basin,5,none/ocean,0,fisheries,fisheries|evaporite_host,0.8,modest,True
H+48+28,48,28,12.9,393.1,calm_interior,0.509,False,True,0.744,strong,5,inland_sea,True,True,False,True,False,False,False,False,0.0,marsh,clay basin,5,none/ocean,0,fisheries,fisheries|evaporite_host,0.8,modest,True
H+49+28,49,28,12.96,394.7,calm_interior,0.506,False,True,0.757,strong,5,inland_sea,True,True,False,True,False,False,False,False,0.0,marsh,clay basin,5,none/ocean,0,fisheries,fisheries|evaporite_host,0.8,modest,True
H+50+28,50,28,13.0,394.6,calm_interior,0.504,False,True,0.77,strong,5,inland_sea,True,False,False,True,False,False,False,False,0.0,marsh,clay basin,5,none/ocean,0,fisheries,fisheries|evaporite_host,0.8,modest,True
H+51+28,51,28,13.05,386.5,calm_interior,0.5,False,True,0.783,strong,5,inland_sea,True,False,False,True,False,False,False,False,0.0,marsh,clay basin,5,none/ocean,0,fisheries,fisheries|evaporite_host,0.8,modest,True
H+52+28,52,28,13.12,380.3,calm_interior,0.497,False,True,0.796,strong,5,inland_sea,True,False,False,True,False,False,False,False,0.0,marsh,clay basin,5,none/ocean,0,fisheries,fisheries|evaporite_host,0.8,modest,True
H+53+28,53,28,13.18,381.0,calm_interior,0.493,False,True,0.808,strong,5,inland_sea,True,False,False,True,False,False,False,False,0.0,marsh,clay basin,5,none/ocean,0,fisheries,fisheries|evaporite_host,0.8,modest,True
H+54+28,54,28,13.22,383.2,calm_interior,0.488,False,True,0.821,strong,5,inland_sea,False,False,False,True,False,False,False,False,0.0,marsh,clay basin,5,none/ocean,0,fisheries,fisheries|evaporite_host,0.8,modest,True
H+55+28,55,28,13.24,385.4,calm_interior,0.484,False,True,0.833,strong,5,inland_sea,False,False,False,True,False,False,False,False,0.0,marsh,clay basin,5,none/ocean,0,fisheries,fisheries|evaporite_host,0.8,modest,True
H+56+28,56,28,13.23,388.3,calm_interior,0.479,False,True,0.844,strong,5,inland_sea,False,False,False,True,False,False,False,False,0.0,marsh,clay basin,5,none/ocean,0,fisheries,fisheries|evaporite_host,0.8,modest,True
H+57+28,57,28,13.22,387.5,calm_interior,0.474,False,True,0.855,strong,5,inland_sea,False,False,False,True,False,False,False,False,0.0,marsh,clay basin,5,none/ocean,0,fisheries,fisheries|evaporite_host,0.8,modest,True
H+58+28,58,28,13.21,382.3,calm_interior,0.469,False,True,0.866,strong,5,inland_sea,False,False,False,True,False,False,False,False,0.0,marsh,clay basin,5,none/ocean,0,fisheries,fisheries|evaporite_host,0.8,modest,True
H+59+28,59,28,9.8,428.0,calm_interior,0.501,False,True,0.876,strong,6,wetland,False,False,False,False,False,True,False,False,0.8,marsh,peat/wetland,9,wetland/marsh,8,,peat|evaporite_host,1.2,modest,True
H+60+28,60,28,12.97,634.5,open_westerly,0.458,False,False,0.685,strong,0,none,False,False,False,False,False,False,False,False,2.5,spring_line,loam,4,grassland/pasture,5,pasture,pasture,2.0,good,False
H+61+28,61,28,12.96,654.5,open_westerly,0.452,False,False,0.694,strong,0,none,False,False,False,False,False,False,False,False,2.5,spring_line,loam,4,grassland/pasture,5,pasture,pasture,2.0,good,False
H+62+28,62,28,13.55,721.0,ocean_westerly,0.514,False,False,0.2,maritime,1,ocean,False,False,False,False,False,False,False,False,0.0,dry,none/ocean,0,none/ocean,0,fisheries,fisheries,0.8,modest,False
H+63+28,63,28,13.49,712.9,ocean_westerly,0.507,False,False,0.2,maritime,1,ocean,False,False,False,False,False,False,False,False,0.0,dry,none/ocean,0,none/ocean,0,fisheries,fisheries,0.8,modest,False
H+64+28,64,28,13.43,704.5,ocean_westerly,0.501,False,False,0.2,maritime,1,ocean,False,False,False,False,False,False,False,False,0.0,dry,none/ocean,0,none/ocean,0,fisheries,fisheries,0.8,modest,False
H+65+28,65,28,13.39,695.1,ocean_westerly,0.494,False,False,0.2,maritime,1,ocean,False,False,False,False,False,False,False,False,0.0,dry,none/ocean,0,none/ocean,0,fisheries,fisheries,0.8,modest,False
H+66+28,66,28,13.37,687.7,ocean_westerly,0.488,False,False,0.2,maritime,1,ocean,False,False,False,False,False,False,False,False,0.0,dry,none/ocean,0,none/ocean,0,fisheries,fisheries,0.8,modest,False
H+67+28,67,28,13.37,685.3,ocean_westerly,0.481,False,False,0.2,maritime,1,ocean,False,False,False,False,False,False,False,False,0.0,dry,none/ocean,0,none/ocean,0,fisheries,fisheries,0.8,modest,False
H+68+28,68,28,13.39,685.5,ocean_westerly,0.475,False,False,0.2,maritime,1,ocean,False,False,False,False,False,False,False,False,0.0,dry,none/ocean,0,none/ocean,0,fisheries,fisheries,0.8,modest,False
H+69+28,69,28,13.41,678.9,ocean_westerly,0.468,False,False,0.2,maritime,1,ocean,False,False,False,False,False,False,False,False,0.0,dry,none/ocean,0,none/ocean,0,fisheries,fisheries,0.8,modest,False
H+70+28,70,28,13.44,664.8,ocean_westerly,0.461,False,False,0.2,maritime,1,ocean,False,False,False,False,False,False,False,False,0.0,dry,none/ocean,0,none/ocean,0,fisheries,fisheries,0.8,modest,False
H+71+28,71,28,13.49,643.8,ocean_westerly,0.455,False,False,0.2,maritime,1,ocean,False,False,False,False,False,False,False,False,0.0,dry,none/ocean,0,none/ocean,0,fisheries,fisheries,0.8,modest,False
H+72+28,72,28,13.56,631.7,ocean_westerly,0.448,False,False,0.2,maritime,1,ocean,False,False,False,False,False,False,False,False,0.0,dry,none/ocean,0,none/ocean,0,fisheries,fisheries,0.8,modest,False
H+73+28,73,28,13.65,634.1,ocean_westerly,0.442,False,False,0.2,maritime,1,ocean,False,False,False,False,False,False,False,False,0.0,dry,none/ocean,0,none/ocean,0,fisheries,fisheries,0.8,modest,False
H+74+28,74,28,13.75,639.2,ocean_westerly,0.435,False,False,0.2,maritime,1,ocean,False,False,False,False,False,False,False,False,0.0,dry,none/ocean,0,none/ocean,0,fisheries,fisheries,0.8,modest,False
H+75+28,75,28,13.79,589.8,open_westerly,0.372,False,False,0.74,strong,0,none,False,False,False,False,False,False,False,False,2.5,shallow_well,sandy coastal,6,coastal scrub,10,,clay,0.0,none,False
H+76+28,76,28,13.76,605.7,open_westerly,0.367,False,False,0.738,strong,0,none,False,False,False,False,False,False,False,False,2.5,shallow_well,sandy coastal,6,coastal scrub,10,,clay,0.0,none,False
H+77+28,77,28,13.72,600.9,open_westerly,0.361,False,False,0.736,strong,0,none,False,False,False,False,False,False,False,False,10.32,dry,sandy coastal,6,coastal scrub,10,,clay,0.0,none,False
H+78+28,78,28,13.74,583.7,open_westerly,0.355,False,False,0.734,strong,0,none,False,False,False,False,False,False,False,False,10.53,dry,sandy coastal,6,coastal scrub,10,,clay,0.0,none,False
H+79+28,79,28,13.74,572.8,open_westerly,0.35,False,False,0.731,strong,0,none,False,False,False,False,False,False,False,False,10.51,dry,sandy coastal,6,coastal scrub,10,,clay,0.0,none,False
H+00+29,0,29,14.06,834.2,open_westerly,0.8,False,False,0.615,moderate,0,none,False,False,False,False,False,False,False,False,5.3,shallow_well,sandy coastal,6,coastal scrub,10,,clay,0.0,none,False
H+01+29,1,29,14.01,827.5,open_westerly,0.794,False,False,0.606,moderate,0,none,False,False,False,False,False,False,True,False,5.33,shallow_well,loam,4,coastal scrub,10,,clay,0.0,none,False
H+02+29,2,29,13.95,813.6,open_westerly,0.789,False,False,0.596,moderate,0,none,False,False,False,False,False,False,False,False,5.38,shallow_well,sandy coastal,6,coastal scrub,10,,clay,0.0,none,False
H+03+29,3,29,13.93,800.7,open_westerly,0.783,False,False,0.586,moderate,0,none,False,False,False,False,False,False,False,False,5.5,shallow_well,sandy coastal,6,coastal scrub,10,,clay,0.0,none,False
H+04+29,4,29,13.84,789.3,open_westerly,0.777,False,False,0.575,moderate,0,none,False,False,False,False,False,False,False,False,5.81,shallow_well,loam,4,floodplain farmable,9,,,3.0,rich,False
H+05+29,5,29,13.75,768.7,open_westerly,0.772,False,False,0.564,moderate,0,none,False,False,False,False,False,False,False,False,6.12,shallow_well,loam,4,floodplain farmable,9,,,3.0,rich,False
H+06+29,6,29,13.72,745.4,open_westerly,0.766,False,False,0.553,moderate,0,none,False,False,False,False,False,False,False,False,6.33,shallow_well,loam,4,floodplain farmable,9,,,3.0,rich,False
H+07+29,7,29,13.71,713.1,open_westerly,0.76,False,False,0.541,moderate,0,none,False,False,False,False,False,False,False,False,6.54,shallow_well,loam,4,floodplain farmable,9,,,3.0,rich,False
H+08+29,8,29,13.75,661.9,open_westerly,0.754,False,False,0.529,moderate,0,none,False,False,False,False,False,False,False,False,6.95,shallow_well,loam,4,grassland/pasture,5,pasture,pasture|greenstone_metals,2.0,good,False
H+09+29,9,29,13.71,624.6,open_westerly,0.749,False,False,0.517,moderate,0,none,False,False,False,False,False,False,False,False,7.43,shallow_well,loam,4,grassland/pasture,5,pasture,pasture,2.0,good,False
H+10+29,10,29,13.62,619.8,open_westerly,0.743,False,False,0.505,moderate,0,none,False,False,False,False,False,False,False,False,7.58,shallow_well,loam,4,grassland/pasture,5,pasture,pasture,2.0,good,False
H+11+29,11,29,13.47,629.4,open_westerly,0.738,False,False,0.493,moderate,0,none,False,False,False,False,False,False,False,False,7.37,shallow_well,loam,4,grassland/pasture,5,pasture,pasture,2.0,good,False
H+12+29,12,29,13.36,647.6,open_westerly,0.732,False,False,0.481,moderate,0,none,False,False,False,False,False,False,False,False,6.85,shallow_well,loam,4,grassland/pasture,5,pasture,pasture,2.0,good,False
H+13+29,13,29,13.24,675.8,open_westerly,0.727,False,False,0.469,moderate,0,none,False,False,False,False,False,False,False,False,6.28,shallow_well,loam,4,grassland/pasture,5,pasture,pasture,2.0,good,False
H+14+29,14,29,13.14,686.6,open_westerly,0.721,False,False,0.458,moderate,0,none,False,False,False,False,False,False,False,False,6.02,shallow_well,loam,4,grassland/pasture,5,pasture,pasture,2.0,good,False
H+15+29,15,29,12.96,687.1,open_westerly,0.716,False,False,0.446,moderate,0,none,False,False,False,False,False,False,False,False,6.2,shallow_well,loam,4,grassland/pasture,5,pasture,pasture,2.0,good,False
H+16+29,16,29,12.86,688.5,open_westerly,0.71,False,False,0.435,moderate,0,none,False,False,False,False,False,False,False,False,6.54,shallow_well,loam,4,grassland/pasture,5,pasture,pasture,2.0,good,False
H+17+29,17,29,12.89,690.7,open_westerly,0.704,False,False,0.425,moderate,0,none,False,False,False,False,False,False,False,False,6.88,shallow_well,loam,4,grassland/pasture,5,pasture,pasture,2.0,good,False
H+18+29,18,29,12.92,692.5,open_westerly,0.697,False,False,0.415,moderate,0,none,False,False,False,False,False,False,False,False,7.22,shallow_well,loam,4,grassland/pasture,5,pasture,pasture,2.0,good,False
H+19+29,19,29,12.92,694.3,open_westerly,0.692,False,False,0.405,moderate,2,river,True,False,False,False,False,False,True,False,1.5,spring_line,loam,4,floodplain farmable,9,fisheries,fisheries,3.0,rich,False
H+20+29,20,29,12.67,717.4,open_westerly,0.69,False,False,0.395,moderate,0,none,False,False,False,False,False,False,False,False,8.16,dry,loam,4,floodplain farmable,9,,,3.0,rich,False
H+21+29,21,29,12.7,714.6,open_westerly,0.685,False,False,0.386,moderate,0,none,False,False,False,False,False,False,False,False,8.59,dry,loam,4,floodplain farmable,9,,,3.0,rich,False
H+22+29,22,29,12.72,709.5,open_westerly,0.679,False,False,0.377,moderate,0,none,False,False,False,False,False,False,False,False,8.89,dry,loam,4,floodplain farmable,9,,,3.0,rich,False
H+23+29,23,29,12.85,690.0,open_westerly,0.67,False,False,0.368,moderate,3,major_river,True,True,False,False,False,False,True,False,1.5,spring_line,loam,4,floodplain farmable,9,fisheries,fisheries,3.5,rich,False
H+24+29,24,29,12.77,693.3,open_westerly,0.665,False,False,0.36,moderate,0,none,False,False,False,False,False,False,True,False,9.35,dry,loam,4,floodplain farmable,9,,,3.0,rich,False
H+25+29,25,29,11.97,800.4,open_westerly,0.68,False,False,0.351,moderate,0,none,False,False,False,False,False,False,False,False,9.44,dry,rocky/lithosol,1,temperate forest,4,timber,timber,1.5,good,False
H+26+29,26,29,1.14,2372.6,windward,0.992,False,False,0.343,weak,0,none,False,False,False,False,False,False,False,False,9.5,dry,mountain thin,3,boreal forest,3,timber,timber|stone,1.0,modest,False
H+27+29,27,29,9.86,497.5,open_westerly,0.68,False,True,0.534,moderate,8,salt_pan,False,False,False,False,True,False,False,False,13.59,dry,saline playa,10,salt flat sparse,11,salt_pans,salt_pans|evaporite_host,0.3,poor,True
H+28+29,28,29,9.84,545.1,calm_interior,0.697,False,True,0.532,moderate,8,salt_pan,False,False,False,False,True,False,False,False,13.47,dry,saline playa,10,salt flat sparse,11,salt_pans,salt_pans|evaporite_host,0.3,poor,True
H+29+29,29,29,9.01,562.1,calm_interior,0.683,False,True,0.541,moderate,8,salt_pan,False,False,False,False,True,False,False,False,13.12,dry,saline playa,10,salt flat sparse,11,salt_pans,salt_pans|evaporite_host,0.3,poor,True
H+30+29,30,29,9.76,529.9,calm_interior,0.668,False,True,0.55,moderate,8,salt_pan,False,False,False,False,True,False,False,False,12.83,dry,saline playa,10,salt flat sparse,11,salt_pans,salt_pans|evaporite_host,0.3,poor,True
H+31+29,31,29,9.71,513.9,calm_interior,0.651,False,True,0.559,moderate,8,salt_pan,False,False,False,False,True,False,False,False,12.42,dry,saline playa,10,salt flat sparse,11,salt_pans,salt_pans|evaporite_host,0.3,poor,True
H+32+29,32,29,9.66,487.4,calm_interior,0.633,False,True,0.568,moderate,8,salt_pan,False,False,False,False,True,False,False,False,12.31,dry,saline playa,10,salt flat sparse,11,salt_pans,salt_pans|evaporite_host,0.3,poor,True
H+33+29,33,29,9.63,453.6,calm_interior,0.614,False,True,0.577,moderate,8,salt_pan,False,False,False,False,True,False,False,False,12.38,dry,saline playa,10,salt flat sparse,11,salt_pans,salt_pans|evaporite_host,0.3,poor,True
H+34+29,34,29,9.61,434.6,calm_interior,0.598,False,True,0.586,moderate,8,salt_pan,False,False,False,False,True,False,False,False,12.42,dry,saline playa,10,salt flat sparse,11,salt_pans,salt_pans|evaporite_host,0.3,poor,True
H+35+29,35,29,8.8,426.7,calm_interior,0.582,False,True,0.595,moderate,8,salt_pan,False,False,False,False,True,False,False,False,12.46,dry,saline playa,10,salt flat sparse,11,salt_pans,salt_pans|evaporite_host,0.3,poor,True
H+36+29,36,29,8.8,404.0,calm_interior,0.566,False,True,0.604,moderate,8,salt_pan,False,False,False,False,True,False,False,False,12.57,dry,saline playa,10,salt flat sparse,11,salt_pans,salt_pans|evaporite_host,0.3,poor,True
H+37+29,37,29,8.79,388.2,calm_interior,0.55,False,True,0.613,moderate,8,salt_pan,False,False,False,False,True,False,False,False,12.56,dry,saline playa,10,salt flat sparse,11,salt_pans,salt_pans|evaporite_host,0.3,poor,True
H+38+29,38,29,8.79,370.0,calm_interior,0.535,False,True,0.623,moderate,8,salt_pan,False,False,False,False,True,False,False,False,12.56,dry,saline playa,10,salt flat sparse,11,salt_pans,salt_pans|evaporite_host,0.3,poor,True
H+39+29,39,29,9.58,337.2,open_westerly,0.522,False,True,0.633,moderate,6,wetland,False,False,False,False,False,True,False,False,0.8,marsh,peat/wetland,9,wetland/marsh,8,,peat|evaporite_host,1.2,modest,True
H+40+29,40,29,12.95,426.7,calm_interior,0.547,False,True,0.643,moderate,5,inland_sea,False,False,False,True,False,False,False,False,0.0,marsh,clay basin,5,none/ocean,0,fisheries,fisheries|evaporite_host,0.8,modest,True
H+41+29,41,29,12.93,410.8,calm_interior,0.54,False,True,0.654,strong,5,inland_sea,False,False,False,True,False,False,False,False,0.0,marsh,clay basin,5,none/ocean,0,fisheries,fisheries|evaporite_host,0.8,modest,True
H+42+29,42,29,12.92,397.5,calm_interior,0.533,False,True,0.665,strong,5,inland_sea,False,False,False,True,False,False,False,False,0.0,marsh,clay basin,5,none/ocean,0,fisheries,fisheries|evaporite_host,0.8,modest,True
H+43+29,43,29,12.91,392.6,calm_interior,0.527,False,True,0.676,strong,5,inland_sea,False,False,False,True,False,False,False,False,0.0,marsh,clay basin,5,none/ocean,0,fisheries,fisheries|evaporite_host,0.8,modest,True
H+44+29,44,29,12.91,390.0,calm_interior,0.522,False,True,0.688,strong,5,inland_sea,False,False,False,True,False,False,False,False,0.0,marsh,clay basin,5,none/ocean,0,fisheries,fisheries|evaporite_host,0.8,modest,True
H+45+29,45,29,12.93,387.1,calm_interior,0.518,False,True,0.7,strong,5,inland_sea,False,False,False,True,False,False,False,False,0.0,marsh,clay basin,5,none/ocean,0,fisheries,fisheries|evaporite_host,0.8,modest,True
H+46+29,46,29,12.99,386.9,calm_interior,0.514,False,True,0.713,strong,5,inland_sea,False,False,False,True,False,False,False,False,0.0,marsh,clay basin,5,none/ocean,0,fisheries,fisheries|evaporite_host,0.8,modest,True
H+47+29,47,29,13.08,387.9,calm_interior,0.511,False,True,0.726,strong,5,inland_sea,False,False,False,True,False,False,False,False,0.0,marsh,clay basin,5,none/ocean,0,fisheries,fisheries|evaporite_host,0.8,modest,True
H+48+29,48,29,13.16,392.0,calm_interior,0.509,False,True,0.739,strong,5,inland_sea,False,False,False,True,False,False,False,False,0.0,marsh,clay basin,5,none/ocean,0,fisheries,fisheries|evaporite_host,0.8,modest,True
H+49+29,49,29,13.24,400.8,calm_interior,0.506,False,True,0.752,strong,5,inland_sea,True,True,False,True,False,False,False,False,0.0,marsh,clay basin,5,none/ocean,0,fisheries,fisheries|evaporite_host,0.8,modest,True
H+50+29,50,29,13.3,401.1,calm_interior,0.504,False,True,0.765,strong,5,inland_sea,True,False,False,True,False,False,False,False,0.0,marsh,clay basin,5,none/ocean,0,fisheries,fisheries|evaporite_host,0.8,modest,True
H+51+29,51,29,13.36,388.2,calm_interior,0.5,False,True,0.778,strong,5,inland_sea,True,False,False,True,False,False,False,False,0.0,marsh,clay basin,5,none/ocean,0,fisheries,fisheries|evaporite_host,0.8,modest,True
H+52+29,52,29,13.43,379.9,calm_interior,0.497,False,True,0.791,strong,5,inland_sea,True,False,False,True,False,False,False,False,0.0,marsh,clay basin,5,none/ocean,0,fisheries,fisheries|evaporite_host,0.8,modest,True
H+53+29,53,29,13.49,382.9,calm_interior,0.493,False,True,0.804,strong,5,inland_sea,False,False,False,True,False,False,False,False,0.0,marsh,clay basin,5,none/ocean,0,fisheries,fisheries|evaporite_host,0.8,modest,True
H+54+29,54,29,13.53,387.0,calm_interior,0.488,False,True,0.816,strong,5,inland_sea,False,False,False,True,False,False,False,False,0.0,marsh,clay basin,5,none/ocean,0,fisheries,fisheries|evaporite_host,0.8,modest,True
H+55+29,55,29,13.55,389.9,calm_interior,0.484,False,True,0.828,strong,5,inland_sea,False,False,False,True,False,False,False,False,0.0,marsh,clay basin,5,none/ocean,0,fisheries,fisheries|evaporite_host,0.8,modest,True
H+56+29,56,29,13.54,393.6,calm_interior,0.479,False,True,0.84,strong,5,inland_sea,False,False,False,True,False,False,False,False,0.0,marsh,clay basin,5,none/ocean,0,fisheries,fisheries|evaporite_host,0.8,modest,True
H+57+29,57,29,13.53,391.8,calm_interior,0.474,False,True,0.851,strong,5,inland_sea,False,False,False,True,False,False,False,False,0.0,marsh,clay basin,5,none/ocean,0,fisheries,fisheries|evaporite_host,0.8,modest,True
H+58+29,58,29,13.51,385.3,calm_interior,0.469,False,True,0.862,strong,5,inland_sea,False,False,False,True,False,False,False,False,0.0,marsh,clay basin,5,none/ocean,0,fisheries,fisheries|evaporite_host,0.8,modest,True
H+59+29,59,29,10.09,438.2,calm_interior,0.504,False,True,0.872,strong,6,wetland,False,False,False,False,False,True,False,False,0.8,marsh,peat/wetland,9,wetland/marsh,8,,peat|evaporite_host,1.2,modest,True
H+60+29,60,29,13.24,638.2,open_westerly,0.458,False,False,0.681,strong,0,none,False,False,False,False,False,False,False,False,2.5,spring_line,loam,4,grassland/pasture,5,pasture,pasture,2.0,good,False
H+61+29,61,29,13.21,655.2,open_westerly,0.452,False,False,0.69,strong,0,none,False,False,False,False,False,False,False,False,2.5,spring_line,loam,4,grassland/pasture,5,pasture,pasture,2.0,good,False
H+62+29,62,29,13.79,710.8,ocean_westerly,0.514,False,False,0.2,maritime,1,ocean,False,False,False,False,False,False,False,False,0.0,dry,none/ocean,0,none/ocean,0,fisheries,fisheries,0.8,modest,False
H+63+29,63,29,13.73,696.0,ocean_westerly,0.507,False,False,0.2,maritime,1,ocean,False,False,False,False,False,False,False,False,0.0,dry,none/ocean,0,none/ocean,0,fisheries,fisheries,0.8,modest,False
H+64+29,64,29,13.68,697.5,ocean_westerly,0.501,False,False,0.2,maritime,1,ocean,False,False,False,False,False,False,False,False,0.0,dry,none/ocean,0,none/ocean,0,fisheries,fisheries,0.8,modest,False
H+65+29,65,29,13.64,700.6,ocean_westerly,0.494,False,False,0.2,maritime,1,ocean,False,False,False,False,False,False,False,False,0.0,dry,none/ocean,0,none/ocean,0,fisheries,fisheries,0.8,modest,False
H+66+29,66,29,13.62,696.4,ocean_westerly,0.488,False,False,0.2,maritime,1,ocean,False,False,False,False,False,False,False,False,0.0,dry,none/ocean,0,none/ocean,0,fisheries,fisheries,0.8,modest,False
H+67+29,67,29,13.62,698.3,ocean_westerly,0.481,False,False,0.2,maritime,1,ocean,False,False,False,False,False,False,False,False,0.0,dry,none/ocean,0,none/ocean,0,fisheries,fisheries,0.8,modest,False
H+68+29,68,29,13.64,698.5,ocean_westerly,0.475,False,False,0.2,maritime,1,ocean,False,False,False,False,False,False,False,False,0.0,dry,none/ocean,0,none/ocean,0,fisheries,fisheries,0.8,modest,False
H+69+29,69,29,13.66,686.4,ocean_westerly,0.468,False,False,0.2,maritime,1,ocean,False,False,False,False,False,False,False,False,0.0,dry,none/ocean,0,none/ocean,0,fisheries,fisheries,0.8,modest,False
H+70+29,70,29,13.7,671.8,ocean_westerly,0.461,False,False,0.2,maritime,1,ocean,False,False,False,False,False,False,False,False,0.0,dry,none/ocean,0,none/ocean,0,fisheries,fisheries,0.8,modest,False
H+71+29,71,29,13.75,648.5,ocean_westerly,0.455,False,False,0.2,maritime,1,ocean,False,False,False,False,False,False,False,False,0.0,dry,none/ocean,0,none/ocean,0,fisheries,fisheries,0.8,modest,False
H+72+29,72,29,13.81,633.8,ocean_westerly,0.448,False,False,0.2,maritime,1,ocean,False,False,False,False,False,False,False,False,0.0,dry,none/ocean,0,none/ocean,0,fisheries,fisheries,0.8,modest,False
H+73+29,73,29,13.88,641.0,ocean_westerly,0.442,False,False,0.2,maritime,1,ocean,False,False,False,False,False,False,False,False,0.0,dry,none/ocean,0,none/ocean,0,fisheries,fisheries,0.8,modest,False
H+74+29,74,29,13.96,653.1,ocean_westerly,0.435,False,False,0.2,maritime,1,ocean,False,False,False,False,False,False,False,False,0.0,dry,none/ocean,0,none/ocean,0,fisheries,fisheries,0.8,modest,False
H+75+29,75,29,14.02,601.6,open_westerly,0.372,False,False,0.734,strong,0,none,False,False,False,False,False,False,False,False,2.5,shallow_well,sandy coastal,6,coastal scrub,10,,clay,0.0,none,False
H+76+29,76,29,13.99,616.0,open_westerly,0.366,False,False,0.733,strong,0,none,False,False,False,False,False,False,False,False,2.5,shallow_well,sandy coastal,6,coastal scrub,10,,clay,0.0,none,False
H+77+29,77,29,13.92,611.9,open_westerly,0.361,False,False,0.731,strong,0,none,False,False,False,False,False,False,False,False,9.92,dry,sandy coastal,6,coastal scrub,10,,clay,0.0,none,False
H+78+29,78,29,13.88,593.9,open_westerly,0.355,False,False,0.728,strong,0,none,False,False,False,False,False,False,False,False,10.19,dry,sandy coastal,6,coastal scrub,10,,clay,0.0,none,False
H+79+29,79,29,13.82,585.0,open_westerly,0.349,False,False,0.725,strong,0,none,False,False,False,False,False,False,False,False,10.24,dry,sandy coastal,6,coastal scrub,10,,clay,0.0,none,False
H+00+30,0,30,14.4,841.4,open_westerly,0.8,False,False,0.611,moderate,2,river,True,False,False,False,False,False,True,False,1.5,spring_line,loam,4,coastal scrub,10,,clay,0.0,none,False
H+01+30,1,30,14.35,834.0,open_westerly,0.794,False,False,0.602,moderate,0,none,False,False,False,False,False,False,True,False,5.29,shallow_well,loam,4,coastal scrub,10,,clay,0.0,none,False
H+02+30,2,30,14.21,818.3,open_westerly,0.789,False,False,0.592,moderate,0,none,False,False,False,False,False,False,False,False,5.42,shallow_well,sandy coastal,6,coastal scrub,10,,clay,0.0,none,False
H+03+30,3,30,14.12,800.1,open_westerly,0.783,False,False,0.582,moderate,0,none,False,False,False,False,False,False,False,False,5.61,shallow_well,sandy coastal,6,temperate forest,4,timber,timber|clay,1.5,good,False
H+04+30,4,30,14.03,781.3,open_westerly,0.777,False,False,0.571,moderate,0,none,False,False,False,False,False,False,False,False,5.94,shallow_well,loam,4,floodplain farmable,9,,,3.0,rich,False
H+05+30,5,30,13.99,761.4,open_westerly,0.772,False,False,0.56,moderate,0,none,False,False,False,False,False,False,False,False,6.21,shallow_well,loam,4,floodplain farmable,9,,,3.0,rich,False
H+06+30,6,30,13.98,743.8,open_westerly,0.766,False,False,0.549,moderate,0,none,False,False,False,False,False,False,False,False,6.39,shallow_well,loam,4,floodplain farmable,9,,,3.0,rich,False
H+07+30,7,30,14.02,717.1,open_westerly,0.76,False,False,0.537,moderate,0,none,False,False,False,False,False,False,False,False,6.55,shallow_well,loam,4,floodplain farmable,9,,,3.0,rich,False
H+08+30,8,30,14.04,674.7,open_westerly,0.754,False,False,0.525,moderate,0,none,False,False,False,False,False,False,False,False,6.88,shallow_well,loam,4,grassland/pasture,5,pasture,pasture,2.0,good,False
H+09+30,9,30,14.01,642.3,open_westerly,0.749,False,False,0.513,moderate,0,none,False,False,False,False,False,False,False,False,7.24,shallow_well,loam,4,grassland/pasture,5,pasture,pasture,2.0,good,False
H+10+30,10,30,13.95,634.1,open_westerly,0.743,False,False,0.501,moderate,0,none,False,False,False,False,False,False,False,False,7.35,shallow_well,loam,4,grassland/pasture,5,pasture,pasture,2.0,good,False
H+11+30,11,30,13.81,640.2,open_westerly,0.738,False,False,0.489,moderate,0,none,False,False,False,False,False,False,False,False,7.16,shallow_well,loam,4,grassland/pasture,5,pasture,pasture,2.0,good,False
H+12+30,12,30,13.69,657.7,open_westerly,0.732,False,False,0.477,moderate,0,none,False,False,False,False,False,False,False,False,6.67,shallow_well,loam,4,grassland/pasture,5,pasture,pasture,2.0,good,False
H+13+30,13,30,13.56,682.2,open_westerly,0.727,False,False,0.465,moderate,0,none,False,False,False,False,False,False,False,False,6.15,shallow_well,loam,4,grassland/pasture,5,pasture,pasture,2.0,good,False
H+14+30,14,30,13.45,689.5,open_westerly,0.721,False,False,0.453,moderate,0,none,False,False,False,False,False,False,False,False,5.92,shallow_well,loam,4,grassland/pasture,5,pasture,pasture,2.0,good,False
H+15+30,15,30,13.27,685.8,open_westerly,0.716,False,False,0.442,moderate,0,none,False,False,False,False,False,False,False,False,6.17,shallow_well,loam,4,grassland/pasture,5,pasture,pasture,2.0,good,False
H+16+30,16,30,13.16,681.6,open_westerly,0.71,False,False,0.431,moderate,0,none,False,False,False,False,False,False,False,False,6.62,shallow_well,loam,4,grassland/pasture,5,pasture,pasture,2.0,good,False
H+17+30,17,30,13.17,678.1,open_westerly,0.704,False,False,0.42,moderate,0,none,False,False,False,False,False,False,False,False,7.07,shallow_well,loam,4,grassland/pasture,5,pasture,pasture,2.0,good,False
H+18+30,18,30,13.15,677.1,open_westerly,0.698,False,False,0.41,moderate,0,none,False,False,False,False,False,False,False,False,7.46,shallow_well,loam,4,grassland/pasture,5,pasture,pasture,2.0,good,False
H+19+30,19,30,13.16,678.8,open_westerly,0.692,False,False,0.4,moderate,2,river,True,False,False,False,False,False,True,False,1.5,spring_line,loam,4,floodplain farmable,9,,,3.0,rich,False
H+20+30,20,30,12.89,704.4,open_westerly,0.69,False,False,0.391,moderate,0,none,False,False,False,False,False,False,False,False,8.36,dry,loam,4,floodplain farmable,9,,,3.0,rich,False
H+21+30,21,30,12.89,708.9,open_westerly,0.685,False,False,0.382,moderate,0,none,False,False,False,False,False,False,False,False,8.73,dry,loam,4,floodplain farmable,9,,,3.0,rich,False
H+22+30,22,30,12.91,712.7,open_westerly,0.679,False,False,0.373,moderate,0,none,False,False,False,False,False,False,False,False,8.95,dry,loam,4,floodplain farmable,9,,,3.0,rich,False
H+23+30,23,30,13.03,695.8,open_westerly,0.67,False,False,0.364,moderate,2,river,True,False,False,False,False,False,True,False,1.5,spring_line,loam,4,floodplain farmable,9,fisheries,fisheries,3.0,rich,False
H+24+30,24,30,12.95,702.2,open_westerly,0.665,False,False,0.355,moderate,0,none,False,False,False,False,False,False,True,False,9.34,dry,loam,4,floodplain farmable,9,,limestone_karst,3.0,rich,False
H+25+30,25,30,12.13,812.1,open_westerly,0.68,False,False,0.347,weak,0,none,False,False,False,False,False,False,True,False,9.37,dry,loam,4,floodplain farmable,9,,,3.0,rich,False
H+26+30,26,30,1.31,2409.6,windward,0.992,False,False,0.338,weak,0,none,False,False,False,False,False,False,False,False,9.4,dry,mountain thin,3,boreal forest,3,timber,timber,1.0,modest,False
H+27+30,27,30,10.0,505.7,open_westerly,0.68,False,True,0.53,moderate,8,salt_pan,False,False,False,False,True,False,False,False,13.35,dry,saline playa,10,salt flat sparse,11,salt_pans,salt_pans|evaporite_host,0.3,poor,True
H+28+30,28,30,9.98,551.7,calm_interior,0.697,False,False,0.328,weak,8,salt_pan,False,False,False,False,True,False,False,False,13.2,dry,saline playa,10,salt flat sparse,11,salt_pans,salt_pans|evaporite_host,0.3,poor,True
H+29+30,29,30,9.14,563.0,calm_interior,0.683,False,True,0.537,moderate,8,salt_pan,False,False,False,False,True,False,False,False,12.95,dry,saline playa,10,salt flat sparse,11,salt_pans,salt_pans|evaporite_host,0.3,poor,True
H+30+30,30,30,9.89,525.3,calm_interior,0.668,False,True,0.546,moderate,8,salt_pan,False,False,False,False,True,False,False,False,12.81,dry,saline playa,10,salt flat sparse,11,salt_pans,salt_pans|evaporite_host,0.3,poor,True
H+31+30,31,30,9.85,503.9,calm_interior,0.651,False,True,0.555,moderate,8,salt_pan,False,False,False,False,True,False,False,False,12.53,dry,saline playa,10,salt flat sparse,11,salt_pans,salt_pans|evaporite_host,0.3,poor,True
H+32+30,32,30,9.81,476.5,calm_interior,0.633,False,True,0.563,moderate,8,salt_pan,False,False,False,False,True,False,False,False,12.44,dry,saline playa,10,salt flat sparse,11,salt_pans,salt_pans|evaporite_host,0.3,poor,True
H+33+30,33,30,9.79,443.6,calm_interior,0.614,False,True,0.572,moderate,8,salt_pan,False,False,False,False,True,False,False,False,12.5,dry,saline playa,10,salt flat sparse,11,salt_pans,salt_pans|evaporite_host,0.3,poor,True
H+34+30,34,30,9.78,424.5,calm_interior,0.598,False,True,0.581,moderate,8,salt_pan,False,False,False,False,True,False,False,False,12.54,dry,saline playa,10,salt flat sparse,11,salt_pans,salt_pans|evaporite_host,0.3,poor,True
H+35+30,35,30,9.77,400.1,calm_interior,0.582,False,True,0.59,moderate,8,salt_pan,False,False,False,False,True,False,False,False,12.69,dry,saline playa,10,salt flat sparse,11,salt_pans,salt_pans|evaporite_host,0.3,poor,True
H+36+30,36,30,9.78,378.9,calm_interior,0.566,False,True,0.6,moderate,8,salt_pan,False,False,False,False,True,False,False,False,12.76,dry,saline playa,10,salt flat sparse,11,salt_pans,salt_pans|evaporite_host,0.3,poor,True
H+37+30,37,30,9.78,364.3,calm_interior,0.55,False,True,0.609,moderate,8,salt_pan,False,False,False,False,True,False,False,False,12.7,dry,saline playa,10,salt flat sparse,11,salt_pans,salt_pans|evaporite_host,0.3,poor,True
H+38+30,38,30,9.78,348.5,calm_interior,0.536,False,True,0.619,moderate,8,salt_pan,False,False,False,False,True,False,False,False,12.66,dry,saline playa,10,salt flat sparse,11,salt_pans,salt_pans|evaporite_host,0.3,poor,True
H+39+30,39,30,9.78,333.2,open_westerly,0.522,False,True,0.629,moderate,6,wetland,False,False,False,False,False,True,False,False,0.8,marsh,peat/wetland,9,wetland/marsh,8,,peat|evaporite_host,1.2,modest,True
H+40+30,40,30,9.77,321.9,open_westerly,0.51,True,True,0.639,moderate,6,wetland,False,False,False,False,False,True,False,False,0.8,marsh,peat/wetland,9,wetland/marsh,8,,peat|evaporite_host,1.2,modest,True
H+41+30,41,30,13.16,409.0,calm_interior,0.54,False,True,0.649,moderate,5,inland_sea,False,False,False,True,False,False,False,False,0.0,marsh,clay basin,5,none/ocean,0,fisheries,fisheries|evaporite_host,0.8,modest,True
H+42+30,42,30,13.16,394.1,calm_interior,0.533,False,True,0.66,strong,5,inland_sea,False,False,False,True,False,False,False,False,0.0,marsh,clay basin,5,none/ocean,0,fisheries,fisheries|evaporite_host,0.8,modest,True
H+43+30,43,30,13.15,388.7,calm_interior,0.527,False,True,0.672,strong,5,inland_sea,False,False,False,True,False,False,False,False,0.0,marsh,clay basin,5,none/ocean,0,fisheries,fisheries|evaporite_host,0.8,modest,True
H+44+30,44,30,13.15,390.0,calm_interior,0.522,False,True,0.683,strong,5,inland_sea,False,False,False,True,False,False,False,False,0.0,marsh,clay basin,5,none/ocean,0,fisheries,fisheries|evaporite_host,0.8,modest,True
H+45+30,45,30,13.18,390.0,calm_interior,0.518,False,True,0.696,strong,5,inland_sea,False,False,False,True,False,False,False,False,0.0,marsh,clay basin,5,none/ocean,0,fisheries,fisheries|clay|evaporite_host,0.8,modest,True
H+46+30,46,30,13.25,388.5,calm_interior,0.514,False,True,0.708,strong,5,inland_sea,False,False,False,True,False,False,False,False,0.0,marsh,clay basin,5,none/ocean,0,fisheries,fisheries|evaporite_host,0.8,modest,True
H+47+30,47,30,13.34,389.0,calm_interior,0.511,False,True,0.721,strong,5,inland_sea,False,False,False,True,False,False,False,False,0.0,marsh,clay basin,5,none/ocean,0,fisheries,fisheries|evaporite_host,0.8,modest,True
H+48+30,48,30,13.44,394.0,calm_interior,0.509,False,True,0.734,strong,5,inland_sea,False,False,False,True,False,False,False,False,0.0,marsh,clay basin,5,none/ocean,0,fisheries,fisheries|evaporite_host,0.8,modest,True
H+49+30,49,30,13.53,401.6,calm_interior,0.506,False,True,0.747,strong,5,inland_sea,True,False,False,True,False,False,False,False,0.0,marsh,clay basin,5,none/ocean,0,fisheries,fisheries|evaporite_host,0.8,modest,True
H+50+30,50,30,13.6,402.8,calm_interior,0.504,False,True,0.76,strong,5,inland_sea,False,False,False,True,False,False,False,False,0.0,marsh,clay basin,5,none/ocean,0,fisheries,fisheries|evaporite_host,0.8,modest,True
H+51+30,51,30,13.67,395.7,calm_interior,0.5,False,True,0.774,strong,5,inland_sea,False,False,False,True,False,False,False,False,0.0,marsh,clay basin,5,none/ocean,0,fisheries,fisheries|evaporite_host,0.8,modest,True
H+52+30,52,30,13.73,389.6,calm_interior,0.497,False,True,0.787,strong,5,inland_sea,True,False,False,True,False,False,False,False,0.0,marsh,clay basin,5,none/ocean,0,fisheries,fisheries|evaporite_host,0.8,modest,True
H+53+30,53,30,13.77,389.7,calm_interior,0.493,False,True,0.799,strong,5,inland_sea,True,False,False,True,False,False,False,False,0.0,marsh,clay basin,5,none/ocean,0,fisheries,fisheries|evaporite_host,0.8,modest,True
H+54+30,54,30,13.8,391.4,calm_interior,0.488,False,True,0.812,strong,5,inland_sea,True,False,False,True,False,False,False,False,0.0,marsh,clay basin,5,none/ocean,0,fisheries,fisheries|evaporite_host,0.8,modest,True
H+55+30,55,30,13.82,394.6,calm_interior,0.484,False,True,0.824,strong,5,inland_sea,False,False,False,True,False,False,False,False,0.0,marsh,clay basin,5,none/ocean,0,fisheries,fisheries|evaporite_host,0.8,modest,True
H+56+30,56,30,13.81,398.3,calm_interior,0.479,False,True,0.836,strong,5,inland_sea,False,False,False,True,False,False,False,False,0.0,marsh,clay basin,5,none/ocean,0,fisheries,fisheries|evaporite_host,0.8,modest,True
H+57+30,57,30,13.8,395.0,calm_interior,0.474,False,True,0.847,strong,5,inland_sea,False,False,False,True,False,False,False,False,0.0,marsh,clay basin,5,none/ocean,0,fisheries,fisheries|evaporite_host,0.8,modest,True
H+58+30,58,30,10.38,448.0,calm_interior,0.514,False,True,0.858,strong,6,wetland,False,False,False,False,False,True,False,False,0.8,marsh,peat/wetland,9,wetland/marsh,8,,peat|evaporite_host,1.2,modest,True
H+59+30,59,30,13.53,614.3,open_westerly,0.463,False,False,0.668,strong,0,none,False,False,False,False,False,False,False,False,6.88,shallow_well,loam,4,grassland/pasture,5,pasture,pasture,2.0,good,False
H+60+30,60,30,13.49,635.0,open_westerly,0.458,False,False,0.677,strong,0,none,False,False,False,False,False,False,False,False,2.5,shallow_well,loam,4,grassland/pasture,5,pasture,pasture,2.0,good,False
H+61+30,61,30,13.44,648.3,open_westerly,0.452,False,False,0.686,strong,0,none,False,False,False,False,False,False,False,False,2.5,spring_line,loam,4,grassland/pasture,5,pasture,pasture,2.0,good,False
H+62+30,62,30,14.03,705.6,ocean_westerly,0.514,False,False,0.2,maritime,1,ocean,False,False,False,False,False,False,False,False,0.0,dry,none/ocean,0,none/ocean,0,fisheries,fisheries,0.8,modest,False
H+63+30,63,30,13.98,694.5,ocean_westerly,0.507,False,False,0.2,maritime,1,ocean,False,False,False,False,False,False,False,False,0.0,dry,none/ocean,0,none/ocean,0,fisheries,fisheries,0.8,modest,False
H+64+30,64,30,13.93,693.8,ocean_westerly,0.501,False,False,0.2,maritime,1,ocean,False,False,False,False,False,False,False,False,0.0,dry,none/ocean,0,none/ocean,0,fisheries,fisheries,0.8,modest,False
H+65+30,65,30,13.91,693.5,ocean_westerly,0.494,False,False,0.2,maritime,1,ocean,False,False,False,False,False,False,False,False,0.0,dry,none/ocean,0,none/ocean,0,fisheries,fisheries,0.8,modest,False
H+66+30,66,30,13.9,688.9,ocean_westerly,0.488,False,False,0.2,maritime,1,ocean,False,False,False,False,False,False,False,False,0.0,dry,none/ocean,0,none/ocean,0,fisheries,fisheries,0.8,modest,False
H+67+30,67,30,13.9,689.6,ocean_westerly,0.481,False,False,0.2,maritime,1,ocean,False,False,False,False,False,False,False,False,0.0,dry,none/ocean,0,none/ocean,0,fisheries,fisheries,0.8,modest,False
H+68+30,68,30,13.91,691.0,ocean_westerly,0.475,False,False,0.2,maritime,1,ocean,False,False,False,False,False,False,False,False,0.0,dry,none/ocean,0,none/ocean,0,fisheries,fisheries,0.8,modest,False
H+69+30,69,30,13.94,684.8,ocean_westerly,0.468,False,False,0.2,maritime,1,ocean,False,False,False,False,False,False,False,False,0.0,dry,none/ocean,0,none/ocean,0,fisheries,fisheries,0.8,modest,False
H+70+30,70,30,13.97,674.9,ocean_westerly,0.461,False,False,0.2,maritime,1,ocean,False,False,False,False,False,False,False,False,0.0,dry,none/ocean,0,none/ocean,0,fisheries,fisheries,0.8,modest,False
H+71+30,71,30,14.02,655.1,ocean_westerly,0.455,False,False,0.2,maritime,1,ocean,False,False,False,False,False,False,False,False,0.0,dry,none/ocean,0,none/ocean,0,fisheries,fisheries,0.8,modest,False
H+72+30,72,30,14.08,642.1,ocean_westerly,0.448,False,False,0.2,maritime,1,ocean,False,False,False,False,False,False,False,False,0.0,dry,none/ocean,0,none/ocean,0,fisheries,fisheries,0.8,modest,False
H+73+30,73,30,14.13,650.8,ocean_westerly,0.442,False,False,0.2,maritime,1,ocean,False,False,False,False,False,False,False,False,0.0,dry,none/ocean,0,none/ocean,0,fisheries,fisheries,0.8,modest,False
H+74+30,74,30,14.18,665.7,ocean_westerly,0.435,False,False,0.2,maritime,1,ocean,False,False,False,False,False,False,False,False,0.0,dry,none/ocean,0,none/ocean,0,fisheries,fisheries,0.8,modest,False
H+75+30,75,30,14.21,609.2,open_westerly,0.37,False,False,0.73,strong,2,river,True,False,False,False,False,False,True,False,1.5,spring_line,loam,4,coastal scrub,10,,clay,0.0,none,False
H+76+30,76,30,14.22,617.6,open_westerly,0.365,False,False,0.728,strong,2,river,True,False,False,False,False,False,True,False,1.5,spring_line,loam,4,coastal scrub,10,,clay,0.0,none,False
H+77+30,77,30,14.12,615.8,open_westerly,0.36,False,False,0.726,strong,0,none,False,False,False,False,False,False,False,False,9.18,dry,sandy coastal,6,coastal scrub,10,,clay,0.0,none,False
H+78+30,78,30,14.06,608.4,open_westerly,0.354,False,False,0.723,strong,0,none,False,False,False,False,False,False,False,False,9.43,dry,sandy coastal,6,coastal scrub,10,,clay,0.0,none,False
H+79+30,79,30,13.93,606.0,open_westerly,0.349,False,False,0.721,strong,0,none,False,False,False,False,False,False,False,False,9.59,dry,sandy coastal,6,coastal scrub,10,,clay,0.0,none,False
H+00+31,0,31,14.75,852.7,open_westerly,0.8,False,False,0.607,moderate,2,river,True,False,False,False,False,False,True,False,1.5,spring_line,loam,4,coastal scrub,10,,clay,0.0,none,False
H+01+31,1,31,14.63,846.3,open_westerly,0.794,False,False,0.598,moderate,0,none,False,False,False,False,False,False,False,False,5.37,shallow_well,sandy coastal,6,coastal scrub,10,,clay,0.0,none,False
H+02+31,2,31,14.5,831.5,open_westerly,0.789,False,False,0.588,moderate,0,none,False,False,False,False,False,False,False,False,5.49,shallow_well,sandy coastal,6,coastal scrub,10,,clay,0.0,none,False
H+03+31,3,31,14.39,805.8,open_westerly,0.783,False,False,0.578,moderate,0,none,False,False,False,False,False,False,False,False,5.72,shallow_well,sandy coastal,6,temperate forest,4,timber,timber|clay,1.5,good,False
H+04+31,4,31,14.3,771.4,open_westerly,0.777,False,False,0.567,moderate,0,none,False,False,False,False,False,False,False,False,6.09,shallow_well,loam,4,floodplain farmable,9,,,3.0,rich,False
H+05+31,5,31,14.29,751.2,open_westerly,0.772,False,False,0.556,moderate,0,none,False,False,False,False,False,False,False,False,6.32,shallow_well,loam,4,floodplain farmable,9,,,3.0,rich,False
H+06+31,6,31,14.27,741.0,open_westerly,0.766,False,False,0.544,moderate,0,none,False,False,False,False,False,False,False,False,6.44,shallow_well,loam,4,floodplain farmable,9,,,3.0,rich,False
H+07+31,7,31,14.29,720.5,open_westerly,0.76,False,False,0.533,moderate,0,none,False,False,False,False,False,False,False,False,6.57,shallow_well,loam,4,floodplain farmable,9,,,3.0,rich,False
H+08+31,8,31,14.29,694.9,open_westerly,0.754,False,False,0.521,moderate,0,none,False,False,False,False,False,False,False,False,6.77,shallow_well,loam,4,grassland/pasture,5,pasture,pasture,2.0,good,False
H+09+31,9,31,14.28,673.8,open_westerly,0.749,False,False,0.509,moderate,0,none,False,False,False,False,False,False,False,False,6.98,shallow_well,loam,4,grassland/pasture,5,pasture,pasture|greenstone_metals,2.0,good,False
H+10+31,10,31,14.31,657.5,open_westerly,0.743,False,False,0.497,moderate,0,none,False,False,False,False,False,False,False,False,7.06,shallow_well,loam,4,grassland/pasture,5,pasture,pasture,2.0,good,False
H+11+31,11,31,14.13,653.5,open_westerly,0.738,False,False,0.485,moderate,0,none,False,False,False,False,False,False,False,False,6.97,shallow_well,loam,4,grassland/pasture,5,pasture,pasture,2.0,good,False
H+12+31,12,31,14.01,665.6,open_westerly,0.732,False,False,0.473,moderate,0,none,False,False,False,False,False,False,False,False,6.55,shallow_well,loam,4,grassland/pasture,5,pasture,pasture,2.0,good,False
H+13+31,13,31,13.88,678.6,open_westerly,0.727,False,False,0.461,moderate,0,none,False,False,False,False,False,False,False,False,6.12,shallow_well,loam,4,grassland/pasture,5,pasture,pasture,2.0,good,False
H+14+31,14,31,13.76,681.3,open_westerly,0.721,False,False,0.449,moderate,0,none,False,False,False,False,False,False,False,False,5.94,shallow_well,loam,4,grassland/pasture,5,pasture,pasture,2.0,good,False
H+15+31,15,31,13.56,676.5,open_westerly,0.716,False,False,0.438,moderate,0,none,False,False,False,False,False,False,False,False,6.23,shallow_well,loam,4,grassland/pasture,5,pasture,pasture|greenstone_metals,2.0,good,False
H+16+31,16,31,13.44,668.6,open_westerly,0.71,False,False,0.427,moderate,0,none,False,False,False,False,False,False,False,False,6.77,shallow_well,loam,4,grassland/pasture,5,pasture,pasture,2.0,good,False
H+17+31,17,31,13.45,658.8,open_westerly,0.704,False,False,0.416,moderate,0,none,False,False,False,False,False,False,False,False,7.32,shallow_well,loam,4,grassland/pasture,5,pasture,pasture,2.0,good,False
H+18+31,18,31,13.41,654.3,open_westerly,0.698,False,False,0.406,moderate,0,none,False,False,False,False,False,False,False,False,7.74,shallow_well,loam,4,grassland/pasture,5,pasture,pasture,2.0,good,False
H+19+31,19,31,13.39,652.8,open_westerly,0.692,False,False,0.396,moderate,0,none,False,False,False,False,False,False,True,False,8.18,dry,loam,4,floodplain farmable,9,,,3.0,rich,False
H+20+31,20,31,13.09,675.4,open_westerly,0.691,False,False,0.387,moderate,0,none,False,False,False,False,False,False,False,False,8.66,dry,loam,4,grassland/pasture,5,pasture,pasture,2.0,good,False
H+21+31,21,31,13.08,688.4,open_westerly,0.685,False,False,0.378,moderate,0,none,False,False,False,False,False,False,False,False,8.95,dry,loam,4,grassland/pasture,5,pasture,pasture,2.0,good,False
H+22+31,22,31,13.09,706.4,open_westerly,0.679,False,False,0.369,moderate,0,none,False,False,False,False,False,False,False,False,9.06,dry,loam,4,floodplain farmable,9,,,3.0,rich,False
H+23+31,23,31,13.21,694.5,open_westerly,0.67,False,False,0.36,moderate,2,river,True,False,False,False,False,False,True,False,1.5,spring_line,loam,4,floodplain farmable,9,,,3.0,rich,False
H+24+31,24,31,13.12,708.6,open_westerly,0.666,False,False,0.351,moderate,2,river,True,False,False,False,False,False,True,False,1.5,spring_line,loam,4,floodplain farmable,9,,,3.0,rich,False
H+25+31,25,31,1.54,2484.5,windward,1.0,False,False,0.343,weak,0,none,False,False,False,False,False,False,False,False,8.93,dry,mountain thin,3,boreal forest,3,timber,timber|stone|limestone_karst,1.0,modest,False
H+26+31,26,31,10.21,526.2,open_westerly,0.69,False,True,0.534,moderate,8,salt_pan,False,False,False,False,True,False,False,False,12.7,dry,saline playa,10,salt flat sparse,11,salt_pans,salt_pans|evaporite_host,0.3,poor,True
H+27+31,27,31,10.15,573.3,open_westerly,0.709,False,False,0.326,weak,8,salt_pan,False,False,False,False,True,False,False,False,12.65,dry,saline playa,10,salt flat sparse,11,salt_pans,salt_pans|evaporite_host,0.3,poor,True
H+28+31,28,31,10.11,563.5,calm_interior,0.697,False,False,0.324,weak,8,salt_pan,False,False,False,False,True,False,False,False,12.83,dry,saline playa,10,salt flat sparse,11,salt_pans,salt_pans|evaporite_host,0.3,poor,True
H+29+31,29,31,9.28,569.7,calm_interior,0.683,False,True,0.533,moderate,8,salt_pan,False,False,False,False,True,False,False,False,12.66,dry,saline playa,10,salt flat sparse,11,salt_pans,salt_pans|evaporite_host,0.3,poor,True
H+30+31,30,31,10.04,525.8,calm_interior,0.668,False,True,0.542,moderate,8,salt_pan,False,False,False,False,True,False,False,False,12.65,dry,saline playa,10,salt flat sparse,11,salt_pans,salt_pans|evaporite_host,0.3,poor,True
H+31+31,31,31,10.01,496.2,calm_interior,0.651,False,True,0.551,moderate,8,salt_pan,False,False,False,False,True,False,False,False,12.51,dry,saline playa,10,salt flat sparse,11,salt_pans,salt_pans|evaporite_host,0.3,poor,True
H+32+31,32,31,9.98,467.4,calm_interior,0.633,False,True,0.559,moderate,8,salt_pan,False,False,False,False,True,False,False,False,12.44,dry,saline playa,10,salt flat sparse,11,salt_pans,salt_pans|evaporite_host,0.3,poor,True
H+33+31,33,31,9.96,436.0,calm_interior,0.614,False,True,0.568,moderate,8,salt_pan,False,False,False,False,True,False,False,False,12.48,dry,saline playa,10,salt flat sparse,11,salt_pans,salt_pans|evaporite_host,0.3,poor,True
H+34+31,34,31,9.96,417.1,calm_interior,0.599,False,True,0.577,moderate,8,salt_pan,False,False,False,False,True,False,False,False,12.52,dry,saline playa,10,salt flat sparse,11,salt_pans,salt_pans|evaporite_host,0.3,poor,True
H+35+31,35,31,9.96,393.9,calm_interior,0.583,False,True,0.587,moderate,8,salt_pan,False,False,False,False,True,False,False,False,12.65,dry,saline playa,10,salt flat sparse,11,salt_pans,salt_pans|evaporite_host,0.3,poor,True
H+36+31,36,31,9.97,373.9,calm_interior,0.566,False,True,0.596,moderate,8,salt_pan,False,False,False,False,True,False,False,False,12.7,dry,saline playa,10,salt flat sparse,11,salt_pans,salt_pans|evaporite_host,0.3,poor,True
H+37+31,37,31,9.99,359.0,calm_interior,0.551,False,True,0.605,moderate,8,salt_pan,False,False,False,False,True,False,False,False,12.63,dry,saline playa,10,salt flat sparse,11,salt_pans,salt_pans|evaporite_host,0.3,poor,True
H+38+31,38,31,10.0,343.5,calm_interior,0.536,False,True,0.615,moderate,8,salt_pan,False,False,False,False,True,False,False,False,12.61,dry,saline playa,10,salt flat sparse,11,salt_pans,salt_pans|evaporite_host,0.3,poor,True
H+39+31,39,31,10.0,330.6,open_westerly,0.522,False,True,0.625,moderate,8,salt_pan,False,False,False,False,True,False,False,False,12.79,dry,saline playa,10,salt flat sparse,11,salt_pans,salt_pans|evaporite_host,0.3,poor,True
H+40+31,40,31,10.0,321.4,open_westerly,0.511,True,True,0.635,moderate,6,wetland,False,False,False,False,False,True,False,False,0.8,marsh,peat/wetland,9,wetland/marsh,8,,peat|evaporite_host,1.2,modest,True
H+41+31,41,31,13.4,407.5,calm_interior,0.54,False,True,0.646,moderate,5,inland_sea,False,False,False,True,False,False,False,False,0.0,marsh,clay basin,5,none/ocean,0,fisheries,fisheries|evaporite_host,0.8,modest,True
H+42+31,42,31,13.4,389.4,calm_interior,0.533,False,True,0.657,strong,5,inland_sea,False,False,False,True,False,False,False,False,0.0,marsh,clay basin,5,none/ocean,0,fisheries,fisheries|evaporite_host,0.8,modest,True
H+43+31,43,31,13.41,383.5,calm_interior,0.527,False,True,0.668,strong,5,inland_sea,False,False,False,True,False,False,False,False,0.0,marsh,clay basin,5,none/ocean,0,fisheries,fisheries|clay|evaporite_host,0.8,modest,True
H+44+31,44,31,13.41,394.1,calm_interior,0.522,False,True,0.68,strong,5,inland_sea,False,False,False,True,False,False,False,False,0.0,marsh,clay basin,5,none/ocean,0,fisheries,fisheries|clay|evaporite_host,0.8,modest,True
H+45+31,45,31,13.44,400.9,calm_interior,0.518,False,True,0.692,strong,5,inland_sea,False,False,False,True,False,False,False,False,0.0,marsh,clay basin,5,none/ocean,0,fisheries,fisheries|clay|evaporite_host,0.8,modest,True
H+46+31,46,31,13.51,395.7,calm_interior,0.514,False,True,0.704,strong,5,inland_sea,False,False,False,True,False,False,False,False,0.0,marsh,clay basin,5,none/ocean,0,fisheries,fisheries|evaporite_host,0.8,modest,True
H+47+31,47,31,13.6,392.0,calm_interior,0.511,False,True,0.717,strong,5,inland_sea,False,False,False,True,False,False,False,False,0.0,marsh,clay basin,5,none/ocean,0,fisheries,fisheries|evaporite_host,0.8,modest,True
H+48+31,48,31,13.71,395.1,calm_interior,0.509,False,True,0.73,strong,5,inland_sea,False,False,False,True,False,False,False,False,0.0,marsh,clay basin,5,none/ocean,0,fisheries,fisheries|evaporite_host,0.8,modest,True
H+49+31,49,31,13.82,395.8,calm_interior,0.506,False,True,0.743,strong,5,inland_sea,False,False,False,True,False,False,False,False,0.0,marsh,clay basin,5,none/ocean,0,fisheries,fisheries|evaporite_host,0.8,modest,True
H+50+31,50,31,13.9,398.6,calm_interior,0.504,False,True,0.757,strong,5,inland_sea,False,False,False,True,False,False,False,False,0.0,marsh,clay basin,5,none/ocean,0,fisheries,fisheries|evaporite_host,0.8,modest,True
H+51+31,51,31,13.97,405.8,calm_interior,0.5,False,True,0.77,strong,5,inland_sea,False,False,False,True,False,False,False,False,0.0,marsh,clay basin,5,none/ocean,0,fisheries,fisheries|evaporite_host,0.8,modest,True
H+52+31,52,31,14.01,405.5,calm_interior,0.497,False,True,0.783,strong,5,inland_sea,False,False,False,True,False,False,False,False,0.0,marsh,clay basin,5,none/ocean,0,fisheries,fisheries|evaporite_host,0.8,modest,True
H+53+31,53,31,14.04,398.2,calm_interior,0.493,False,True,0.795,strong,5,inland_sea,False,False,False,True,False,False,False,False,0.0,marsh,clay basin,5,none/ocean,0,fisheries,fisheries|evaporite_host,0.8,modest,True
H+54+31,54,31,14.06,394.3,calm_interior,0.488,False,True,0.808,strong,5,inland_sea,False,False,False,True,False,False,False,False,0.0,marsh,clay basin,5,none/ocean,0,fisheries,fisheries|clay|evaporite_host,0.8,modest,True
H+55+31,55,31,14.07,398.5,calm_interior,0.484,False,True,0.82,strong,5,inland_sea,False,False,False,True,False,False,False,False,0.0,marsh,clay basin,5,none/ocean,0,fisheries,fisheries|clay|evaporite_host,0.8,modest,True
H+56+31,56,31,14.07,403.1,calm_interior,0.479,False,True,0.832,strong,5,inland_sea,False,False,False,True,False,False,False,False,0.0,marsh,clay basin,5,none/ocean,0,fisheries,fisheries|clay|evaporite_host,0.8,modest,True
H+57+31,57,31,14.06,398.0,calm_interior,0.474,False,True,0.843,strong,5,inland_sea,False,False,False,True,False,False,False,False,0.0,marsh,clay basin,5,none/ocean,0,fisheries,fisheries|evaporite_host,0.8,modest,True
H+58+31,58,31,10.64,459.6,calm_interior,0.519,False,True,0.854,strong,6,wetland,False,False,False,False,False,True,False,False,0.8,marsh,peat/wetland,9,wetland/marsh,8,,peat|evaporite_host,1.2,modest,True
H+59+31,59,31,13.79,611.4,open_westerly,0.463,False,False,0.664,strong,0,none,False,False,False,False,False,False,False,False,2.5,spring_line,loam,4,grassland/pasture,5,pasture,pasture,2.0,good,False
H+60+31,60,31,13.75,627.7,open_westerly,0.458,False,False,0.673,strong,2,river,True,False,False,False,False,False,True,False,1.5,spring_line,loam,4,floodplain farmable,9,,greenstone_metals,3.0,rich,False
H+61+31,61,31,14.31,702.4,ocean_westerly,0.52,False,False,0.2,maritime,1,ocean,False,False,False,False,False,False,False,False,0.0,dry,none/ocean,0,none/ocean,0,fisheries,fisheries,0.8,modest,False
H+62+31,62,31,14.27,707.0,ocean_westerly,0.514,False,False,0.2,maritime,1,ocean,False,False,False,False,False,False,False,False,0.0,dry,none/ocean,0,none/ocean,0,fisheries,fisheries,0.8,modest,False
H+63+31,63,31,14.23,707.0,ocean_westerly,0.507,False,False,0.2,maritime,1,ocean,False,False,False,False,False,False,False,False,0.0,dry,none/ocean,0,none/ocean,0,fisheries,fisheries,0.8,modest,False
H+64+31,64,31,14.21,698.2,ocean_westerly,0.501,False,False,0.2,maritime,1,ocean,False,False,False,False,False,False,False,False,0.0,dry,none/ocean,0,none/ocean,0,fisheries,fisheries,0.8,modest,False
H+65+31,65,31,14.19,686.6,ocean_westerly,0.494,False,False,0.2,maritime,1,ocean,False,False,False,False,False,False,False,False,0.0,dry,none/ocean,0,none/ocean,0,fisheries,fisheries,0.8,modest,False
H+66+31,66,31,14.19,679.8,ocean_westerly,0.488,False,False,0.2,maritime,1,ocean,False,False,False,False,False,False,False,False,0.0,dry,none/ocean,0,none/ocean,0,fisheries,fisheries,0.8,modest,False
H+67+31,67,31,14.19,676.2,ocean_westerly,0.481,False,False,0.2,maritime,1,ocean,False,False,False,False,False,False,False,False,0.0,dry,none/ocean,0,none/ocean,0,fisheries,fisheries,0.8,modest,False
H+68+31,68,31,14.21,679.1,ocean_westerly,0.475,False,False,0.2,maritime,1,ocean,False,False,False,False,False,False,False,False,0.0,dry,none/ocean,0,none/ocean,0,fisheries,fisheries,0.8,modest,False
H+69+31,69,31,14.23,683.9,ocean_westerly,0.468,False,False,0.2,maritime,1,ocean,False,False,False,False,False,False,False,False,0.0,dry,none/ocean,0,none/ocean,0,fisheries,fisheries,0.8,modest,False
H+70+31,70,31,14.26,680.3,ocean_westerly,0.461,False,False,0.2,maritime,1,ocean,False,False,False,False,False,False,False,False,0.0,dry,none/ocean,0,none/ocean,0,fisheries,fisheries,0.8,modest,False
H+71+31,71,31,14.31,664.7,ocean_westerly,0.455,False,False,0.2,maritime,1,ocean,False,False,False,False,False,False,False,False,0.0,dry,none/ocean,0,none/ocean,0,fisheries,fisheries,0.8,modest,False
H+72+31,72,31,14.36,654.3,ocean_westerly,0.448,False,False,0.2,maritime,1,ocean,False,False,False,False,False,False,False,False,0.0,dry,none/ocean,0,none/ocean,0,fisheries,fisheries,0.8,modest,False
H+73+31,73,31,14.39,665.3,ocean_westerly,0.442,False,False,0.2,maritime,1,ocean,False,False,False,False,False,False,False,False,0.0,dry,none/ocean,0,none/ocean,0,fisheries,fisheries,0.8,modest,False
H+74+31,74,31,14.39,612.5,open_westerly,0.374,False,False,0.727,strong,0,none,False,False,False,False,False,False,False,False,2.5,shallow_well,sandy coastal,6,coastal scrub,10,,,0.0,none,False
H+75+31,75,31,14.3,615.8,open_westerly,0.369,False,False,0.725,strong,0,none,False,False,False,False,False,False,False,False,2.5,shallow_well,sandy coastal,6,coastal scrub,10,,clay,0.0,none,False
H+76+31,76,31,14.28,607.6,open_westerly,0.363,False,False,0.724,strong,0,none,False,False,False,False,False,False,False,False,8.36,dry,sandy coastal,6,coastal scrub,10,,clay,0.0,none,False
H+77+31,77,31,14.22,608.3,open_westerly,0.358,False,False,0.722,strong,0,none,False,False,False,False,False,False,False,False,8.52,dry,sandy coastal,6,coastal scrub,10,,clay,0.0,none,False
H+78+31,78,31,14.18,622.0,open_westerly,0.353,False,False,0.719,strong,0,none,False,False,False,False,False,False,False,False,8.67,dry,sandy coastal,6,coastal scrub,10,,clay,0.0,none,False
H+79+31,79,31,14.08,630.4,open_westerly,0.348,False,False,0.716,strong,0,none,False,False,False,False,False,False,False,False,8.84,dry,sandy coastal,6,coastal scrub,10,,clay,0.0,none,False
H+00+32,0,32,15.03,852.1,open_westerly,0.8,False,False,0.603,moderate,2,river,True,False,False,False,False,False,True,False,1.5,spring_line,loam,4,coastal scrub,10,,clay,0.0,none,False
H+01+32,1,32,14.97,847.8,open_westerly,0.794,False,False,0.594,moderate,0,none,False,False,False,False,False,False,True,False,5.69,shallow_well,loam,4,coastal scrub,10,,clay,0.0,none,False
H+02+32,2,32,14.86,836.1,open_westerly,0.789,False,False,0.584,moderate,0,none,False,False,False,False,False,False,False,False,5.73,shallow_well,sandy coastal,6,coastal scrub,10,,clay,0.0,none,False
H+03+32,3,32,14.74,811.0,open_westerly,0.783,False,False,0.574,moderate,0,none,False,False,False,False,False,False,False,False,5.89,shallow_well,sandy coastal,6,coastal scrub,10,,clay,0.0,none,False
H+04+32,4,32,14.68,775.7,open_westerly,0.777,False,False,0.563,moderate,0,none,False,False,False,False,False,False,False,False,6.17,shallow_well,loam,4,floodplain farmable,9,,,3.0,rich,False
H+05+32,5,32,14.67,757.2,open_westerly,0.772,False,False,0.552,moderate,0,none,False,False,False,False,False,False,False,False,6.31,shallow_well,loam,4,floodplain farmable,9,,,3.0,rich,False
H+06+32,6,32,14.61,749.0,open_westerly,0.766,False,False,0.541,moderate,0,none,False,False,False,False,False,False,False,False,6.4,shallow_well,loam,4,floodplain farmable,9,,,3.0,rich,False
H+07+32,7,32,14.58,730.4,open_westerly,0.76,False,False,0.529,moderate,0,none,False,False,False,False,False,False,False,False,6.52,shallow_well,loam,4,floodplain farmable,9,,,3.0,rich,False
H+08+32,8,32,14.6,707.6,open_westerly,0.754,False,False,0.517,moderate,0,none,False,False,False,False,False,False,False,False,6.68,shallow_well,loam,4,floodplain farmable,9,,,3.0,rich,False
H+09+32,9,32,14.64,687.9,open_westerly,0.749,False,False,0.505,moderate,0,none,False,False,False,False,False,False,False,False,6.84,shallow_well,loam,4,grassland/pasture,5,pasture,pasture,2.0,good,False
H+10+32,10,32,14.66,671.4,open_westerly,0.743,False,False,0.493,moderate,0,none,False,False,False,False,False,False,False,False,6.91,shallow_well,loam,4,grassland/pasture,5,pasture,pasture,2.0,good,False
H+11+32,11,32,14.61,665.0,open_westerly,0.737,False,False,0.481,moderate,0,none,False,False,False,False,False,False,False,False,6.79,shallow_well,loam,4,grassland/pasture,5,pasture,pasture,2.0,good,False
H+12+32,12,32,14.47,671.6,open_westerly,0.732,False,False,0.469,moderate,0,none,False,False,False,False,False,False,False,False,6.45,shallow_well,loam,4,grassland/pasture,5,pasture,pasture,2.0,good,False
H+13+32,13,32,14.16,680.6,open_westerly,0.727,False,False,0.458,moderate,0,none,False,False,False,False,False,False,False,False,6.19,shallow_well,loam,4,grassland/pasture,5,pasture,pasture,2.0,good,False
H+14+32,14,32,14.03,679.2,open_westerly,0.721,False,False,0.446,moderate,0,none,False,False,False,False,False,False,False,False,6.05,shallow_well,loam,4,grassland/pasture,5,pasture,pasture,2.0,good,False
H+15+32,15,32,13.83,673.9,open_westerly,0.716,False,False,0.435,moderate,0,none,False,False,False,False,False,False,False,False,6.34,shallow_well,loam,4,grassland/pasture,5,pasture,pasture,2.0,good,False
H+16+32,16,32,13.71,664.8,open_westerly,0.71,False,False,0.424,moderate,0,none,False,False,False,False,False,False,False,False,6.89,shallow_well,loam,4,grassland/pasture,5,pasture,pasture|greenstone_metals,2.0,good,False
H+17+32,17,32,13.7,651.7,open_westerly,0.704,False,False,0.413,moderate,0,none,False,False,False,False,False,False,False,False,7.45,shallow_well,loam,4,grassland/pasture,5,pasture,pasture,2.0,good,False
H+18+32,18,32,13.64,645.3,open_westerly,0.698,False,False,0.403,moderate,0,none,False,False,False,False,False,False,False,False,7.88,shallow_well,loam,4,grassland/pasture,5,pasture,pasture|greenstone_metals,2.0,good,False
H+19+32,19,32,13.61,644.7,open_westerly,0.692,False,False,0.393,moderate,0,none,False,False,False,False,False,False,False,False,8.3,dry,loam,4,grassland/pasture,5,pasture,pasture,2.0,good,False
H+20+32,20,32,13.29,669.3,open_westerly,0.691,False,False,0.384,moderate,0,none,False,False,False,False,False,False,False,False,8.74,dry,loam,4,grassland/pasture,5,pasture,pasture,2.0,good,False
H+21+32,21,32,13.26,683.0,open_westerly,0.685,False,False,0.374,moderate,0,none,False,False,False,False,False,False,False,False,9.0,dry,loam,4,grassland/pasture,5,pasture,pasture,2.0,good,False
H+22+32,22,32,13.26,701.4,open_westerly,0.679,False,False,0.365,moderate,0,none,False,False,False,False,False,False,False,False,9.06,dry,loam,4,floodplain farmable,9,,,3.0,rich,False
H+23+32,23,32,10.57,1151.2,open_westerly,0.764,False,False,0.357,moderate,0,none,False,False,False,False,False,False,False,False,7.7,shallow_well,loam,4,temperate forest,4,timber,timber|stone,1.5,good,False
H+24+32,24,32,13.29,705.2,open_westerly,0.665,False,False,0.348,weak,0,none,False,False,False,False,False,False,True,False,9.17,dry,loam,4,floodplain farmable,9,,,3.0,rich,False
H+25+32,25,32,1.75,2479.2,windward,1.0,False,False,0.339,weak,0,none,False,False,False,False,False,False,False,False,8.7,dry,mountain thin,3,boreal forest,3,timber,timber,1.0,modest,False
H+26+32,26,32,10.37,525.4,open_westerly,0.69,False,True,0.531,moderate,8,salt_pan,False,False,False,False,True,False,False,False,12.45,dry,saline playa,10,salt flat sparse,11,salt_pans,salt_pans|evaporite_host,0.3,poor,True
H+27+32,27,32,10.3,572.5,open_westerly,0.709,False,False,0.322,weak,8,salt_pan,False,False,False,False,True,False,False,False,12.36,dry,saline playa,10,salt flat sparse,11,salt_pans,salt_pans|evaporite_host,0.3,poor,True
H+28+32,28,32,10.26,561.0,calm_interior,0.697,False,False,0.32,weak,8,salt_pan,False,False,False,False,True,False,False,False,12.54,dry,saline playa,10,salt flat sparse,11,salt_pans,salt_pans|evaporite_host,0.3,poor,True
H+29+32,29,32,9.44,563.6,calm_interior,0.683,False,True,0.529,moderate,8,salt_pan,False,False,False,False,True,False,False,False,12.4,dry,saline playa,10,salt flat sparse,11,salt_pans,salt_pans|evaporite_host,0.3,poor,True
H+30+32,30,32,10.2,519.4,calm_interior,0.668,False,True,0.538,moderate,8,salt_pan,False,False,False,False,True,False,False,False,12.43,dry,saline playa,10,salt flat sparse,11,salt_pans,salt_pans|evaporite_host,0.3,poor,True
H+31+32,31,32,10.18,489.0,calm_interior,0.651,False,True,0.547,moderate,8,salt_pan,False,False,False,False,True,False,False,False,12.31,dry,saline playa,10,salt flat sparse,11,salt_pans,salt_pans|evaporite_host,0.3,poor,True
H+32+32,32,32,10.17,459.7,calm_interior,0.633,False,True,0.556,moderate,8,salt_pan,False,False,False,False,True,False,False,False,12.23,dry,saline playa,10,salt flat sparse,11,salt_pans,salt_pans|evaporite_host,0.3,poor,True
H+33+32,33,32,10.16,428.4,calm_interior,0.615,False,True,0.565,moderate,8,salt_pan,False,False,False,False,True,False,False,False,12.25,dry,saline playa,10,salt flat sparse,11,salt_pans,salt_pans|evaporite_host,0.3,poor,True
H+34+32,34,32,10.16,409.3,calm_interior,0.599,False,True,0.574,moderate,8,salt_pan,False,False,False,False,True,False,False,False,12.26,dry,saline playa,10,salt flat sparse,11,salt_pans,salt_pans|evaporite_host,0.3,poor,True
H+35+32,35,32,10.17,385.9,calm_interior,0.583,False,True,0.583,moderate,8,salt_pan,False,False,False,False,True,False,False,False,12.38,dry,saline playa,10,salt flat sparse,11,salt_pans,salt_pans|evaporite_host,0.3,poor,True
H+36+32,36,32,10.18,366.1,calm_interior,0.567,False,True,0.593,moderate,8,salt_pan,False,False,False,False,True,False,False,False,12.46,dry,saline playa,10,salt flat sparse,11,salt_pans,salt_pans|evaporite_host,0.3,poor,True
H+37+32,37,32,10.2,352.7,calm_interior,0.551,False,True,0.602,moderate,8,salt_pan,False,False,False,False,True,False,False,False,12.45,dry,saline playa,10,salt flat sparse,11,salt_pans,salt_pans|evaporite_host,0.3,poor,True
H+38+32,38,32,10.22,339.5,calm_interior,0.536,False,True,0.612,moderate,8,salt_pan,False,False,False,False,True,False,False,False,12.52,dry,saline playa,10,salt flat sparse,11,salt_pans,salt_pans|evaporite_host,0.3,poor,True
H+39+32,39,32,10.23,327.9,open_westerly,0.523,False,True,0.622,moderate,8,salt_pan,False,False,False,False,True,False,False,False,12.79,dry,saline playa,10,salt flat sparse,11,salt_pans,salt_pans|evaporite_host,0.3,poor,True
H+40+32,40,32,10.24,319.6,open_westerly,0.512,True,True,0.632,moderate,6,wetland,False,False,False,False,False,True,False,False,0.8,marsh,peat/wetland,9,wetland/marsh,8,,peat|evaporite_host,1.2,modest,True
H+41+32,41,32,10.25,308.7,open_westerly,0.503,True,True,0.643,moderate,6,wetland,False,False,False,False,False,True,False,False,0.8,marsh,peat/wetland,9,wetland/marsh,8,,clay|peat|evaporite_host,1.2,modest,True
H+42+32,42,32,13.66,388.4,calm_interior,0.533,False,True,0.654,strong,5,inland_sea,False,False,False,True,False,False,False,False,0.0,marsh,clay basin,5,none/ocean,0,fisheries,fisheries|clay|evaporite_host,0.8,modest,True
H+43+32,43,32,13.67,384.1,calm_interior,0.527,False,True,0.665,strong,5,inland_sea,False,False,False,True,False,False,False,False,0.0,marsh,clay basin,5,none/ocean,0,fisheries,fisheries|clay|evaporite_host,0.8,modest,True
H+44+32,44,32,13.67,397.2,calm_interior,0.522,False,True,0.677,strong,5,inland_sea,False,False,False,True,False,False,False,False,0.0,marsh,clay basin,5,none/ocean,0,fisheries,fisheries|clay|evaporite_host,0.8,modest,True
H+45+32,45,32,13.7,405.4,calm_interior,0.518,False,True,0.689,strong,5,inland_sea,False,False,False,True,False,False,False,False,0.0,marsh,clay basin,5,none/ocean,0,fisheries,fisheries|clay|evaporite_host,0.8,modest,True
H+46+32,46,32,13.77,399.1,calm_interior,0.514,False,True,0.702,strong,5,inland_sea,False,False,False,True,False,False,False,False,0.0,marsh,clay basin,5,none/ocean,0,fisheries,fisheries|clay|evaporite_host,0.8,modest,True
H+47+32,47,32,13.87,394.2,calm_interior,0.511,False,True,0.714,strong,5,inland_sea,False,False,False,True,False,False,False,False,0.0,marsh,clay basin,5,none/ocean,0,fisheries,fisheries|evaporite_host,0.8,modest,True
H+48+32,48,32,13.99,396.7,calm_interior,0.509,False,True,0.727,strong,5,inland_sea,False,False,False,True,False,False,False,False,0.0,marsh,clay basin,5,none/ocean,0,fisheries,fisheries|evaporite_host,0.8,modest,True
H+49+32,49,32,14.1,396.2,calm_interior,0.506,False,True,0.74,strong,5,inland_sea,False,False,False,True,False,False,False,False,0.0,marsh,clay basin,5,none/ocean,0,fisheries,fisheries|evaporite_host,0.8,modest,True
H+50+32,50,32,14.2,399.4,calm_interior,0.504,False,True,0.753,strong,5,inland_sea,False,False,False,True,False,False,False,False,0.0,marsh,clay basin,5,none/ocean,0,fisheries,fisheries|evaporite_host,0.8,modest,True
H+51+32,51,32,14.26,408.2,calm_interior,0.5,False,True,0.766,strong,5,inland_sea,False,False,False,True,False,False,False,False,0.0,marsh,clay basin,5,none/ocean,0,fisheries,fisheries|evaporite_host,0.8,modest,True
H+52+32,52,32,14.29,408.9,calm_interior,0.497,False,True,0.779,strong,5,inland_sea,False,False,False,True,False,False,False,False,0.0,marsh,clay basin,5,none/ocean,0,fisheries,fisheries|clay|evaporite_host,0.8,modest,True
H+53+32,53,32,14.31,401.8,calm_interior,0.493,False,True,0.792,strong,5,inland_sea,False,False,False,True,False,False,False,False,0.0,marsh,clay basin,5,none/ocean,0,fisheries,fisheries|clay|evaporite_host,0.8,modest,True
H+54+32,54,32,14.31,398.0,calm_interior,0.488,False,True,0.804,strong,5,inland_sea,False,False,False,True,False,False,False,False,0.0,marsh,clay basin,5,none/ocean,0,fisheries,fisheries|clay|evaporite_host,0.8,modest,True
H+55+32,55,32,14.32,401.5,calm_interior,0.484,False,True,0.816,strong,5,inland_sea,False,False,False,True,False,False,False,False,0.0,marsh,clay basin,5,none/ocean,0,fisheries,fisheries|clay|evaporite_host,0.8,modest,True
H+56+32,56,32,14.32,405.1,calm_interior,0.479,False,True,0.828,strong,5,inland_sea,False,False,False,True,False,False,False,False,0.0,marsh,clay basin,5,none/ocean,0,fisheries,fisheries|clay|evaporite_host,0.8,modest,True
H+57+32,57,32,10.92,494.0,calm_interior,0.531,False,True,0.839,strong,6,wetland,False,False,False,False,False,True,False,False,0.8,marsh,peat/wetland,9,wetland/marsh,8,,clay|peat|evaporite_host,1.2,modest,True
H+58+32,58,32,14.09,616.1,open_westerly,0.469,False,False,0.65,moderate,0,none,False,False,False,False,False,False,False,False,6.97,shallow_well,loam,4,grassland/pasture,5,pasture,pasture,2.0,good,False
H+59+32,59,32,14.05,615.9,open_westerly,0.463,False,False,0.66,strong,0,none,False,False,False,False,False,False,True,False,2.5,shallow_well,loam,4,floodplain farmable,9,,,3.0,rich,False
H+60+32,60,32,13.99,629.3,open_westerly,0.458,False,False,0.669,strong,0,none,False,False,False,False,False,False,False,False,2.5,spring_line,loam,4,grassland/pasture,5,pasture,pasture,2.0,good,False
H+61+32,61,32,14.56,702.8,ocean_westerly,0.52,False,False,0.2,maritime,1,ocean,False,False,False,False,False,False,False,False,0.0,dry,none/ocean,0,none/ocean,0,fisheries,fisheries,0.8,modest,False
H+62+32,62,32,14.52,708.1,ocean_westerly,0.514,False,False,0.2,maritime,1,ocean,False,False,False,False,False,False,False,False,0.0,dry,none/ocean,0,none/ocean,0,fisheries,fisheries,0.8,modest,False
H+63+32,63,32,14.5,709.4,ocean_westerly,0.507,False,False,0.2,maritime,1,ocean,False,False,False,False,False,False,False,False,0.0,dry,none/ocean,0,none/ocean,0,fisheries,fisheries,0.8,modest,False
H+64+32,64,32,14.49,700.3,ocean_westerly,0.501,False,False,0.2,maritime,1,ocean,False,False,False,False,False,False,False,False,0.0,dry,none/ocean,0,none/ocean,0,fisheries,fisheries,0.8,modest,False
H+65+32,65,32,14.49,688.0,ocean_westerly,0.494,False,False,0.2,maritime,1,ocean,False,False,False,False,False,False,False,False,0.0,dry,none/ocean,0,none/ocean,0,fisheries,fisheries,0.8,modest,False
H+66+32,66,32,14.49,682.2,ocean_westerly,0.488,False,False,0.2,maritime,1,ocean,False,False,False,False,False,False,False,False,0.0,dry,none/ocean,0,none/ocean,0,fisheries,fisheries,0.8,modest,False
H+67+32,67,32,14.5,680.5,ocean_westerly,0.481,False,False,0.2,maritime,1,ocean,False,False,False,False,False,False,False,False,0.0,dry,none/ocean,0,none/ocean,0,fisheries,fisheries,0.8,modest,False
H+68+32,68,32,14.51,684.1,ocean_westerly,0.475,False,False,0.2,maritime,1,ocean,False,False,False,False,False,False,False,False,0.0,dry,none/ocean,0,none/ocean,0,fisheries,fisheries,0.8,modest,False
H+69+32,69,32,14.53,689.6,ocean_westerly,0.468,False,False,0.2,maritime,1,ocean,False,False,False,False,False,False,False,False,0.0,dry,none/ocean,0,none/ocean,0,fisheries,fisheries,0.8,modest,False
H+70+32,70,32,14.56,686.8,ocean_westerly,0.461,False,False,0.2,maritime,1,ocean,False,False,False,False,False,False,False,False,0.0,dry,none/ocean,0,none/ocean,0,fisheries,fisheries,0.8,modest,False
H+71+32,71,32,14.6,671.8,ocean_westerly,0.455,False,False,0.2,maritime,1,ocean,False,False,False,False,False,False,False,False,0.0,dry,none/ocean,0,none/ocean,0,fisheries,fisheries,0.8,modest,False
H+72+32,72,32,14.65,661.5,ocean_westerly,0.448,False,False,0.2,maritime,1,ocean,False,False,False,False,False,False,False,False,0.0,dry,none/ocean,0,none/ocean,0,fisheries,fisheries,0.8,modest,False
H+73+32,73,32,14.64,596.3,open_westerly,0.376,False,False,0.723,strong,0,none,False,False,False,False,False,False,False,False,2.5,shallow_well,sandy coastal,6,coastal scrub,10,,,0.0,none,False
H+74+32,74,32,14.52,615.2,open_westerly,0.371,False,False,0.722,strong,0,none,False,False,False,False,False,False,False,False,2.5,shallow_well,sandy coastal,6,coastal scrub,10,,,0.0,none,False
H+75+32,75,32,14.47,618.3,open_westerly,0.366,False,False,0.721,strong,0,none,False,False,False,False,False,False,False,False,7.83,shallow_well,sandy coastal,6,coastal scrub,10,,clay,0.0,none,False
H+76+32,76,32,14.41,608.7,open_westerly,0.361,False,False,0.719,strong,0,none,False,False,False,False,False,False,False,False,7.88,shallow_well,sandy coastal,6,coastal scrub,10,,clay,0.0,none,False
H+77+32,77,32,14.34,611.9,open_westerly,0.356,False,False,0.717,strong,0,none,False,False,False,False,False,False,False,False,8.0,dry,sandy coastal,6,coastal scrub,10,,clay,0.0,none,False
H+78+32,78,32,14.27,630.5,open_westerly,0.351,False,False,0.715,strong,0,none,False,False,False,False,False,False,False,False,8.18,dry,sandy coastal,6,coastal scrub,10,,clay,0.0,none,False
H+79+32,79,32,14.25,642.5,open_westerly,0.346,False,False,0.712,strong,0,none,False,False,False,False,False,False,False,False,8.36,dry,sandy coastal,6,coastal scrub,10,,clay,0.0,none,False
H+00+33,0,33,15.3,838.0,open_westerly,0.8,False,False,0.599,moderate,2,river,True,False,False,False,False,False,True,False,1.5,spring_line,loam,4,coastal scrub,10,,clay,0.0,none,False
H+01+33,1,33,15.35,840.6,open_westerly,0.794,False,False,0.59,moderate,2,river,True,False,False,False,False,False,True,False,1.5,spring_line,loam,4,coastal scrub,10,,,0.0,none,False
H+02+33,2,33,15.29,839.1,open_westerly,0.789,False,False,0.58,moderate,0,none,False,False,False,False,False,False,False,False,2.5,shallow_well,sandy coastal,6,coastal scrub,10,,,0.0,none,False
H+03+33,3,33,15.16,818.1,open_westerly,0.783,False,False,0.57,moderate,0,none,False,False,False,False,False,False,True,False,6.15,shallow_well,loam,4,coastal scrub,10,,,0.0,none,False
H+04+33,4,33,15.08,787.2,open_westerly,0.777,False,False,0.559,moderate,0,none,False,False,False,False,False,False,False,False,6.32,shallow_well,loam,4,coastal scrub,10,,,0.0,none,False
H+05+33,5,33,15.01,770.2,open_westerly,0.772,False,False,0.548,moderate,0,none,False,False,False,False,False,False,False,False,6.43,shallow_well,loam,4,coastal scrub,10,,,0.0,none,False
H+06+33,6,33,14.94,758.0,open_westerly,0.766,False,False,0.537,moderate,0,none,False,False,False,False,False,False,False,False,6.49,shallow_well,loam,4,floodplain farmable,9,,,3.0,rich,False
H+07+33,7,33,14.85,737.4,open_westerly,0.76,False,False,0.526,moderate,0,none,False,False,False,False,False,False,False,False,6.63,shallow_well,loam,4,floodplain farmable,9,,,3.0,rich,False
H+08+33,8,33,14.9,709.3,open_westerly,0.754,False,False,0.514,moderate,0,none,False,False,False,False,False,False,False,False,6.73,shallow_well,loam,4,floodplain farmable,9,,,3.0,rich,False
H+09+33,9,33,14.97,685.2,open_westerly,0.749,False,False,0.502,moderate,0,none,False,False,False,False,False,False,False,False,6.78,shallow_well,loam,4,grassland/pasture,5,pasture,pasture,2.0,good,False
H+10+33,10,33,15.0,679.7,open_westerly,0.743,False,False,0.49,moderate,0,none,False,False,False,False,False,False,False,False,6.69,shallow_well,loam,4,grassland/pasture,5,pasture,pasture,2.0,good,False
H+11+33,11,33,14.92,685.5,open_westerly,0.737,False,False,0.478,moderate,0,none,False,False,False,False,False,False,False,False,6.51,shallow_well,loam,4,grassland/pasture,5,pasture,pasture,2.0,good,False
H+12+33,12,33,14.78,683.8,open_westerly,0.732,False,False,0.466,moderate,0,none,False,False,False,False,False,False,False,False,6.34,shallow_well,loam,4,grassland/pasture,5,pasture,pasture,2.0,good,False
H+13+33,13,33,14.65,677.0,open_westerly,0.726,False,False,0.455,moderate,0,none,False,False,False,False,False,False,False,False,6.21,shallow_well,loam,4,grassland/pasture,5,pasture,pasture,2.0,good,False
H+14+33,14,33,14.48,672.8,open_westerly,0.72,False,False,0.443,moderate,0,none,False,False,False,False,False,False,False,False,6.17,shallow_well,loam,4,grassland/pasture,5,pasture,pasture,2.0,good,False
H+15+33,15,33,14.35,674.0,open_westerly,0.715,False,False,0.432,moderate,0,none,False,False,False,False,False,False,False,False,6.34,shallow_well,loam,4,grassland/pasture,5,pasture,pasture,2.0,good,False
H+16+33,16,33,13.92,680.2,open_westerly,0.711,False,False,0.421,moderate,0,none,False,False,False,False,False,False,False,False,6.88,shallow_well,loam,4,grassland/pasture,5,pasture,pasture,2.0,good,False
H+17+33,17,33,13.96,660.8,open_westerly,0.703,False,False,0.41,moderate,0,none,False,False,False,False,False,False,False,False,7.39,shallow_well,loam,4,grassland/pasture,5,pasture,pasture,2.0,good,False
H+18+33,18,33,13.88,652.2,open_westerly,0.697,False,False,0.4,moderate,0,none,False,False,False,False,False,False,False,False,7.81,shallow_well,loam,4,grassland/pasture,5,pasture,pasture,2.0,good,False
H+19+33,19,33,13.19,710.5,open_westerly,0.702,False,False,0.39,moderate,0,none,False,False,False,False,False,False,False,False,8.19,dry,loam,4,floodplain farmable,9,,,3.0,rich,False
H+20+33,20,33,12.37,813.8,open_westerly,0.715,False,False,0.381,moderate,0,none,False,False,False,False,False,False,False,False,8.35,dry,loam,4,floodplain farmable,9,,greenstone_metals,3.0,rich,False
H+21+33,21,33,11.56,931.3,open_westerly,0.732,False,False,0.372,moderate,0,none,False,False,False,False,False,False,False,False,8.32,dry,loam,4,floodplain farmable,9,,stone,3.0,rich,False
H+22+33,22,33,10.77,1047.6,open_westerly,0.749,False,False,0.363,moderate,0,none,False,False,False,False,False,False,False,False,8.13,dry,loam,4,temperate forest,4,timber,timber|stone,1.5,good,False
H+23+33,23,33,9.89,1184.3,windward,0.77,False,False,0.354,moderate,0,none,False,False,False,False,False,False,False,False,7.74,shallow_well,loam,4,temperate forest,4,timber,timber,1.5,good,False
H+24+33,24,33,8.96,1327.6,windward,0.789,False,False,0.345,weak,0,none,False,False,False,False,False,False,False,False,7.33,shallow_well,rocky/lithosol,1,temperate forest,4,timber,timber|limestone_karst,1.5,good,False
H+25+33,25,33,10.63,556.2,open_westerly,0.714,False,False,0.336,weak,8,salt_pan,False,False,False,False,True,False,False,False,11.62,dry,saline playa,10,salt flat sparse,11,salt_pans,salt_pans|evaporite_host,0.3,poor,True
H+26+33,26,33,10.54,573.8,open_westerly,0.719,False,False,0.328,weak,8,salt_pan,False,False,False,False,True,False,False,False,11.75,dry,saline playa,10,salt flat sparse,11,salt_pans,salt_pans|evaporite_host,0.3,poor,True
H+27+33,27,33,10.47,563.5,open_westerly,0.709,False,False,0.319,weak,8,salt_pan,False,False,False,False,True,False,False,False,12.03,dry,saline playa,10,salt flat sparse,11,salt_pans,salt_pans|evaporite_host,0.3,poor,True
H+28+33,28,33,10.44,546.6,calm_interior,0.697,False,True,0.517,moderate,8,salt_pan,False,False,False,False,True,False,False,False,12.23,dry,saline playa,10,salt flat sparse,11,salt_pans,salt_pans|evaporite_host,0.3,poor,True
H+29+33,29,33,9.63,541.0,calm_interior,0.683,False,True,0.526,moderate,8,salt_pan,False,False,False,False,True,False,False,False,12.2,dry,saline playa,10,salt flat sparse,11,salt_pans,salt_pans|evaporite_host,0.3,poor,True
H+30+33,30,33,10.39,500.8,calm_interior,0.668,False,True,0.535,moderate,8,salt_pan,False,False,False,False,True,False,False,False,12.29,dry,saline playa,10,salt flat sparse,11,salt_pans,salt_pans|evaporite_host,0.3,poor,True
H+31+33,31,33,10.38,476.8,calm_interior,0.651,False,True,0.544,moderate,8,salt_pan,False,False,False,False,True,False,False,False,12.2,dry,saline playa,10,salt flat sparse,11,salt_pans,salt_pans|evaporite_host,0.3,poor,True
H+32+33,32,33,10.37,448.7,calm_interior,0.633,False,True,0.553,moderate,8,salt_pan,False,False,False,False,True,False,False,False,12.1,dry,saline playa,10,salt flat sparse,11,salt_pans,salt_pans|evaporite_host,0.3,poor,True
H+33+33,33,33,10.37,417.7,calm_interior,0.615,False,True,0.562,moderate,8,salt_pan,False,False,False,False,True,False,False,False,11.98,dry,saline playa,10,salt flat sparse,11,salt_pans,salt_pans|evaporite_host,0.3,poor,True
H+34+33,34,33,10.37,399.2,calm_interior,0.599,False,True,0.571,moderate,8,salt_pan,False,False,False,False,True,False,False,False,11.83,dry,saline playa,10,salt flat sparse,11,salt_pans,salt_pans|evaporite_host,0.3,poor,True
H+35+33,35,33,10.39,374.2,calm_interior,0.583,False,True,0.581,moderate,8,salt_pan,False,False,False,False,True,False,False,False,11.88,dry,saline playa,10,salt flat sparse,11,salt_pans,salt_pans|evaporite_host,0.3,poor,True
H+36+33,36,33,10.41,353.5,calm_interior,0.567,False,True,0.59,moderate,8,salt_pan,False,False,False,False,True,False,False,False,12.07,dry,saline playa,10,salt flat sparse,11,salt_pans,salt_pans|evaporite_host,0.3,poor,True
H+37+33,37,33,10.43,345.6,calm_interior,0.551,False,True,0.6,moderate,8,salt_pan,False,False,False,False,True,False,False,False,12.25,dry,saline playa,10,salt flat sparse,11,salt_pans,salt_pans|evaporite_host,0.3,poor,True
H+38+33,38,33,10.45,339.3,calm_interior,0.537,False,True,0.61,moderate,8,salt_pan,False,False,False,False,True,False,False,False,12.49,dry,saline playa,10,salt flat sparse,11,salt_pans,salt_pans|evaporite_host,0.3,poor,True
H+39+33,39,33,10.47,327.2,open_westerly,0.524,False,True,0.62,moderate,8,salt_pan,False,False,False,False,True,False,False,False,12.84,dry,saline playa,10,salt flat sparse,11,salt_pans,salt_pans|evaporite_host,0.3,poor,True
H+40+33,40,33,10.49,315.4,open_westerly,0.513,True,True,0.631,moderate,8,salt_pan,False,False,False,False,True,False,False,False,13.31,dry,saline playa,10,salt flat sparse,11,salt_pans,salt_pans|evaporite_host,0.3,poor,True
H+41+33,41,33,10.51,306.2,open_westerly,0.504,True,True,0.641,moderate,6,wetland,False,False,False,False,False,True,False,False,0.8,marsh,peat/wetland,9,wetland/marsh,8,,clay|peat|evaporite_host,1.2,modest,True
H+42+33,42,33,10.52,300.5,open_westerly,0.497,True,True,0.652,strong,6,wetland,False,False,False,False,False,True,False,False,0.8,marsh,peat/wetland,9,wetland/marsh,8,,clay|peat|evaporite_host,1.2,modest,True
H+43+33,43,33,10.53,304.2,open_westerly,0.494,True,True,0.664,strong,6,wetland,False,False,False,False,False,True,False,False,0.8,marsh,peat/wetland,9,wetland/marsh,8,,clay|peat|evaporite_host,1.2,modest,True
H+44+33,44,33,13.93,401.4,calm_interior,0.522,False,True,0.675,strong,5,inland_sea,False,False,False,True,False,False,False,False,0.0,marsh,clay basin,5,none/ocean,0,fisheries,fisheries|clay|evaporite_host,0.8,modest,True
H+45+33,45,33,13.96,408.9,calm_interior,0.518,False,True,0.687,strong,5,inland_sea,False,False,False,True,False,False,False,False,0.0,marsh,clay basin,5,none/ocean,0,fisheries,fisheries|clay|evaporite_host,0.8,modest,True
H+46+33,46,33,14.03,401.6,calm_interior,0.514,False,True,0.7,strong,5,inland_sea,False,False,False,True,False,False,False,False,0.0,marsh,clay basin,5,none/ocean,0,fisheries,fisheries|clay|evaporite_host,0.8,modest,True
H+47+33,47,33,14.13,394.5,calm_interior,0.511,False,True,0.712,strong,5,inland_sea,False,False,False,True,False,False,False,False,0.0,marsh,clay basin,5,none/ocean,0,fisheries,fisheries|clay|evaporite_host,0.8,modest,True
H+48+33,48,33,14.25,394.8,calm_interior,0.509,False,True,0.725,strong,5,inland_sea,False,False,False,True,False,False,False,False,0.0,marsh,clay basin,5,none/ocean,0,fisheries,fisheries|evaporite_host,0.8,modest,True
H+49+33,49,33,14.37,393.7,calm_interior,0.506,False,True,0.738,strong,5,inland_sea,False,False,False,True,False,False,False,False,0.0,marsh,clay basin,5,none/ocean,0,fisheries,fisheries|evaporite_host,0.8,modest,True
H+50+33,50,33,14.47,395.6,calm_interior,0.504,False,True,0.751,strong,5,inland_sea,False,False,False,True,False,False,False,False,0.0,marsh,clay basin,5,none/ocean,0,fisheries,fisheries|evaporite_host,0.8,modest,True
H+51+33,51,33,14.53,397.1,calm_interior,0.5,False,True,0.764,strong,5,inland_sea,False,False,False,True,False,False,False,False,0.0,marsh,clay basin,5,none/ocean,0,fisheries,fisheries|evaporite_host,0.8,modest,True
H+52+33,52,33,14.56,395.9,calm_interior,0.497,False,True,0.776,strong,5,inland_sea,False,False,False,True,False,False,False,False,0.0,marsh,clay basin,5,none/ocean,0,fisheries,fisheries|clay|evaporite_host,0.8,modest,True
H+53+33,53,33,14.57,396.9,calm_interior,0.493,False,True,0.789,strong,5,inland_sea,False,False,False,True,False,False,False,False,0.0,marsh,clay basin,5,none/ocean,0,fisheries,fisheries|clay|evaporite_host,0.8,modest,True
H+54+33,54,33,14.58,399.0,calm_interior,0.488,False,True,0.801,strong,5,inland_sea,False,False,False,True,False,False,False,False,0.0,marsh,clay basin,5,none/ocean,0,fisheries,fisheries|clay|evaporite_host,0.8,modest,True
H+55+33,55,33,11.19,512.0,open_westerly,0.549,False,True,0.813,strong,6,wetland,False,False,False,False,False,True,False,False,0.8,marsh,peat/wetland,9,wetland/marsh,8,,clay|peat|evaporite_host,1.2,modest,True
H+56+33,56,33,11.2,431.8,calm_interior,0.512,False,True,0.824,strong,6,wetland,False,False,False,False,False,True,False,False,0.8,marsh,peat/wetland,9,wetland/marsh,8,,clay|peat|evaporite_host,1.2,modest,True
H+57+33,57,33,14.38,627.7,open_westerly,0.474,False,False,0.635,moderate,0,none,False,False,False,False,False,False,False,False,7.19,shallow_well,loam,4,grassland/pasture,5,pasture,pasture,2.0,good,False
H+58+33,58,33,14.36,629.4,open_westerly,0.469,False,False,0.646,moderate,0,none,False,False,False,False,False,False,False,False,2.5,shallow_well,loam,4,grassland/pasture,5,pasture,pasture,2.0,good,False
H+59+33,59,33,14.32,630.8,open_westerly,0.463,False,False,0.656,strong,0,none,False,False,False,False,False,False,False,False,2.5,spring_line,loam,4,grassland/pasture,5,pasture,pasture,2.0,good,False
H+60+33,60,33,14.91,701.6,ocean_westerly,0.527,False,False,0.2,maritime,1,ocean,False,False,False,False,False,False,False,False,0.0,dry,none/ocean,0,none/ocean,0,fisheries,fisheries,0.8,modest,False
H+61+33,61,33,14.85,709.4,ocean_westerly,0.52,False,False,0.2,maritime,1,ocean,False,False,False,False,False,False,False,False,0.0,dry,none/ocean,0,none/ocean,0,fisheries,fisheries,0.8,modest,False
H+62+33,62,33,14.81,706.5,ocean_westerly,0.514,False,False,0.2,maritime,1,ocean,False,False,False,False,False,False,False,False,0.0,dry,none/ocean,0,none/ocean,0,fisheries,fisheries,0.8,modest,False
H+63+33,63,33,14.79,700.9,ocean_westerly,0.507,False,False,0.2,maritime,1,ocean,False,False,False,False,False,False,False,False,0.0,dry,none/ocean,0,none/ocean,0,fisheries,fisheries,0.8,modest,False
H+64+33,64,33,14.79,696.5,ocean_westerly,0.501,False,False,0.2,maritime,1,ocean,False,False,False,False,False,False,False,False,0.0,dry,none/ocean,0,none/ocean,0,fisheries,fisheries,0.8,modest,False
H+65+33,65,33,14.8,689.6,ocean_westerly,0.494,False,False,0.2,maritime,1,ocean,False,False,False,False,False,False,False,False,0.0,dry,none/ocean,0,none/ocean,0,fisheries,fisheries,0.8,modest,False
H+66+33,66,33,14.8,689.5,ocean_westerly,0.488,False,False,0.2,maritime,1,ocean,False,False,False,False,False,False,False,False,0.0,dry,none/ocean,0,none/ocean,0,fisheries,fisheries,0.8,modest,False
H+67+33,67,33,14.81,700.4,ocean_westerly,0.481,False,False,0.2,maritime,1,ocean,False,False,False,False,False,False,False,False,0.0,dry,none/ocean,0,none/ocean,0,fisheries,fisheries,0.8,modest,False
H+68+33,68,33,14.82,705.0,ocean_westerly,0.475,False,False,0.2,maritime,1,ocean,False,False,False,False,False,False,False,False,0.0,dry,none/ocean,0,none/ocean,0,fisheries,fisheries,0.8,modest,False
H+69+33,69,33,14.84,703.3,ocean_westerly,0.468,False,False,0.2,maritime,1,ocean,False,False,False,False,False,False,False,False,0.0,dry,none/ocean,0,none/ocean,0,fisheries,fisheries,0.8,modest,False
H+70+33,70,33,14.86,699.6,ocean_westerly,0.461,False,False,0.2,maritime,1,ocean,False,False,False,False,False,False,False,False,0.0,dry,none/ocean,0,none/ocean,0,fisheries,fisheries,0.8,modest,False
H+71+33,71,33,14.9,684.5,ocean_westerly,0.455,False,False,0.2,maritime,1,ocean,False,False,False,False,False,False,False,False,0.0,dry,none/ocean,0,none/ocean,0,fisheries,fisheries,0.8,modest,False
H+72+33,72,33,14.93,673.2,ocean_westerly,0.448,False,False,0.2,maritime,1,ocean,False,False,False,False,False,False,False,False,0.0,dry,none/ocean,0,none/ocean,0,fisheries,fisheries,0.8,modest,False
H+73+33,73,33,14.9,598.5,open_westerly,0.372,False,False,0.718,strong,3,major_river,True,True,False,False,False,False,True,False,1.5,spring_line,loam,4,coastal scrub,10,fisheries,fisheries,0.8,modest,False
H+74+33,74,33,14.76,617.4,open_westerly,0.366,False,False,0.717,strong,2,river,True,False,False,False,False,False,True,False,1.5,spring_line,loam,4,coastal scrub,10,,clay,0.0,none,False
H+75+33,75,33,14.71,618.4,open_westerly,0.362,False,False,0.716,strong,2,river,True,False,False,False,False,False,True,False,1.5,spring_line,loam,4,coastal scrub,10,,clay,0.0,none,False
H+76+33,76,33,14.64,609.6,open_westerly,0.357,False,False,0.714,strong,2,river,True,False,False,False,False,False,True,False,1.5,spring_line,loam,4,coastal scrub,10,,clay,0.0,none,False
H+77+33,77,33,14.55,613.7,open_westerly,0.353,False,False,0.712,strong,0,none,False,False,False,False,False,False,False,False,7.6,shallow_well,sandy coastal,6,coastal scrub,10,,clay,0.0,none,False
H+78+33,78,33,14.48,627.0,open_westerly,0.348,False,False,0.71,strong,0,none,False,False,False,False,False,False,False,False,7.85,shallow_well,sandy coastal,6,coastal scrub,10,,clay,0.0,none,False
H+79+33,79,33,14.46,638.4,open_westerly,0.344,False,False,0.708,strong,0,none,False,False,False,False,False,False,False,False,8.11,dry,sandy coastal,6,coastal scrub,10,,clay,0.0,none,False
H+00+34,0,34,15.65,838.8,open_westerly,0.8,False,False,0.595,moderate,3,major_river,True,True,False,False,False,False,True,False,1.5,spring_line,loam,4,coastal scrub,10,fisheries,fisheries,0.8,modest,False
H+01+34,1,34,15.63,844.5,open_westerly,0.794,False,False,0.586,moderate,0,none,False,False,False,False,False,False,True,False,2.5,shallow_well,loam,4,coastal scrub,10,,,0.0,none,False
H+02+34,2,34,15.58,848.4,open_westerly,0.789,False,False,0.576,moderate,2,river,True,False,False,False,False,False,True,False,1.5,spring_line,loam,4,coastal scrub,10,,,0.0,none,False
H+03+34,3,34,15.52,831.2,open_westerly,0.783,False,False,0.566,moderate,0,none,False,False,False,False,False,False,False,False,6.41,shallow_well,sandy coastal,6,coastal scrub,10,,,0.0,none,False
H+04+34,4,34,15.49,804.2,open_westerly,0.777,False,False,0.556,moderate,0,none,False,False,False,False,False,False,False,False,6.48,shallow_well,loam,4,coastal scrub,10,,,0.0,none,False
H+05+34,5,34,15.31,788.9,open_westerly,0.772,False,False,0.545,moderate,0,none,False,False,False,False,False,False,False,False,6.57,shallow_well,loam,4,coastal scrub,10,,,0.0,none,False
H+06+34,6,34,15.25,775.2,open_westerly,0.766,False,False,0.534,moderate,0,none,False,False,False,False,False,False,False,False,6.61,shallow_well,loam,4,floodplain farmable,9,,,3.0,rich,False
H+07+34,7,34,15.12,753.2,open_westerly,0.76,False,False,0.522,moderate,0,none,False,False,False,False,False,False,False,False,6.75,shallow_well,loam,4,floodplain farmable,9,,,3.0,rich,False
H+08+34,8,34,15.16,721.8,open_westerly,0.754,False,False,0.511,moderate,0,none,False,False,False,False,False,False,False,False,6.79,shallow_well,loam,4,floodplain farmable,9,,,3.0,rich,False
H+09+34,9,34,15.21,695.1,open_westerly,0.749,False,False,0.499,moderate,0,none,False,False,False,False,False,False,False,False,6.7,shallow_well,loam,4,grassland/pasture,5,pasture,pasture,2.0,good,False
H+10+34,10,34,15.28,692.0,open_westerly,0.743,False,False,0.487,moderate,0,none,False,False,False,False,False,False,True,False,6.43,shallow_well,loam,4,floodplain farmable,9,,,3.0,rich,False
H+11+34,11,34,15.16,698.1,open_westerly,0.737,False,False,0.475,moderate,0,none,False,False,False,False,False,False,False,False,6.28,shallow_well,loam,4,grassland/pasture,5,pasture,pasture,2.0,good,False
H+12+34,12,34,15.05,687.7,open_westerly,0.732,False,False,0.464,moderate,0,none,False,False,False,False,False,False,False,False,6.28,shallow_well,loam,4,grassland/pasture,5,pasture,pasture,2.0,good,False
H+13+34,13,34,14.9,671.8,open_westerly,0.726,False,False,0.452,moderate,0,none,False,False,False,False,False,False,False,False,6.37,shallow_well,loam,4,grassland/pasture,5,pasture,pasture,2.0,good,False
H+14+34,14,34,14.73,665.5,open_westerly,0.72,False,False,0.441,moderate,0,none,False,False,False,False,False,False,False,False,6.42,shallow_well,loam,4,grassland/pasture,5,pasture,pasture,2.0,good,False
H+15+34,15,34,14.58,674.3,open_westerly,0.715,False,False,0.429,moderate,0,none,False,False,False,False,False,False,False,False,6.5,shallow_well,loam,4,grassland/pasture,5,pasture,pasture,2.0,good,False
H+16+34,16,34,14.45,681.1,open_westerly,0.709,False,False,0.418,moderate,2,river,True,False,False,False,False,False,True,False,1.5,spring_line,loam,4,floodplain farmable,9,fisheries,fisheries,3.0,rich,False
H+17+34,17,34,14.21,674.2,open_westerly,0.703,False,False,0.408,moderate,0,none,False,False,False,False,False,False,True,False,7.27,shallow_well,loam,4,floodplain farmable,9,,,3.0,rich,False
H+18+34,18,34,13.48,710.3,open_westerly,0.706,False,False,0.398,moderate,0,none,False,False,False,False,False,False,False,False,7.73,shallow_well,loam,4,floodplain farmable,9,,,3.0,rich,False
H+19+34,19,34,12.63,798.8,open_westerly,0.717,False,False,0.388,moderate,0,none,False,False,False,False,False,False,False,False,7.96,shallow_well,loam,4,floodplain farmable,9,,,3.0,rich,False
H+20+34,20,34,11.8,919.2,open_westerly,0.731,False,False,0.378,moderate,0,none,False,False,False,False,False,False,False,False,7.96,shallow_well,loam,4,floodplain farmable,9,,stone,3.0,rich,False
H+21+34,21,34,10.99,1046.8,open_westerly,0.751,False,False,0.369,moderate,0,none,False,False,False,False,False,False,False,False,7.82,shallow_well,loam,4,temperate forest,4,timber,timber|stone,1.5,good,False
H+22+34,22,34,10.99,561.7,open_westerly,0.741,False,False,0.36,moderate,8,salt_pan,False,False,False,False,True,False,False,False,11.13,dry,saline playa,10,salt flat sparse,11,salt_pans,salt_pans|evaporite_host,0.3,poor,True
H+23+34,23,34,10.96,570.4,open_westerly,0.738,False,False,0.351,moderate,8,salt_pan,False,False,False,False,True,False,False,False,11.04,dry,saline playa,10,salt flat sparse,11,salt_pans,salt_pans|evaporite_host,0.3,poor,True
H+24+34,24,34,10.91,578.9,open_westerly,0.733,False,False,0.342,weak,8,salt_pan,False,False,False,False,True,False,False,False,10.96,dry,saline playa,10,salt flat sparse,11,salt_pans,salt_pans|evaporite_host,0.3,poor,True
H+25+34,25,34,10.83,578.4,open_westerly,0.727,False,False,0.334,weak,8,salt_pan,False,False,False,False,True,False,False,False,11.07,dry,saline playa,10,salt flat sparse,11,salt_pans,salt_pans|evaporite_host,0.3,poor,True
H+26+34,26,34,10.76,566.2,open_westerly,0.719,False,False,0.325,weak,8,salt_pan,False,False,False,False,True,False,False,False,11.37,dry,saline playa,10,salt flat sparse,11,salt_pans,salt_pans|evaporite_host,0.3,poor,True
H+27+34,27,34,10.7,553.7,open_westerly,0.709,False,False,0.317,weak,8,salt_pan,False,False,False,False,True,False,False,False,11.66,dry,saline playa,10,salt flat sparse,11,salt_pans,salt_pans|evaporite_host,0.3,poor,True
H+28+34,28,34,10.66,535.1,calm_interior,0.697,False,True,0.514,moderate,8,salt_pan,False,False,False,False,True,False,False,False,11.88,dry,saline playa,10,salt flat sparse,11,salt_pans,salt_pans|evaporite_host,0.3,poor,True
H+29+34,29,34,9.87,525.9,calm_interior,0.683,False,True,0.523,moderate,8,salt_pan,False,False,False,False,True,False,False,False,11.92,dry,saline playa,10,salt flat sparse,11,salt_pans,salt_pans|evaporite_host,0.3,poor,True
H+30+34,30,34,10.63,487.4,calm_interior,0.668,False,True,0.532,moderate,8,salt_pan,False,False,False,False,True,False,False,False,12.11,dry,saline playa,10,salt flat sparse,11,salt_pans,salt_pans|evaporite_host,0.3,poor,True
H+31+34,31,34,10.62,465.4,calm_interior,0.651,False,True,0.541,moderate,8,salt_pan,False,False,False,False,True,False,False,False,12.09,dry,saline playa,10,salt flat sparse,11,salt_pans,salt_pans|evaporite_host,0.3,poor,True
H+32+34,32,34,10.62,437.8,calm_interior,0.633,False,True,0.55,moderate,8,salt_pan,False,False,False,False,True,False,False,False,11.98,dry,saline playa,10,salt flat sparse,11,salt_pans,salt_pans|evaporite_host,0.3,poor,True
H+33+34,33,34,10.62,408.2,calm_interior,0.615,False,True,0.559,moderate,8,salt_pan,False,False,False,False,True,False,False,False,11.69,dry,saline playa,10,salt flat sparse,11,salt_pans,salt_pans|evaporite_host,0.3,poor,True
H+34+34,34,34,10.63,391.1,calm_interior,0.599,False,True,0.569,moderate,8,salt_pan,False,False,False,False,True,False,False,False,11.34,dry,saline playa,10,salt flat sparse,11,salt_pans,salt_pans|evaporite_host,0.3,poor,True
H+35+34,35,34,10.64,366.5,calm_interior,0.583,False,True,0.578,moderate,8,salt_pan,False,False,False,False,True,False,False,False,11.31,dry,saline playa,10,salt flat sparse,11,salt_pans,salt_pans|evaporite_host,0.3,poor,True
H+36+34,36,34,10.66,345.9,calm_interior,0.567,False,True,0.588,moderate,8,salt_pan,False,False,False,False,True,False,False,False,11.6,dry,saline playa,10,salt flat sparse,11,salt_pans,salt_pans|evaporite_host,0.3,poor,True
H+37+34,37,34,10.68,340.4,calm_interior,0.552,False,True,0.598,moderate,8,salt_pan,False,False,False,False,True,False,False,False,12.0,dry,saline playa,10,salt flat sparse,11,salt_pans,salt_pans|evaporite_host,0.3,poor,True
H+38+34,38,34,10.7,337.3,calm_interior,0.537,False,True,0.608,moderate,8,salt_pan,False,False,False,False,True,False,False,False,12.44,dry,saline playa,10,salt flat sparse,11,salt_pans,salt_pans|evaporite_host,0.3,poor,True
H+39+34,39,34,10.71,325.6,open_westerly,0.525,False,True,0.619,moderate,8,salt_pan,False,False,False,False,True,False,False,False,12.86,dry,saline playa,10,salt flat sparse,11,salt_pans,salt_pans|evaporite_host,0.3,poor,True
H+40+34,40,34,10.74,313.1,open_westerly,0.514,True,True,0.629,moderate,8,salt_pan,False,False,False,False,True,False,False,False,13.24,dry,saline playa,10,salt flat sparse,11,salt_pans,salt_pans|evaporite_host,0.3,poor,True
H+41+34,41,34,10.76,305.9,open_westerly,0.505,True,True,0.64,moderate,8,salt_pan,False,False,False,False,True,False,False,False,13.5,dry,saline playa,10,salt flat sparse,11,salt_pans,salt_pans|evaporite_host,0.3,poor,True
H+42+34,42,34,9.2,551.0,leeward,0.488,True,False,0.651,strong,0,none,False,False,False,False,False,False,False,False,12.86,dry,loam,4,grassland/pasture,5,pasture,pasture|stone,2.0,good,False
H+43+34,43,34,10.8,296.3,leeward,0.484,True,True,0.663,strong,6,wetland,False,False,False,False,False,True,False,False,0.8,marsh,peat/wetland,9,wetland/marsh,8,,clay|peat|evaporite_host,1.2,modest,True
H+44+34,44,34,10.8,331.4,open_westerly,0.495,True,True,0.674,strong,6,wetland,False,False,False,False,False,True,False,False,0.8,marsh,peat/wetland,9,wetland/marsh,8,,clay|peat|evaporite_host,1.2,modest,True
H+45+34,45,34,10.83,349.0,open_westerly,0.497,True,True,0.686,strong,6,wetland,False,False,False,False,False,True,False,False,0.8,marsh,peat/wetland,9,wetland/marsh,8,,clay|peat|evaporite_host,1.2,modest,True
H+46+34,46,34,10.9,355.6,open_westerly,0.5,True,True,0.699,strong,6,wetland,False,False,False,False,False,True,False,False,0.8,marsh,peat/wetland,9,wetland/marsh,8,,clay|peat|evaporite_host,1.2,modest,True
H+47+34,47,34,14.4,393.2,calm_interior,0.511,False,True,0.711,strong,5,inland_sea,False,False,False,True,False,False,False,False,0.0,marsh,clay basin,5,none/ocean,0,fisheries,fisheries|clay|evaporite_host,0.8,modest,True
H+48+34,48,34,14.51,389.6,calm_interior,0.509,False,True,0.723,strong,5,inland_sea,False,False,False,True,False,False,False,False,0.0,marsh,clay basin,5,none/ocean,0,fisheries,fisheries|clay|evaporite_host,0.8,modest,True
H+49+34,49,34,14.63,386.2,calm_interior,0.506,False,True,0.736,strong,5,inland_sea,False,False,False,True,False,False,False,False,0.0,marsh,clay basin,5,none/ocean,0,fisheries,fisheries|clay|evaporite_host,0.8,modest,True
H+50+34,50,34,14.73,387.5,calm_interior,0.504,False,True,0.749,strong,5,inland_sea,False,False,False,True,False,False,False,False,0.0,marsh,clay basin,5,none/ocean,0,fisheries,fisheries|clay|evaporite_host,0.8,modest,True
H+51+34,51,34,14.8,386.9,calm_interior,0.5,False,True,0.761,strong,5,inland_sea,False,False,False,True,False,False,False,False,0.0,marsh,clay basin,5,none/ocean,0,fisheries,fisheries|clay|evaporite_host,0.8,modest,True
H+52+34,52,34,11.44,500.4,open_westerly,0.562,False,True,0.774,strong,6,wetland,False,False,False,False,False,True,False,False,0.8,marsh,peat/wetland,9,wetland/marsh,8,,clay|peat|evaporite_host,1.2,modest,True
H+53+34,53,34,11.46,439.3,calm_interior,0.53,False,True,0.786,strong,6,wetland,False,False,False,False,False,True,False,False,0.8,marsh,peat/wetland,9,wetland/marsh,8,,clay|peat|evaporite_host,1.2,modest,True
H+54+34,54,34,11.47,449.2,calm_interior,0.528,False,True,0.798,strong,6,wetland,False,False,False,False,False,True,False,False,0.8,marsh,peat/wetland,9,wetland/marsh,8,,clay|peat|evaporite_host,1.2,modest,True
H+55+34,55,34,14.65,623.5,open_westerly,0.484,False,False,0.609,moderate,0,none,False,False,False,False,False,False,False,False,7.72,shallow_well,loam,4,grassland/pasture,5,pasture,pasture,2.0,good,False
H+56+34,56,34,14.67,618.9,open_westerly,0.479,False,False,0.621,moderate,0,none,False,False,False,False,False,False,False,False,7.73,shallow_well,loam,4,grassland/pasture,5,pasture,pasture,2.0,good,False
H+57+34,57,34,14.67,621.5,open_westerly,0.474,False,False,0.632,moderate,0,none,False,False,False,False,False,False,False,False,2.5,shallow_well,loam,4,grassland/pasture,5,pasture,pasture,2.0,good,False
H+58+34,58,34,14.66,630.0,open_westerly,0.469,False,False,0.642,moderate,0,none,False,False,False,False,False,False,False,False,2.5,spring_line,loam,4,grassland/pasture,5,pasture,pasture,2.0,good,False
H+59+34,59,34,15.27,696.5,ocean_westerly,0.534,False,False,0.2,maritime,1,ocean,False,False,False,False,False,False,False,False,0.0,dry,none/ocean,0,none/ocean,0,fisheries,fisheries,0.8,modest,False
H+60+34,60,34,15.22,702.0,ocean_westerly,0.527,False,False,0.2,maritime,1,ocean,False,False,False,False,False,False,False,False,0.0,dry,none/ocean,0,none/ocean,0,fisheries,fisheries,0.8,modest,False
H+61+34,61,34,15.12,647.3,open_westerly,0.452,False,False,0.67,strong,2,river,True,False,False,False,False,False,True,False,1.5,spring_line,loam,4,coastal scrub,10,,,0.0,none,False
H+62+34,62,34,15.04,645.4,open_westerly,0.447,False,False,0.678,strong,0,none,False,False,False,False,False,False,True,False,2.5,shallow_well,loam,4,coastal scrub,10,,,0.0,none,False
H+63+34,63,34,14.98,640.0,open_westerly,0.441,False,False,0.687,strong,0,none,False,False,False,False,False,False,False,False,2.5,shallow_well,loam,4,coastal scrub,10,,,0.0,none,False
H+64+34,64,34,14.96,637.4,open_westerly,0.435,False,False,0.695,strong,0,none,False,False,False,False,False,False,False,False,2.5,shallow_well,loam,4,coastal scrub,10,,,0.0,none,False
H+65+34,65,34,14.99,630.4,open_westerly,0.429,False,False,0.703,strong,0,none,False,False,False,False,False,False,False,False,2.5,shallow_well,loam,4,coastal scrub,10,,,0.0,none,False
H+66+34,66,34,15.09,623.1,open_westerly,0.419,False,False,0.711,strong,0,none,False,False,False,False,False,False,False,False,2.5,shallow_well,loam,4,coastal scrub,10,,,0.0,none,False
H+67+34,67,34,15.1,712.9,ocean_westerly,0.481,False,False,0.2,maritime,1,ocean,False,False,False,False,False,False,False,False,0.0,dry,none/ocean,0,none/ocean,0,fisheries,fisheries,0.8,modest,False
H+68+34,68,34,15.11,718.3,ocean_westerly,0.475,False,False,0.2,maritime,1,ocean,False,False,False,False,False,False,False,False,0.0,dry,none/ocean,0,none/ocean,0,fisheries,fisheries,0.8,modest,False
H+69+34,69,34,15.08,612.6,open_westerly,0.389,False,False,0.718,strong,0,none,False,False,False,False,False,False,False,False,2.5,shallow_well,loam,4,coastal scrub,10,,,0.0,none,False
H+70+34,70,34,15.12,602.9,open_westerly,0.379,False,False,0.717,strong,0,none,False,False,False,False,False,False,False,False,2.5,shallow_well,loam,4,coastal scrub,10,,,0.0,none,False
H+71+34,71,34,15.09,583.6,open_westerly,0.369,False,False,0.716,strong,0,none,False,False,False,False,False,False,False,False,2.5,shallow_well,loam,4,coastal scrub,10,,,0.0,none,False
H+72+34,72,34,15.12,566.2,open_westerly,0.359,False,False,0.715,strong,3,major_river,True,True,False,False,False,False,True,False,1.5,spring_line,loam,4,coastal scrub,10,fisheries,fisheries,0.8,modest,False
H+73+34,73,34,15.1,566.2,open_westerly,0.348,False,False,0.713,strong,0,none,False,False,False,False,False,False,False,False,2.5,shallow_well,sandy coastal,6,coastal scrub,10,,,0.0,none,False
H+74+34,74,34,14.99,568.9,open_westerly,0.338,False,False,0.712,strong,0,none,False,False,False,False,False,False,False,False,6.99,shallow_well,sandy coastal,6,coastal scrub,10,,clay,0.0,none,False
H+75+34,75,34,14.93,554.4,open_westerly,0.328,False,False,0.711,strong,2,river,True,False,False,False,False,False,True,False,1.5,spring_line,loam,4,coastal scrub,10,,clay,0.0,none,False
H+76+34,76,34,14.87,602.9,open_westerly,0.352,False,False,0.709,strong,0,none,False,False,False,False,False,False,False,False,7.13,shallow_well,sandy coastal,6,coastal scrub,10,,clay,0.0,none,False
H+77+34,77,34,14.79,608.4,open_westerly,0.348,False,False,0.707,strong,0,none,False,False,False,False,False,False,False,False,7.36,shallow_well,sandy coastal,6,coastal scrub,10,,clay,0.0,none,False
H+78+34,78,34,14.7,620.2,open_westerly,0.344,False,False,0.705,strong,0,none,False,False,False,False,False,False,False,False,7.66,shallow_well,sandy coastal,6,coastal scrub,10,,clay,0.0,none,False
H+79+34,79,34,14.64,632.4,open_westerly,0.341,False,False,0.703,strong,0,none,False,False,False,False,False,False,False,False,8.01,dry,sandy coastal,6,coastal scrub,10,,clay,0.0,none,False
H+00+35,0,35,15.95,954.5,ocean_westerly,0.92,False,False,0.2,maritime,1,ocean,False,False,False,False,False,False,False,False,0.0,dry,none/ocean,0,none/ocean,0,fisheries,fisheries,0.8,modest,False
H+01+35,1,35,15.93,867.5,open_westerly,0.794,False,False,0.582,moderate,2,river,True,False,False,False,False,False,True,False,1.5,spring_line,loam,4,coastal scrub,10,,,0.0,none,False
H+02+35,2,35,15.89,864.7,open_westerly,0.789,False,False,0.573,moderate,0,none,False,False,False,False,False,False,True,False,2.5,shallow_well,loam,4,coastal scrub,10,,,0.0,none,False
H+03+35,3,35,15.83,851.4,open_westerly,0.783,False,False,0.563,moderate,0,none,False,False,False,False,False,False,True,False,6.56,shallow_well,loam,4,coastal scrub,10,,,0.0,none,False
H+04+35,4,35,15.8,831.0,open_westerly,0.777,False,False,0.552,moderate,2,river,True,False,False,False,False,False,True,False,1.5,spring_line,loam,4,coastal scrub,10,,,0.0,none,False
H+05+35,5,35,15.66,818.2,open_westerly,0.772,False,False,0.541,moderate,2,river,True,False,False,False,False,False,True,False,1.5,spring_line,loam,4,coastal scrub,10,,,0.0,none,False
H+06+35,6,35,15.56,806.3,open_westerly,0.766,False,False,0.53,moderate,0,none,False,False,False,False,False,False,True,False,6.6,shallow_well,loam,4,coastal scrub,10,,,0.0,none,False
H+07+35,7,35,15.48,783.9,open_westerly,0.76,False,False,0.519,moderate,0,none,False,False,False,False,False,False,False,False,6.69,shallow_well,loam,4,floodplain farmable,9,,,3.0,rich,False
H+08+35,8,35,15.47,745.3,open_westerly,0.754,False,False,0.508,moderate,0,none,False,False,False,False,False,False,False,False,6.75,shallow_well,loam,4,floodplain farmable,9,,,3.0,rich,False
H+09+35,9,35,15.51,713.2,open_westerly,0.749,False,False,0.496,moderate,0,none,False,False,False,False,False,False,True,False,6.6,shallow_well,loam,4,floodplain farmable,9,,,3.0,rich,False
H+10+35,10,35,15.52,704.3,open_westerly,0.743,False,False,0.485,moderate,2,river,True,False,False,False,False,False,True,False,1.5,spring_line,loam,4,floodplain farmable,9,,,3.0,rich,False
H+11+35,11,35,15.41,700.4,open_westerly,0.737,False,False,0.473,moderate,0,none,False,False,False,False,False,False,False,False,6.23,shallow_well,loam,4,floodplain farmable,9,,,3.0,rich,False
H+12+35,12,35,15.28,684.6,open_westerly,0.732,False,False,0.461,moderate,0,none,False,False,False,False,False,False,False,False,6.33,shallow_well,loam,4,grassland/pasture,5,pasture,pasture,2.0,good,False
H+13+35,13,35,15.18,667.3,open_westerly,0.726,False,False,0.45,moderate,0,none,False,False,False,False,False,False,False,False,6.48,shallow_well,loam,4,grassland/pasture,5,pasture,pasture,2.0,good,False
H+14+35,14,35,15.02,659.7,open_westerly,0.72,False,False,0.439,moderate,0,none,False,False,False,False,False,False,False,False,6.56,shallow_well,loam,4,grassland/pasture,5,pasture,pasture,2.0,good,False
H+15+35,15,35,14.92,669.8,open_westerly,0.715,False,False,0.427,moderate,2,river,True,False,False,False,False,False,True,False,1.5,spring_line,loam,4,floodplain farmable,9,fisheries,fisheries,3.0,rich,False
H+16+35,16,35,14.53,683.0,open_westerly,0.709,False,False,0.417,moderate,0,none,False,False,False,False,False,False,True,False,6.9,shallow_well,loam,4,floodplain farmable,9,,,3.0,rich,False
H+17+35,17,35,13.79,719.8,open_westerly,0.711,False,False,0.406,moderate,0,none,False,False,False,False,False,False,False,False,7.34,shallow_well,loam,4,floodplain farmable,9,,,3.0,rich,False
H+18+35,18,35,12.92,781.9,open_westerly,0.719,False,False,0.396,moderate,0,none,False,False,False,False,False,False,False,False,7.67,shallow_well,loam,4,floodplain farmable,9,,,3.0,rich,False
H+19+35,19,35,12.08,872.6,open_westerly,0.731,False,False,0.386,moderate,0,none,False,False,False,False,False,False,False,False,7.85,shallow_well,loam,4,floodplain farmable,9,,stone,3.0,rich,False
H+20+35,20,35,11.24,992.3,open_westerly,0.748,False,False,0.377,moderate,0,none,False,False,False,False,False,False,False,False,7.81,shallow_well,loam,4,temperate forest,4,timber,timber|stone,1.5,good,False
H+21+35,21,35,11.22,549.1,open_westerly,0.743,False,True,0.567,moderate,8,salt_pan,False,False,False,False,True,False,False,False,10.97,dry,saline playa,10,salt flat sparse,11,salt_pans,salt_pans|evaporite_host,0.3,poor,True
H+22+35,22,35,11.2,560.9,open_westerly,0.741,False,False,0.358,moderate,8,salt_pan,False,False,False,False,True,False,False,False,10.93,dry,saline playa,10,salt flat sparse,11,salt_pans,salt_pans|evaporite_host,0.3,poor,True
H+23+35,23,35,11.18,569.7,open_westerly,0.738,False,False,0.349,weak,8,salt_pan,False,False,False,False,True,False,False,False,10.78,dry,saline playa,10,salt flat sparse,11,salt_pans,salt_pans|evaporite_host,0.3,poor,True
H+24+35,24,35,11.14,572.7,open_westerly,0.733,False,False,0.34,weak,8,salt_pan,False,False,False,False,True,False,False,False,10.69,dry,saline playa,10,salt flat sparse,11,salt_pans,salt_pans|evaporite_host,0.3,poor,True
H+25+35,25,35,11.08,566.6,open_westerly,0.727,False,False,0.332,weak,8,salt_pan,False,False,False,False,True,False,False,False,10.8,dry,saline playa,10,salt flat sparse,11,salt_pans,salt_pans|evaporite_host,0.3,poor,True
H+26+35,26,35,11.01,551.7,open_westerly,0.719,False,False,0.323,weak,8,salt_pan,False,False,False,False,True,False,False,False,11.09,dry,saline playa,10,salt flat sparse,11,salt_pans,salt_pans|evaporite_host,0.3,poor,True
H+27+35,27,35,10.96,538.6,open_westerly,0.709,False,True,0.514,moderate,8,salt_pan,False,False,False,False,True,False,False,False,11.38,dry,saline playa,10,salt flat sparse,11,salt_pans,salt_pans|evaporite_host,0.3,poor,True
H+28+35,28,35,10.94,529.3,calm_interior,0.697,False,True,0.512,moderate,8,salt_pan,False,False,False,False,True,False,False,False,11.53,dry,saline playa,10,salt flat sparse,11,salt_pans,salt_pans|evaporite_host,0.3,poor,True
H+29+35,29,35,10.16,530.7,calm_interior,0.683,False,True,0.521,moderate,8,salt_pan,False,False,False,False,True,False,False,False,11.53,dry,saline playa,10,salt flat sparse,11,salt_pans,salt_pans|evaporite_host,0.3,poor,True
H+30+35,30,35,10.92,488.0,calm_interior,0.668,False,True,0.53,moderate,8,salt_pan,False,False,False,False,True,False,False,False,11.8,dry,saline playa,10,salt flat sparse,11,salt_pans,salt_pans|evaporite_host,0.3,poor,True
H+31+35,31,35,10.92,455.5,calm_interior,0.651,False,True,0.539,moderate,8,salt_pan,False,False,False,False,True,False,False,False,11.9,dry,saline playa,10,salt flat sparse,11,salt_pans,salt_pans|evaporite_host,0.3,poor,True
H+32+35,32,35,10.93,427.0,calm_interior,0.633,False,True,0.548,moderate,8,salt_pan,False,False,False,False,True,False,False,False,11.78,dry,saline playa,10,salt flat sparse,11,salt_pans,salt_pans|evaporite_host,0.3,poor,True
H+33+35,33,35,10.93,401.4,calm_interior,0.615,False,True,0.557,moderate,8,salt_pan,False,False,False,False,True,False,False,False,11.39,dry,saline playa,10,salt flat sparse,11,salt_pans,salt_pans|evaporite_host,0.3,poor,True
H+34+35,34,35,10.94,386.8,calm_interior,0.599,False,True,0.567,moderate,8,salt_pan,False,False,False,False,True,False,False,False,10.93,dry,saline playa,10,salt flat sparse,11,salt_pans,salt_pans|evaporite_host,0.3,poor,True
H+35+35,35,35,10.94,363.8,calm_interior,0.583,False,True,0.577,moderate,8,salt_pan,False,False,False,False,True,False,False,False,10.84,dry,saline playa,10,salt flat sparse,11,salt_pans,salt_pans|evaporite_host,0.3,poor,True
H+36+35,36,35,10.93,344.1,calm_interior,0.568,False,True,0.587,moderate,8,salt_pan,False,False,False,False,True,False,False,False,11.18,dry,saline playa,10,salt flat sparse,11,salt_pans,salt_pans|evaporite_host,0.3,poor,True
H+37+35,37,35,10.93,336.0,calm_interior,0.552,False,True,0.597,moderate,8,salt_pan,False,False,False,False,True,False,False,False,11.71,dry,saline playa,10,salt flat sparse,11,salt_pans,salt_pans|evaporite_host,0.3,poor,True
H+38+35,38,35,10.94,329.7,calm_interior,0.538,False,True,0.607,moderate,8,salt_pan,False,False,False,False,True,False,False,False,12.27,dry,saline playa,10,salt flat sparse,11,salt_pans,salt_pans|evaporite_host,0.3,poor,True
H+39+35,39,35,10.96,319.0,open_westerly,0.526,False,True,0.618,moderate,8,salt_pan,False,False,False,False,True,False,False,False,12.71,dry,saline playa,10,salt flat sparse,11,salt_pans,salt_pans|evaporite_host,0.3,poor,True
H+40+35,40,35,10.99,308.4,open_westerly,0.515,True,True,0.629,moderate,8,salt_pan,False,False,False,False,True,False,False,False,13.02,dry,saline playa,10,salt flat sparse,11,salt_pans,salt_pans|evaporite_host,0.3,poor,True
H+41+35,41,35,9.44,554.1,leeward,0.497,True,False,0.64,moderate,0,none,False,False,False,False,False,False,False,False,12.44,dry,loam,4,grassland/pasture,5,pasture,pasture|stone,2.0,good,False
H+42+35,42,35,13.92,613.6,open_westerly,0.533,False,False,0.451,moderate,0,none,False,False,False,False,False,False,False,False,9.52,dry,loam,4,grassland/pasture,5,pasture,pasture,2.0,good,False
H+43+35,43,35,14.21,623.7,open_westerly,0.527,False,False,0.462,moderate,0,none,False,False,False,False,False,False,False,False,9.34,dry,loam,4,grassland/pasture,5,pasture,pasture,2.0,good,False
H+44+35,44,35,14.22,639.5,open_westerly,0.522,False,False,0.474,moderate,0,none,False,False,False,False,False,False,False,False,9.29,dry,loam,4,grassland/pasture,5,pasture,pasture,2.0,good,False
H+45+35,45,35,14.25,645.7,open_westerly,0.518,False,False,0.486,moderate,0,none,False,False,False,False,False,False,True,False,9.23,dry,loam,4,floodplain farmable,9,,,3.0,rich,False
H+46+35,46,35,11.19,430.8,open_westerly,0.535,True,True,0.698,strong,6,wetland,False,False,False,False,False,True,False,False,0.8,marsh,peat/wetland,9,wetland/marsh,8,,clay|peat|evaporite_host,1.2,modest,True
H+47+35,47,35,11.29,376.7,open_westerly,0.512,False,True,0.71,strong,6,wetland,False,False,False,False,False,True,False,False,0.8,marsh,peat/wetland,9,wetland/marsh,8,,clay|peat|evaporite_host,1.2,modest,True
H+48+35,48,35,11.4,389.3,calm_interior,0.521,False,True,0.722,strong,6,wetland,False,False,False,False,False,True,False,False,0.8,marsh,peat/wetland,9,wetland/marsh,8,,clay|peat|evaporite_host,1.2,modest,True
H+49+35,49,35,11.51,400.1,calm_interior,0.528,False,True,0.735,strong,6,wetland,False,False,False,False,False,True,False,False,0.8,marsh,peat/wetland,9,wetland/marsh,8,,clay|peat|evaporite_host,1.2,modest,True
H+50+35,50,35,11.61,417.5,calm_interior,0.534,False,True,0.747,strong,6,wetland,False,False,False,False,False,True,False,False,0.8,marsh,peat/wetland,9,wetland/marsh,8,,clay|peat|evaporite_host,1.2,modest,True
H+51+35,51,35,11.67,435.2,calm_interior,0.537,False,True,0.759,strong,6,wetland,False,False,False,False,False,True,False,False,0.8,marsh,peat/wetland,9,wetland/marsh,8,,clay|peat|evaporite_host,1.2,modest,True
H+52+35,52,35,14.87,610.3,open_westerly,0.497,False,False,0.571,moderate,0,none,False,False,False,False,False,False,False,False,8.16,dry,loam,4,grassland/pasture,5,pasture,pasture,2.0,good,False
H+53+35,53,35,14.91,611.3,open_westerly,0.493,False,False,0.583,moderate,0,none,False,False,False,False,False,False,False,False,8.05,dry,loam,4,grassland/pasture,5,pasture,pasture,2.0,good,False
H+54+35,54,35,14.93,612.6,open_westerly,0.488,False,False,0.595,moderate,0,none,False,False,False,False,False,False,False,False,8.02,dry,loam,4,grassland/pasture,5,pasture,pasture,2.0,good,False
H+55+35,55,35,14.95,617.2,open_westerly,0.484,False,False,0.606,moderate,0,none,False,False,False,False,False,False,False,False,8.01,dry,loam,4,grassland/pasture,5,pasture,pasture,2.0,good,False
H+56+35,56,35,14.97,621.8,open_westerly,0.479,False,False,0.617,moderate,0,none,False,False,False,False,False,False,False,False,8.0,shallow_well,loam,4,grassland/pasture,5,pasture,pasture,2.0,good,False
H+57+35,57,35,14.97,618.3,open_westerly,0.474,False,False,0.628,moderate,0,none,False,False,False,False,False,False,True,False,2.5,spring_line,loam,4,floodplain farmable,9,,,3.0,rich,False
H+58+35,58,35,15.55,610.1,open_westerly,0.469,False,False,0.638,moderate,3,major_river,True,True,False,False,False,False,True,False,1.5,spring_line,loam,4,coastal scrub,10,fisheries,fisheries,0.8,modest,False
H+59+35,59,35,15.5,610.0,open_westerly,0.463,False,False,0.648,moderate,2,river,True,False,False,False,False,False,True,False,1.5,spring_line,loam,4,coastal scrub,10,,,0.0,none,False
H+60+35,60,35,15.41,625.5,open_westerly,0.458,False,False,0.657,strong,0,none,False,False,False,False,False,False,False,False,2.5,shallow_well,loam,4,coastal scrub,10,,,0.0,none,False
H+61+35,61,35,15.36,643.6,open_westerly,0.452,False,False,0.666,strong,2,river,True,False,False,False,False,False,True,False,1.5,spring_line,loam,4,coastal scrub,10,,greenstone_metals,0.0,none,False
H+62+35,62,35,15.29,658.6,open_westerly,0.447,False,False,0.674,strong,0,none,False,False,False,False,False,False,False,False,2.5,shallow_well,loam,4,coastal scrub,10,,,0.0,none,False
H+63+35,63,35,15.22,664.9,open_westerly,0.441,False,False,0.683,strong,0,none,False,False,False,False,False,False,False,False,2.5,shallow_well,loam,4,coastal scrub,10,,,0.0,none,False
H+64+35,64,35,15.16,654.4,open_westerly,0.435,False,False,0.691,strong,0,none,False,False,False,False,False,False,False,False,2.5,shallow_well,loam,4,coastal scrub,10,,,0.0,none,False
H+65+35,65,35,15.14,636.5,open_westerly,0.429,False,False,0.699,strong,0,none,False,False,False,False,False,False,False,False,2.5,shallow_well,loam,4,coastal scrub,10,,greenstone_metals,0.0,none,False
H+66+35,66,35,15.31,624.1,open_westerly,0.418,False,False,0.707,strong,0,none,False,False,False,False,False,False,False,False,2.5,shallow_well,loam,4,coastal scrub,10,,,0.0,none,False
H+67+35,67,35,15.36,706.5,ocean_westerly,0.481,False,False,0.2,maritime,1,ocean,False,False,False,False,False,False,False,False,0.0,dry,none/ocean,0,none/ocean,0,fisheries,fisheries,0.8,modest,False
H+68+35,68,35,15.35,617.4,open_westerly,0.398,False,False,0.714,strong,2,river,True,False,False,False,False,False,True,False,1.5,spring_line,loam,4,coastal scrub,10,,,0.0,none,False
H+69+35,69,35,15.24,619.2,open_westerly,0.389,False,False,0.713,strong,0,none,False,False,False,False,False,False,True,False,2.5,shallow_well,loam,4,coastal scrub,10,,,0.0,none,False
H+70+35,70,35,15.17,616.7,open_westerly,0.379,False,False,0.712,strong,0,none,False,False,False,False,False,False,False,False,2.5,shallow_well,loam,4,coastal scrub,10,,,0.0,none,False
H+71+35,71,35,15.26,602.8,open_westerly,0.369,False,False,0.711,strong,0,none,False,False,False,False,False,False,False,False,2.5,shallow_well,loam,4,coastal scrub,10,,,0.0,none,False
H+72+35,72,35,15.31,588.2,open_westerly,0.359,False,False,0.709,strong,2,river,True,False,False,False,False,False,True,False,1.5,spring_line,loam,4,coastal scrub,10,,,0.0,none,False
H+73+35,73,35,15.26,577.1,open_westerly,0.348,False,False,0.708,strong,0,none,False,False,False,False,False,False,False,False,6.46,shallow_well,sandy coastal,6,coastal scrub,10,,,0.0,none,False
H+74+35,74,35,15.19,563.7,open_westerly,0.338,False,False,0.707,strong,0,none,False,False,False,False,False,False,False,False,6.74,shallow_well,sandy coastal,6,coastal scrub,10,,clay,0.0,none,False
H+75+35,75,35,15.21,550.0,open_westerly,0.328,False,False,0.705,strong,2,river,True,False,False,False,False,False,True,False,1.5,spring_line,loam,4,coastal scrub,10,fisheries,fisheries|clay,0.0,none,False
H+76+35,76,35,15.16,541.5,open_westerly,0.318,False,False,0.704,strong,0,none,False,False,False,False,False,False,False,False,7.35,shallow_well,sandy coastal,6,coastal scrub,10,,clay,0.0,none,False
H+77+35,77,35,15.07,536.5,open_westerly,0.309,False,False,0.702,strong,0,none,False,False,False,False,False,False,False,False,7.7,shallow_well,sandy coastal,6,coastal scrub,10,,clay,0.0,none,False
H+78+35,78,35,14.88,609.3,open_westerly,0.339,False,False,0.701,strong,0,none,False,False,False,False,False,False,False,False,7.67,shallow_well,sandy coastal,6,coastal scrub,10,,clay,0.0,none,False
H+79+35,79,35,14.88,619.3,open_westerly,0.336,False,False,0.698,strong,0,none,False,False,False,False,False,False,False,False,8.02,dry,sandy coastal,6,coastal scrub,10,,clay,0.0,none,False
H+00+36,0,36,16.22,977.0,ocean_westerly,0.92,False,False,0.2,maritime,1,ocean,False,False,False,False,False,False,False,False,0.0,dry,none/ocean,0,none/ocean,0,fisheries,fisheries,0.8,modest,False
H+01+36,1,36,16.2,883.2,open_westerly,0.794,False,False,0.579,moderate,2,river,True,False,False,False,False,False,True,False,1.5,spring_line,loam,4,coastal scrub,10,,,0.0,none,False
H+02+36,2,36,16.19,874.5,open_westerly,0.789,False,False,0.569,moderate,2,river,True,False,False,False,False,False,True,False,1.5,spring_line,loam,4,coastal scrub,10,,,0.0,none,False
H+03+36,3,36,16.12,863.2,open_westerly,0.783,False,False,0.559,moderate,2,river,True,False,False,False,False,False,True,False,1.5,spring_line,loam,4,coastal scrub,10,,,0.0,none,False
H+04+36,4,36,16.06,847.0,open_westerly,0.777,False,False,0.549,moderate,0,none,False,False,False,False,False,False,False,False,6.69,shallow_well,sandy coastal,6,coastal scrub,10,,clay,0.0,none,False
H+05+36,5,36,15.95,835.6,open_westerly,0.772,False,False,0.538,moderate,0,none,False,False,False,False,False,False,False,False,6.68,shallow_well,loam,4,coastal scrub,10,,,0.0,none,False
H+06+36,6,36,15.85,824.8,open_westerly,0.766,False,False,0.527,moderate,0,none,False,False,False,False,False,False,False,False,6.67,shallow_well,loam,4,coastal scrub,10,,greenstone_metals,0.0,none,False
H+07+36,7,36,15.79,802.3,open_westerly,0.76,False,False,0.516,moderate,0,none,False,False,False,False,False,False,False,False,6.73,shallow_well,loam,4,floodplain farmable,9,,,3.0,rich,False
H+08+36,8,36,15.83,758.4,open_westerly,0.754,False,False,0.505,moderate,0,none,False,False,False,False,False,False,True,False,6.8,shallow_well,loam,4,floodplain farmable,9,,,3.0,rich,False
H+09+36,9,36,15.78,722.3,open_westerly,0.749,False,False,0.494,moderate,2,river,True,False,False,False,False,False,True,False,1.5,spring_line,loam,4,floodplain farmable,9,,,3.0,rich,False
H+10+36,10,36,15.73,710.0,open_westerly,0.743,False,False,0.482,moderate,0,none,False,False,False,False,False,False,True,False,6.58,shallow_well,loam,4,floodplain farmable,9,,,3.0,rich,False
H+11+36,11,36,15.66,700.5,open_westerly,0.737,False,False,0.471,moderate,0,none,False,False,False,False,False,False,False,False,6.5,shallow_well,loam,4,floodplain farmable,9,,,3.0,rich,False
H+12+36,12,36,15.57,682.9,open_westerly,0.732,False,False,0.459,moderate,0,none,False,False,False,False,False,False,False,False,6.51,shallow_well,loam,4,grassland/pasture,5,pasture,pasture,2.0,good,False
H+13+36,13,36,15.44,666.5,open_westerly,0.726,False,False,0.448,moderate,0,none,False,False,False,False,False,False,True,False,6.56,shallow_well,loam,4,floodplain farmable,9,,,3.0,rich,False
H+14+36,14,36,15.29,658.4,open_westerly,0.72,False,False,0.437,moderate,2,river,True,False,False,False,False,False,True,False,1.5,spring_line,loam,4,floodplain farmable,9,,,3.0,rich,False
H+15+36,15,36,14.87,668.2,open_westerly,0.715,False,False,0.426,moderate,0,none,False,False,False,False,False,False,True,False,6.82,shallow_well,loam,4,floodplain farmable,9,,,3.0,rich,False
H+16+36,16,36,14.11,714.8,open_westerly,0.715,False,False,0.415,moderate,0,none,False,False,False,False,False,False,False,False,7.16,shallow_well,loam,4,floodplain farmable,9,,,3.0,rich,False
H+17+36,17,36,13.23,775.0,open_westerly,0.721,False,False,0.404,moderate,0,none,False,False,False,False,False,False,False,False,7.52,shallow_well,loam,4,floodplain farmable,9,,,3.0,rich,False
H+18+36,18,36,12.37,846.7,open_westerly,0.731,False,False,0.394,moderate,0,none,False,False,False,False,False,False,False,False,7.74,shallow_well,loam,4,floodplain farmable,9,,stone,3.0,rich,False
H+19+36,19,36,11.52,941.9,open_westerly,0.745,False,False,0.385,moderate,0,none,False,False,False,False,False,False,False,False,7.78,shallow_well,loam,4,temperate forest,4,timber,timber|stone,1.5,good,False
H+20+36,20,36,11.48,518.7,calm_interior,0.74,False,True,0.575,moderate,8,salt_pan,False,False,False,False,True,False,False,False,10.78,dry,saline playa,10,salt flat sparse,11,salt_pans,salt_pans|evaporite_host,0.3,poor,True
H+21+36,21,36,11.44,543.2,open_westerly,0.743,False,True,0.566,moderate,8,salt_pan,False,False,False,False,True,False,False,False,10.75,dry,saline playa,10,salt flat sparse,11,salt_pans,salt_pans|evaporite_host,0.3,poor,True
H+22+36,22,36,11.43,558.4,open_westerly,0.741,False,False,0.356,moderate,8,salt_pan,False,False,False,False,True,False,False,False,10.7,dry,saline playa,10,salt flat sparse,11,salt_pans,salt_pans|evaporite_host,0.3,poor,True
H+23+36,23,36,11.42,567.5,open_westerly,0.738,False,False,0.347,weak,8,salt_pan,False,False,False,False,True,False,False,False,10.62,dry,saline playa,10,salt flat sparse,11,salt_pans,salt_pans|evaporite_host,0.3,poor,True
H+24+36,24,36,11.38,567.4,open_westerly,0.733,False,False,0.338,weak,8,salt_pan,False,False,False,False,True,False,False,False,10.6,dry,saline playa,10,salt flat sparse,11,salt_pans,salt_pans|evaporite_host,0.3,poor,True
H+25+36,25,36,11.34,558.6,open_westerly,0.727,False,False,0.33,weak,8,salt_pan,False,False,False,False,True,False,False,False,10.68,dry,saline playa,10,salt flat sparse,11,salt_pans,salt_pans|evaporite_host,0.3,poor,True
H+26+36,26,36,11.29,542.9,open_westerly,0.719,False,True,0.521,moderate,8,salt_pan,False,False,False,False,True,False,False,False,10.85,dry,saline playa,10,salt flat sparse,11,salt_pans,salt_pans|evaporite_host,0.3,poor,True
H+27+36,27,36,11.26,529.9,open_westerly,0.709,False,True,0.512,moderate,8,salt_pan,False,False,False,False,True,False,False,False,11.0,dry,saline playa,10,salt flat sparse,11,salt_pans,salt_pans|evaporite_host,0.3,poor,True
H+28+36,28,36,11.25,527.8,calm_interior,0.697,False,True,0.51,moderate,8,salt_pan,False,False,False,False,True,False,False,False,11.04,dry,saline playa,10,salt flat sparse,11,salt_pans,salt_pans|evaporite_host,0.3,poor,True
H+29+36,29,36,10.49,537.3,calm_interior,0.683,False,True,0.519,moderate,8,salt_pan,False,False,False,False,True,False,False,False,11.0,dry,saline playa,10,salt flat sparse,11,salt_pans,salt_pans|evaporite_host,0.3,poor,True
H+30+36,30,36,11.25,491.6,calm_interior,0.668,False,True,0.527,moderate,8,salt_pan,False,False,False,False,True,False,False,False,11.32,dry,saline playa,10,salt flat sparse,11,salt_pans,salt_pans|evaporite_host,0.3,poor,True
H+31+36,31,36,11.26,451.2,calm_interior,0.651,False,True,0.536,moderate,8,salt_pan,False,False,False,False,True,False,False,False,11.51,dry,saline playa,10,salt flat sparse,11,salt_pans,salt_pans|evaporite_host,0.3,poor,True
H+32+36,32,36,11.27,422.1,calm_interior,0.633,False,True,0.546,moderate,8,salt_pan,False,False,False,False,True,False,False,False,11.42,dry,saline playa,10,salt flat sparse,11,salt_pans,salt_pans|evaporite_host,0.3,poor,True
H+33+36,33,36,11.28,399.2,calm_interior,0.615,False,True,0.555,moderate,8,salt_pan,False,False,False,False,True,False,False,False,11.06,dry,saline playa,10,salt flat sparse,11,salt_pans,salt_pans|evaporite_host,0.3,poor,True
H+34+36,34,36,11.28,386.2,calm_interior,0.599,False,True,0.565,moderate,8,salt_pan,False,False,False,False,True,False,False,False,10.64,dry,saline playa,10,salt flat sparse,11,salt_pans,salt_pans|evaporite_host,0.3,poor,True
H+35+36,35,36,11.26,363.9,calm_interior,0.584,False,True,0.575,moderate,8,salt_pan,False,False,False,False,True,False,False,False,10.56,dry,saline playa,10,salt flat sparse,11,salt_pans,salt_pans|evaporite_host,0.3,poor,True
H+36+36,36,36,11.23,344.9,calm_interior,0.568,False,True,0.585,moderate,8,salt_pan,False,False,False,False,True,False,False,False,10.85,dry,saline playa,10,salt flat sparse,11,salt_pans,salt_pans|evaporite_host,0.3,poor,True
H+37+36,37,36,11.2,334.8,calm_interior,0.553,False,True,0.596,moderate,8,salt_pan,False,False,False,False,True,False,False,False,11.31,dry,saline playa,10,salt flat sparse,11,salt_pans,salt_pans|evaporite_host,0.3,poor,True
H+38+36,38,36,11.19,326.1,calm_interior,0.539,False,True,0.607,moderate,8,salt_pan,False,False,False,False,True,False,False,False,11.8,dry,saline playa,10,salt flat sparse,11,salt_pans,salt_pans|evaporite_host,0.3,poor,True
H+39+36,39,36,11.21,316.2,open_westerly,0.527,False,True,0.617,moderate,8,salt_pan,False,False,False,False,True,False,False,False,12.2,dry,saline playa,10,salt flat sparse,11,salt_pans,salt_pans|evaporite_host,0.3,poor,True
H+40+36,40,36,9.67,567.4,leeward,0.509,True,False,0.628,moderate,0,none,False,False,False,False,False,False,False,False,11.68,dry,loam,4,grassland/pasture,5,pasture,pasture|stone,2.0,good,False
H+41+36,41,36,13.38,598.6,open_westerly,0.535,False,False,0.44,moderate,0,none,False,False,False,False,False,False,False,False,9.51,dry,loam,4,grassland/pasture,5,pasture,pasture,2.0,good,False
H+42+36,42,36,14.24,613.9,open_westerly,0.533,False,False,0.451,moderate,0,none,False,False,False,False,False,False,False,False,8.99,dry,loam,4,grassland/pasture,5,pasture,pasture,2.0,good,False
H+43+36,43,36,14.51,627.5,open_westerly,0.527,False,False,0.462,moderate,0,none,False,False,False,False,False,False,False,False,8.81,dry,loam,4,grassland/pasture,5,pasture,pasture,2.0,good,False
H+44+36,44,36,14.53,637.9,open_westerly,0.522,False,False,0.474,moderate,0,none,False,False,False,False,False,False,False,False,8.83,dry,loam,4,grassland/pasture,5,pasture,pasture,2.0,good,False
H+45+36,45,36,14.56,639.6,open_westerly,0.518,False,False,0.486,moderate,2,river,True,False,False,False,False,False,True,False,1.5,spring_line,loam,4,floodplain farmable,9,fisheries,fisheries,3.0,rich,False
H+46+36,46,36,14.63,631.7,open_westerly,0.514,False,False,0.497,moderate,2,river,True,False,False,False,False,False,True,False,1.5,spring_line,loam,4,floodplain farmable,9,fisheries,fisheries,3.0,rich,False
H+47+36,47,36,14.72,619.7,open_westerly,0.511,False,False,0.509,moderate,2,river,True,False,False,False,False,False,True,False,1.5,spring_line,loam,4,floodplain farmable,9,,,3.0,rich,False
H+48+36,48,36,14.83,605.7,open_westerly,0.509,False,False,0.521,moderate,2,river,True,False,False,False,False,False,True,False,1.5,spring_line,loam,4,floodplain farmable,9,fisheries,fisheries,3.0,rich,False
H+49+36,49,36,14.93,593.2,open_westerly,0.506,False,False,0.533,moderate,2,river,True,False,False,False,False,False,True,False,1.5,spring_line,loam,4,floodplain farmable,9,fisheries,fisheries,3.0,rich,False
H+50+36,50,36,15.02,596.8,open_westerly,0.504,False,False,0.545,moderate,2,river,True,False,False,False,False,False,True,False,1.5,spring_line,loam,4,floodplain farmable,9,fisheries,fisheries,3.0,rich,False
H+51+36,51,36,15.09,608.3,open_westerly,0.5,False,False,0.557,moderate,2,river,True,False,False,False,False,False,True,False,1.5,spring_line,loam,4,floodplain farmable,9,,,3.0,rich,False
H+52+36,52,36,15.14,613.5,open_westerly,0.497,False,False,0.569,moderate,2,river,True,False,False,False,False,False,True,False,1.5,spring_line,loam,4,floodplain farmable,9,fisheries,fisheries,3.0,rich,False
H+53+36,53,36,15.18,608.5,open_westerly,0.493,False,False,0.58,moderate,2,river,True,False,False,False,False,False,True,False,1.5,spring_line,loam,4,floodplain farmable,9,fisheries,fisheries,3.0,rich,False
H+54+36,54,36,15.21,604.9,open_westerly,0.488,False,False,0.592,moderate,2,river,True,False,False,False,False,False,True,False,1.5,spring_line,loam,4,floodplain farmable,9,fisheries,fisheries,3.0,rich,False
H+55+36,55,36,15.24,614.5,open_westerly,0.484,False,False,0.603,moderate,2,river,True,False,False,False,False,False,True,False,1.5,spring_line,loam,4,floodplain farmable,9,fisheries,fisheries,3.0,rich,False
H+56+36,56,36,15.27,626.0,open_westerly,0.479,False,False,0.614,moderate,2,river,True,False,False,False,False,False,True,False,1.5,spring_line,loam,4,floodplain farmable,9,fisheries,fisheries,3.0,rich,False
H+57+36,57,36,15.77,617.8,open_westerly,0.474,False,False,0.624,moderate,3,major_river,True,True,False,False,False,False,True,False,1.5,spring_line,loam,4,coastal scrub,10,fisheries,fisheries|greenstone_metals,0.8,modest,False
H+58+36,58,36,15.74,597.0,open_westerly,0.469,False,False,0.634,moderate,2,river,True,False,False,False,False,False,True,False,1.5,spring_line,loam,4,coastal scrub,10,fisheries,fisheries,0.0,none,False
H+59+36,59,36,15.69,595.5,open_westerly,0.463,False,False,0.644,moderate,2,river,True,False,False,False,False,False,True,False,1.5,spring_line,loam,4,coastal scrub,10,,,0.0,none,False
H+60+36,60,36,15.64,618.0,open_westerly,0.458,False,False,0.653,strong,2,river,True,False,False,False,False,False,True,False,1.5,spring_line,loam,4,coastal scrub,10,,,0.0,none,False
H+61+36,61,36,15.43,640.9,open_westerly,0.452,False,False,0.662,strong,0,none,False,False,False,False,False,False,False,False,6.38,shallow_well,volcanic andisol,7,coastal scrub,10,,,0.0,none,False
H+62+36,62,36,15.22,667.5,open_westerly,0.447,False,False,0.67,strong,0,none,False,False,False,False,False,False,False,False,6.13,shallow_well,volcanic andisol,7,coastal scrub,10,,,0.0,none,False
H+63+36,63,36,15.05,682.1,open_westerly,0.441,False,False,0.678,strong,0,none,False,False,False,False,False,False,False,False,6.02,shallow_well,volcanic andisol,7,grassland/pasture,5,pasture,pasture,2.0,good,False
H+64+36,64,36,14.94,665.6,open_westerly,0.435,False,False,0.686,strong,0,none,False,False,False,False,False,False,False,False,6.25,shallow_well,volcanic andisol,7,grassland/pasture,5,pasture,pasture,2.0,good,False
H+65+36,65,36,14.91,639.1,open_westerly,0.428,False,False,0.694,strong,0,none,False,False,False,False,False,False,False,False,2.5,shallow_well,volcanic andisol,7,grassland/pasture,5,pasture,pasture,2.0,good,False
H+66+36,66,36,15.03,621.6,open_westerly,0.417,False,False,0.702,strong,0,none,False,False,False,False,False,False,True,False,2.5,shallow_well,loam,4,floodplain farmable,9,,,3.0,rich,False
H+67+36,67,36,15.15,610.5,open_westerly,0.406,False,False,0.709,strong,2,river,True,False,False,False,False,False,True,False,1.5,spring_line,loam,4,coastal scrub,10,,,0.0,none,False
H+68+36,68,36,15.22,605.6,open_westerly,0.395,False,False,0.709,strong,0,none,False,False,False,False,False,False,True,False,2.5,shallow_well,loam,4,coastal scrub,10,,,0.0,none,False
H+69+36,69,36,15.31,613.1,open_westerly,0.385,False,False,0.708,strong,0,none,False,False,False,False,False,False,False,False,6.2,shallow_well,volcanic andisol,7,coastal scrub,10,,,0.0,none,False
H+70+36,70,36,15.38,615.5,open_westerly,0.375,False,False,0.707,strong,0,none,False,False,False,False,False,False,False,False,6.07,shallow_well,loam,4,coastal scrub,10,,,0.0,none,False
H+71+36,71,36,15.4,607.3,open_westerly,0.366,False,False,0.705,strong,0,none,False,False,False,False,False,False,False,False,6.14,shallow_well,loam,4,coastal scrub,10,,,0.0,none,False
H+72+36,72,36,15.5,599.2,open_westerly,0.358,False,False,0.704,strong,2,river,True,False,False,False,False,False,True,False,1.5,spring_line,loam,4,coastal scrub,10,,,0.0,none,False
H+73+36,73,36,15.49,581.4,open_westerly,0.348,False,False,0.702,strong,2,river,True,False,False,False,False,False,True,False,1.5,spring_line,loam,4,coastal scrub,10,,clay,0.0,none,False
H+74+36,74,36,15.44,557.2,open_westerly,0.338,False,False,0.701,strong,0,none,False,False,False,False,False,False,False,False,6.84,shallow_well,sandy coastal,6,coastal scrub,10,,clay,0.0,none,False
H+75+36,75,36,15.46,545.8,open_westerly,0.328,False,False,0.7,strong,2,river,True,False,False,False,False,False,True,False,1.5,spring_line,loam,4,coastal scrub,10,fisheries,fisheries|clay,0.0,none,False
H+76+36,76,36,15.42,547.4,open_westerly,0.318,False,False,0.699,strong,0,none,False,False,False,False,False,False,False,False,7.42,shallow_well,sandy coastal,6,coastal scrub,10,,clay,0.0,none,False
H+77+36,77,36,15.16,543.2,open_westerly,0.309,False,False,0.697,strong,0,none,False,False,False,False,False,False,False,False,7.87,shallow_well,sandy coastal,6,coastal scrub,10,,clay,0.0,none,False
H+78+36,78,36,15.16,534.5,open_westerly,0.303,False,False,0.696,strong,0,none,False,False,False,False,False,False,False,False,8.24,dry,sandy coastal,6,coastal scrub,10,,clay,0.0,none,False
H+79+36,79,36,15.13,603.8,open_westerly,0.33,False,False,0.694,strong,0,none,False,False,False,False,False,False,False,False,8.14,dry,sandy coastal,6,coastal scrub,10,,clay,0.0,none,False
H+00+37,0,37,16.5,967.2,ocean_westerly,0.92,False,False,0.2,maritime,1,ocean,False,False,False,False,False,False,False,False,0.0,dry,none/ocean,0,none/ocean,0,fisheries,fisheries,0.8,modest,False
H+01+37,1,37,16.47,874.0,open_westerly,0.794,False,False,0.575,moderate,3,major_river,True,True,False,False,False,False,True,False,1.5,spring_line,loam,4,coastal scrub,10,fisheries,fisheries|clay,0.8,modest,False
H+02+37,2,37,16.45,864.7,open_westerly,0.789,False,False,0.565,moderate,3,major_river,True,True,False,False,False,False,True,False,1.5,spring_line,loam,4,coastal scrub,10,fisheries,fisheries,0.8,modest,False
H+03+37,3,37,16.42,853.8,open_westerly,0.783,False,False,0.556,moderate,3,major_river,True,True,False,False,False,False,True,False,1.5,spring_line,loam,4,coastal scrub,10,fisheries,fisheries,0.8,modest,False
H+04+37,4,37,16.33,838.8,open_westerly,0.777,False,False,0.545,moderate,3,major_river,True,True,False,False,False,False,True,False,1.5,spring_line,loam,4,coastal scrub,10,fisheries,fisheries,0.8,modest,False
H+05+37,5,37,16.26,827.0,open_westerly,0.772,False,False,0.535,moderate,2,river,True,False,False,False,False,False,True,False,1.5,spring_line,loam,4,coastal scrub,10,,,0.0,none,False
H+06+37,6,37,16.16,813.3,open_westerly,0.766,False,False,0.524,moderate,0,none,False,False,False,False,False,False,False,False,6.94,shallow_well,sandy coastal,6,coastal scrub,10,,,0.0,none,False
H+07+37,7,37,16.14,792.1,open_westerly,0.76,False,False,0.513,moderate,0,none,False,False,False,False,False,False,True,False,6.95,shallow_well,loam,4,coastal scrub,10,,,0.0,none,False
H+08+37,8,37,16.12,761.1,open_westerly,0.754,False,False,0.502,moderate,2,river,True,False,False,False,False,False,True,False,1.5,spring_line,loam,4,coastal scrub,10,,,0.0,none,False
H+09+37,9,37,16.05,734.1,open_westerly,0.749,False,False,0.491,moderate,0,none,False,False,False,False,False,False,True,False,7.02,shallow_well,loam,4,floodplain farmable,9,,,3.0,rich,False
H+10+37,10,37,15.98,719.7,open_westerly,0.743,False,False,0.48,moderate,0,none,False,False,False,False,False,False,False,False,6.97,shallow_well,loam,4,floodplain farmable,9,,,3.0,rich,False
H+11+37,11,37,15.89,706.6,open_westerly,0.737,False,False,0.469,moderate,0,none,False,False,False,False,False,False,False,False,6.95,shallow_well,loam,4,floodplain farmable,9,,,3.0,rich,False
H+12+37,12,37,15.82,687.4,open_westerly,0.732,False,False,0.457,moderate,0,none,False,False,False,False,False,False,False,False,6.82,shallow_well,loam,4,grassland/pasture,5,pasture,pasture,2.0,good,False
H+13+37,13,37,15.72,670.2,open_westerly,0.726,False,False,0.446,moderate,3,major_river,True,True,False,False,False,False,True,False,1.5,spring_line,loam,4,floodplain farmable,9,fisheries,fisheries,3.5,rich,False
H+14+37,14,37,15.2,661.2,open_westerly,0.72,False,False,0.435,moderate,0,none,False,False,False,False,False,False,True,False,6.83,shallow_well,loam,4,floodplain farmable,9,,,3.0,rich,False
H+15+37,15,37,14.44,693.9,open_westerly,0.72,False,False,0.424,moderate,0,none,False,False,False,False,False,False,False,False,7.13,shallow_well,volcanic andisol,7,grassland/pasture,5,pasture,pasture,2.0,good,False
H+16+37,16,37,13.55,757.4,open_westerly,0.724,False,False,0.414,moderate,0,none,False,False,False,False,False,False,False,False,7.5,shallow_well,volcanic andisol,7,temperate forest,4,timber,timber|obsidian,1.5,good,False
H+17+37,17,37,12.67,826.1,open_westerly,0.731,False,False,0.403,moderate,0,none,False,False,False,False,False,False,False,False,7.83,shallow_well,volcanic andisol,7,temperate forest,4,timber,timber|obsidian,1.5,good,False
H+18+37,18,37,11.81,908.8,open_westerly,0.743,False,False,0.393,moderate,0,none,False,False,False,False,False,False,False,False,7.91,shallow_well,volcanic andisol,7,temperate forest,4,timber,timber|obsidian,1.5,good,False
H+19+37,19,37,11.75,497.4,calm_interior,0.738,False,True,0.583,moderate,8,salt_pan,False,False,False,False,True,False,False,False,10.67,dry,saline playa,10,salt flat sparse,11,salt_pans,salt_pans|evaporite_host,0.3,poor,True
H+20+37,20,37,11.7,516.3,calm_interior,0.74,False,True,0.574,moderate,8,salt_pan,False,False,False,False,True,False,False,False,10.51,dry,saline playa,10,salt flat sparse,11,salt_pans,salt_pans|evaporite_host,0.3,poor,True
H+21+37,21,37,11.68,540.3,open_westerly,0.743,False,True,0.564,moderate,8,salt_pan,False,False,False,False,True,False,False,False,10.36,dry,saline playa,10,salt flat sparse,11,salt_pans,salt_pans|evaporite_host,0.3,poor,True
H+22+37,22,37,11.67,556.2,open_westerly,0.741,False,False,0.355,moderate,8,salt_pan,False,False,False,False,True,False,False,False,10.37,dry,saline playa,10,salt flat sparse,11,salt_pans,salt_pans|evaporite_host,0.3,poor,True
H+23+37,23,37,11.66,565.5,open_westerly,0.738,False,False,0.346,weak,8,salt_pan,False,False,False,False,True,False,False,False,10.47,dry,saline playa,10,salt flat sparse,11,salt_pans,salt_pans|evaporite_host,0.3,poor,True
H+24+37,24,37,11.64,564.2,open_westerly,0.733,False,False,0.337,weak,8,salt_pan,False,False,False,False,True,False,False,False,10.6,dry,saline playa,10,salt flat sparse,11,salt_pans,salt_pans|evaporite_host,0.3,poor,True
H+25+37,25,37,11.61,557.0,open_westerly,0.727,False,False,0.328,weak,8,salt_pan,False,False,False,False,True,False,False,False,10.63,dry,saline playa,10,salt flat sparse,11,salt_pans,salt_pans|evaporite_host,0.3,poor,True
H+26+37,26,37,11.58,548.8,open_westerly,0.719,False,True,0.519,moderate,8,salt_pan,False,False,False,False,True,False,False,False,10.51,dry,saline playa,10,salt flat sparse,11,salt_pans,salt_pans|evaporite_host,0.3,poor,True
H+27+37,27,37,10.69,1127.9,open_westerly,0.739,False,False,0.31,weak,0,none,False,False,False,False,False,False,False,False,6.94,shallow_well,rocky/lithosol,1,temperate forest,4,timber,timber,1.5,good,False
H+28+37,28,37,1.34,2214.7,windward,0.946,False,False,0.308,weak,0,none,False,False,False,False,False,False,False,False,7.75,shallow_well,mountain thin,3,alpine tundra,2,,,0.0,none,False
H+29+37,29,37,10.82,489.5,calm_interior,0.654,False,True,0.517,moderate,8,salt_pan,False,False,False,False,True,False,False,False,10.66,dry,saline playa,10,salt flat sparse,11,salt_pans,salt_pans|evaporite_host,0.3,poor,True
H+30+37,30,37,11.59,494.1,calm_interior,0.668,False,True,0.526,moderate,8,salt_pan,False,False,False,False,True,False,False,False,10.73,dry,saline playa,10,salt flat sparse,11,salt_pans,salt_pans|evaporite_host,0.3,poor,True
H+31+37,31,37,11.6,452.8,calm_interior,0.651,False,True,0.535,moderate,8,salt_pan,False,False,False,False,True,False,False,False,11.01,dry,saline playa,10,salt flat sparse,11,salt_pans,salt_pans|evaporite_host,0.3,poor,True
H+32+37,32,37,11.62,422.3,calm_interior,0.633,False,True,0.544,moderate,8,salt_pan,False,False,False,False,True,False,False,False,10.99,dry,saline playa,10,salt flat sparse,11,salt_pans,salt_pans|evaporite_host,0.3,poor,True
H+33+37,33,37,11.64,395.6,calm_interior,0.615,False,True,0.554,moderate,8,salt_pan,False,False,False,False,True,False,False,False,10.76,dry,saline playa,10,salt flat sparse,11,salt_pans,salt_pans|evaporite_host,0.3,poor,True
H+34+37,34,37,11.64,382.7,calm_interior,0.599,False,True,0.564,moderate,8,salt_pan,False,False,False,False,True,False,False,False,10.44,dry,saline playa,10,salt flat sparse,11,salt_pans,salt_pans|evaporite_host,0.3,poor,True
H+35+37,35,37,11.6,366.2,calm_interior,0.584,False,True,0.574,moderate,8,salt_pan,False,False,False,False,True,False,False,False,10.37,dry,saline playa,10,salt flat sparse,11,salt_pans,salt_pans|evaporite_host,0.3,poor,True
H+36+37,36,37,11.54,350.9,calm_interior,0.568,False,True,0.585,moderate,8,salt_pan,False,False,False,False,True,False,False,False,10.55,dry,saline playa,10,salt flat sparse,11,salt_pans,salt_pans|evaporite_host,0.3,poor,True
H+37+37,37,37,11.49,340.6,calm_interior,0.554,False,True,0.595,moderate,8,salt_pan,False,False,False,False,True,False,False,False,10.82,dry,saline playa,10,salt flat sparse,11,salt_pans,salt_pans|evaporite_host,0.3,poor,True
H+38+37,38,37,11.46,331.4,calm_interior,0.54,False,True,0.606,moderate,8,salt_pan,False,False,False,False,True,False,False,False,11.13,dry,saline playa,10,salt flat sparse,11,salt_pans,salt_pans|evaporite_host,0.3,poor,True
H+39+37,39,37,11.48,322.1,open_westerly,0.528,False,True,0.617,moderate,8,salt_pan,False,False,False,False,True,False,False,False,11.45,dry,saline playa,10,salt flat sparse,11,salt_pans,salt_pans|evaporite_host,0.3,poor,True
H+40+37,40,37,9.93,584.4,leeward,0.512,True,False,0.629,moderate,0,none,False,False,False,False,False,False,False,False,10.84,dry,loam,4,grassland/pasture,5,pasture,pasture|stone,2.0,good,False
H+41+37,41,37,13.72,608.9,open_westerly,0.536,False,False,0.44,moderate,0,none,False,False,False,False,False,False,False,False,8.69,dry,loam,4,grassland/pasture,5,pasture,pasture,2.0,good,False
H+42+37,42,37,14.61,614.6,open_westerly,0.533,False,False,0.451,moderate,0,none,False,False,False,False,False,False,False,False,8.24,dry,loam,4,grassland/pasture,5,pasture,pasture,2.0,good,False
H+43+37,43,37,14.82,624.0,open_westerly,0.527,False,False,0.463,moderate,0,none,False,False,False,False,False,False,False,False,8.15,dry,loam,4,grassland/pasture,5,pasture,pasture,2.0,good,False
H+44+37,44,37,14.84,635.3,open_westerly,0.522,False,False,0.474,moderate,0,none,False,False,False,False,False,False,True,False,8.19,dry,loam,4,floodplain farmable,9,,,3.0,rich,False
H+45+37,45,37,14.87,638.4,open_westerly,0.518,False,False,0.486,moderate,0,none,False,False,False,False,False,False,True,False,8.23,dry,loam,4,floodplain farmable,9,,,3.0,rich,False
H+46+37,46,37,14.93,631.5,open_westerly,0.514,False,False,0.497,moderate,0,none,False,False,False,False,False,False,True,False,8.2,dry,loam,4,floodplain farmable,9,,,3.0,rich,False
H+47+37,47,37,15.01,621.3,open_westerly,0.511,False,False,0.509,moderate,2,river,True,False,False,False,False,False,True,False,1.5,spring_line,loam,4,floodplain farmable,9,,,3.0,rich,False
H+48+37,48,37,15.11,609.6,open_westerly,0.509,False,False,0.52,moderate,2,river,True,False,False,False,False,False,True,False,1.5,spring_line,loam,4,floodplain farmable,9,fisheries,fisheries,3.0,rich,False
H+49+37,49,37,15.2,601.5,open_westerly,0.506,False,False,0.532,moderate,2,river,True,False,False,False,False,False,True,False,1.5,spring_line,loam,4,floodplain farmable,9,fisheries,fisheries,3.0,rich,False
H+50+37,50,37,15.28,604.2,open_westerly,0.504,False,False,0.544,moderate,2,river,True,False,False,False,False,False,True,False,1.5,spring_line,loam,4,floodplain farmable,9,fisheries,fisheries,3.0,rich,False
H+51+37,51,37,15.35,610.0,open_westerly,0.5,False,False,0.555,moderate,2,river,True,False,False,False,False,False,True,False,1.5,spring_line,loam,4,floodplain farmable,9,fisheries,fisheries,3.0,rich,False
H+52+37,52,37,15.4,614.7,open_westerly,0.497,False,False,0.566,moderate,2,river,True,False,False,False,False,False,True,False,1.5,spring_line,loam,4,floodplain farmable,9,,,3.0,rich,False
H+53+37,53,37,15.44,615.4,open_westerly,0.493,False,False,0.578,moderate,2,river,True,False,False,False,False,False,True,False,1.5,spring_line,loam,4,floodplain farmable,9,fisheries,fisheries,3.0,rich,False
H+54+37,54,37,15.48,615.5,open_westerly,0.488,False,False,0.589,moderate,2,river,True,False,False,False,False,False,True,False,1.5,spring_line,loam,4,floodplain farmable,9,fisheries,fisheries,3.0,rich,False
H+55+37,55,37,15.52,618.9,open_westerly,0.484,False,False,0.599,moderate,2,river,True,False,False,False,False,False,True,False,1.5,spring_line,loam,4,floodplain farmable,9,fisheries,fisheries,3.0,rich,False
H+56+37,56,37,15.93,621.5,open_westerly,0.479,False,False,0.61,moderate,3,major_river,True,True,False,False,False,False,True,False,1.5,spring_line,loam,4,coastal scrub,10,fisheries,fisheries,0.8,modest,False
H+57+37,57,37,15.95,615.7,open_westerly,0.474,False,False,0.62,moderate,2,river,True,False,False,False,False,False,True,False,1.5,spring_line,loam,4,coastal scrub,10,fisheries,fisheries,0.0,none,False
H+58+37,58,37,15.72,605.0,open_westerly,0.469,False,False,0.63,moderate,2,river,True,False,False,False,False,False,True,False,1.5,spring_line,loam,4,coastal scrub,10,,,0.0,none,False
H+59+37,59,37,15.48,604.9,open_westerly,0.463,False,False,0.64,moderate,2,river,True,False,False,False,False,False,True,False,1.5,spring_line,loam,4,floodplain farmable,9,,,3.0,rich,False
H+60+37,60,37,15.24,623.2,open_westerly,0.458,False,False,0.649,moderate,2,river,True,False,False,False,False,False,True,False,1.5,spring_line,loam,4,floodplain farmable,9,,,3.0,rich,False
H+61+37,61,37,14.97,649.9,open_westerly,0.454,False,False,0.657,strong,0,none,False,False,False,False,False,False,False,False,6.81,shallow_well,volcanic andisol,7,grassland/pasture,5,pasture,pasture,2.0,good,False
H+62+37,62,37,14.72,672.2,open_westerly,0.45,False,False,0.666,strong,0,none,False,False,False,False,False,False,False,False,6.64,shallow_well,volcanic andisol,7,grassland/pasture,5,pasture,pasture,2.0,good,False
H+63+37,63,37,14.53,678.0,open_westerly,0.444,False,False,0.674,strong,0,none,False,False,False,False,False,False,False,False,6.6,shallow_well,volcanic andisol,7,grassland/pasture,5,pasture,pasture|volcanic_host,2.0,good,False
H+64+37,64,37,14.44,662.0,open_westerly,0.437,False,False,0.682,strong,0,none,False,False,False,False,False,False,False,False,6.69,shallow_well,volcanic andisol,7,grassland/pasture,5,pasture,pasture,2.0,good,False
H+65+37,65,37,14.44,640.2,open_westerly,0.428,False,False,0.689,strong,0,none,False,False,False,False,False,False,True,False,2.5,shallow_well,loam,4,floodplain farmable,9,,,3.0,rich,False
H+66+37,66,37,14.47,619.7,open_westerly,0.416,False,False,0.697,strong,2,river,True,False,False,False,False,False,True,False,1.5,spring_line,loam,4,floodplain farmable,9,,,3.0,rich,False
H+67+37,67,37,14.52,601.0,open_westerly,0.404,False,False,0.704,strong,0,none,False,False,False,False,False,False,True,False,2.5,shallow_well,loam,4,floodplain farmable,9,,,3.0,rich,False
H+68+37,68,37,14.55,593.7,open_westerly,0.393,False,False,0.704,strong,0,none,False,False,False,False,False,False,False,False,6.76,shallow_well,volcanic andisol,7,grassland/pasture,5,pasture,pasture,2.0,good,False
H+69+37,69,37,14.65,599.7,open_westerly,0.381,False,False,0.703,strong,0,none,False,False,False,False,False,False,False,False,6.58,shallow_well,volcanic andisol,7,grassland/pasture,5,pasture,pasture,2.0,good,False
H+70+37,70,37,14.89,600.1,open_westerly,0.37,False,False,0.701,strong,0,none,False,False,False,False,False,False,False,False,6.41,shallow_well,volcanic andisol,7,grassland/pasture,5,pasture,pasture,2.0,good,False
H+71+37,71,37,15.19,592.3,open_westerly,0.361,False,False,0.699,strong,0,none,False,False,False,False,False,False,True,False,6.37,shallow_well,loam,4,floodplain farmable,9,,,3.0,rich,False
H+72+37,72,37,15.56,584.0,open_westerly,0.352,False,False,0.698,strong,0,none,False,False,False,False,False,False,False,False,6.43,shallow_well,volcanic andisol,7,coastal scrub,10,,,0.0,none,False
H+73+37,73,37,15.7,573.6,open_westerly,0.344,False,False,0.697,strong,2,river,True,False,False,False,False,False,True,False,1.5,spring_line,loam,4,coastal scrub,10,,clay,0.0,none,False
H+74+37,74,37,15.68,562.5,open_westerly,0.338,False,False,0.695,strong,0,none,False,False,False,False,False,False,False,False,7.06,shallow_well,sandy coastal,6,coastal scrub,10,,clay,0.0,none,False
H+75+37,75,37,15.73,552.1,open_westerly,0.328,False,False,0.694,strong,2,river,True,False,False,False,False,False,True,False,1.5,spring_line,loam,4,coastal scrub,10,,clay,0.0,none,False
H+76+37,76,37,15.1,547.3,open_westerly,0.318,False,False,0.693,strong,0,none,False,False,False,False,False,False,False,False,8.07,dry,sandy coastal,6,grassland/pasture,5,pasture,pasture|clay,2.0,good,False
H+77+37,77,37,15.45,542.0,open_westerly,0.309,False,False,0.692,strong,0,none,False,False,False,False,False,False,False,False,8.19,dry,sandy coastal,6,coastal scrub,10,,clay,0.0,none,False
H+78+37,78,37,15.44,536.0,open_westerly,0.303,False,False,0.691,strong,0,none,False,False,False,False,False,False,False,False,8.49,dry,sandy coastal,6,coastal scrub,10,,clay,0.0,none,False
H+79+37,79,37,15.37,537.3,open_westerly,0.297,False,False,0.689,strong,0,none,False,False,False,False,False,False,False,False,8.7,dry,sandy coastal,6,coastal scrub,10,,clay,0.0,none,False
H+00+38,0,38,16.77,864.3,open_westerly,0.8,False,False,0.58,moderate,2,river,True,False,False,False,False,False,True,False,1.5,spring_line,loam,4,coastal scrub,10,,clay,0.0,none,False
H+01+38,1,38,16.76,858.4,open_westerly,0.794,False,False,0.571,moderate,0,none,False,False,False,False,False,False,True,False,2.5,shallow_well,loam,4,coastal scrub,10,,clay,0.0,none,False
H+02+38,2,38,16.71,848.2,open_westerly,0.789,False,False,0.562,moderate,0,none,False,False,False,False,False,False,True,False,7.22,shallow_well,loam,4,coastal scrub,10,,clay,0.0,none,False
H+03+38,3,38,16.55,837.5,open_westerly,0.783,False,False,0.552,moderate,0,none,False,False,False,False,False,False,False,False,7.34,shallow_well,sandy coastal,6,coastal scrub,10,,,0.0,none,False
H+04+38,4,38,16.53,824.0,open_westerly,0.777,False,False,0.542,moderate,0,none,False,False,False,False,False,False,False,False,7.28,shallow_well,sandy coastal,6,coastal scrub,10,,,0.0,none,False
H+05+38,5,38,16.54,812.4,open_westerly,0.772,False,False,0.532,moderate,2,river,True,False,False,False,False,False,True,False,1.5,spring_line,loam,4,coastal scrub,10,,,0.0,none,False
H+06+38,6,38,16.47,796.9,open_westerly,0.766,False,False,0.521,moderate,2,river,True,False,False,False,False,False,True,False,1.5,spring_line,loam,4,coastal scrub,10,,,0.0,none,False
H+07+38,7,38,16.39,780.2,open_westerly,0.76,False,False,0.51,moderate,2,river,True,False,False,False,False,False,True,False,1.5,spring_line,loam,4,coastal scrub,10,,,0.0,none,False
H+08+38,8,38,16.36,768.7,open_westerly,0.754,False,False,0.5,moderate,0,none,False,False,False,False,False,False,True,False,7.09,shallow_well,loam,4,coastal scrub,10,,,0.0,none,False
H+09+38,9,38,16.32,755.0,open_westerly,0.749,False,False,0.489,moderate,0,none,False,False,False,False,False,False,False,False,7.12,shallow_well,loam,4,coastal scrub,10,,,0.0,none,False
H+10+38,10,38,16.24,737.4,open_westerly,0.743,False,False,0.478,moderate,0,none,False,False,False,False,False,False,False,False,7.22,shallow_well,loam,4,coastal scrub,10,,,0.0,none,False
H+11+38,11,38,16.14,718.2,open_westerly,0.737,False,False,0.466,moderate,0,none,False,False,False,False,False,False,False,False,7.3,shallow_well,loam,4,floodplain farmable,9,,,3.0,rich,False
H+12+38,12,38,16.08,694.9,open_westerly,0.732,False,False,0.455,moderate,3,major_river,True,True,False,False,False,False,True,False,1.5,spring_line,loam,4,coastal scrub,10,fisheries,fisheries,0.8,modest,False
H+13+38,13,38,15.52,675.1,open_westerly,0.726,False,False,0.444,moderate,0,none,False,False,False,False,False,False,True,False,7.1,shallow_well,loam,4,floodplain farmable,9,,,3.0,rich,False
H+14+38,14,38,14.77,684.9,open_westerly,0.725,False,False,0.434,moderate,0,none,False,False,False,False,False,False,False,False,7.2,shallow_well,volcanic andisol,7,grassland/pasture,5,pasture,pasture,2.0,good,False
H+15+38,15,38,13.87,728.7,open_westerly,0.727,False,False,0.423,moderate,0,none,False,False,False,False,False,False,False,False,7.53,shallow_well,volcanic andisol,7,temperate forest,4,timber,timber,1.5,good,False
H+16+38,16,38,12.98,795.5,open_westerly,0.733,False,False,0.412,moderate,0,none,False,False,False,False,False,False,False,False,7.91,shallow_well,volcanic andisol,7,temperate forest,4,timber,timber,1.5,good,False
H+17+38,17,38,12.1,873.5,open_westerly,0.742,False,False,0.402,moderate,0,none,False,False,False,False,False,False,False,False,8.18,dry,volcanic andisol,7,temperate forest,4,timber,timber,1.5,good,False
H+18+38,18,38,12.02,478.1,calm_interior,0.736,False,True,0.592,moderate,8,salt_pan,False,False,False,False,True,False,False,False,10.91,dry,saline playa,10,salt flat sparse,11,salt_pans,salt_pans|evaporite_host,0.3,poor,True
H+19+38,19,38,11.96,493.8,calm_interior,0.738,False,True,0.582,moderate,8,salt_pan,False,False,False,False,True,False,False,False,10.65,dry,saline playa,10,salt flat sparse,11,salt_pans,salt_pans|evaporite_host,0.3,poor,True
H+20+38,20,38,11.93,509.3,calm_interior,0.74,False,True,0.573,moderate,8,salt_pan,False,False,False,False,True,False,False,False,10.31,dry,saline playa,10,salt flat sparse,11,salt_pans,salt_pans|evaporite_host,0.3,poor,True
H+21+38,21,38,11.91,532.3,open_westerly,0.743,False,True,0.563,moderate,8,salt_pan,False,False,False,False,True,False,False,False,10.05,dry,saline playa,10,salt flat sparse,11,salt_pans,salt_pans|evaporite_host,0.3,poor,True
H+22+38,22,38,11.9,548.9,open_westerly,0.741,False,True,0.554,moderate,8,salt_pan,False,False,False,False,True,False,False,False,10.11,dry,saline playa,10,salt flat sparse,11,salt_pans,salt_pans|evaporite_host,0.3,poor,True
H+23+38,23,38,11.9,558.6,open_westerly,0.738,False,False,0.345,weak,8,salt_pan,False,False,False,False,True,False,False,False,10.35,dry,saline playa,10,salt flat sparse,11,salt_pans,salt_pans|evaporite_host,0.3,poor,True
H+24+38,24,38,11.88,557.9,open_westerly,0.734,False,False,0.336,weak,8,salt_pan,False,False,False,False,True,False,False,False,10.58,dry,saline playa,10,salt flat sparse,11,salt_pans,salt_pans|evaporite_host,0.3,poor,True
H+25+38,25,38,11.87,555.5,open_westerly,0.727,False,False,0.327,weak,8,salt_pan,False,False,False,False,True,False,False,False,10.52,dry,saline playa,10,salt flat sparse,11,salt_pans,salt_pans|evaporite_host,0.3,poor,True
H+26+38,26,38,10.99,1170.0,open_westerly,0.75,False,False,0.318,weak,0,none,False,False,False,False,False,False,False,False,6.54,shallow_well,loam,4,temperate forest,4,timber,timber,1.5,good,False
H+27+38,27,38,11.88,989.9,open_westerly,0.702,False,False,0.309,weak,0,none,False,False,False,False,False,False,True,False,6.79,shallow_well,loam,4,floodplain farmable,9,,,3.0,rich,False
H+28+38,28,38,10.68,1200.3,open_westerly,0.737,False,False,0.306,weak,0,none,False,False,False,False,False,False,False,False,5.88,shallow_well,rocky/lithosol,1,temperate forest,4,timber,timber,1.5,good,False
H+29+38,29,38,11.15,531.1,calm_interior,0.674,False,True,0.515,moderate,8,salt_pan,False,False,False,False,True,False,False,False,9.75,dry,saline playa,10,salt flat sparse,11,salt_pans,salt_pans|evaporite_host,0.3,poor,True
H+30+38,30,38,11.92,497.0,calm_interior,0.668,False,True,0.524,moderate,8,salt_pan,False,False,False,False,True,False,False,False,10.17,dry,saline playa,10,salt flat sparse,11,salt_pans,salt_pans|evaporite_host,0.3,poor,True
H+31+38,31,38,11.94,453.3,calm_interior,0.651,False,True,0.533,moderate,8,salt_pan,False,False,False,False,True,False,False,False,10.56,dry,saline playa,10,salt flat sparse,11,salt_pans,salt_pans|evaporite_host,0.3,poor,True
H+32+38,32,38,11.97,421.1,calm_interior,0.633,False,True,0.543,moderate,8,salt_pan,False,False,False,False,True,False,False,False,10.64,dry,saline playa,10,salt flat sparse,11,salt_pans,salt_pans|evaporite_host,0.3,poor,True
H+33+38,33,38,12.0,390.2,calm_interior,0.615,False,True,0.552,moderate,8,salt_pan,False,False,False,False,True,False,False,False,10.54,dry,saline playa,10,salt flat sparse,11,salt_pans,salt_pans|evaporite_host,0.3,poor,True
H+34+38,34,38,11.99,378.9,calm_interior,0.6,False,True,0.563,moderate,8,salt_pan,False,False,False,False,True,False,False,False,10.31,dry,saline playa,10,salt flat sparse,11,salt_pans,salt_pans|evaporite_host,0.3,poor,True
H+35+38,35,38,11.94,371.3,calm_interior,0.584,False,True,0.573,moderate,8,salt_pan,False,False,False,False,True,False,False,False,10.23,dry,saline playa,10,salt flat sparse,11,salt_pans,salt_pans|evaporite_host,0.3,poor,True
H+36+38,36,38,11.86,361.4,calm_interior,0.569,False,True,0.584,moderate,8,salt_pan,False,False,False,False,True,False,False,False,10.29,dry,saline playa,10,salt flat sparse,11,salt_pans,salt_pans|evaporite_host,0.3,poor,True
H+37+38,37,38,11.8,350.4,calm_interior,0.554,False,True,0.595,moderate,8,salt_pan,False,False,False,False,True,False,False,False,10.38,dry,saline playa,10,salt flat sparse,11,salt_pans,salt_pans|evaporite_host,0.3,poor,True
H+38+38,38,38,11.01,349.2,calm_interior,0.541,False,True,0.606,moderate,8,salt_pan,False,False,False,False,True,False,False,False,10.45,dry,saline playa,10,salt flat sparse,11,salt_pans,salt_pans|evaporite_host,0.3,poor,True
H+39+38,39,38,10.18,623.6,leeward,0.526,True,False,0.617,moderate,0,none,False,False,False,False,False,False,False,False,9.69,dry,loam,4,grassland/pasture,5,pasture,pasture,2.0,good,False
H+40+38,40,38,12.83,598.7,open_westerly,0.526,False,False,0.429,moderate,0,none,False,False,False,False,False,False,False,False,8.54,dry,loam,4,grassland/pasture,5,pasture,pasture|stone,2.0,good,False
H+41+38,41,38,13.99,634.3,open_westerly,0.541,False,False,0.44,moderate,0,none,False,False,False,False,False,False,False,False,7.83,shallow_well,loam,4,grassland/pasture,5,pasture,pasture,2.0,good,False
H+42+38,42,38,14.87,615.1,open_westerly,0.533,False,False,0.452,moderate,0,none,False,False,False,False,False,False,False,False,7.55,shallow_well,loam,4,grassland/pasture,5,pasture,pasture,2.0,good,False
H+43+38,43,38,15.13,617.1,open_westerly,0.527,False,False,0.463,moderate,0,none,False,False,False,False,False,False,False,False,7.49,shallow_well,loam,4,grassland/pasture,5,pasture,pasture,2.0,good,False
H+44+38,44,38,15.15,628.1,open_westerly,0.522,False,False,0.475,moderate,0,none,False,False,False,False,False,False,False,False,7.57,shallow_well,loam,4,grassland/pasture,5,pasture,pasture,2.0,good,False
H+45+38,45,38,15.17,632.2,open_westerly,0.518,False,False,0.486,moderate,0,none,False,False,False,False,False,False,False,False,7.65,shallow_well,loam,4,grassland/pasture,5,pasture,pasture,2.0,good,False
H+46+38,46,38,15.23,627.2,open_westerly,0.514,False,False,0.497,moderate,0,none,False,False,False,False,False,False,False,False,7.64,shallow_well,loam,4,grassland/pasture,5,pasture,pasture,2.0,good,False
H+47+38,47,38,15.3,619.6,open_westerly,0.511,False,False,0.508,moderate,0,none,False,False,False,False,False,False,True,False,7.53,shallow_well,loam,4,floodplain farmable,9,,,3.0,rich,False
H+48+38,48,38,15.38,611.4,open_westerly,0.509,False,False,0.52,moderate,0,none,False,False,False,False,False,False,True,False,7.41,shallow_well,loam,4,floodplain farmable,9,,,3.0,rich,False
H+49+38,49,38,15.46,608.8,open_westerly,0.506,False,False,0.531,moderate,0,none,False,False,False,False,False,False,True,False,7.35,shallow_well,loam,4,floodplain farmable,9,,,3.0,rich,False
H+50+38,50,38,15.53,609.7,open_westerly,0.504,False,False,0.542,moderate,0,none,False,False,False,False,False,False,True,False,7.42,shallow_well,loam,4,floodplain farmable,9,,,3.0,rich,False
H+51+38,51,38,15.59,608.9,open_westerly,0.5,False,False,0.553,moderate,0,none,False,False,False,False,False,False,True,False,7.59,shallow_well,loam,4,floodplain farmable,9,,greenstone_metals,3.0,rich,False
H+52+38,52,38,15.64,614.9,open_westerly,0.497,False,False,0.564,moderate,2,river,True,False,False,False,False,False,True,False,1.5,spring_line,loam,4,floodplain farmable,9,,,3.0,rich,False
H+53+38,53,38,15.68,625.0,open_westerly,0.493,False,False,0.575,moderate,2,river,True,False,False,False,False,False,True,False,1.5,spring_line,loam,4,floodplain farmable,9,fisheries,fisheries,3.0,rich,False
H+54+38,54,38,15.72,630.8,open_westerly,0.488,False,False,0.585,moderate,2,river,True,False,False,False,False,False,True,False,1.5,spring_line,loam,4,floodplain farmable,9,fisheries,fisheries,3.0,rich,False
H+55+38,55,38,16.03,625.3,open_westerly,0.484,False,False,0.596,moderate,3,major_river,True,True,False,False,False,False,True,False,1.5,spring_line,loam,4,coastal scrub,10,fisheries,fisheries,0.8,modest,False
H+56+38,56,38,15.89,614.6,open_westerly,0.479,False,False,0.606,moderate,2,river,True,False,False,False,False,False,True,False,1.5,spring_line,loam,4,floodplain farmable,9,,,3.0,rich,False
H+57+38,57,38,15.5,610.5,open_westerly,0.474,False,False,0.616,moderate,2,river,True,False,False,False,False,False,True,False,1.5,spring_line,loam,4,floodplain farmable,9,,,3.0,rich,False
H+58+38,58,38,15.16,640.0,open_westerly,0.475,False,False,0.626,moderate,0,none,False,False,False,False,False,False,True,False,7.42,shallow_well,loam,4,floodplain farmable,9,,,3.0,rich,False
H+59+38,59,38,14.85,663.3,open_westerly,0.474,False,False,0.635,moderate,0,none,False,False,False,False,False,False,True,False,7.23,shallow_well,loam,4,floodplain farmable,9,,,3.0,rich,False
H+60+38,60,38,14.56,685.7,open_westerly,0.471,False,False,0.644,moderate,0,none,False,False,False,False,False,False,True,False,7.12,shallow_well,loam,4,floodplain farmable,9,,,3.0,rich,False
H+61+38,61,38,14.31,699.3,open_westerly,0.466,False,False,0.653,strong,0,none,False,False,False,False,False,False,False,False,7.08,shallow_well,volcanic andisol,7,grassland/pasture,5,pasture,pasture,2.0,good,False
H+62+38,62,38,14.13,686.2,open_westerly,0.458,False,False,0.661,strong,0,none,False,False,False,False,False,False,False,False,7.16,shallow_well,volcanic andisol,7,grassland/pasture,5,pasture,pasture,2.0,good,False
H+63+38,63,38,14.08,662.1,open_westerly,0.448,False,False,0.669,strong,0,none,False,False,False,False,False,False,False,False,7.24,shallow_well,volcanic andisol,7,grassland/pasture,5,pasture,pasture,2.0,good,False
H+64+38,64,38,14.05,646.8,open_westerly,0.438,False,False,0.677,strong,0,none,False,False,False,False,False,False,False,False,7.2,shallow_well,volcanic andisol,7,grassland/pasture,5,pasture,pasture,2.0,good,False
H+65+38,65,38,14.04,632.9,open_westerly,0.428,False,False,0.684,strong,2,river,True,False,False,False,False,False,True,False,1.5,spring_line,loam,4,floodplain farmable,9,,,3.0,rich,False
H+66+38,66,38,14.02,611.2,open_westerly,0.416,False,False,0.692,strong,0,none,False,False,False,False,False,False,True,False,7.02,shallow_well,loam,4,floodplain farmable,9,,,3.0,rich,False
H+67+38,67,38,14.0,585.2,open_westerly,0.404,False,False,0.699,strong,0,none,False,False,False,False,False,False,False,False,7.06,shallow_well,volcanic andisol,7,grassland/pasture,5,pasture,pasture,2.0,good,False
H+68+38,68,38,13.99,576.8,open_westerly,0.391,False,False,0.699,strong,0,none,False,False,False,False,False,False,False,False,7.08,shallow_well,volcanic andisol,7,grassland/pasture,5,pasture,pasture,2.0,good,False
H+69+38,69,38,14.05,581.7,open_westerly,0.379,False,False,0.697,strong,0,none,False,False,False,False,False,False,False,False,7.0,shallow_well,volcanic andisol,7,grassland/pasture,5,pasture,pasture,2.0,good,False
H+70+38,70,38,14.25,579.7,open_westerly,0.367,False,False,0.695,strong,0,none,False,False,False,False,False,False,False,False,6.91,shallow_well,volcanic andisol,7,grassland/pasture,5,pasture,pasture,2.0,good,False
H+71+38,71,38,14.66,572.8,open_westerly,0.356,False,False,0.694,strong,0,none,False,False,False,False,False,False,False,False,6.86,shallow_well,volcanic andisol,7,grassland/pasture,5,pasture,pasture,2.0,good,False
H+72+38,72,38,15.14,565.8,open_westerly,0.346,False,False,0.692,strong,0,none,False,False,False,False,False,False,False,False,6.98,shallow_well,volcanic andisol,7,grassland/pasture,5,pasture,pasture,2.0,good,False
H+73+38,73,38,15.56,558.2,open_westerly,0.338,False,False,0.691,strong,0,none,False,False,False,False,False,False,True,False,7.21,shallow_well,loam,4,floodplain farmable,9,,,3.0,rich,False
H+74+38,74,38,15.92,553.9,open_westerly,0.33,False,False,0.69,strong,0,none,False,False,False,False,False,False,True,False,7.4,shallow_well,loam,4,coastal scrub,10,,,0.0,none,False
H+75+38,75,38,14.96,555.1,open_westerly,0.325,False,False,0.689,strong,0,none,False,False,False,False,False,False,False,False,8.28,dry,sandy coastal,6,grassland/pasture,5,pasture,pasture|clay,2.0,good,False
H+76+38,76,38,15.36,548.4,open_westerly,0.318,False,False,0.688,strong,0,none,False,False,False,False,False,False,False,False,8.43,dry,sandy coastal,6,grassland/pasture,5,pasture,pasture|clay,2.0,good,False
H+77+38,77,38,15.71,541.4,open_westerly,0.309,False,False,0.687,strong,0,none,False,False,False,False,False,False,False,False,8.58,dry,sandy coastal,6,coastal scrub,10,,clay,0.0,none,False
H+78+38,78,38,15.68,538.1,open_westerly,0.303,False,False,0.686,strong,0,none,False,False,False,False,False,False,True,False,8.8,dry,loam,4,coastal scrub,10,,clay,0.0,none,False
H+79+38,79,38,15.58,538.9,open_westerly,0.297,False,False,0.684,strong,0,none,False,False,False,False,False,False,False,False,8.88,dry,sandy coastal,6,coastal scrub,10,,clay,0.0,none,False
H+00+39,0,39,17.01,850.8,open_westerly,0.8,False,False,0.577,moderate,0,none,False,False,False,False,False,False,False,False,7.16,shallow_well,sandy coastal,6,coastal scrub,10,,clay,0.0,none,False
H+01+39,1,39,16.86,845.6,open_westerly,0.794,False,False,0.568,moderate,0,none,False,False,False,False,False,False,False,False,2.5,shallow_well,sandy coastal,6,coastal scrub,10,,clay,0.0,none,False
H+02+39,2,39,16.83,836.0,open_westerly,0.789,False,False,0.558,moderate,0,none,False,False,False,False,False,False,False,False,2.5,shallow_well,sandy coastal,6,coastal scrub,10,,clay,0.0,none,False
H+03+39,3,39,16.82,826.7,open_westerly,0.783,False,False,0.549,moderate,0,none,False,False,False,False,False,False,False,False,7.42,shallow_well,sandy coastal,6,coastal scrub,10,,,0.0,none,False
H+04+39,4,39,16.83,817.3,open_westerly,0.777,False,False,0.539,moderate,0,none,False,False,False,False,False,False,False,False,7.29,shallow_well,sandy coastal,6,coastal scrub,10,,,0.0,none,False
H+05+39,5,39,16.78,807.8,open_westerly,0.772,False,False,0.528,moderate,0,none,False,False,False,False,False,False,False,False,7.17,shallow_well,sandy coastal,6,coastal scrub,10,,,0.0,none,False
H+06+39,6,39,16.67,797.8,open_westerly,0.766,False,False,0.518,moderate,0,none,False,False,False,False,False,False,False,False,7.09,shallow_well,sandy coastal,6,coastal scrub,10,,,0.0,none,False
H+07+39,7,39,16.62,788.6,open_westerly,0.76,False,False,0.508,moderate,0,none,False,False,False,False,False,False,False,False,6.99,shallow_well,sandy coastal,6,coastal scrub,10,,,0.0,none,False
H+08+39,8,39,16.61,782.8,open_westerly,0.754,False,False,0.497,moderate,0,none,False,False,False,False,False,False,True,False,6.91,shallow_well,loam,4,coastal scrub,10,,,0.0,none,False
H+09+39,9,39,16.6,771.8,open_westerly,0.749,False,False,0.486,moderate,0,none,False,False,False,False,False,False,True,False,6.96,shallow_well,loam,4,coastal scrub,10,,,0.0,none,False
H+10+39,10,39,16.51,754.1,open_westerly,0.743,False,False,0.475,moderate,0,none,False,False,False,False,False,False,False,False,7.15,shallow_well,loam,4,coastal scrub,10,,,0.0,none,False
H+11+39,11,39,16.42,732.1,open_westerly,0.737,False,False,0.464,moderate,3,major_river,True,True,False,False,False,False,True,False,1.5,spring_line,loam,4,coastal scrub,10,fisheries,fisheries,0.8,modest,False
H+12+39,12,39,15.82,702.2,open_westerly,0.732,False,False,0.454,moderate,0,none,False,False,False,False,False,False,True,False,7.56,shallow_well,loam,4,floodplain farmable,9,,,3.0,rich,False
H+13+39,13,39,15.08,691.9,open_westerly,0.73,False,False,0.443,moderate,0,none,False,False,False,False,False,False,False,False,7.65,shallow_well,volcanic andisol,7,grassland/pasture,5,pasture,pasture,2.0,good,False
H+14+39,14,39,14.2,711.1,open_westerly,0.731,False,False,0.432,moderate,0,none,False,False,False,False,False,False,False,False,7.79,shallow_well,volcanic andisol,7,temperate forest,4,timber,timber,1.5,good,False
H+15+39,15,39,13.3,756.6,open_westerly,0.735,False,False,0.422,moderate,0,none,False,False,False,False,False,False,False,False,8.09,dry,volcanic andisol,7,temperate forest,4,timber,timber,1.5,good,False
H+16+39,16,39,12.41,827.7,open_westerly,0.742,False,False,0.411,moderate,0,none,False,False,False,False,False,False,False,False,8.39,dry,volcanic andisol,7,temperate forest,4,timber,timber,1.5,good,False
H+17+39,17,39,12.3,454.3,calm_interior,0.735,False,True,0.601,moderate,8,salt_pan,False,False,False,False,True,False,False,False,11.15,dry,saline playa,10,salt flat sparse,11,salt_pans,salt_pans|evaporite_host,0.3,poor,True
H+18+39,18,39,12.23,471.9,calm_interior,0.736,False,True,0.591,moderate,8,salt_pan,False,False,False,False,True,False,False,False,11.04,dry,saline playa,10,salt flat sparse,11,salt_pans,salt_pans|evaporite_host,0.3,poor,True
H+19+39,19,39,12.18,487.8,calm_interior,0.738,False,True,0.581,moderate,8,salt_pan,False,False,False,False,True,False,False,False,10.69,dry,saline playa,10,salt flat sparse,11,salt_pans,salt_pans|evaporite_host,0.3,poor,True
H+20+39,20,39,12.15,503.5,calm_interior,0.74,False,True,0.572,moderate,8,salt_pan,False,False,False,False,True,False,False,False,10.29,dry,saline playa,10,salt flat sparse,11,salt_pans,salt_pans|evaporite_host,0.3,poor,True
H+21+39,21,39,12.13,524.9,open_westerly,0.743,False,True,0.562,moderate,8,salt_pan,False,False,False,False,True,False,False,False,9.99,dry,saline playa,10,salt flat sparse,11,salt_pans,salt_pans|evaporite_host,0.3,poor,True
H+22+39,22,39,12.13,540.4,open_westerly,0.741,False,True,0.553,moderate,8,salt_pan,False,False,False,False,True,False,False,False,10.0,dry,saline playa,10,salt flat sparse,11,salt_pans,salt_pans|evaporite_host,0.3,poor,True
H+23+39,23,39,12.12,551.3,open_westerly,0.738,False,False,0.343,weak,8,salt_pan,False,False,False,False,True,False,False,False,10.19,dry,saline playa,10,salt flat sparse,11,salt_pans,salt_pans|evaporite_host,0.3,poor,True
H+24+39,24,39,12.12,555.0,open_westerly,0.734,False,False,0.334,weak,8,salt_pan,False,False,False,False,True,False,False,False,10.33,dry,saline playa,10,salt flat sparse,11,salt_pans,salt_pans|evaporite_host,0.3,poor,True
H+25+39,25,39,11.25,1170.9,windward,0.759,False,False,0.325,weak,0,none,False,False,False,False,False,False,False,False,6.59,shallow_well,loam,4,temperate forest,4,timber,timber|stone,1.5,good,False
H+26+39,26,39,12.14,1004.5,open_westerly,0.712,False,False,0.316,weak,0,none,False,False,False,False,False,False,False,False,6.75,shallow_well,loam,4,temperate forest,4,timber,timber,1.5,good,False
H+27+39,27,39,12.28,1006.4,open_westerly,0.705,False,False,0.307,weak,2,river,True,False,False,False,False,False,True,False,1.5,spring_line,loam,4,floodplain farmable,9,,limestone_karst,3.0,rich,False
H+28+39,28,39,10.98,1215.2,open_westerly,0.738,False,False,0.305,weak,0,none,False,False,False,False,False,False,False,False,5.34,shallow_well,loam,4,temperate forest,4,,,1.5,good,False
H+29+39,29,39,11.45,530.8,calm_interior,0.674,False,True,0.514,moderate,8,salt_pan,False,False,False,False,True,False,False,False,9.35,dry,saline playa,10,salt flat sparse,11,salt_pans,salt_pans|evaporite_host,0.3,poor,True
H+30+39,30,39,12.22,494.6,calm_interior,0.668,False,True,0.522,moderate,8,salt_pan,False,False,False,False,True,False,False,False,9.84,dry,saline playa,10,salt flat sparse,11,salt_pans,salt_pans|evaporite_host,0.3,poor,True
H+31+39,31,39,12.26,451.2,calm_interior,0.651,False,True,0.532,moderate,8,salt_pan,False,False,False,False,True,False,False,False,10.3,dry,saline playa,10,salt flat sparse,11,salt_pans,salt_pans|evaporite_host,0.3,poor,True
H+32+39,32,39,12.29,419.2,calm_interior,0.633,False,True,0.541,moderate,8,salt_pan,False,False,False,False,True,False,False,False,10.44,dry,saline playa,10,salt flat sparse,11,salt_pans,salt_pans|evaporite_host,0.3,poor,True
H+33+39,33,39,12.32,391.1,calm_interior,0.615,False,True,0.551,moderate,8,salt_pan,False,False,False,False,True,False,False,False,10.39,dry,saline playa,10,salt flat sparse,11,salt_pans,salt_pans|evaporite_host,0.3,poor,True
H+34+39,34,39,12.31,384.0,calm_interior,0.6,False,True,0.562,moderate,8,salt_pan,False,False,False,False,True,False,False,False,10.18,dry,saline playa,10,salt flat sparse,11,salt_pans,salt_pans|evaporite_host,0.3,poor,True
H+35+39,35,39,12.26,381.0,calm_interior,0.585,False,True,0.572,moderate,8,salt_pan,False,False,False,False,True,False,False,False,10.08,dry,saline playa,10,salt flat sparse,11,salt_pans,salt_pans|evaporite_host,0.3,poor,True
H+36+39,36,39,12.19,373.5,calm_interior,0.57,False,True,0.583,moderate,8,salt_pan,False,False,False,False,True,False,False,False,10.09,dry,saline playa,10,salt flat sparse,11,salt_pans,salt_pans|evaporite_host,0.3,poor,True
H+37+39,37,39,12.12,362.1,calm_interior,0.555,False,True,0.595,moderate,8,salt_pan,False,False,False,False,True,False,False,False,10.1,dry,saline playa,10,salt flat sparse,11,salt_pans,salt_pans|evaporite_host,0.3,poor,True
H+38+39,38,39,11.34,359.6,calm_interior,0.542,False,True,0.606,moderate,8,salt_pan,False,False,False,False,True,False,False,False,10.09,dry,saline playa,10,salt flat sparse,11,salt_pans,salt_pans|evaporite_host,0.3,poor,True
H+39+39,39,39,10.49,641.3,leeward,0.528,True,False,0.618,moderate,0,none,False,False,False,False,False,False,False,False,9.18,dry,rocky/lithosol,1,grassland/pasture,5,pasture,pasture,2.0,good,False
H+40+39,40,39,13.16,607.5,open_westerly,0.528,False,False,0.429,moderate,0,none,False,False,False,False,False,False,False,False,8.0,shallow_well,rocky/lithosol,1,grassland/pasture,5,pasture,pasture|stone,2.0,good,False
H+41+39,41,39,14.3,640.4,open_westerly,0.542,False,False,0.441,moderate,0,none,False,False,False,False,False,False,False,False,7.26,shallow_well,loam,4,grassland/pasture,5,pasture,pasture,2.0,good,False
H+42+39,42,39,15.2,616.8,open_westerly,0.533,False,False,0.452,moderate,0,none,False,False,False,False,False,False,False,False,6.98,shallow_well,loam,4,grassland/pasture,5,pasture,pasture,2.0,good,False
H+43+39,43,39,15.43,614.7,open_westerly,0.527,False,False,0.464,moderate,0,none,False,False,False,False,False,False,False,False,6.98,shallow_well,loam,4,grassland/pasture,5,pasture,pasture,2.0,good,False
H+44+39,44,39,15.45,620.4,open_westerly,0.522,False,False,0.475,moderate,0,none,False,False,False,False,False,False,False,False,7.1,shallow_well,loam,4,grassland/pasture,5,pasture,pasture,2.0,good,False
H+45+39,45,39,15.47,621.9,open_westerly,0.518,False,False,0.486,moderate,0,none,False,False,False,False,False,False,False,False,7.23,shallow_well,loam,4,grassland/pasture,5,pasture,pasture,2.0,good,False
H+46+39,46,39,15.52,617.1,open_westerly,0.514,False,False,0.497,moderate,0,none,False,False,False,False,False,False,False,False,7.26,shallow_well,loam,4,grassland/pasture,5,pasture,pasture,2.0,good,False
H+47+39,47,39,15.58,609.9,open_westerly,0.511,False,False,0.508,moderate,0,none,False,False,False,False,False,False,False,False,7.18,shallow_well,loam,4,grassland/pasture,5,pasture,pasture,2.0,good,False
H+48+39,48,39,15.65,601.7,open_westerly,0.509,False,False,0.519,moderate,0,none,False,False,False,False,False,False,True,False,7.09,shallow_well,loam,4,floodplain farmable,9,,,3.0,rich,False
H+49+39,49,39,15.71,597.2,open_westerly,0.506,False,False,0.529,moderate,2,river,True,False,False,False,False,False,True,False,1.5,spring_line,loam,4,floodplain farmable,9,fisheries,fisheries|greenstone_metals,3.0,rich,False
H+50+39,50,39,15.77,596.7,open_westerly,0.504,False,False,0.54,moderate,2,river,True,False,False,False,False,False,True,False,1.5,spring_line,loam,4,floodplain farmable,9,fisheries,fisheries|greenstone_metals,3.0,rich,False
H+51+39,51,39,15.81,602.2,open_westerly,0.5,False,False,0.551,moderate,2,river,True,False,False,False,False,False,True,False,1.5,spring_line,loam,4,floodplain farmable,9,fisheries,fisheries,3.0,rich,False
H+52+39,52,39,15.85,614.5,open_westerly,0.497,False,False,0.561,moderate,2,river,True,False,False,False,False,False,True,False,1.5,spring_line,loam,4,floodplain farmable,9,,greenstone_metals,3.0,rich,False
H+53+39,53,39,15.88,624.2,open_westerly,0.493,False,False,0.572,moderate,2,river,True,False,False,False,False,False,True,False,1.5,spring_line,loam,4,floodplain farmable,9,,,3.0,rich,False
H+54+39,54,39,16.19,628.3,open_westerly,0.488,False,False,0.582,moderate,3,major_river,True,True,False,False,False,False,True,False,1.5,spring_line,loam,4,coastal scrub,10,fisheries,fisheries,0.8,modest,False
H+55+39,55,39,15.77,625.7,open_westerly,0.484,False,False,0.592,moderate,2,river,True,False,False,False,False,False,True,False,1.5,spring_line,loam,4,floodplain farmable,9,,,3.0,rich,False
H+56+39,56,39,15.33,658.4,open_westerly,0.488,False,False,0.602,moderate,2,river,True,False,False,False,False,False,True,False,1.5,spring_line,loam,4,floodplain farmable,9,,,3.0,rich,False
H+57+39,57,39,14.88,694.5,open_westerly,0.494,False,False,0.612,moderate,2,river,True,False,False,False,False,False,True,False,1.5,spring_line,loam,4,floodplain farmable,9,,,3.0,rich,False
H+58+39,58,39,14.5,712.2,open_westerly,0.495,False,False,0.621,moderate,0,none,False,False,False,False,False,False,True,False,7.3,shallow_well,loam,4,floodplain farmable,9,,,3.0,rich,False
H+59+39,59,39,14.12,729.0,open_westerly,0.493,False,False,0.631,moderate,0,none,False,False,False,False,False,False,False,False,7.28,shallow_well,volcanic andisol,7,temperate forest,4,timber,timber,1.5,good,False
H+60+39,60,39,13.8,741.3,open_westerly,0.488,False,False,0.64,moderate,0,none,False,False,False,False,False,False,False,False,7.35,shallow_well,volcanic andisol,7,temperate forest,4,timber,timber,1.5,good,False
H+61+39,61,39,13.56,735.0,open_westerly,0.479,False,False,0.648,moderate,0,none,False,False,False,False,False,False,False,False,7.52,shallow_well,volcanic andisol,7,temperate forest,4,,,1.5,good,False
H+62+39,62,39,13.55,691.7,open_westerly,0.464,False,False,0.656,strong,0,none,False,False,False,False,False,False,False,False,7.76,shallow_well,volcanic andisol,7,grassland/pasture,5,pasture,pasture,2.0,good,False
H+63+39,63,39,13.64,653.2,open_westerly,0.451,False,False,0.664,strong,0,none,False,False,False,False,False,False,False,False,7.87,shallow_well,volcanic andisol,7,grassland/pasture,5,pasture,pasture,2.0,good,False
H+64+39,64,39,13.73,628.8,open_westerly,0.439,False,False,0.672,strong,0,none,False,False,False,False,False,False,False,False,7.79,shallow_well,volcanic andisol,7,grassland/pasture,5,pasture,pasture,2.0,good,False
H+65+39,65,39,13.76,611.3,open_westerly,0.428,False,False,0.679,strong,2,river,True,False,False,False,False,False,True,False,1.5,spring_line,loam,4,floodplain farmable,9,,,3.0,rich,False
H+66+39,66,39,13.69,595.9,open_westerly,0.416,False,False,0.686,strong,0,none,False,False,False,False,False,False,True,False,7.5,shallow_well,loam,4,floodplain farmable,9,,,3.0,rich,False
H+67+39,67,39,13.62,575.6,open_westerly,0.404,False,False,0.694,strong,0,none,False,False,False,False,False,False,False,False,7.5,shallow_well,volcanic andisol,7,grassland/pasture,5,pasture,pasture,2.0,good,False
H+68+39,68,39,13.53,568.8,open_westerly,0.392,False,False,0.693,strong,0,none,False,False,False,False,False,False,False,False,7.52,shallow_well,volcanic andisol,7,grassland/pasture,5,pasture,pasture,2.0,good,False
H+69+39,69,39,13.54,566.1,open_westerly,0.379,False,False,0.691,strong,0,none,False,False,False,False,False,False,False,False,7.52,shallow_well,volcanic andisol,7,grassland/pasture,5,pasture,pasture,2.0,good,False
H+70+39,70,39,13.69,559.6,open_westerly,0.366,False,False,0.689,strong,0,none,False,False,False,False,False,False,False,False,7.48,shallow_well,volcanic andisol,7,grassland/pasture,5,pasture,pasture,2.0,good,False
H+71+39,71,39,14.16,548.8,open_westerly,0.353,False,False,0.688,strong,0,none,False,False,False,False,False,False,False,False,7.42,shallow_well,volcanic andisol,7,grassland/pasture,5,pasture,pasture,2.0,good,False
H+72+39,72,39,14.74,539.5,open_westerly,0.342,False,False,0.686,strong,0,none,False,False,False,False,False,False,False,False,7.53,shallow_well,volcanic andisol,7,grassland/pasture,5,pasture,pasture,2.0,good,False
H+73+39,73,39,15.25,536.0,open_westerly,0.333,False,False,0.685,strong,0,none,False,False,False,False,False,False,False,False,7.73,shallow_well,volcanic andisol,7,grassland/pasture,5,pasture,pasture,2.0,good,False
H+74+39,74,39,14.7,543.1,open_westerly,0.326,False,False,0.684,strong,0,none,False,False,False,False,False,False,False,False,8.44,dry,volcanic andisol,7,grassland/pasture,5,pasture,pasture,2.0,good,False
H+75+39,75,39,15.17,538.2,open_westerly,0.317,False,False,0.683,strong,0,none,False,False,False,False,False,False,False,False,8.62,dry,volcanic andisol,7,grassland/pasture,5,pasture,pasture,2.0,good,False
H+76+39,76,39,15.57,539.7,open_westerly,0.312,False,False,0.682,strong,0,none,False,False,False,False,False,False,False,False,8.79,dry,sandy coastal,6,grassland/pasture,5,pasture,pasture|clay,2.0,good,False
H+77+39,77,39,15.9,544.2,open_westerly,0.309,False,False,0.682,strong,0,none,False,False,False,False,False,False,False,False,8.9,dry,sandy coastal,6,coastal scrub,10,,clay,0.0,none,False
H+78+39,78,39,15.86,539.0,open_westerly,0.303,False,False,0.681,strong,2,river,True,False,False,False,False,False,True,False,1.5,spring_line,loam,4,coastal scrub,10,fisheries,fisheries|clay,0.0,none,False
H+79+39,79,39,15.77,537.6,open_westerly,0.297,False,False,0.68,strong,0,none,False,False,False,False,False,False,False,False,9.14,dry,sandy coastal,6,coastal scrub,10,,clay,0.0,none,False
H+00+40,0,40,17.18,829.9,open_westerly,0.8,False,False,0.573,moderate,0,none,False,False,False,False,False,False,False,False,7.36,shallow_well,sandy coastal,6,coastal scrub,10,,clay,0.0,none,False
H+01+40,1,40,17.14,826.8,open_westerly,0.794,False,False,0.564,moderate,0,none,False,False,False,False,False,False,False,False,2.5,shallow_well,sandy coastal,6,coastal scrub,10,,clay,0.0,none,False
H+02+40,2,40,17.12,819.9,open_westerly,0.789,False,False,0.555,moderate,0,none,False,False,False,False,False,False,False,False,2.5,shallow_well,sandy coastal,6,coastal scrub,10,,clay,0.0,none,False
H+03+40,3,40,17.14,814.7,open_westerly,0.783,False,False,0.545,moderate,0,none,False,False,False,False,False,False,False,False,2.5,shallow_well,sandy coastal,6,coastal scrub,10,,,0.0,none,False
H+04+40,4,40,17.11,815.0,open_westerly,0.777,False,False,0.535,moderate,0,none,False,False,False,False,False,False,False,False,7.18,shallow_well,sandy coastal,6,coastal scrub,10,,,0.0,none,False
H+05+40,5,40,17.02,809.2,open_westerly,0.772,False,False,0.525,moderate,0,none,False,False,False,False,False,False,False,False,6.99,shallow_well,sandy coastal,6,coastal scrub,10,,,0.0,none,False
H+06+40,6,40,16.94,805.0,open_westerly,0.766,False,False,0.515,moderate,0,none,False,False,False,False,False,False,False,False,6.76,shallow_well,sandy coastal,6,coastal scrub,10,,,0.0,none,False
H+07+40,7,40,16.9,801.8,open_westerly,0.76,False,False,0.505,moderate,0,none,False,False,False,False,False,False,False,False,6.56,shallow_well,sandy coastal,6,coastal scrub,10,,,0.0,none,False
H+08+40,8,40,16.87,796.9,open_westerly,0.754,False,False,0.494,moderate,2,river,True,False,False,False,False,False,True,False,1.5,spring_line,loam,4,coastal scrub,10,,,0.0,none,False
H+09+40,9,40,16.83,785.6,open_westerly,0.749,False,False,0.484,moderate,0,none,False,False,False,False,False,False,True,False,6.66,shallow_well,loam,4,coastal scrub,10,,,0.0,none,False
H+10+40,10,40,16.82,769.9,open_westerly,0.743,False,False,0.473,moderate,3,major_river,True,True,False,False,False,False,True,False,1.5,spring_line,loam,4,coastal scrub,10,fisheries,fisheries,0.8,modest,False
H+11+40,11,40,16.26,748.0,open_westerly,0.737,False,False,0.462,moderate,0,none,False,False,False,False,False,False,True,False,7.45,shallow_well,loam,4,floodplain farmable,9,,,3.0,rich,False
H+12+40,12,40,15.42,726.1,open_westerly,0.735,False,False,0.452,moderate,0,none,False,False,False,False,False,False,False,False,7.98,shallow_well,volcanic andisol,7,temperate forest,4,,,1.5,good,False
H+13+40,13,40,14.51,714.2,open_westerly,0.735,False,False,0.441,moderate,0,none,False,False,False,False,False,False,False,False,8.41,dry,volcanic andisol,7,temperate forest,4,timber,timber,1.5,good,False
H+14+40,14,40,13.63,730.5,open_westerly,0.737,False,False,0.431,moderate,0,none,False,False,False,False,False,False,False,False,8.67,dry,volcanic andisol,7,temperate forest,4,timber,timber,1.5,good,False
H+15+40,15,40,12.74,779.0,open_westerly,0.742,False,False,0.42,moderate,0,none,False,False,False,False,False,False,False,False,8.88,dry,volcanic andisol,7,temperate forest,4,timber,timber,1.5,good,False
H+16+40,16,40,11.77,862.8,open_westerly,0.753,False,False,0.41,moderate,0,none,False,False,False,False,False,False,False,False,8.99,dry,volcanic andisol,7,temperate forest,4,timber,timber,1.5,good,False
H+17+40,17,40,12.53,437.3,calm_interior,0.728,False,True,0.6,moderate,8,salt_pan,False,False,False,False,True,False,False,False,11.45,dry,saline playa,10,salt flat sparse,11,salt_pans,salt_pans|evaporite_host,0.3,poor,True
H+18+40,18,40,12.45,465.7,calm_interior,0.736,False,True,0.59,moderate,8,salt_pan,False,False,False,False,True,False,False,False,11.2,dry,saline playa,10,salt flat sparse,11,salt_pans,salt_pans|evaporite_host,0.3,poor,True
H+19+40,19,40,12.4,483.8,calm_interior,0.738,False,True,0.58,moderate,8,salt_pan,False,False,False,False,True,False,False,False,10.86,dry,saline playa,10,salt flat sparse,11,salt_pans,salt_pans|evaporite_host,0.3,poor,True
H+20+40,20,40,12.37,502.6,calm_interior,0.74,False,True,0.571,moderate,8,salt_pan,False,False,False,False,True,False,False,False,10.48,dry,saline playa,10,salt flat sparse,11,salt_pans,salt_pans|evaporite_host,0.3,poor,True
H+21+40,21,40,12.35,523.2,open_westerly,0.743,False,True,0.561,moderate,8,salt_pan,False,False,False,False,True,False,False,False,10.2,dry,saline playa,10,salt flat sparse,11,salt_pans,salt_pans|evaporite_host,0.3,poor,True
H+22+40,22,40,12.34,537.3,open_westerly,0.741,False,True,0.552,moderate,8,salt_pan,False,False,False,False,True,False,False,False,10.08,dry,saline playa,10,salt flat sparse,11,salt_pans,salt_pans|evaporite_host,0.3,poor,True
H+23+40,23,40,12.34,549.1,open_westerly,0.738,False,True,0.542,moderate,8,salt_pan,False,False,False,False,True,False,False,False,9.97,dry,saline playa,10,salt flat sparse,11,salt_pans,salt_pans|evaporite_host,0.3,poor,True
H+24+40,24,40,11.48,1163.7,windward,0.765,False,False,0.333,weak,0,none,False,False,False,False,False,False,False,False,6.3,shallow_well,volcanic andisol,7,temperate forest,4,timber,timber,1.5,good,False
H+25+40,25,40,12.38,1000.1,open_westerly,0.72,False,False,0.324,weak,0,none,False,False,False,False,False,False,False,False,6.69,shallow_well,loam,4,temperate forest,4,timber,timber,1.5,good,False
H+26+40,26,40,13.21,920.3,open_westerly,0.695,False,False,0.315,weak,2,river,True,False,False,False,False,False,True,False,1.5,spring_line,loam,4,floodplain farmable,9,,,3.0,rich,False
H+27+40,27,40,12.51,1043.2,open_westerly,0.713,False,False,0.306,weak,0,none,False,False,False,False,False,False,False,False,5.68,shallow_well,loam,4,temperate forest,4,,,1.5,good,False
H+28+40,28,40,11.28,1200.0,open_westerly,0.737,False,False,0.304,weak,0,none,False,False,False,False,False,False,False,False,5.22,shallow_well,loam,4,temperate forest,4,,,1.5,good,False
H+29+40,29,40,11.74,522.9,calm_interior,0.675,False,True,0.512,moderate,8,salt_pan,False,False,False,False,True,False,False,False,9.21,dry,saline playa,10,salt flat sparse,11,salt_pans,salt_pans|evaporite_host,0.3,poor,True
H+30+40,30,40,12.5,487.4,calm_interior,0.668,False,True,0.521,moderate,8,salt_pan,False,False,False,False,True,False,False,False,9.73,dry,saline playa,10,salt flat sparse,11,salt_pans,salt_pans|evaporite_host,0.3,poor,True
H+31+40,31,40,12.54,448.9,calm_interior,0.651,False,True,0.53,moderate,8,salt_pan,False,False,False,False,True,False,False,False,10.21,dry,saline playa,10,salt flat sparse,11,salt_pans,salt_pans|evaporite_host,0.3,poor,True
H+32+40,32,40,12.57,417.8,calm_interior,0.634,False,True,0.54,moderate,8,salt_pan,False,False,False,False,True,False,False,False,10.4,dry,saline playa,10,salt flat sparse,11,salt_pans,salt_pans|evaporite_host,0.3,poor,True
H+33+40,33,40,12.6,392.3,calm_interior,0.616,False,True,0.55,moderate,8,salt_pan,False,False,False,False,True,False,False,False,10.33,dry,saline playa,10,salt flat sparse,11,salt_pans,salt_pans|evaporite_host,0.3,poor,True
H+34+40,34,40,12.6,388.2,calm_interior,0.6,False,True,0.561,moderate,8,salt_pan,False,False,False,False,True,False,False,False,10.07,dry,saline playa,10,salt flat sparse,11,salt_pans,salt_pans|evaporite_host,0.3,poor,True
H+35+40,35,40,12.57,389.2,calm_interior,0.585,False,True,0.572,moderate,8,salt_pan,False,False,False,False,True,False,False,False,9.93,dry,saline playa,10,salt flat sparse,11,salt_pans,salt_pans|evaporite_host,0.3,poor,True
H+36+40,36,40,12.53,384.1,calm_interior,0.57,False,True,0.583,moderate,8,salt_pan,False,False,False,False,True,False,False,False,9.92,dry,saline playa,10,salt flat sparse,11,salt_pans,salt_pans|evaporite_host,0.3,poor,True
H+37+40,37,40,12.48,373.1,calm_interior,0.556,False,True,0.594,moderate,8,salt_pan,False,False,False,False,True,False,False,False,9.91,dry,saline playa,10,salt flat sparse,11,salt_pans,salt_pans|evaporite_host,0.3,poor,True
H+38+40,38,40,11.72,370.7,calm_interior,0.543,False,True,0.606,moderate,8,salt_pan,False,False,False,False,True,False,False,False,9.85,dry,saline playa,10,salt flat sparse,11,salt_pans,salt_pans|evaporite_host,0.3,poor,True
H+39+40,39,40,3.82,602.3,leeward,0.549,True,False,0.618,moderate,0,none,False,False,False,False,False,False,False,False,13.26,dry,mountain thin,3,boreal forest,3,timber,timber,1.0,modest,False
H+40+40,40,40,13.56,600.5,open_westerly,0.525,False,False,0.429,moderate,0,none,False,False,False,False,False,False,False,False,7.74,shallow_well,rocky/lithosol,1,grassland/pasture,5,pasture,pasture|stone,2.0,good,False
H+41+40,41,40,14.69,640.3,open_westerly,0.542,False,False,0.441,moderate,0,none,False,False,False,False,False,False,False,False,6.96,shallow_well,rocky/lithosol,1,grassland/pasture,5,pasture,pasture,2.0,good,False
H+42+40,42,40,15.65,618.7,open_westerly,0.533,False,False,0.452,moderate,0,none,False,False,False,False,False,False,False,False,6.63,shallow_well,loam,4,grassland/pasture,5,pasture,pasture|limestone_karst,2.0,good,False
H+43+40,43,40,15.71,615.6,open_westerly,0.527,False,False,0.464,moderate,0,none,False,False,False,False,False,False,False,False,6.7,shallow_well,loam,4,grassland/pasture,5,pasture,pasture,2.0,good,False
H+44+40,44,40,15.73,615.5,open_westerly,0.522,False,False,0.475,moderate,0,none,False,False,False,False,False,False,False,False,6.84,shallow_well,loam,4,grassland/pasture,5,pasture,pasture,2.0,good,False
H+45+40,45,40,15.75,613.7,open_westerly,0.518,False,False,0.486,moderate,0,none,False,False,False,False,False,False,False,False,6.98,shallow_well,loam,4,grassland/pasture,5,pasture,pasture|greenstone_metals,2.0,good,False
H+46+40,46,40,15.79,607.9,open_westerly,0.514,False,False,0.496,moderate,0,none,False,False,False,False,False,False,False,False,7.04,shallow_well,loam,4,grassland/pasture,5,pasture,pasture,2.0,good,False
H+47+40,47,40,15.85,599.0,open_westerly,0.511,False,False,0.507,moderate,0,none,False,False,False,False,False,False,True,False,6.97,shallow_well,loam,4,floodplain farmable,9,,,3.0,rich,False
H+48+40,48,40,15.91,588.5,open_westerly,0.509,False,False,0.517,moderate,2,river,True,False,False,False,False,False,True,False,1.5,spring_line,loam,4,floodplain farmable,9,,,3.0,rich,False
H+49+40,49,40,15.96,578.6,open_westerly,0.506,False,False,0.528,moderate,2,river,True,False,False,False,False,False,True,False,1.5,spring_line,loam,4,floodplain farmable,9,,,3.0,rich,False
H+50+40,50,40,16.0,576.7,open_westerly,0.504,False,False,0.538,moderate,2,river,True,False,False,False,False,False,True,False,1.5,spring_line,loam,4,floodplain farmable,9,,,3.0,rich,False
H+51+40,51,40,16.03,593.7,open_westerly,0.5,False,False,0.548,moderate,2,river,True,False,False,False,False,False,True,False,1.5,spring_line,loam,4,floodplain farmable,9,,,3.0,rich,False
H+52+40,52,40,16.05,612.1,open_westerly,0.497,False,False,0.558,moderate,2,river,True,False,False,False,False,False,True,False,1.5,spring_line,loam,4,floodplain farmable,9,,,3.0,rich,False
H+53+40,53,40,16.36,611.2,open_westerly,0.493,False,False,0.568,moderate,3,major_river,True,True,False,False,False,False,True,False,1.5,spring_line,loam,4,coastal scrub,10,fisheries,fisheries,0.8,modest,False
H+54+40,54,40,15.9,606.4,open_westerly,0.488,False,False,0.578,moderate,0,none,False,False,False,False,False,False,True,False,7.16,shallow_well,loam,4,floodplain farmable,9,,,3.0,rich,False
H+55+40,55,40,15.3,690.3,open_westerly,0.501,False,False,0.588,moderate,0,none,False,False,False,False,False,False,True,False,6.99,shallow_well,loam,4,floodplain farmable,9,,,3.0,rich,False
H+56+40,56,40,14.77,761.5,open_westerly,0.511,False,False,0.598,moderate,0,none,False,False,False,False,False,False,True,False,6.86,shallow_well,loam,4,floodplain farmable,9,,,3.0,rich,False
H+57+40,57,40,14.29,776.7,open_westerly,0.515,False,False,0.607,moderate,0,none,False,False,False,False,False,False,True,False,7.02,shallow_well,loam,4,floodplain farmable,9,,,3.0,rich,False
H+58+40,58,40,13.84,762.7,open_westerly,0.515,False,False,0.616,moderate,0,none,False,False,False,False,False,False,False,False,7.37,shallow_well,volcanic andisol,7,temperate forest,4,timber,timber,1.5,good,False
H+59+40,59,40,13.44,764.5,open_westerly,0.51,False,False,0.626,moderate,0,none,False,False,False,False,False,False,False,False,7.6,shallow_well,volcanic andisol,7,temperate forest,4,timber,timber,1.5,good,False
H+60+40,60,40,13.09,776.2,open_westerly,0.502,False,False,0.634,moderate,0,none,False,False,False,False,False,False,False,False,7.79,shallow_well,volcanic andisol,7,temperate forest,4,,,1.5,good,False
H+61+40,61,40,12.93,748.1,open_westerly,0.488,False,False,0.643,moderate,0,none,False,False,False,False,False,False,False,False,8.15,dry,volcanic andisol,7,temperate forest,4,,,1.5,good,False
H+62+40,62,40,12.96,696.7,open_westerly,0.471,False,False,0.651,strong,0,none,False,False,False,False,False,False,False,False,8.5,dry,volcanic andisol,7,grassland/pasture,5,pasture,pasture,2.0,good,False
H+63+40,63,40,13.21,646.7,open_westerly,0.453,False,False,0.659,strong,0,none,False,False,False,False,False,False,False,False,8.62,dry,volcanic andisol,7,grassland/pasture,5,pasture,pasture,2.0,good,False
H+64+40,64,40,13.4,613.7,open_westerly,0.439,False,False,0.667,strong,0,none,False,False,False,False,False,False,True,False,8.53,dry,loam,4,floodplain farmable,9,,,3.0,rich,False
H+65+40,65,40,13.43,592.3,open_westerly,0.428,False,False,0.674,strong,2,river,True,False,False,False,False,False,True,False,1.5,spring_line,loam,4,floodplain farmable,9,,,3.0,rich,False
H+66+40,66,40,13.39,583.8,open_westerly,0.417,False,False,0.681,strong,0,none,False,False,False,False,False,False,True,False,8.19,dry,loam,4,floodplain farmable,9,,,3.0,rich,False
H+67+40,67,40,13.26,578.3,open_westerly,0.406,False,False,0.688,strong,0,none,False,False,False,False,False,False,False,False,8.09,dry,volcanic andisol,7,grassland/pasture,5,pasture,pasture,2.0,good,False
H+68+40,68,40,13.11,571.4,open_westerly,0.393,False,False,0.687,strong,0,none,False,False,False,False,False,False,False,False,8.09,dry,volcanic andisol,7,grassland/pasture,5,pasture,pasture|volcanic_host,2.0,good,False
H+69+40,69,40,13.06,553.4,open_westerly,0.38,False,False,0.685,strong,0,none,False,False,False,False,False,False,False,False,8.18,dry,volcanic andisol,7,grassland/pasture,5,pasture,pasture,2.0,good,False
H+70+40,70,40,13.21,540.5,open_westerly,0.366,False,False,0.683,strong,0,none,False,False,False,False,False,False,False,False,8.14,dry,volcanic andisol,7,grassland/pasture,5,pasture,pasture|obsidian,2.0,good,False
H+71+40,71,40,13.69,527.4,open_westerly,0.352,False,False,0.682,strong,0,none,False,False,False,False,False,False,False,False,8.04,dry,volcanic andisol,7,grassland/pasture,5,pasture,pasture|obsidian,2.0,good,False
H+72+40,72,40,14.33,515.4,open_westerly,0.339,False,False,0.68,strong,0,none,False,False,False,False,False,False,False,False,8.01,dry,volcanic andisol,7,grassland/pasture,5,pasture,pasture,2.0,good,False
H+73+40,73,40,14.36,518.9,open_westerly,0.33,False,False,0.679,strong,0,none,False,False,False,False,False,False,False,False,8.36,dry,volcanic andisol,7,grassland/pasture,5,pasture,pasture|obsidian,2.0,good,False
H+74+40,74,40,14.9,525.9,open_westerly,0.319,False,False,0.678,strong,0,none,False,False,False,False,False,False,False,False,8.5,dry,volcanic andisol,7,grassland/pasture,5,pasture,pasture|obsidian,2.0,good,False
H+75+40,75,40,15.37,528.0,open_westerly,0.311,True,False,0.877,strong,0,none,False,False,False,False,False,False,False,False,8.83,dry,volcanic andisol,7,grassland/pasture,5,pasture,pasture|obsidian,2.0,good,False
H+76+40,76,40,15.75,526.8,open_westerly,0.306,True,False,0.877,strong,0,none,False,False,False,False,False,False,False,False,9.23,dry,volcanic andisol,7,grassland/pasture,5,pasture,pasture|obsidian,2.0,good,False
H+77+40,77,40,16.08,528.9,open_westerly,0.302,False,False,0.676,strong,0,none,False,False,False,False,False,False,False,False,9.46,dry,sandy coastal,6,coastal scrub,10,,clay,0.0,none,False
H+78+40,78,40,16.03,530.8,open_westerly,0.3,False,False,0.675,strong,2,river,True,False,False,False,False,False,True,False,1.5,spring_line,loam,4,coastal scrub,10,fisheries,fisheries|clay,0.0,none,False
H+79+40,79,40,15.98,534.4,open_westerly,0.297,False,False,0.675,strong,2,river,True,False,False,False,False,False,True,False,1.5,spring_line,loam,4,coastal scrub,10,fisheries,fisheries|clay,0.0,none,False
H+00+41,0,41,17.76,903.8,ocean_westerly,0.92,False,False,0.2,maritime,1,ocean,False,False,False,False,False,False,False,False,0.0,dry,none/ocean,0,none/ocean,0,fisheries,fisheries,0.8,modest,False
H+01+41,1,41,17.52,819.3,open_westerly,0.794,False,False,0.56,moderate,0,none,False,False,False,False,False,False,False,False,2.5,spring_line,sandy coastal,6,coastal scrub,10,,clay,0.0,none,False
H+02+41,2,41,17.5,813.9,open_westerly,0.789,False,False,0.551,moderate,0,none,False,False,False,False,False,False,False,False,2.5,shallow_well,sandy coastal,6,coastal scrub,10,,,0.0,none,False
H+03+41,3,41,17.47,810.5,open_westerly,0.783,False,False,0.541,moderate,0,none,False,False,False,False,False,False,False,False,2.5,shallow_well,sandy coastal,6,coastal scrub,10,,,0.0,none,False
H+04+41,4,41,17.41,813.7,open_westerly,0.777,False,False,0.532,moderate,0,none,False,False,False,False,False,False,False,False,7.04,shallow_well,sandy coastal,6,coastal scrub,10,,,0.0,none,False
H+05+41,5,41,17.32,809.7,open_westerly,0.772,False,False,0.522,moderate,0,none,False,False,False,False,False,False,False,False,6.76,shallow_well,sandy coastal,6,coastal scrub,10,,,0.0,none,False
H+06+41,6,41,17.27,808.0,open_westerly,0.766,False,False,0.512,moderate,0,none,False,False,False,False,False,False,False,False,6.41,shallow_well,sandy coastal,6,coastal scrub,10,,,0.0,none,False
H+07+41,7,41,17.21,807.0,open_westerly,0.76,False,False,0.502,moderate,0,none,False,False,False,False,False,False,False,False,6.14,shallow_well,sandy coastal,6,coastal scrub,10,,,0.0,none,False
H+08+41,8,41,17.14,803.6,open_westerly,0.754,False,False,0.491,moderate,2,river,True,False,False,False,False,False,True,False,1.5,spring_line,loam,4,coastal scrub,10,,,0.0,none,False
H+09+41,9,41,17.1,794.0,open_westerly,0.749,False,False,0.481,moderate,3,major_river,True,True,False,False,False,False,True,False,1.5,spring_line,loam,4,coastal scrub,10,fisheries,fisheries,0.8,modest,False
H+10+41,10,41,16.9,776.7,open_westerly,0.743,False,False,0.471,moderate,0,none,False,False,False,False,False,False,True,False,6.8,shallow_well,loam,4,coastal scrub,10,,,0.0,none,False
H+11+41,11,41,16.1,754.1,open_westerly,0.738,False,False,0.46,moderate,0,none,False,False,False,False,False,False,False,False,7.58,shallow_well,volcanic andisol,7,temperate forest,4,,,1.5,good,False
H+12+41,12,41,15.14,744.4,open_westerly,0.738,False,False,0.45,moderate,0,none,False,False,False,False,False,False,False,False,8.32,dry,volcanic andisol,7,temperate forest,4,,,1.5,good,False
H+13+41,13,41,14.1,742.5,open_westerly,0.74,False,False,0.44,moderate,0,none,False,False,False,False,False,False,False,False,9.01,dry,volcanic andisol,7,temperate forest,4,timber,timber|volcanic_host,1.5,good,False
H+14+41,14,41,13.06,769.4,open_westerly,0.745,False,False,0.429,moderate,0,none,False,False,False,False,False,False,False,False,9.42,dry,volcanic andisol,7,temperate forest,4,timber,timber,1.5,good,False
H+15+41,15,41,12.1,820.7,open_westerly,0.752,False,False,0.419,moderate,0,none,False,False,False,False,False,False,False,False,9.58,dry,volcanic andisol,7,temperate forest,4,timber,timber,1.5,good,False
H+16+41,16,41,12.86,415.4,calm_interior,0.728,False,True,0.609,moderate,8,salt_pan,False,False,False,False,True,False,False,False,11.79,dry,saline playa,10,salt flat sparse,11,salt_pans,salt_pans|evaporite_host,0.3,poor,True
H+17+41,17,41,12.77,443.7,calm_interior,0.735,False,True,0.599,moderate,8,salt_pan,False,False,False,False,True,False,False,False,11.56,dry,saline playa,10,salt flat sparse,11,salt_pans,salt_pans|evaporite_host,0.3,poor,True
H+18+41,18,41,12.69,463.1,calm_interior,0.736,False,True,0.589,moderate,8,salt_pan,False,False,False,False,True,False,False,False,11.32,dry,saline playa,10,salt flat sparse,11,salt_pans,salt_pans|evaporite_host,0.3,poor,True
H+19+41,19,41,12.64,481.0,calm_interior,0.738,False,True,0.579,moderate,8,salt_pan,False,False,False,False,True,False,False,False,11.04,dry,saline playa,10,salt flat sparse,11,salt_pans,salt_pans|evaporite_host,0.3,poor,True
H+20+41,20,41,12.6,499.7,calm_interior,0.74,False,True,0.57,moderate,8,salt_pan,False,False,False,False,True,False,False,False,10.76,dry,saline playa,10,salt flat sparse,11,salt_pans,salt_pans|evaporite_host,0.3,poor,True
H+21+41,21,41,12.57,521.1,open_westerly,0.743,False,True,0.56,moderate,8,salt_pan,False,False,False,False,True,False,False,False,10.52,dry,saline playa,10,salt flat sparse,11,salt_pans,salt_pans|evaporite_host,0.3,poor,True
H+22+41,22,41,12.56,536.0,open_westerly,0.741,False,True,0.551,moderate,8,salt_pan,False,False,False,False,True,False,False,False,10.23,dry,saline playa,10,salt flat sparse,11,salt_pans,salt_pans|evaporite_host,0.3,poor,True
H+23+41,23,41,11.71,1148.9,windward,0.769,False,False,0.342,weak,0,none,False,False,False,False,False,False,False,False,6.29,shallow_well,volcanic andisol,7,temperate forest,4,timber,timber|obsidian,1.5,good,False
H+24+41,24,41,12.61,991.1,open_westerly,0.726,False,False,0.332,weak,0,none,False,False,False,False,False,False,False,False,6.48,shallow_well,volcanic andisol,7,temperate forest,4,timber,timber,1.5,good,False
H+25+41,25,41,13.44,918.1,open_westerly,0.702,False,False,0.323,weak,0,none,False,False,False,False,False,False,False,False,6.27,shallow_well,volcanic andisol,7,temperate forest,4,timber,timber,1.5,good,False
H+26+41,26,41,13.86,885.4,open_westerly,0.688,False,False,0.314,weak,2,river,True,False,False,False,False,False,True,False,1.5,spring_line,loam,4,floodplain farmable,9,,,3.0,rich,False
H+27+41,27,41,12.69,1075.1,open_westerly,0.719,False,False,0.305,weak,0,none,False,False,False,False,False,False,False,False,5.35,shallow_well,loam,4,temperate forest,4,,,1.5,good,False
H+28+41,28,41,11.48,1205.4,open_westerly,0.738,False,False,0.302,weak,0,none,False,False,False,False,False,False,False,False,5.14,shallow_well,loam,4,temperate forest,4,,,1.5,good,False
H+29+41,29,41,12.02,518.4,calm_interior,0.674,False,True,0.511,moderate,8,salt_pan,False,False,False,False,True,False,False,False,9.17,dry,saline playa,10,salt flat sparse,11,salt_pans,salt_pans|evaporite_host,0.3,poor,True
H+30+41,30,41,12.77,484.4,calm_interior,0.668,False,True,0.52,moderate,8,salt_pan,False,False,False,False,True,False,False,False,9.7,dry,saline playa,10,salt flat sparse,11,salt_pans,salt_pans|evaporite_host,0.3,poor,True
H+31+41,31,41,12.8,446.4,calm_interior,0.651,False,True,0.529,moderate,8,salt_pan,False,False,False,False,True,False,False,False,10.22,dry,saline playa,10,salt flat sparse,11,salt_pans,salt_pans|evaporite_host,0.3,poor,True
H+32+41,32,41,12.82,414.7,calm_interior,0.634,False,True,0.539,moderate,8,salt_pan,False,False,False,False,True,False,False,False,10.45,dry,saline playa,10,salt flat sparse,11,salt_pans,salt_pans|evaporite_host,0.3,poor,True
H+33+41,33,41,12.85,389.0,calm_interior,0.616,False,True,0.549,moderate,8,salt_pan,False,False,False,False,True,False,False,False,10.36,dry,saline playa,10,salt flat sparse,11,salt_pans,salt_pans|evaporite_host,0.3,poor,True
H+34+41,34,41,12.87,384.6,calm_interior,0.6,False,True,0.56,moderate,8,salt_pan,False,False,False,False,True,False,False,False,10.05,dry,saline playa,10,salt flat sparse,11,salt_pans,salt_pans|evaporite_host,0.3,poor,True
H+35+41,35,41,12.87,384.7,calm_interior,0.585,False,True,0.571,moderate,8,salt_pan,False,False,False,False,True,False,False,False,9.88,dry,saline playa,10,salt flat sparse,11,salt_pans,salt_pans|evaporite_host,0.3,poor,True
H+36+41,36,41,12.86,379.2,calm_interior,0.571,False,True,0.583,moderate,8,salt_pan,False,False,False,False,True,False,False,False,9.88,dry,saline playa,10,salt flat sparse,11,salt_pans,salt_pans|evaporite_host,0.3,poor,True
H+37+41,37,41,12.84,369.8,calm_interior,0.557,False,True,0.594,moderate,8,salt_pan,False,False,False,False,True,False,False,False,9.87,dry,saline playa,10,salt flat sparse,11,salt_pans,salt_pans|evaporite_host,0.3,poor,True
H+38+41,38,41,12.11,368.7,calm_interior,0.544,False,True,0.606,moderate,8,salt_pan,False,False,False,False,True,False,False,False,9.78,dry,saline playa,10,salt flat sparse,11,salt_pans,salt_pans|evaporite_host,0.3,poor,True
H+39+41,39,41,4.27,605.5,leeward,0.553,True,False,0.618,moderate,0,none,False,False,False,False,False,False,False,False,13.07,dry,mountain thin,3,boreal forest,3,timber,timber|stone,1.0,modest,False
H+40+41,40,41,4.32,309.9,leeward,0.42,True,False,0.629,moderate,0,none,False,False,False,False,False,False,False,False,15.1,dry,arid/skeletal,8,shrub/steppe,6,,stone,0.8,modest,False
H+41+41,41,41,15.1,626.4,open_westerly,0.538,False,False,0.441,moderate,0,none,False,False,False,False,False,False,False,False,6.92,shallow_well,rocky/lithosol,1,grassland/pasture,5,pasture,pasture|limestone_karst,2.0,good,False
H+42+41,42,41,15.95,617.5,open_westerly,0.533,False,False,0.452,moderate,0,none,False,False,False,False,False,False,False,False,6.57,shallow_well,loam,4,grassland/pasture,5,pasture,pasture,2.0,good,False
H+43+41,43,41,15.99,616.4,open_westerly,0.527,False,False,0.464,moderate,0,none,False,False,False,False,False,False,False,False,6.61,shallow_well,loam,4,grassland/pasture,5,pasture,pasture,2.0,good,False
H+44+41,44,41,15.99,616.2,open_westerly,0.522,False,False,0.475,moderate,0,none,False,False,False,False,False,False,False,False,6.71,shallow_well,loam,4,grassland/pasture,5,pasture,pasture,2.0,good,False
H+45+41,45,41,16.01,614.2,open_westerly,0.518,False,False,0.485,moderate,0,none,False,False,False,False,False,False,False,False,6.83,shallow_well,loam,4,grassland/pasture,5,pasture,pasture,2.0,good,False
H+46+41,46,41,16.05,608.0,open_westerly,0.514,False,False,0.495,moderate,0,none,False,False,False,False,False,False,False,False,6.9,shallow_well,loam,4,grassland/pasture,5,pasture,pasture,2.0,good,False
H+47+41,47,41,16.11,597.3,open_westerly,0.511,False,False,0.506,moderate,0,none,False,False,False,False,False,False,True,False,6.82,shallow_well,loam,4,floodplain farmable,9,,greenstone_metals,3.0,rich,False
H+48+41,48,41,16.16,583.7,open_westerly,0.509,False,False,0.516,moderate,0,none,False,False,False,False,False,False,True,False,6.73,shallow_well,loam,4,floodplain farmable,9,,,3.0,rich,False
H+49+41,49,41,16.2,569.7,open_westerly,0.506,False,False,0.526,moderate,0,none,False,False,False,False,False,False,True,False,6.79,shallow_well,loam,4,floodplain farmable,9,,,3.0,rich,False
H+50+41,50,41,16.23,563.9,open_westerly,0.504,False,False,0.535,moderate,0,none,False,False,False,False,False,False,True,False,6.9,shallow_well,loam,4,floodplain farmable,9,,,3.0,rich,False
H+51+41,51,41,16.24,577.6,open_westerly,0.5,False,False,0.545,moderate,2,river,True,False,False,False,False,False,True,False,1.5,spring_line,loam,4,floodplain farmable,9,,,3.0,rich,False
H+52+41,52,41,16.54,593.3,open_westerly,0.497,False,False,0.555,moderate,3,major_river,True,True,False,False,False,False,True,False,1.5,spring_line,loam,4,coastal scrub,10,fisheries,fisheries,0.8,modest,False
H+53+41,53,41,16.07,589.5,open_westerly,0.493,False,False,0.565,moderate,0,none,False,False,False,False,False,False,True,False,6.85,shallow_well,loam,4,floodplain farmable,9,,,3.0,rich,False
H+54+41,54,41,15.46,662.2,open_westerly,0.507,False,False,0.574,moderate,0,none,False,False,False,False,False,False,False,False,6.81,shallow_well,volcanic andisol,7,grassland/pasture,5,pasture,pasture,2.0,good,False
H+55+41,55,41,14.87,754.1,open_westerly,0.522,False,False,0.583,moderate,0,none,False,False,False,False,False,False,False,False,6.66,shallow_well,volcanic andisol,7,temperate forest,4,timber,timber,1.5,good,False
H+56+41,56,41,14.3,822.4,open_westerly,0.53,False,False,0.593,moderate,0,none,False,False,False,False,False,False,False,False,6.6,shallow_well,volcanic andisol,7,temperate forest,4,timber,timber,1.5,good,False
H+57+41,57,41,13.83,823.8,open_westerly,0.532,False,False,0.602,moderate,0,none,False,False,False,False,False,False,False,False,6.92,shallow_well,volcanic andisol,7,temperate forest,4,timber,timber,1.5,good,False
H+58+41,58,41,13.37,799.0,open_westerly,0.529,False,False,0.611,moderate,0,none,False,False,False,False,False,False,False,False,7.46,shallow_well,volcanic andisol,7,temperate forest,4,timber,timber,1.5,good,False
H+59+41,59,41,12.94,793.4,open_westerly,0.522,False,False,0.62,moderate,0,none,False,False,False,False,False,False,False,False,7.89,shallow_well,volcanic andisol,7,temperate forest,4,,,1.5,good,False
H+60+41,60,41,12.63,787.2,open_westerly,0.51,False,False,0.629,moderate,0,none,False,False,False,False,False,False,False,False,8.26,dry,volcanic andisol,7,temperate forest,4,,,1.5,good,False
H+61+41,61,41,12.46,752.5,open_westerly,0.494,False,False,0.638,moderate,0,none,False,False,False,False,False,False,False,False,8.75,dry,volcanic andisol,7,temperate forest,4,,,1.5,good,False
H+62+41,62,41,12.54,692.2,open_westerly,0.474,False,False,0.646,moderate,0,none,False,False,False,False,False,False,False,False,9.2,dry,volcanic andisol,7,grassland/pasture,5,pasture,pasture|volcanic_host,2.0,good,False
H+63+41,63,41,12.8,640.1,open_westerly,0.454,False,False,0.654,strong,0,none,False,False,False,False,False,False,False,False,9.35,dry,volcanic andisol,7,grassland/pasture,5,pasture,pasture,2.0,good,False
H+64+41,64,41,13.04,603.6,open_westerly,0.44,False,False,0.661,strong,0,none,False,False,False,False,False,False,False,False,9.26,dry,volcanic andisol,7,grassland/pasture,5,pasture,pasture,2.0,good,False
H+65+41,65,41,13.11,581.1,open_westerly,0.427,False,False,0.668,strong,2,river,True,False,False,False,False,False,True,False,1.5,spring_line,loam,4,floodplain farmable,9,,volcanic_host,3.0,rich,False
H+66+41,66,41,13.06,575.7,open_westerly,0.416,False,False,0.675,strong,0,none,False,False,False,False,False,False,False,False,8.9,dry,volcanic andisol,7,grassland/pasture,5,pasture,pasture,2.0,good,False
H+67+41,67,41,12.91,572.9,open_westerly,0.404,False,False,0.682,strong,0,none,False,False,False,False,False,False,False,False,8.78,dry,volcanic andisol,7,grassland/pasture,5,pasture,pasture,2.0,good,False
H+68+41,68,41,12.77,564.9,open_westerly,0.39,False,False,0.681,strong,0,none,False,False,False,False,False,False,False,False,8.73,dry,volcanic andisol,7,grassland/pasture,5,pasture,pasture,2.0,good,False
H+69+41,69,41,12.72,543.0,open_westerly,0.375,False,False,0.679,strong,0,none,False,False,False,False,False,False,False,False,8.78,dry,volcanic andisol,7,grassland/pasture,5,pasture,pasture,2.0,good,False
H+70+41,70,41,12.96,531.5,open_westerly,0.362,False,False,0.677,strong,0,none,False,False,False,False,False,False,False,False,8.66,dry,volcanic andisol,7,grassland/pasture,5,pasture,pasture|obsidian,2.0,good,False
H+71+41,71,41,13.35,532.0,open_westerly,0.353,False,False,0.675,strong,0,none,False,False,False,False,False,False,False,False,8.43,dry,volcanic andisol,7,grassland/pasture,5,pasture,pasture|obsidian,2.0,good,False
H+72+41,72,41,13.97,517.5,open_westerly,0.339,False,False,0.674,strong,0,none,False,False,False,False,False,False,False,False,8.26,dry,volcanic andisol,7,grassland/pasture,5,pasture,pasture|obsidian,2.0,good,False
H+73+41,73,41,14.57,515.7,open_westerly,0.327,False,False,0.673,strong,0,none,False,False,False,False,False,False,True,False,8.21,dry,loam,4,floodplain farmable,9,,obsidian,3.0,rich,False
H+74+41,74,41,15.1,522.2,open_westerly,0.317,True,False,0.872,strong,2,river,True,False,False,False,False,False,True,False,1.5,spring_line,loam,4,floodplain farmable,9,fisheries,fisheries|obsidian,3.0,rich,False
H+75+41,75,41,15.55,519.7,open_westerly,0.308,True,False,0.871,strong,2,river,True,False,False,False,False,False,True,False,1.5,spring_line,loam,4,floodplain farmable,9,fisheries,fisheries|obsidian,3.0,rich,False
H+76+41,76,41,15.92,514.2,open_westerly,0.3,True,False,0.871,strong,2,river,True,False,False,False,False,False,True,False,1.5,spring_line,loam,4,floodplain farmable,9,fisheries,fisheries|obsidian|volcanic_host,3.0,rich,False
H+77+41,77,41,16.24,512.4,open_westerly,0.296,True,False,0.871,strong,3,major_river,True,True,False,False,False,False,True,False,1.5,spring_line,loam,4,coastal scrub,10,fisheries,fisheries|obsidian,0.8,modest,False
H+78+41,78,41,16.19,511.3,open_westerly,0.293,True,False,0.87,strong,3,major_river,True,True,False,False,False,False,True,False,1.5,spring_line,loam,4,coastal scrub,10,fisheries,fisheries|clay,0.8,modest,False
H+79+41,79,41,16.51,700.1,ocean_westerly,0.402,False,False,0.2,maritime,1,ocean,False,False,False,False,False,False,False,False,0.0,dry,none/ocean,0,none/ocean,0,fisheries,fisheries,0.8,modest,False
H+00+42,0,42,18.06,893.3,ocean_westerly,0.92,False,False,0.2,maritime,1,ocean,False,False,False,False,False,False,False,False,0.0,dry,none/ocean,0,none/ocean,0,fisheries,fisheries,0.8,modest,False
H+01+42,1,42,18.08,892.4,ocean_westerly,0.913,False,False,0.2,maritime,1,ocean,False,False,False,False,False,False,False,False,0.0,dry,none/ocean,0,none/ocean,0,fisheries,fisheries,0.8,modest,False
H+02+42,2,42,17.85,809.3,open_westerly,0.789,False,False,0.547,moderate,0,none,False,False,False,False,False,False,False,False,2.5,spring_line,sandy coastal,6,coastal scrub,10,,,0.0,none,False
H+03+42,3,42,17.84,809.1,open_westerly,0.783,False,False,0.538,moderate,0,none,False,False,False,False,False,False,False,False,2.5,shallow_well,sandy coastal,6,coastal scrub,10,,,0.0,none,False
H+04+42,4,42,17.79,814.0,open_westerly,0.777,False,False,0.528,moderate,0,none,False,False,False,False,False,False,False,False,2.5,shallow_well,sandy coastal,6,coastal scrub,10,,,0.0,none,False
H+05+42,5,42,17.66,811.8,open_westerly,0.772,False,False,0.518,moderate,0,none,False,False,False,False,False,False,False,False,6.62,shallow_well,sandy coastal,6,coastal scrub,10,,,0.0,none,False
H+06+42,6,42,17.61,813.1,open_westerly,0.766,False,False,0.509,moderate,0,none,False,False,False,False,False,False,False,False,6.2,shallow_well,sandy coastal,6,coastal scrub,10,,,0.0,none,False
H+07+42,7,42,17.53,812.5,open_westerly,0.76,False,False,0.499,moderate,0,none,False,False,False,False,False,False,True,False,5.9,shallow_well,loam,4,coastal scrub,10,,,0.0,none,False
H+08+42,8,42,17.45,811.4,open_westerly,0.754,False,False,0.489,moderate,2,river,True,False,False,False,False,False,True,False,1.5,spring_line,loam,4,coastal scrub,10,,,0.0,none,False
H+09+42,9,42,17.33,804.7,open_westerly,0.749,False,False,0.478,moderate,3,major_river,True,True,False,False,False,False,True,False,1.5,spring_line,loam,4,coastal scrub,10,fisheries,fisheries,0.8,modest,False
H+10+42,10,42,16.97,775.5,open_westerly,0.743,False,False,0.468,moderate,0,none,False,False,False,False,False,False,False,False,6.82,shallow_well,volcanic andisol,7,coastal scrub,10,,,0.0,none,False
H+11+42,11,42,16.09,742.2,open_westerly,0.739,False,False,0.458,moderate,0,none,False,False,False,False,False,False,False,False,7.75,shallow_well,volcanic andisol,7,temperate forest,4,,,1.5,good,False
H+12+42,12,42,15.08,747.3,open_westerly,0.739,False,False,0.448,moderate,0,none,False,False,False,False,False,False,False,False,8.53,dry,volcanic andisol,7,temperate forest,4,,,1.5,good,False
H+13+42,13,42,14.0,771.7,open_westerly,0.743,False,False,0.438,moderate,0,none,False,False,False,False,False,False,False,False,9.18,dry,volcanic andisol,7,temperate forest,4,timber,timber,1.5,good,False
H+14+42,14,42,12.91,807.4,open_westerly,0.749,False,False,0.428,moderate,0,none,False,False,False,False,False,False,False,False,9.62,dry,volcanic andisol,7,temperate forest,4,timber,timber,1.5,good,False
H+15+42,15,42,13.18,411.1,calm_interior,0.733,False,True,0.617,moderate,8,salt_pan,False,False,False,False,True,False,False,False,12.03,dry,saline playa,10,salt flat sparse,11,salt_pans,salt_pans|evaporite_host,0.3,poor,True
H+16+42,16,42,13.1,427.1,calm_interior,0.735,False,True,0.607,moderate,8,salt_pan,False,False,False,False,True,False,False,False,11.85,dry,saline playa,10,salt flat sparse,11,salt_pans,salt_pans|evaporite_host,0.3,poor,True
H+17+42,17,42,13.02,448.1,calm_interior,0.735,False,True,0.598,moderate,8,salt_pan,False,False,False,False,True,False,False,False,11.59,dry,saline playa,10,salt flat sparse,11,salt_pans,salt_pans|evaporite_host,0.3,poor,True
H+18+42,18,42,12.94,469.7,calm_interior,0.736,False,True,0.588,moderate,8,salt_pan,False,False,False,False,True,False,False,False,11.32,dry,saline playa,10,salt flat sparse,11,salt_pans,salt_pans|evaporite_host,0.3,poor,True
H+19+42,19,42,12.88,483.6,calm_interior,0.738,False,True,0.578,moderate,8,salt_pan,False,False,False,False,True,False,False,False,11.11,dry,saline playa,10,salt flat sparse,11,salt_pans,salt_pans|evaporite_host,0.3,poor,True
H+20+42,20,42,12.83,497.1,calm_interior,0.74,False,True,0.569,moderate,8,salt_pan,False,False,False,False,True,False,False,False,10.91,dry,saline playa,10,salt flat sparse,11,salt_pans,salt_pans|evaporite_host,0.3,poor,True
H+21+42,21,42,12.8,519.9,open_westerly,0.743,False,True,0.559,moderate,8,salt_pan,False,False,False,False,True,False,False,False,10.68,dry,saline playa,10,salt flat sparse,11,salt_pans,salt_pans|evaporite_host,0.3,poor,True
H+22+42,22,42,11.94,1120.4,open_westerly,0.772,False,False,0.35,weak,0,none,False,False,False,False,False,False,False,False,6.9,shallow_well,volcanic andisol,7,temperate forest,4,timber,timber,1.5,good,False
H+23+42,23,42,12.83,980.6,open_westerly,0.731,False,False,0.341,weak,0,none,False,False,False,False,False,False,False,False,6.82,shallow_well,volcanic andisol,7,temperate forest,4,timber,timber,1.5,good,False
H+24+42,24,42,13.66,922.2,open_westerly,0.708,False,False,0.331,weak,0,none,False,False,False,False,False,False,False,False,6.26,shallow_well,volcanic andisol,7,temperate forest,4,timber,timber,1.5,good,False
H+25+42,25,42,14.47,849.1,open_westerly,0.685,False,False,0.322,weak,2,river,True,False,False,False,False,False,True,False,1.5,spring_line,loam,4,floodplain farmable,9,,,3.0,rich,False
H+26+42,26,42,14.12,905.9,open_westerly,0.692,False,False,0.313,weak,0,none,False,False,False,False,False,False,False,False,5.78,shallow_well,loam,4,floodplain farmable,9,,,3.0,rich,False
H+27+42,27,42,12.94,1073.1,open_westerly,0.72,False,False,0.304,weak,0,none,False,False,False,False,False,False,False,False,5.31,shallow_well,loam,4,temperate forest,4,timber,timber,1.5,good,False
H+28+42,28,42,11.65,1218.0,windward,0.742,False,False,0.301,weak,0,none,False,False,False,False,False,False,False,False,5.11,shallow_well,loam,4,temperate forest,4,timber,timber,1.5,good,False
H+29+42,29,42,12.3,516.6,calm_interior,0.673,False,True,0.51,moderate,8,salt_pan,False,False,False,False,True,False,False,False,9.17,dry,saline playa,10,salt flat sparse,11,salt_pans,salt_pans|evaporite_host,0.3,poor,True
H+30+42,30,42,13.03,487.7,calm_interior,0.668,False,True,0.519,moderate,8,salt_pan,False,False,False,False,True,False,False,False,9.68,dry,saline playa,10,salt flat sparse,11,salt_pans,salt_pans|evaporite_host,0.3,poor,True
H+31+42,31,42,13.05,451.1,calm_interior,0.651,False,True,0.528,moderate,8,salt_pan,False,False,False,False,True,False,False,False,10.21,dry,saline playa,10,salt flat sparse,11,salt_pans,salt_pans|evaporite_host,0.3,poor,True
H+32+42,32,42,13.06,418.1,calm_interior,0.634,False,True,0.538,moderate,8,salt_pan,False,False,False,False,True,False,False,False,10.46,dry,saline playa,10,salt flat sparse,11,salt_pans,salt_pans|evaporite_host,0.3,poor,True
H+33+42,33,42,13.08,389.8,calm_interior,0.616,False,True,0.548,moderate,8,salt_pan,False,False,False,False,True,False,False,False,10.36,dry,saline playa,10,salt flat sparse,11,salt_pans,salt_pans|evaporite_host,0.3,poor,True
H+34+42,34,42,13.12,381.8,calm_interior,0.601,False,True,0.559,moderate,8,salt_pan,False,False,False,False,True,False,False,False,10.05,dry,saline playa,10,salt flat sparse,11,salt_pans,salt_pans|evaporite_host,0.3,poor,True
H+35+42,35,42,13.15,373.2,calm_interior,0.586,False,True,0.57,moderate,8,salt_pan,False,False,False,False,True,False,False,False,9.92,dry,saline playa,10,salt flat sparse,11,salt_pans,salt_pans|evaporite_host,0.3,poor,True
H+36+42,36,42,13.18,362.8,calm_interior,0.571,False,True,0.582,moderate,8,salt_pan,False,False,False,False,True,False,False,False,9.96,dry,saline playa,10,salt flat sparse,11,salt_pans,salt_pans|evaporite_host,0.3,poor,True
H+37+42,37,42,13.2,357.1,calm_interior,0.557,False,True,0.594,moderate,8,salt_pan,False,False,False,False,True,False,False,False,9.93,dry,saline playa,10,salt flat sparse,11,salt_pans,salt_pans|evaporite_host,0.3,poor,True
H+38+42,38,42,12.5,360.2,calm_interior,0.545,False,True,0.605,moderate,8,salt_pan,False,False,False,False,True,False,False,False,9.82,dry,saline playa,10,salt flat sparse,11,salt_pans,salt_pans|evaporite_host,0.3,poor,True
H+39+42,39,42,13.21,342.0,open_westerly,0.535,False,True,0.617,moderate,8,salt_pan,False,False,False,False,True,False,False,False,9.85,dry,saline playa,10,salt flat sparse,11,salt_pans,salt_pans|evaporite_host,0.3,poor,True
H+40+42,40,42,4.68,512.2,leeward,0.547,True,False,0.629,moderate,0,none,False,False,False,False,False,False,False,False,13.72,dry,mountain thin,3,boreal forest,3,timber,timber|stone,1.0,modest,False
H+41+42,41,42,15.46,626.9,open_westerly,0.539,False,False,0.441,moderate,0,none,False,False,False,False,False,False,False,False,6.89,shallow_well,rocky/lithosol,1,grassland/pasture,5,pasture,pasture|limestone_karst,2.0,good,False
H+42+42,42,42,16.26,621.9,open_westerly,0.533,False,False,0.452,moderate,0,none,False,False,False,False,False,False,False,False,6.53,shallow_well,loam,4,grassland/pasture,5,pasture,pasture,2.0,good,False
H+43+42,43,42,16.25,626.2,open_westerly,0.527,False,False,0.463,moderate,0,none,False,False,False,False,False,False,False,False,6.54,shallow_well,loam,4,grassland/pasture,5,pasture,pasture,2.0,good,False
H+44+42,44,42,16.25,627.3,open_westerly,0.522,False,False,0.474,moderate,0,none,False,False,False,False,False,False,False,False,6.61,shallow_well,loam,4,grassland/pasture,5,pasture,pasture,2.0,good,False
H+45+42,45,42,16.27,625.0,open_westerly,0.518,False,False,0.484,moderate,0,none,False,False,False,False,False,False,False,False,6.71,shallow_well,loam,4,grassland/pasture,5,pasture,pasture,2.0,good,False
H+46+42,46,42,16.31,619.0,open_westerly,0.514,False,False,0.494,moderate,0,none,False,False,False,False,False,False,True,False,6.78,shallow_well,loam,4,floodplain farmable,9,,,3.0,rich,False
H+47+42,47,42,16.36,606.4,open_westerly,0.511,False,False,0.504,moderate,2,river,True,False,False,False,False,False,True,False,1.5,spring_line,loam,4,floodplain farmable,9,,,3.0,rich,False
H+48+42,48,42,16.41,588.5,open_westerly,0.509,False,False,0.513,moderate,2,river,True,False,False,False,False,False,True,False,1.5,spring_line,loam,4,floodplain farmable,9,,,3.0,rich,False
H+49+42,49,42,16.44,570.1,open_westerly,0.506,False,False,0.523,moderate,2,river,True,False,False,False,False,False,True,False,1.5,spring_line,loam,4,floodplain farmable,9,,,3.0,rich,False
H+50+42,50,42,16.46,558.2,open_westerly,0.504,False,False,0.532,moderate,2,river,True,False,False,False,False,False,True,False,1.5,spring_line,loam,4,floodplain farmable,9,,,3.0,rich,False
H+51+42,51,42,16.75,555.8,open_westerly,0.5,False,False,0.542,moderate,3,major_river,True,True,False,False,False,False,True,False,1.5,spring_line,loam,4,coastal scrub,10,fisheries,fisheries,0.8,modest,False
H+52+42,52,42,16.27,562.7,open_westerly,0.497,False,False,0.551,moderate,0,none,False,False,False,False,False,False,True,False,6.86,shallow_well,loam,4,floodplain farmable,9,,,3.0,rich,False
H+53+42,53,42,15.65,645.7,open_westerly,0.513,False,False,0.56,moderate,0,none,False,False,False,False,False,False,False,False,6.67,shallow_well,volcanic andisol,7,grassland/pasture,5,pasture,pasture,2.0,good,False
H+54+42,54,42,15.05,728.6,open_westerly,0.53,False,False,0.569,moderate,0,none,False,False,False,False,False,False,False,False,6.58,shallow_well,volcanic andisol,7,temperate forest,4,timber,timber,1.5,good,False
H+55+42,55,42,14.48,795.7,open_westerly,0.54,False,False,0.578,moderate,0,none,False,False,False,False,False,False,False,False,6.62,shallow_well,volcanic andisol,7,temperate forest,4,timber,timber,1.5,good,False
H+56+42,56,42,14.02,827.3,open_westerly,0.543,False,False,0.587,moderate,0,none,False,False,False,False,False,False,False,False,6.76,shallow_well,volcanic andisol,7,temperate forest,4,timber,timber,1.5,good,False
H+57+42,57,42,13.57,838.0,open_westerly,0.542,False,False,0.596,moderate,0,none,False,False,False,False,False,False,False,False,7.03,shallow_well,volcanic andisol,7,temperate forest,4,timber,timber|volcanic_host,1.5,good,False
H+58+42,58,42,13.15,841.2,open_westerly,0.537,False,False,0.605,moderate,0,none,False,False,False,False,False,False,False,False,7.42,shallow_well,volcanic andisol,7,temperate forest,4,timber,timber,1.5,good,False
H+59+42,59,42,12.78,823.3,open_westerly,0.526,False,False,0.614,moderate,0,none,False,False,False,False,False,False,False,False,7.95,shallow_well,volcanic andisol,7,temperate forest,4,timber,timber,1.5,good,False
H+60+42,60,42,12.43,786.1,open_westerly,0.514,False,False,0.623,moderate,0,none,False,False,False,False,False,False,False,False,8.58,dry,volcanic andisol,7,temperate forest,4,timber,timber,1.5,good,False
H+61+42,61,42,12.22,739.1,open_westerly,0.497,False,False,0.632,moderate,0,none,False,False,False,False,False,False,False,False,9.21,dry,volcanic andisol,7,temperate forest,4,,,1.5,good,False
H+62+42,62,42,12.23,684.5,open_westerly,0.475,False,False,0.64,moderate,0,none,False,False,False,False,False,False,False,False,9.7,dry,volcanic andisol,7,grassland/pasture,5,pasture,pasture,2.0,good,False
H+63+42,63,42,12.4,637.2,open_westerly,0.456,False,False,0.648,moderate,0,none,False,False,False,False,False,False,False,False,9.88,dry,volcanic andisol,7,grassland/pasture,5,pasture,pasture,2.0,good,False
H+64+42,64,42,12.61,601.8,open_westerly,0.44,False,False,0.655,strong,0,none,False,False,False,False,False,False,False,False,9.81,dry,volcanic andisol,7,grassland/pasture,5,pasture,pasture,2.0,good,False
H+65+42,65,42,12.67,581.1,open_westerly,0.427,False,False,0.662,strong,0,none,False,False,False,False,False,False,True,False,9.66,dry,loam,4,floodplain farmable,9,,,3.0,rich,False
H+66+42,66,42,12.64,572.9,open_westerly,0.415,False,False,0.669,strong,0,none,False,False,False,False,False,False,False,False,9.47,dry,volcanic andisol,7,grassland/pasture,5,pasture,pasture,2.0,good,False
H+67+42,67,42,12.6,565.4,open_westerly,0.401,False,False,0.676,strong,0,none,False,False,False,False,False,False,False,False,9.3,dry,volcanic andisol,7,grassland/pasture,5,pasture,pasture,2.0,good,False
H+68+42,68,42,12.61,560.4,open_westerly,0.387,False,False,0.675,strong,0,none,False,False,False,False,False,False,False,False,9.12,dry,volcanic andisol,7,grassland/pasture,5,pasture,pasture,2.0,good,False
H+69+42,69,42,12.66,547.6,open_westerly,0.373,False,False,0.673,strong,0,none,False,False,False,False,False,False,False,False,9.02,dry,volcanic andisol,7,grassland/pasture,5,pasture,pasture|obsidian,2.0,good,False
H+70+42,70,42,12.86,538.8,open_westerly,0.36,False,False,0.671,strong,0,none,False,False,False,False,False,False,False,False,8.89,dry,volcanic andisol,7,grassland/pasture,5,pasture,pasture|obsidian,2.0,good,False
H+71+42,71,42,13.23,542.1,open_westerly,0.35,False,False,0.669,strong,0,none,False,False,False,False,False,False,False,False,8.61,dry,volcanic andisol,7,grassland/pasture,5,pasture,pasture|obsidian,2.0,good,False
H+72+42,72,42,13.68,542.0,open_westerly,0.341,False,False,0.668,strong,0,none,False,False,False,False,False,False,False,False,8.36,dry,volcanic andisol,7,grassland/pasture,5,pasture,pasture|obsidian|volcanic_host,2.0,good,False
H+73+42,73,42,14.22,527.5,open_westerly,0.327,False,False,0.666,strong,2,river,True,False,False,False,False,False,True,False,1.5,spring_line,loam,4,floodplain farmable,9,fisheries,fisheries|obsidian,3.0,rich,False
H+74+42,74,42,14.81,517.8,open_westerly,0.315,True,False,0.866,strong,0,none,False,False,False,False,False,False,True,False,8.63,dry,loam,4,floodplain farmable,9,,obsidian,3.0,rich,False
H+75+42,75,42,15.34,509.1,open_westerly,0.305,True,False,0.865,strong,0,none,False,False,False,False,False,False,True,False,9.29,dry,loam,4,floodplain farmable,9,,obsidian,3.0,rich,False
H+76+42,76,42,15.76,500.9,open_westerly,0.297,True,False,0.865,strong,0,none,False,False,False,False,False,False,True,False,10.03,dry,loam,4,floodplain farmable,9,,obsidian,3.0,rich,False
H+77+42,77,42,16.08,495.6,open_westerly,0.291,True,False,0.865,strong,0,none,False,False,False,False,False,False,True,False,2.5,shallow_well,loam,4,floodplain farmable,9,,obsidian,3.0,rich,False
H+78+42,78,42,16.31,491.8,open_westerly,0.288,True,False,0.865,strong,0,none,False,False,False,False,False,False,False,False,2.5,shallow_well,sandy coastal,6,coastal scrub,10,,clay,0.0,none,False
H+79+42,79,42,16.68,690.7,ocean_westerly,0.402,False,False,0.2,maritime,1,ocean,False,False,False,False,False,False,False,False,0.0,dry,none/ocean,0,none/ocean,0,fisheries,fisheries,0.8,modest,False
H+00+43,0,43,18.35,875.6,ocean_westerly,0.92,False,False,0.2,maritime,1,ocean,False,False,False,False,False,False,False,False,0.0,dry,none/ocean,0,none/ocean,0,fisheries,fisheries,0.8,modest,False
H+01+43,1,43,18.36,876.9,ocean_westerly,0.913,False,False,0.2,maritime,1,ocean,False,False,False,False,False,False,False,False,0.0,dry,none/ocean,0,none/ocean,0,fisheries,fisheries,0.8,modest,False
H+02+43,2,43,18.14,799.8,open_westerly,0.789,False,False,0.543,moderate,0,none,False,False,False,False,False,False,False,False,2.5,spring_line,sandy coastal,6,coastal scrub,10,,,0.0,none,False
H+03+43,3,43,18.16,804.3,open_westerly,0.783,False,False,0.534,moderate,0,none,False,False,False,False,False,False,False,False,2.5,shallow_well,sandy coastal,6,coastal scrub,10,,,0.0,none,False
H+04+43,4,43,18.13,812.3,open_westerly,0.777,False,False,0.524,moderate,0,none,False,False,False,False,False,False,False,False,2.5,shallow_well,sandy coastal,6,coastal scrub,10,,,0.0,none,False
H+05+43,5,43,18.05,811.7,open_westerly,0.772,False,False,0.515,moderate,0,none,False,False,False,False,False,False,False,False,2.5,shallow_well,sandy coastal,6,coastal scrub,10,,,0.0,none,False
H+06+43,6,43,17.94,813.4,open_westerly,0.766,False,False,0.505,moderate,0,none,False,False,False,False,False,False,False,False,6.34,shallow_well,sandy coastal,6,coastal scrub,10,,,0.0,none,False
H+07+43,7,43,17.87,811.2,open_westerly,0.76,False,False,0.495,moderate,0,none,False,False,False,False,False,False,True,False,6.05,shallow_well,loam,4,coastal scrub,10,,,0.0,none,False
H+08+43,8,43,17.76,809.1,open_westerly,0.754,False,False,0.485,moderate,2,river,True,False,False,False,False,False,True,False,1.5,spring_line,loam,4,coastal scrub,10,,,0.0,none,False
H+09+43,9,43,17.63,803.6,open_westerly,0.749,False,False,0.475,moderate,3,major_river,True,True,False,False,False,False,True,False,1.5,spring_line,loam,4,coastal scrub,10,fisheries,fisheries,0.8,modest,False
H+10+43,10,43,17.25,772.8,open_westerly,0.743,False,False,0.466,moderate,0,none,False,False,False,False,False,False,False,False,6.69,shallow_well,volcanic andisol,7,coastal scrub,10,,,0.0,none,False
H+11+43,11,43,16.37,736.4,open_westerly,0.738,False,False,0.456,moderate,0,none,False,False,False,False,False,False,False,False,7.6,shallow_well,volcanic andisol,7,temperate forest,4,,,1.5,good,False
H+12+43,12,43,15.38,749.3,open_westerly,0.739,False,False,0.446,moderate,0,none,False,False,False,False,False,False,False,False,8.33,dry,volcanic andisol,7,temperate forest,4,,volcanic_host,1.5,good,False
H+13+43,13,43,14.29,789.4,open_westerly,0.743,False,False,0.436,moderate,0,none,False,False,False,False,False,False,False,False,8.92,dry,volcanic andisol,7,temperate forest,4,timber,timber,1.5,good,False
H+14+43,14,43,13.16,831.7,open_westerly,0.75,False,False,0.426,moderate,0,none,False,False,False,False,False,False,False,False,9.37,dry,volcanic andisol,7,temperate forest,4,timber,timber,1.5,good,False
H+15+43,15,43,12.0,892.9,open_westerly,0.761,False,False,0.416,moderate,0,none,False,False,False,False,False,False,False,False,9.54,dry,volcanic andisol,7,temperate forest,4,,,1.5,good,False
H+16+43,16,43,13.35,417.8,calm_interior,0.724,False,True,0.606,moderate,8,salt_pan,False,False,False,False,True,False,False,False,11.75,dry,saline playa,10,salt flat sparse,11,salt_pans,salt_pans|evaporite_host,0.3,poor,True
H+17+43,17,43,13.27,452.7,calm_interior,0.735,False,True,0.596,moderate,8,salt_pan,False,False,False,False,True,False,False,False,11.36,dry,saline playa,10,salt flat sparse,11,salt_pans,salt_pans|evaporite_host,0.3,poor,True
H+18+43,18,43,13.19,474.3,calm_interior,0.736,False,True,0.587,moderate,8,salt_pan,False,False,False,False,True,False,False,False,11.08,dry,saline playa,10,salt flat sparse,11,salt_pans,salt_pans|evaporite_host,0.3,poor,True
H+19+43,19,43,13.13,487.2,calm_interior,0.738,False,True,0.577,moderate,8,salt_pan,False,False,False,False,True,False,False,False,10.89,dry,saline playa,10,salt flat sparse,11,salt_pans,salt_pans|evaporite_host,0.3,poor,True
H+20+43,20,43,13.07,500.1,calm_interior,0.74,False,True,0.568,moderate,8,salt_pan,False,False,False,False,True,False,False,False,10.71,dry,saline playa,10,salt flat sparse,11,salt_pans,salt_pans|evaporite_host,0.3,poor,True
H+21+43,21,43,12.18,1091.6,open_westerly,0.772,False,False,0.358,moderate,0,none,False,False,False,False,False,False,False,False,7.18,shallow_well,volcanic andisol,7,temperate forest,4,,,1.5,good,False
H+22+43,22,43,13.06,962.4,open_westerly,0.734,False,False,0.349,weak,0,none,False,False,False,False,False,False,False,False,7.29,shallow_well,volcanic andisol,7,temperate forest,4,timber,timber,1.5,good,False
H+23+43,23,43,13.88,905.2,open_westerly,0.713,False,False,0.34,weak,0,none,False,False,False,False,False,False,False,False,6.76,shallow_well,volcanic andisol,7,temperate forest,4,timber,timber,1.5,good,False
H+24+43,24,43,14.68,845.7,open_westerly,0.691,False,False,0.33,weak,0,none,False,False,False,False,False,False,True,False,6.28,shallow_well,loam,4,floodplain farmable,9,,,3.0,rich,False
H+25+43,25,43,15.25,794.6,open_westerly,0.673,False,False,0.321,weak,2,river,True,False,False,False,False,False,True,False,1.5,spring_line,loam,4,floodplain farmable,9,,,3.0,rich,False
H+26+43,26,43,14.42,908.8,open_westerly,0.693,False,False,0.312,weak,0,none,False,False,False,False,False,False,False,False,5.74,shallow_well,loam,4,floodplain farmable,9,,,3.0,rich,False
H+27+43,27,43,13.23,1054.4,open_westerly,0.72,False,False,0.303,weak,0,none,False,False,False,False,False,False,False,False,5.45,shallow_well,loam,4,temperate forest,4,timber,timber,1.5,good,False
H+28+43,28,43,11.98,1194.3,open_westerly,0.74,False,False,0.301,weak,0,none,False,False,False,False,False,False,False,False,5.28,shallow_well,loam,4,temperate forest,4,timber,timber,1.5,good,False
H+29+43,29,43,12.57,515.5,calm_interior,0.674,False,True,0.509,moderate,8,salt_pan,False,False,False,False,True,False,False,False,9.2,dry,saline playa,10,salt flat sparse,11,salt_pans,salt_pans|evaporite_host,0.3,poor,True
H+30+43,30,43,13.29,491.8,calm_interior,0.668,False,True,0.518,moderate,8,salt_pan,False,False,False,False,True,False,False,False,9.63,dry,saline playa,10,salt flat sparse,11,salt_pans,salt_pans|evaporite_host,0.3,poor,True
H+31+43,31,43,13.29,458.0,calm_interior,0.651,False,True,0.527,moderate,8,salt_pan,False,False,False,False,True,False,False,False,10.09,dry,saline playa,10,salt flat sparse,11,salt_pans,salt_pans|evaporite_host,0.3,poor,True
H+32+43,32,43,13.29,423.4,calm_interior,0.634,False,True,0.537,moderate,8,salt_pan,False,False,False,False,True,False,False,False,10.34,dry,saline playa,10,salt flat sparse,11,salt_pans,salt_pans|evaporite_host,0.3,poor,True
H+33+43,33,43,13.31,391.3,calm_interior,0.616,False,True,0.548,moderate,8,salt_pan,False,False,False,False,True,False,False,False,10.28,dry,saline playa,10,salt flat sparse,11,salt_pans,salt_pans|evaporite_host,0.3,poor,True
H+34+43,34,43,13.36,378.5,calm_interior,0.601,False,True,0.558,moderate,8,salt_pan,False,False,False,False,True,False,False,False,10.02,dry,saline playa,10,salt flat sparse,11,salt_pans,salt_pans|evaporite_host,0.3,poor,True
H+35+43,35,43,13.42,363.8,calm_interior,0.586,False,True,0.57,moderate,8,salt_pan,False,False,False,False,True,False,False,False,9.94,dry,saline playa,10,salt flat sparse,11,salt_pans,salt_pans|evaporite_host,0.3,poor,True
H+36+43,36,43,13.48,350.6,calm_interior,0.572,False,True,0.581,moderate,8,salt_pan,False,False,False,False,True,False,False,False,10.03,dry,saline playa,10,salt flat sparse,11,salt_pans,salt_pans|evaporite_host,0.3,poor,True
H+37+43,37,43,13.53,346.5,calm_interior,0.558,False,True,0.593,moderate,8,salt_pan,False,False,False,False,True,False,False,False,10.07,dry,saline playa,10,salt flat sparse,11,salt_pans,salt_pans|evaporite_host,0.3,poor,True
H+38+43,38,43,13.56,343.6,calm_interior,0.546,False,True,0.605,moderate,8,salt_pan,False,False,False,False,True,False,False,False,10.06,dry,saline playa,10,salt flat sparse,11,salt_pans,salt_pans|evaporite_host,0.3,poor,True
H+39+43,39,43,13.55,335.5,open_westerly,0.536,False,True,0.616,moderate,8,salt_pan,False,False,False,False,True,False,False,False,10.04,dry,saline playa,10,salt flat sparse,11,salt_pans,salt_pans|evaporite_host,0.3,poor,True
H+40+43,40,43,4.98,509.9,leeward,0.551,True,False,0.628,moderate,0,none,False,False,False,False,False,False,False,False,13.86,dry,mountain thin,3,boreal forest,3,timber,timber|stone,1.0,modest,False
H+41+43,41,43,15.67,621.2,open_westerly,0.539,False,False,0.44,moderate,0,none,False,False,False,False,False,False,False,False,7.03,shallow_well,rocky/lithosol,1,grassland/pasture,5,pasture,pasture,2.0,good,False
H+42+43,42,43,16.47,618.7,open_westerly,0.533,False,False,0.451,moderate,0,none,False,False,False,False,False,False,False,False,6.62,shallow_well,loam,4,grassland/pasture,5,pasture,pasture,2.0,good,False
H+43+43,43,43,16.51,629.5,open_westerly,0.527,False,False,0.462,moderate,0,none,False,False,False,False,False,False,False,False,6.54,shallow_well,loam,4,grassland/pasture,5,pasture,pasture,2.0,good,False
H+44+43,44,43,16.5,635.2,open_westerly,0.522,False,False,0.472,moderate,0,none,False,False,False,False,False,False,False,False,6.58,shallow_well,loam,4,grassland/pasture,5,pasture,pasture,2.0,good,False
H+45+43,45,43,16.52,634.8,open_westerly,0.518,False,False,0.482,moderate,0,none,False,False,False,False,False,False,False,False,6.66,shallow_well,loam,4,grassland/pasture,5,pasture,pasture,2.0,good,False
H+46+43,46,43,16.56,628.3,open_westerly,0.514,False,False,0.492,moderate,0,none,False,False,False,False,False,False,True,False,6.74,shallow_well,loam,4,floodplain farmable,9,,,3.0,rich,False
H+47+43,47,43,16.61,612.8,open_westerly,0.511,False,False,0.501,moderate,0,none,False,False,False,False,False,False,True,False,6.73,shallow_well,loam,4,floodplain farmable,9,,,3.0,rich,False
H+48+43,48,43,16.66,589.9,open_westerly,0.509,False,False,0.51,moderate,0,none,False,False,False,False,False,False,True,False,6.75,shallow_well,loam,4,floodplain farmable,9,,,3.0,rich,False
H+49+43,49,43,16.69,566.8,open_westerly,0.506,False,False,0.52,moderate,0,none,False,False,False,False,False,False,True,False,6.89,shallow_well,loam,4,floodplain farmable,9,,,3.0,rich,False
H+50+43,50,43,16.97,550.5,open_westerly,0.504,False,False,0.529,moderate,3,major_river,True,True,False,False,False,False,True,False,1.5,spring_line,loam,4,coastal scrub,10,fisheries,fisheries,0.8,modest,False
H+51+43,51,43,16.49,539.1,open_westerly,0.5,False,False,0.538,moderate,0,none,False,False,False,False,False,False,True,False,7.2,shallow_well,loam,4,floodplain farmable,9,,,3.0,rich,False
H+52+43,52,43,15.86,624.2,open_westerly,0.519,False,False,0.546,moderate,0,none,False,False,False,False,False,False,False,False,6.94,shallow_well,volcanic andisol,7,grassland/pasture,5,pasture,pasture,2.0,good,False
H+53+43,53,43,15.25,714.1,open_westerly,0.537,False,False,0.555,moderate,0,none,False,False,False,False,False,False,False,False,6.7,shallow_well,volcanic andisol,7,temperate forest,4,timber,timber,1.5,good,False
H+54+43,54,43,14.67,781.2,open_westerly,0.55,False,False,0.564,moderate,0,none,False,False,False,False,False,False,False,False,6.71,shallow_well,volcanic andisol,7,temperate forest,4,timber,timber,1.5,good,False
H+55+43,55,43,14.22,821.1,open_westerly,0.555,False,False,0.573,moderate,0,none,False,False,False,False,False,False,False,False,6.86,shallow_well,volcanic andisol,7,temperate forest,4,timber,timber,1.5,good,False
H+56+43,56,43,13.78,843.7,open_westerly,0.556,False,False,0.582,moderate,0,none,False,False,False,False,False,False,False,False,7.04,shallow_well,volcanic andisol,7,temperate forest,4,timber,timber,1.5,good,False
H+57+43,57,43,13.36,856.5,open_westerly,0.551,False,False,0.59,moderate,0,none,False,False,False,False,False,False,False,False,7.26,shallow_well,volcanic andisol,7,temperate forest,4,timber,timber|volcanic_host,1.5,good,False
H+58+43,58,43,13.0,867.2,open_westerly,0.541,False,False,0.599,moderate,0,none,False,False,False,False,False,False,False,False,7.53,shallow_well,volcanic andisol,7,temperate forest,4,timber,timber,1.5,good,False
H+59+43,59,43,12.64,845.7,open_westerly,0.529,False,False,0.608,moderate,0,none,False,False,False,False,False,False,False,False,8.04,dry,volcanic andisol,7,temperate forest,4,timber,timber,1.5,good,False
H+60+43,60,43,12.41,777.1,open_westerly,0.512,False,False,0.617,moderate,0,none,False,False,False,False,False,False,False,False,8.8,dry,volcanic andisol,7,temperate forest,4,timber,timber,1.5,good,False
H+61+43,61,43,12.17,735.0,open_westerly,0.496,False,False,0.625,moderate,0,none,False,False,False,False,False,False,False,False,9.44,dry,volcanic andisol,7,temperate forest,4,,,1.5,good,False
H+62+43,62,43,12.07,690.8,open_westerly,0.476,False,False,0.633,moderate,0,none,False,False,False,False,False,False,False,False,9.95,dry,volcanic andisol,7,grassland/pasture,5,pasture,pasture,2.0,good,False
H+63+43,63,43,12.06,645.7,open_westerly,0.458,False,False,0.641,moderate,0,none,False,False,False,False,False,False,False,False,10.23,dry,volcanic andisol,7,grassland/pasture,5,pasture,pasture,2.0,good,False
H+64+43,64,43,12.14,609.9,open_westerly,0.441,False,False,0.648,moderate,0,none,False,False,False,False,False,False,False,False,10.22,dry,volcanic andisol,7,grassland/pasture,5,pasture,pasture,2.0,good,False
H+65+43,65,43,12.19,585.5,open_westerly,0.427,False,False,0.656,strong,0,none,False,False,False,False,False,False,False,False,10.06,dry,volcanic andisol,7,grassland/pasture,5,pasture,pasture,2.0,good,False
H+66+43,66,43,12.26,569.2,open_westerly,0.412,False,False,0.662,strong,0,none,False,False,False,False,False,False,False,False,9.82,dry,volcanic andisol,7,grassland/pasture,5,pasture,pasture,2.0,good,False
H+67+43,67,43,12.39,558.6,open_westerly,0.397,False,False,0.669,strong,0,none,False,False,False,False,False,False,False,False,9.57,dry,volcanic andisol,7,grassland/pasture,5,pasture,pasture,2.0,good,False
H+68+43,68,43,12.58,556.5,open_westerly,0.383,False,False,0.668,strong,0,none,False,False,False,False,False,False,False,False,9.29,dry,volcanic andisol,7,grassland/pasture,5,pasture,pasture,2.0,good,False
H+69+43,69,43,12.79,551.2,open_westerly,0.372,False,False,0.666,strong,0,none,False,False,False,False,False,False,False,False,9.07,dry,volcanic andisol,7,grassland/pasture,5,pasture,pasture|obsidian,2.0,good,False
H+70+43,70,43,13.04,550.6,open_westerly,0.361,False,False,0.664,strong,0,none,False,False,False,False,False,False,False,False,8.85,dry,volcanic andisol,7,grassland/pasture,5,pasture,pasture|obsidian,2.0,good,False
H+71+43,71,43,13.32,554.9,open_westerly,0.35,False,False,0.663,strong,0,none,False,False,False,False,False,False,False,False,8.64,dry,volcanic andisol,7,grassland/pasture,5,pasture,pasture|obsidian,2.0,good,False
H+72+43,72,43,13.61,556.0,open_westerly,0.341,False,False,0.661,strong,2,river,True,False,False,False,False,False,True,False,1.5,spring_line,loam,4,floodplain farmable,9,fisheries,fisheries|obsidian,3.0,rich,False
H+73+43,73,43,14.0,539.3,open_westerly,0.329,False,False,0.66,strong,0,none,False,False,False,False,False,False,True,False,8.64,dry,loam,4,floodplain farmable,9,,obsidian,3.0,rich,False
H+74+43,74,43,14.53,516.8,open_westerly,0.315,True,False,0.86,strong,0,none,False,False,False,False,False,False,False,False,9.01,dry,volcanic andisol,7,grassland/pasture,5,pasture,pasture|obsidian,2.0,good,False
H+75+43,75,43,15.14,499.3,open_westerly,0.303,True,False,0.859,strong,0,none,False,False,False,False,False,False,False,False,9.6,dry,volcanic andisol,7,grassland/pasture,5,pasture,pasture|obsidian|volcanic_host,2.0,good,False
H+76+43,76,43,15.63,486.2,open_westerly,0.294,True,False,0.86,strong,0,none,False,False,False,False,False,False,False,False,2.5,shallow_well,volcanic andisol,7,grassland/pasture,5,pasture,pasture|obsidian,2.0,good,False
H+77+43,77,43,16.04,478.4,open_westerly,0.287,True,False,0.86,strong,0,none,False,False,False,False,False,False,False,False,2.5,shallow_well,volcanic andisol,7,grassland/pasture,5,pasture,pasture,2.0,good,False
H+78+43,78,43,16.96,683.1,ocean_westerly,0.409,False,False,0.2,maritime,1,ocean,False,False,False,False,False,False,False,False,0.0,dry,none/ocean,0,none/ocean,0,fisheries,fisheries,0.8,modest,False
H+79+43,79,43,16.87,684.8,ocean_westerly,0.402,False,False,0.2,maritime,1,ocean,False,False,False,False,False,False,False,False,0.0,dry,none/ocean,0,none/ocean,0,fisheries,fisheries,0.8,modest,False
H+00+44,0,44,18.61,860.4,ocean_westerly,0.92,False,False,0.2,maritime,1,ocean,False,False,False,False,False,False,False,False,0.0,dry,none/ocean,0,none/ocean,0,fisheries,fisheries,0.8,modest,False
H+01+44,1,44,18.62,864.3,ocean_westerly,0.913,False,False,0.2,maritime,1,ocean,False,False,False,False,False,False,False,False,0.0,dry,none/ocean,0,none/ocean,0,fisheries,fisheries,0.8,modest,False
H+02+44,2,44,18.66,872.7,ocean_westerly,0.907,False,False,0.2,maritime,1,ocean,False,False,False,False,False,False,False,False,0.0,dry,none/ocean,0,none/ocean,0,fisheries,fisheries,0.8,modest,False
H+03+44,3,44,18.42,799.0,open_westerly,0.783,False,False,0.53,moderate,0,none,False,False,False,False,False,False,False,False,2.5,spring_line,sandy coastal,6,coastal scrub,10,,,0.0,none,False
H+04+44,4,44,18.42,801.9,open_westerly,0.777,False,False,0.52,moderate,0,none,False,False,False,False,False,False,False,False,2.5,shallow_well,sandy coastal,6,coastal scrub,10,,clay,0.0,none,False
H+05+44,5,44,18.36,801.4,open_westerly,0.772,False,False,0.511,moderate,0,none,False,False,False,False,False,False,False,False,2.5,shallow_well,sandy coastal,6,coastal scrub,10,,clay,0.0,none,False
H+06+44,6,44,18.28,803.7,open_westerly,0.766,False,False,0.501,moderate,0,none,False,False,False,False,False,False,True,False,2.5,shallow_well,loam,4,coastal scrub,10,,,0.0,none,False
H+07+44,7,44,18.17,799.9,open_westerly,0.76,False,False,0.492,moderate,0,none,False,False,False,False,False,False,True,False,6.54,shallow_well,loam,4,coastal scrub,10,,,0.0,none,False
H+08+44,8,44,18.04,789.4,open_westerly,0.754,False,False,0.482,moderate,3,major_river,True,True,False,False,False,False,True,False,1.5,spring_line,loam,4,coastal scrub,10,fisheries,fisheries,0.8,modest,False
H+09+44,9,44,17.82,779.3,open_westerly,0.749,False,False,0.472,moderate,0,none,False,False,False,False,False,False,False,False,6.39,shallow_well,sandy coastal,6,coastal scrub,10,,,0.0,none,False
H+10+44,10,44,17.67,762.1,open_westerly,0.743,False,False,0.463,moderate,0,none,False,False,False,False,False,False,False,False,6.48,shallow_well,volcanic andisol,7,coastal scrub,10,,,0.0,none,False
H+11+44,11,44,16.87,739.3,open_westerly,0.737,False,False,0.453,moderate,0,none,False,False,False,False,False,False,False,False,7.15,shallow_well,volcanic andisol,7,temperate forest,4,,volcanic_host,1.5,good,False
H+12+44,12,44,16.0,750.4,open_westerly,0.736,False,False,0.443,moderate,0,none,False,False,False,False,False,False,False,False,7.83,shallow_well,volcanic andisol,7,temperate forest,4,,,1.5,good,False
H+13+44,13,44,15.02,784.4,open_westerly,0.738,False,False,0.433,moderate,0,none,False,False,False,False,False,False,False,False,8.45,dry,volcanic andisol,7,temperate forest,4,timber,timber,1.5,good,False
H+14+44,14,44,13.95,823.6,open_westerly,0.744,False,False,0.423,moderate,0,none,False,False,False,False,False,False,False,False,8.91,dry,volcanic andisol,7,temperate forest,4,timber,timber,1.5,good,False
H+15+44,15,44,13.04,864.9,open_westerly,0.75,False,False,0.414,moderate,0,none,False,False,False,False,False,False,False,False,9.03,dry,volcanic andisol,7,temperate forest,4,timber,timber,1.5,good,False
H+16+44,16,44,12.19,926.4,open_westerly,0.758,False,False,0.404,moderate,0,none,False,False,False,False,False,False,False,False,8.83,dry,volcanic andisol,7,temperate forest,4,timber,timber,1.5,good,False
H+17+44,17,44,13.53,441.5,calm_interior,0.724,False,True,0.595,moderate,8,salt_pan,False,False,False,False,True,False,False,False,11.0,dry,saline playa,10,salt flat sparse,11,salt_pans,salt_pans|evaporite_host,0.3,poor,True
H+18+44,18,44,13.45,472.9,calm_interior,0.736,False,True,0.585,moderate,8,salt_pan,False,False,False,False,True,False,False,False,10.64,dry,saline playa,10,salt flat sparse,11,salt_pans,salt_pans|evaporite_host,0.3,poor,True
H+19+44,19,44,13.38,490.1,calm_interior,0.738,False,True,0.576,moderate,8,salt_pan,False,False,False,False,True,False,False,False,10.43,dry,saline playa,10,salt flat sparse,11,salt_pans,salt_pans|evaporite_host,0.3,poor,True
H+20+44,20,44,12.47,1053.6,open_westerly,0.767,False,False,0.366,moderate,0,none,False,False,False,False,False,False,False,False,7.09,shallow_well,volcanic andisol,7,temperate forest,4,,,1.5,good,False
H+21+44,21,44,13.32,945.7,open_westerly,0.736,False,False,0.357,moderate,0,none,False,False,False,False,False,False,False,False,7.23,shallow_well,volcanic andisol,7,temperate forest,4,,,1.5,good,False
H+22+44,22,44,14.12,885.2,open_westerly,0.717,False,False,0.348,weak,0,none,False,False,False,False,False,False,False,False,6.98,shallow_well,volcanic andisol,7,temperate forest,4,,,1.5,good,False
H+23+44,23,44,14.91,823.2,open_westerly,0.696,False,False,0.339,weak,0,none,False,False,False,False,False,False,True,False,6.64,shallow_well,loam,4,floodplain farmable,9,,,3.0,rich,False
H+24+44,24,44,15.64,768.5,open_westerly,0.675,False,False,0.329,weak,3,major_river,True,True,False,False,False,False,True,False,1.5,spring_line,loam,4,floodplain farmable,9,fisheries,fisheries,3.5,rich,False
H+25+44,25,44,15.58,789.5,open_westerly,0.673,False,False,0.32,weak,0,none,False,False,False,False,False,False,False,False,6.0,shallow_well,volcanic andisol,7,temperate forest,4,,,1.5,good,False
H+26+44,26,44,14.71,894.4,open_westerly,0.693,False,False,0.311,weak,0,none,False,False,False,False,False,False,False,False,5.79,shallow_well,loam,4,floodplain farmable,9,,,3.0,rich,False
H+27+44,27,44,13.61,1013.8,open_westerly,0.716,False,False,0.302,weak,0,none,False,False,False,False,False,False,False,False,5.69,shallow_well,loam,4,temperate forest,4,timber,timber,1.5,good,False
H+28+44,28,44,12.33,1162.6,open_westerly,0.738,False,False,0.3,weak,0,none,False,False,False,False,False,False,False,False,5.51,shallow_well,loam,4,temperate forest,4,timber,timber|stone,1.5,good,False
H+29+44,29,44,12.84,509.7,calm_interior,0.675,False,True,0.509,moderate,8,salt_pan,False,False,False,False,True,False,False,False,9.26,dry,saline playa,10,salt flat sparse,11,salt_pans,salt_pans|evaporite_host,0.3,poor,True
H+30+44,30,44,13.54,490.1,calm_interior,0.668,False,True,0.517,moderate,8,salt_pan,False,False,False,False,True,False,False,False,9.55,dry,saline playa,10,salt flat sparse,11,salt_pans,salt_pans|evaporite_host,0.3,poor,True
H+31+44,31,44,13.54,458.3,calm_interior,0.651,False,True,0.527,moderate,8,salt_pan,False,False,False,False,True,False,False,False,9.91,dry,saline playa,10,salt flat sparse,11,salt_pans,salt_pans|evaporite_host,0.3,poor,True
H+32+44,32,44,13.54,423.3,calm_interior,0.634,False,True,0.536,moderate,8,salt_pan,False,False,False,False,True,False,False,False,10.16,dry,saline playa,10,salt flat sparse,11,salt_pans,salt_pans|evaporite_host,0.3,poor,True
H+33+44,33,44,13.56,390.6,calm_interior,0.616,False,True,0.547,moderate,8,salt_pan,False,False,False,False,True,False,False,False,10.12,dry,saline playa,10,salt flat sparse,11,salt_pans,salt_pans|evaporite_host,0.3,poor,True
H+34+44,34,44,13.61,375.0,calm_interior,0.601,False,True,0.558,moderate,8,salt_pan,False,False,False,False,True,False,False,False,9.91,dry,saline playa,10,salt flat sparse,11,salt_pans,salt_pans|evaporite_host,0.3,poor,True
H+35+44,35,44,13.68,361.4,calm_interior,0.586,False,True,0.569,moderate,8,salt_pan,False,False,False,False,True,False,False,False,9.84,dry,saline playa,10,salt flat sparse,11,salt_pans,salt_pans|evaporite_host,0.3,poor,True
H+36+44,36,44,13.75,350.2,calm_interior,0.572,False,True,0.58,moderate,8,salt_pan,False,False,False,False,True,False,False,False,10.0,dry,saline playa,10,salt flat sparse,11,salt_pans,salt_pans|evaporite_host,0.3,poor,True
H+37+44,37,44,13.82,340.3,calm_interior,0.558,False,True,0.592,moderate,8,salt_pan,False,False,False,False,True,False,False,False,10.23,dry,saline playa,10,salt flat sparse,11,salt_pans,salt_pans|evaporite_host,0.3,poor,True
H+38+44,38,44,13.15,336.8,calm_interior,0.547,False,True,0.603,moderate,8,salt_pan,False,False,False,False,True,False,False,False,10.37,dry,saline playa,10,salt flat sparse,11,salt_pans,salt_pans|evaporite_host,0.3,poor,True
H+39+44,39,44,13.84,323.2,open_westerly,0.537,False,True,0.615,moderate,8,salt_pan,False,False,False,False,True,False,False,False,10.43,dry,saline playa,10,salt flat sparse,11,salt_pans,salt_pans|evaporite_host,0.3,poor,True
H+40+44,40,44,5.18,497.3,leeward,0.555,True,False,0.627,moderate,0,none,False,False,False,False,False,False,False,False,14.22,dry,mountain thin,3,grassland/pasture,5,,stone,2.0,good,False
H+41+44,41,44,15.83,604.4,open_westerly,0.539,False,False,0.438,moderate,0,none,False,False,False,False,False,False,False,False,7.32,shallow_well,rocky/lithosol,1,grassland/pasture,5,pasture,pasture,2.0,good,False
H+42+44,42,44,16.64,599.2,open_westerly,0.533,False,False,0.449,moderate,0,none,False,False,False,False,False,False,False,False,6.86,shallow_well,loam,4,grassland/pasture,5,pasture,pasture,2.0,good,False
H+43+44,43,44,16.77,614.1,open_westerly,0.527,False,False,0.46,moderate,0,none,False,False,False,False,False,False,False,False,6.69,shallow_well,loam,4,grassland/pasture,5,pasture,pasture,2.0,good,False
H+44+44,44,44,16.75,625.9,open_westerly,0.522,False,False,0.47,moderate,0,none,False,False,False,False,False,False,False,False,6.69,shallow_well,loam,4,grassland/pasture,5,pasture,pasture,2.0,good,False
H+45+44,45,44,16.77,628.9,open_westerly,0.518,False,False,0.479,moderate,0,none,False,False,False,False,False,False,True,False,6.74,shallow_well,loam,4,floodplain farmable,9,,,3.0,rich,False
H+46+44,46,44,16.81,624.9,open_westerly,0.514,False,False,0.489,moderate,0,none,False,False,False,False,False,False,True,False,6.79,shallow_well,loam,4,floodplain farmable,9,,,3.0,rich,False
H+47+44,47,44,16.86,610.9,open_westerly,0.511,False,False,0.498,moderate,0,none,False,False,False,False,False,False,True,False,6.87,shallow_well,loam,4,floodplain farmable,9,,,3.0,rich,False
H+48+44,48,44,16.91,583.3,open_westerly,0.509,False,False,0.507,moderate,0,none,False,False,False,False,False,False,True,False,7.04,shallow_well,loam,4,floodplain farmable,9,,,3.0,rich,False
H+49+44,49,44,17.19,554.3,open_westerly,0.506,False,False,0.515,moderate,3,major_river,True,True,False,False,False,False,True,False,1.5,spring_line,loam,4,coastal scrub,10,fisheries,fisheries,0.8,modest,False
H+50+44,50,44,16.73,535.7,open_westerly,0.504,False,False,0.524,moderate,0,none,False,False,False,False,False,False,True,False,7.56,shallow_well,loam,4,floodplain farmable,9,,,3.0,rich,False
H+51+44,51,44,16.09,609.3,open_westerly,0.523,False,False,0.533,moderate,0,none,False,False,False,False,False,False,False,False,7.36,shallow_well,volcanic andisol,7,grassland/pasture,5,pasture,pasture,2.0,good,False
H+52+44,52,44,15.47,700.9,open_westerly,0.544,False,False,0.541,moderate,0,none,False,False,False,False,False,False,False,False,7.04,shallow_well,volcanic andisol,7,temperate forest,4,timber,timber,1.5,good,False
H+53+44,53,44,14.89,779.8,open_westerly,0.558,False,False,0.55,moderate,0,none,False,False,False,False,False,False,False,False,6.89,shallow_well,volcanic andisol,7,temperate forest,4,timber,timber,1.5,good,False
H+54+44,54,44,14.42,829.1,open_westerly,0.566,False,False,0.558,moderate,0,none,False,False,False,False,False,False,False,False,6.96,shallow_well,volcanic andisol,7,temperate forest,4,timber,timber,1.5,good,False
H+55+44,55,44,13.99,864.3,open_westerly,0.569,False,False,0.567,moderate,0,none,False,False,False,False,False,False,False,False,7.13,shallow_well,volcanic andisol,7,temperate forest,4,timber,timber,1.5,good,False
H+56+44,56,44,13.59,882.7,open_westerly,0.566,False,False,0.575,moderate,0,none,False,False,False,False,False,False,False,False,7.32,shallow_well,volcanic andisol,7,temperate forest,4,timber,timber,1.5,good,False
H+57+44,57,44,13.23,884.5,open_westerly,0.557,False,False,0.584,moderate,0,none,False,False,False,False,False,False,False,False,7.53,shallow_well,volcanic andisol,7,temperate forest,4,timber,timber,1.5,good,False
H+58+44,58,44,12.87,885.2,open_westerly,0.546,False,False,0.592,moderate,0,none,False,False,False,False,False,False,False,False,7.78,shallow_well,volcanic andisol,7,temperate forest,4,timber,timber,1.5,good,False
H+59+44,59,44,12.63,844.3,open_westerly,0.528,False,False,0.601,moderate,0,none,False,False,False,False,False,False,False,False,8.28,dry,volcanic andisol,7,temperate forest,4,timber,timber,1.5,good,False
H+60+44,60,44,12.38,800.4,open_westerly,0.512,False,False,0.61,moderate,0,none,False,False,False,False,False,False,False,False,8.89,dry,volcanic andisol,7,temperate forest,4,timber,timber,1.5,good,False
H+61+44,61,44,12.21,751.3,open_westerly,0.493,False,False,0.618,moderate,0,none,False,False,False,False,False,False,False,False,9.56,dry,volcanic andisol,7,temperate forest,4,,,1.5,good,False
H+62+44,62,44,11.97,713.9,open_westerly,0.477,False,False,0.627,moderate,0,none,False,False,False,False,False,False,False,False,10.14,dry,volcanic andisol,7,temperate forest,4,timber,timber,1.5,good,False
H+63+44,63,44,11.82,664.3,open_westerly,0.459,False,False,0.634,moderate,0,none,False,False,False,False,False,False,False,False,10.57,dry,volcanic andisol,7,grassland/pasture,5,pasture,pasture,2.0,good,False
H+64+44,64,44,11.72,626.5,open_westerly,0.443,False,False,0.642,moderate,0,none,False,False,False,False,False,False,False,False,10.62,dry,volcanic andisol,7,grassland/pasture,5,pasture,pasture,2.0,good,False
H+65+44,65,44,11.73,593.5,open_westerly,0.428,False,False,0.649,moderate,0,none,False,False,False,False,False,False,False,False,10.43,dry,volcanic andisol,7,grassland/pasture,5,pasture,pasture,2.0,good,False
H+66+44,66,44,11.89,575.7,open_westerly,0.413,False,False,0.656,strong,0,none,False,False,False,False,False,False,False,False,10.08,dry,volcanic andisol,7,grassland/pasture,5,pasture,pasture|volcanic_host,2.0,good,False
H+67+44,67,44,12.19,564.5,open_westerly,0.399,False,False,0.662,strong,0,none,False,False,False,False,False,False,False,False,9.72,dry,volcanic andisol,7,grassland/pasture,5,pasture,pasture,2.0,good,False
H+68+44,68,44,12.57,552.5,open_westerly,0.379,False,False,0.662,strong,0,none,False,False,False,False,False,False,False,False,9.43,dry,volcanic andisol,7,grassland/pasture,5,pasture,pasture,2.0,good,False
H+69+44,69,44,13.0,552.9,open_westerly,0.369,False,False,0.66,strong,0,none,False,False,False,False,False,False,False,False,9.09,dry,volcanic andisol,7,grassland/pasture,5,pasture,pasture,2.0,good,False
H+70+44,70,44,13.34,559.7,open_westerly,0.361,False,False,0.658,strong,0,none,False,False,False,False,False,False,False,False,8.8,dry,volcanic andisol,7,grassland/pasture,5,pasture,pasture|obsidian,2.0,good,False
H+71+44,71,44,13.57,562.8,open_westerly,0.352,False,False,0.656,strong,0,none,False,False,False,False,False,False,True,False,8.66,dry,loam,4,floodplain farmable,9,,obsidian,3.0,rich,False
H+72+44,72,44,13.73,554.9,open_westerly,0.342,False,False,0.655,strong,0,none,False,False,False,False,False,False,False,False,8.76,dry,volcanic andisol,7,grassland/pasture,5,pasture,pasture|obsidian,2.0,good,False
H+73+44,73,44,13.93,540.5,open_westerly,0.332,False,False,0.654,strong,0,none,False,False,False,False,False,False,False,False,9.04,dry,volcanic andisol,7,grassland/pasture,5,pasture,pasture|obsidian,2.0,good,False
H+74+44,74,44,14.36,509.0,open_westerly,0.316,True,False,0.854,strong,0,none,False,False,False,False,False,False,False,False,9.46,dry,volcanic andisol,7,grassland/pasture,5,pasture,pasture|obsidian,2.0,good,False
H+75+44,75,44,15.0,485.1,open_westerly,0.302,True,False,0.854,strong,0,none,False,False,False,False,False,False,False,False,2.5,shallow_well,volcanic andisol,7,grassland/pasture,5,pasture,pasture|obsidian,2.0,good,False
H+76+44,76,44,15.58,471.2,open_westerly,0.292,True,False,0.854,strong,0,none,False,False,False,False,False,False,False,False,2.5,shallow_well,volcanic andisol,7,grassland/pasture,5,pasture,pasture|obsidian,2.0,good,False
H+77+44,77,44,17.28,678.9,ocean_westerly,0.416,False,False,0.2,maritime,1,ocean,False,False,False,False,False,False,False,False,0.0,dry,none/ocean,0,none/ocean,0,fisheries,fisheries,0.8,modest,False
H+78+44,78,44,17.19,684.8,ocean_westerly,0.409,False,False,0.2,maritime,1,ocean,False,False,False,False,False,False,False,False,0.0,dry,none/ocean,0,none/ocean,0,fisheries,fisheries,0.8,modest,False
H+79+44,79,44,17.1,697.1,ocean_westerly,0.402,False,False,0.2,maritime,1,ocean,False,False,False,False,False,False,False,False,0.0,dry,none/ocean,0,none/ocean,0,fisheries,fisheries,0.8,modest,False
H+00+45,0,45,18.85,845.1,ocean_westerly,0.92,False,False,0.2,maritime,1,ocean,False,False,False,False,False,False,False,False,0.0,dry,none/ocean,0,none/ocean,0,fisheries,fisheries,0.8,modest,False
H+01+45,1,45,18.87,850.6,ocean_westerly,0.913,False,False,0.2,maritime,1,ocean,False,False,False,False,False,False,False,False,0.0,dry,none/ocean,0,none/ocean,0,fisheries,fisheries,0.8,modest,False
H+02+45,2,45,18.9,862.1,ocean_westerly,0.907,False,False,0.2,maritime,1,ocean,False,False,False,False,False,False,False,False,0.0,dry,none/ocean,0,none/ocean,0,fisheries,fisheries,0.8,modest,False
H+03+45,3,45,18.92,868.2,ocean_westerly,0.9,False,False,0.2,maritime,1,ocean,False,False,False,False,False,False,False,False,0.0,dry,none/ocean,0,none/ocean,0,fisheries,fisheries,0.8,modest,False
H+04+45,4,45,18.68,787.9,open_westerly,0.777,False,False,0.516,moderate,0,none,False,False,False,False,False,False,False,False,2.5,spring_line,sandy coastal,6,coastal scrub,10,,clay,0.0,none,False
H+05+45,5,45,18.74,787.9,open_westerly,0.772,False,False,0.507,moderate,3,major_river,True,True,False,False,False,False,True,False,1.5,spring_line,loam,4,coastal scrub,10,fisheries,fisheries|clay,0.8,modest,False
H+06+45,6,45,18.62,792.0,open_westerly,0.766,False,False,0.498,moderate,3,major_river,True,True,False,False,False,False,True,False,1.5,spring_line,loam,4,coastal scrub,10,fisheries,fisheries,0.8,modest,False
H+07+45,7,45,18.46,788.8,open_westerly,0.76,False,False,0.488,moderate,3,major_river,True,True,False,False,False,False,True,False,1.5,spring_line,loam,4,coastal scrub,10,fisheries,fisheries,0.8,modest,False
H+08+45,8,45,18.25,773.7,open_westerly,0.754,False,False,0.478,moderate,0,none,False,False,False,False,False,False,False,False,6.94,shallow_well,sandy coastal,6,coastal scrub,10,,,0.0,none,False
H+09+45,9,45,18.08,761.1,open_westerly,0.749,False,False,0.469,moderate,0,none,False,False,False,False,False,False,False,False,6.66,shallow_well,sandy coastal,6,coastal scrub,10,,,0.0,none,False
H+10+45,10,45,17.99,754.2,open_westerly,0.743,False,False,0.459,moderate,2,river,True,False,False,False,False,False,True,False,1.5,spring_line,loam,4,coastal scrub,10,,,0.0,none,False
H+11+45,11,45,17.58,745.0,open_westerly,0.737,False,False,0.45,moderate,0,none,False,False,False,False,False,False,False,False,6.64,shallow_well,volcanic andisol,7,coastal scrub,10,,,0.0,none,False
H+12+45,12,45,16.78,743.4,open_westerly,0.733,False,False,0.44,moderate,0,none,False,False,False,False,False,False,False,False,7.32,shallow_well,volcanic andisol,7,temperate forest,4,,,1.5,good,False
H+13+45,13,45,15.95,767.0,open_westerly,0.733,False,False,0.43,moderate,0,none,False,False,False,False,False,False,False,False,7.93,shallow_well,volcanic andisol,7,temperate forest,4,timber,timber,1.5,good,False
H+14+45,14,45,15.15,786.6,open_westerly,0.734,False,False,0.421,moderate,0,none,False,False,False,False,False,False,False,False,8.39,dry,volcanic andisol,7,temperate forest,4,timber,timber,1.5,good,False
H+15+45,15,45,14.36,826.6,open_westerly,0.738,False,False,0.411,moderate,0,none,False,False,False,False,False,False,False,False,8.39,dry,volcanic andisol,7,temperate forest,4,timber,timber,1.5,good,False
H+16+45,16,45,13.73,864.5,open_westerly,0.741,False,False,0.402,moderate,0,none,False,False,False,False,False,False,False,False,8.14,dry,volcanic andisol,7,temperate forest,4,timber,timber,1.5,good,False
H+17+45,17,45,13.3,888.5,open_westerly,0.744,False,False,0.392,moderate,0,none,False,False,False,False,False,False,False,False,7.86,shallow_well,volcanic andisol,7,temperate forest,4,timber,timber,1.5,good,False
H+18+45,18,45,13.15,903.6,open_westerly,0.744,False,False,0.383,moderate,0,none,False,False,False,False,False,False,False,False,7.65,shallow_well,volcanic andisol,7,temperate forest,4,timber,timber,1.5,good,False
H+19+45,19,45,13.3,920.2,open_westerly,0.741,False,False,0.374,moderate,0,none,False,False,False,False,False,False,False,False,7.32,shallow_well,volcanic andisol,7,temperate forest,4,timber,timber,1.5,good,False
H+20+45,20,45,13.73,918.8,open_westerly,0.734,False,False,0.365,moderate,0,none,False,False,False,False,False,False,False,False,6.99,shallow_well,volcanic andisol,7,temperate forest,4,,,1.5,good,False
H+21+45,21,45,14.38,883.8,open_westerly,0.721,False,False,0.356,moderate,0,none,False,False,False,False,False,False,False,False,6.77,shallow_well,volcanic andisol,7,temperate forest,4,,,1.5,good,False
H+22+45,22,45,15.14,808.9,open_westerly,0.7,False,False,0.346,weak,0,none,False,False,False,False,False,False,False,False,6.69,shallow_well,volcanic andisol,7,temperate forest,4,,,1.5,good,False
H+23+45,23,45,15.85,747.3,open_westerly,0.68,False,False,0.337,weak,0,none,False,False,False,False,False,False,True,False,6.49,shallow_well,loam,4,floodplain farmable,9,,,3.0,rich,False
H+24+45,24,45,16.32,720.2,open_westerly,0.665,False,False,0.328,weak,3,major_river,True,True,False,False,False,False,True,False,1.5,spring_line,loam,4,floodplain farmable,9,fisheries,fisheries,3.5,rich,False
H+25+45,25,45,15.87,790.1,open_westerly,0.672,False,False,0.319,weak,0,none,False,False,False,False,False,False,True,False,5.83,shallow_well,loam,4,floodplain farmable,9,,,3.0,rich,False
H+26+45,26,45,14.95,891.9,open_westerly,0.693,False,False,0.31,weak,0,none,False,False,False,False,False,False,False,False,5.72,shallow_well,loam,4,floodplain farmable,9,,,3.0,rich,False
H+27+45,27,45,13.93,991.6,open_westerly,0.713,False,False,0.302,weak,0,none,False,False,False,False,False,False,False,False,5.78,shallow_well,loam,4,temperate forest,4,timber,timber|stone,1.5,good,False
H+28+45,28,45,12.68,1134.2,open_westerly,0.735,False,False,0.299,weak,0,none,False,False,False,False,False,False,False,False,5.64,shallow_well,loam,4,temperate forest,4,timber,timber|stone,1.5,good,False
H+29+45,29,45,13.09,504.7,calm_interior,0.675,False,True,0.508,moderate,8,salt_pan,False,False,False,False,True,False,False,False,9.25,dry,saline playa,10,salt flat sparse,11,salt_pans,salt_pans|evaporite_host,0.3,poor,True
H+30+45,30,45,13.79,485.8,calm_interior,0.668,False,True,0.517,moderate,8,salt_pan,False,False,False,False,True,False,False,False,9.45,dry,saline playa,10,salt flat sparse,11,salt_pans,salt_pans|evaporite_host,0.3,poor,True
H+31+45,31,45,13.79,454.3,calm_interior,0.651,False,True,0.526,moderate,8,salt_pan,False,False,False,False,True,False,False,False,9.73,dry,saline playa,10,salt flat sparse,11,salt_pans,salt_pans|evaporite_host,0.3,poor,True
H+32+45,32,45,13.09,427.0,calm_interior,0.634,False,True,0.536,moderate,8,salt_pan,False,False,False,False,True,False,False,False,9.91,dry,saline playa,10,salt flat sparse,11,salt_pans,salt_pans|evaporite_host,0.3,poor,True
H+33+45,33,45,13.11,394.5,calm_interior,0.616,False,True,0.546,moderate,8,salt_pan,False,False,False,False,True,False,False,False,9.89,dry,saline playa,10,salt flat sparse,11,salt_pans,salt_pans|evaporite_host,0.3,poor,True
H+34+45,34,45,13.16,377.7,calm_interior,0.601,False,True,0.557,moderate,8,salt_pan,False,False,False,False,True,False,False,False,9.71,dry,saline playa,10,salt flat sparse,11,salt_pans,salt_pans|evaporite_host,0.3,poor,True
H+35+45,35,45,13.23,365.7,calm_interior,0.586,False,True,0.568,moderate,8,salt_pan,False,False,False,False,True,False,False,False,9.64,dry,saline playa,10,salt flat sparse,11,salt_pans,salt_pans|evaporite_host,0.3,poor,True
H+36+45,36,45,13.31,356.4,calm_interior,0.572,False,True,0.579,moderate,8,salt_pan,False,False,False,False,True,False,False,False,9.86,dry,saline playa,10,salt flat sparse,11,salt_pans,salt_pans|evaporite_host,0.3,poor,True
H+37+45,37,45,13.37,341.7,calm_interior,0.559,False,True,0.59,moderate,8,salt_pan,False,False,False,False,True,False,False,False,10.27,dry,saline playa,10,salt flat sparse,11,salt_pans,salt_pans|evaporite_host,0.3,poor,True
H+38+45,38,45,13.41,325.5,calm_interior,0.547,False,True,0.602,moderate,8,salt_pan,False,False,False,False,True,False,False,False,10.64,dry,saline playa,10,salt flat sparse,11,salt_pans,salt_pans|evaporite_host,0.3,poor,True
H+39+45,39,45,14.09,313.3,open_westerly,0.538,False,True,0.613,moderate,8,salt_pan,False,False,False,False,True,False,False,False,10.74,dry,saline playa,10,salt flat sparse,11,salt_pans,salt_pans|evaporite_host,0.3,poor,True
H+40+45,40,45,5.33,486.3,leeward,0.557,True,False,0.624,moderate,0,none,False,False,False,False,False,False,False,False,14.55,dry,mountain thin,3,grassland/pasture,5,,stone|metals|limestone_karst,2.0,good,False
H+41+45,41,45,15.98,591.0,open_westerly,0.539,False,False,0.436,moderate,0,none,False,False,False,False,False,False,False,False,7.59,shallow_well,rocky/lithosol,1,grassland/pasture,5,pasture,pasture,2.0,good,False
H+42+45,42,45,16.81,582.3,open_westerly,0.533,False,False,0.446,moderate,0,none,False,False,False,False,False,False,False,False,7.1,shallow_well,loam,4,grassland/pasture,5,pasture,pasture,2.0,good,False
H+43+45,43,45,17.03,598.7,open_westerly,0.527,False,False,0.457,moderate,0,none,False,False,False,False,False,False,True,False,6.87,shallow_well,loam,4,floodplain farmable,9,,,3.0,rich,False
H+44+45,44,45,17.01,613.9,open_westerly,0.522,False,False,0.466,moderate,2,river,True,False,False,False,False,False,True,False,1.5,spring_line,loam,4,floodplain farmable,9,,,3.0,rich,False
H+45+45,45,45,17.03,619.0,open_westerly,0.518,False,False,0.476,moderate,2,river,True,False,False,False,False,False,True,False,1.5,spring_line,loam,4,floodplain farmable,9,,,3.0,rich,False
H+46+45,46,45,17.07,617.6,open_westerly,0.514,False,False,0.484,moderate,3,major_river,True,True,False,False,False,False,True,False,1.5,spring_line,loam,4,floodplain farmable,9,fisheries,fisheries,3.5,rich,False
H+47+45,47,45,17.12,606.1,open_westerly,0.511,False,False,0.493,moderate,3,major_river,True,True,False,False,False,False,True,False,1.5,spring_line,loam,4,floodplain farmable,9,fisheries,fisheries,3.5,rich,False
H+48+45,48,45,17.25,576.7,open_westerly,0.509,False,False,0.502,moderate,3,major_river,True,True,False,False,False,False,True,False,1.5,spring_line,loam,4,floodplain farmable,9,fisheries,fisheries,3.5,rich,False
H+49+45,49,45,16.98,544.7,open_westerly,0.506,False,False,0.51,moderate,0,none,False,False,False,False,False,False,False,False,7.71,shallow_well,loam,4,grassland/pasture,5,pasture,pasture,2.0,good,False
H+50+45,50,45,16.34,612.4,open_westerly,0.527,False,False,0.518,moderate,0,none,False,False,False,False,False,False,False,False,7.64,shallow_well,loam,4,grassland/pasture,5,pasture,pasture,2.0,good,False
H+51+45,51,45,15.72,695.7,open_westerly,0.549,False,False,0.527,moderate,0,none,False,False,False,False,False,False,False,False,7.37,shallow_well,volcanic andisol,7,grassland/pasture,5,pasture,pasture,2.0,good,False
H+52+45,52,45,15.12,771.4,open_westerly,0.565,False,False,0.535,moderate,0,none,False,False,False,False,False,False,False,False,7.15,shallow_well,volcanic andisol,7,temperate forest,4,timber,timber,1.5,good,False
H+53+45,53,45,14.63,835.8,open_westerly,0.575,False,False,0.543,moderate,0,none,False,False,False,False,False,False,False,False,7.08,shallow_well,volcanic andisol,7,temperate forest,4,timber,timber,1.5,good,False
H+54+45,54,45,14.18,884.6,open_westerly,0.581,False,False,0.551,moderate,0,none,False,False,False,False,False,False,False,False,7.17,shallow_well,volcanic andisol,7,temperate forest,4,timber,timber|volcanic_host,1.5,good,False
H+55+45,55,45,13.79,910.8,windward,0.581,False,False,0.56,moderate,0,none,False,False,False,False,False,False,False,False,7.39,shallow_well,volcanic andisol,7,temperate forest,4,timber,timber,1.5,good,False
H+56+45,56,45,13.45,918.9,open_westerly,0.574,False,False,0.568,moderate,0,none,False,False,False,False,False,False,False,False,7.62,shallow_well,volcanic andisol,7,temperate forest,4,timber,timber,1.5,good,False
H+57+45,57,45,13.11,916.2,open_westerly,0.564,False,False,0.576,moderate,0,none,False,False,False,False,False,False,False,False,7.82,shallow_well,volcanic andisol,7,temperate forest,4,timber,timber,1.5,good,False
H+58+45,58,45,12.88,888.1,open_westerly,0.547,False,False,0.585,moderate,0,none,False,False,False,False,False,False,False,False,8.11,dry,volcanic andisol,7,temperate forest,4,timber,timber,1.5,good,False
H+59+45,59,45,12.62,855.6,open_westerly,0.53,False,False,0.594,moderate,0,none,False,False,False,False,False,False,False,False,8.51,dry,volcanic andisol,7,temperate forest,4,timber,timber,1.5,good,False
H+60+45,60,45,12.45,809.1,open_westerly,0.51,False,False,0.602,moderate,0,none,False,False,False,False,False,False,False,False,9.08,dry,volcanic andisol,7,temperate forest,4,,volcanic_host,1.5,good,False
H+61+45,61,45,12.22,773.1,open_westerly,0.493,False,False,0.611,moderate,0,none,False,False,False,False,False,False,False,False,9.72,dry,volcanic andisol,7,temperate forest,4,,,1.5,good,False
H+62+45,62,45,11.93,726.9,open_westerly,0.477,False,False,0.619,moderate,0,none,False,False,False,False,False,False,False,False,10.43,dry,volcanic andisol,7,temperate forest,4,timber,timber,1.5,good,False
H+63+45,63,45,11.59,682.8,open_westerly,0.462,False,False,0.627,moderate,0,none,False,False,False,False,False,False,False,False,10.93,dry,volcanic andisol,7,grassland/pasture,5,pasture,pasture,2.0,good,False
H+64+45,64,45,11.36,642.8,open_westerly,0.445,False,False,0.634,moderate,0,none,False,False,False,False,False,False,False,False,11.04,dry,volcanic andisol,7,grassland/pasture,5,pasture,pasture,2.0,good,False
H+65+45,65,45,11.34,600.6,open_westerly,0.428,False,False,0.641,moderate,0,none,False,False,False,False,False,False,False,False,10.85,dry,volcanic andisol,7,grassland/pasture,5,pasture,pasture,2.0,good,False
H+66+45,66,45,11.63,576.9,open_westerly,0.412,False,False,0.648,moderate,0,none,False,False,False,False,False,False,False,False,10.39,dry,volcanic andisol,7,grassland/pasture,5,pasture,pasture,2.0,good,False
H+67+45,67,45,12.12,564.8,open_westerly,0.397,False,False,0.655,strong,0,none,False,False,False,False,False,False,False,False,9.92,dry,volcanic andisol,7,grassland/pasture,5,pasture,pasture,2.0,good,False
H+68+45,68,45,12.63,567.5,open_westerly,0.385,False,False,0.655,strong,0,none,False,False,False,False,False,False,False,False,9.48,dry,volcanic andisol,7,grassland/pasture,5,pasture,pasture,2.0,good,False
H+69+45,69,45,13.1,554.7,open_westerly,0.367,False,False,0.653,strong,0,none,False,False,False,False,False,False,False,False,9.24,dry,volcanic andisol,7,grassland/pasture,5,pasture,pasture|obsidian,2.0,good,False
H+70+45,70,45,13.56,563.3,open_westerly,0.359,False,False,0.651,strong,0,none,False,False,False,False,False,False,False,False,8.89,dry,volcanic andisol,7,grassland/pasture,5,pasture,pasture|obsidian,2.0,good,False
H+71+45,71,45,13.77,566.0,open_westerly,0.353,False,False,0.65,moderate,0,none,False,False,False,False,False,False,False,False,8.79,dry,volcanic andisol,7,grassland/pasture,5,pasture,pasture|obsidian,2.0,good,False
H+72+45,72,45,13.82,551.5,open_westerly,0.341,False,False,0.648,moderate,0,none,False,False,False,False,False,False,False,False,9.06,dry,volcanic andisol,7,grassland/pasture,5,pasture,pasture|obsidian,2.0,good,False
H+73+45,73,45,14.03,532.3,open_westerly,0.329,False,False,0.648,moderate,0,none,False,False,False,False,False,False,False,False,9.36,dry,volcanic andisol,7,grassland/pasture,5,pasture,pasture|obsidian,2.0,good,False
H+74+45,74,45,14.44,505.5,open_westerly,0.317,False,False,0.647,moderate,0,none,False,False,False,False,False,False,False,False,9.68,dry,volcanic andisol,7,grassland/pasture,5,pasture,pasture|obsidian,2.0,good,False
H+75+45,75,45,14.99,479.7,open_westerly,0.302,True,False,0.848,strong,0,none,False,False,False,False,False,False,False,False,2.5,shallow_well,volcanic andisol,7,grassland/pasture,5,pasture,pasture|obsidian,2.0,good,False
H+76+45,76,45,15.58,465.7,open_westerly,0.291,True,False,0.848,strong,0,none,False,False,False,False,False,False,False,False,2.5,shallow_well,volcanic andisol,7,grassland/pasture,5,pasture,pasture|obsidian,2.0,good,False
H+77+45,77,45,16.16,459.0,open_westerly,0.283,True,False,0.849,strong,0,none,False,False,False,False,False,False,False,False,2.5,shallow_well,volcanic andisol,7,grassland/pasture,5,pasture,pasture,2.0,good,False
H+78+45,78,45,17.45,692.8,ocean_westerly,0.409,False,False,0.2,maritime,1,ocean,False,False,False,False,False,False,False,False,0.0,dry,none/ocean,0,none/ocean,0,fisheries,fisheries,0.8,modest,False
H+79+45,79,45,17.35,711.1,ocean_westerly,0.402,False,False,0.2,maritime,1,ocean,False,False,False,False,False,False,False,False,0.0,dry,none/ocean,0,none/ocean,0,fisheries,fisheries,0.8,modest,False
H+00+46,0,46,19.07,820.5,ocean_westerly,0.92,False,False,0.2,maritime,1,ocean,False,False,False,False,False,False,False,False,0.0,dry,none/ocean,0,none/ocean,0,fisheries,fisheries,0.8,modest,False
H+01+46,1,46,19.09,830.0,ocean_westerly,0.913,False,False,0.2,maritime,1,ocean,False,False,False,False,False,False,False,False,0.0,dry,none/ocean,0,none/ocean,0,fisheries,fisheries,0.8,modest,False
H+02+46,2,46,19.11,847.1,ocean_westerly,0.907,False,False,0.2,maritime,1,ocean,False,False,False,False,False,False,False,False,0.0,dry,none/ocean,0,none/ocean,0,fisheries,fisheries,0.8,modest,False
H+03+46,3,46,19.13,857.0,ocean_westerly,0.9,False,False,0.2,maritime,1,ocean,False,False,False,False,False,False,False,False,0.0,dry,none/ocean,0,none/ocean,0,fisheries,fisheries,0.8,modest,False
H+04+46,4,46,19.13,862.6,ocean_westerly,0.894,False,False,0.2,maritime,1,ocean,False,False,False,False,False,False,False,False,0.0,dry,none/ocean,0,none/ocean,0,fisheries,fisheries,0.8,modest,False
H+05+46,5,46,18.94,785.4,open_westerly,0.772,False,False,0.503,moderate,0,none,False,False,False,False,False,False,False,False,2.5,spring_line,sandy coastal,6,coastal scrub,10,,,0.0,none,False
H+06+46,6,46,18.82,783.9,open_westerly,0.766,False,False,0.494,moderate,0,none,False,False,False,False,False,False,False,False,2.5,shallow_well,sandy coastal,6,coastal scrub,10,,,0.0,none,False
H+07+46,7,46,18.64,778.8,open_westerly,0.76,False,False,0.484,moderate,0,none,False,False,False,False,False,False,False,False,2.5,shallow_well,sandy coastal,6,coastal scrub,10,,,0.0,none,False
H+08+46,8,46,18.5,763.7,open_westerly,0.754,False,False,0.475,moderate,0,none,False,False,False,False,False,False,False,False,7.4,shallow_well,sandy coastal,6,coastal scrub,10,,,0.0,none,False
H+09+46,9,46,18.42,752.0,open_westerly,0.749,False,False,0.466,moderate,2,river,True,False,False,False,False,False,True,False,1.5,spring_line,loam,4,coastal scrub,10,,,0.0,none,False
H+10+46,10,46,18.27,751.4,open_westerly,0.743,False,False,0.456,moderate,0,none,False,False,False,False,False,False,True,False,6.6,shallow_well,loam,4,coastal scrub,10,,,0.0,none,False
H+11+46,11,46,18.13,749.3,open_westerly,0.737,False,False,0.447,moderate,0,none,False,False,False,False,False,False,False,False,6.5,shallow_well,sandy coastal,6,coastal scrub,10,,,0.0,none,False
H+12+46,12,46,17.7,739.5,open_westerly,0.732,False,False,0.437,moderate,0,none,False,False,False,False,False,False,True,False,6.9,shallow_well,loam,4,floodplain farmable,9,,,3.0,rich,False
H+13+46,13,46,17.03,731.7,open_westerly,0.727,False,False,0.428,moderate,0,none,False,False,False,False,False,False,False,False,7.52,shallow_well,volcanic andisol,7,temperate forest,4,,,1.5,good,False
H+14+46,14,46,16.39,738.0,open_westerly,0.726,False,False,0.418,moderate,0,none,False,False,False,False,False,False,False,False,7.92,shallow_well,volcanic andisol,7,temperate forest,4,timber,timber|volcanic_host,1.5,good,False
H+15+46,15,46,15.74,761.9,open_westerly,0.726,False,False,0.409,moderate,0,none,False,False,False,False,False,False,False,False,7.95,shallow_well,volcanic andisol,7,temperate forest,4,timber,timber,1.5,good,False
H+16+46,16,46,15.24,788.3,open_westerly,0.727,False,False,0.4,moderate,0,none,False,False,False,False,False,False,False,False,7.7,shallow_well,volcanic andisol,7,temperate forest,4,timber,timber,1.5,good,False
H+17+46,17,46,14.89,811.1,open_westerly,0.727,False,False,0.39,moderate,0,none,False,False,False,False,False,False,False,False,7.39,shallow_well,volcanic andisol,7,temperate forest,4,timber,timber,1.5,good,False
H+18+46,18,46,14.72,830.1,open_westerly,0.726,False,False,0.381,moderate,0,none,False,False,False,False,False,False,False,False,7.16,shallow_well,volcanic andisol,7,temperate forest,4,,,1.5,good,False
H+19+46,19,46,14.77,842.8,open_westerly,0.722,False,False,0.372,moderate,0,none,False,False,False,False,False,False,False,False,6.91,shallow_well,volcanic andisol,7,temperate forest,4,timber,timber,1.5,good,False
H+20+46,20,46,15.03,838.8,open_westerly,0.715,False,False,0.363,moderate,0,none,False,False,False,False,False,False,False,False,6.69,shallow_well,volcanic andisol,7,temperate forest,4,,,1.5,good,False
H+21+46,21,46,15.52,799.5,open_westerly,0.702,False,False,0.354,moderate,0,none,False,False,False,False,False,False,False,False,6.57,shallow_well,volcanic andisol,7,temperate forest,4,,,1.5,good,False
H+22+46,22,46,16.08,737.0,open_westerly,0.685,False,False,0.345,weak,0,none,False,False,False,False,False,False,False,False,6.54,shallow_well,volcanic andisol,7,temperate forest,4,,,1.5,good,False
H+23+46,23,46,16.62,691.1,open_westerly,0.669,False,False,0.336,weak,0,none,False,False,False,False,False,False,True,False,6.36,shallow_well,loam,4,floodplain farmable,9,,,3.0,rich,False
H+24+46,24,46,16.84,709.8,open_westerly,0.663,False,False,0.327,weak,3,major_river,True,True,False,False,False,False,True,False,1.5,spring_line,loam,4,floodplain farmable,9,fisheries,fisheries,3.5,rich,False
H+25+46,25,46,16.16,782.0,open_westerly,0.671,False,False,0.319,weak,0,none,False,False,False,False,False,False,False,False,5.71,shallow_well,loam,4,floodplain farmable,9,,,3.0,rich,False
H+26+46,26,46,15.24,896.2,open_westerly,0.692,False,False,0.31,weak,0,none,False,False,False,False,False,False,False,False,5.51,shallow_well,loam,4,floodplain farmable,9,,,3.0,rich,False
H+27+46,27,46,14.17,1017.0,open_westerly,0.714,False,False,0.301,weak,0,none,False,False,False,False,False,False,False,False,5.44,shallow_well,loam,4,temperate forest,4,timber,timber,1.5,good,False
H+28+46,28,46,12.9,1148.9,open_westerly,0.736,False,False,0.298,weak,0,none,False,False,False,False,False,False,False,False,5.38,shallow_well,loam,4,temperate forest,4,timber,timber|stone,1.5,good,False
H+29+46,29,46,13.34,500.7,calm_interior,0.675,False,True,0.507,moderate,8,salt_pan,False,False,False,False,True,False,False,False,9.09,dry,saline playa,10,salt flat sparse,11,salt_pans,salt_pans|evaporite_host,0.3,poor,True
H+30+46,30,46,14.03,480.3,calm_interior,0.668,False,True,0.516,moderate,8,salt_pan,False,False,False,False,True,False,False,False,9.29,dry,saline playa,10,salt flat sparse,11,salt_pans,salt_pans|evaporite_host,0.3,poor,True
H+31+46,31,46,13.34,455.8,calm_interior,0.651,False,True,0.525,moderate,8,salt_pan,False,False,False,False,True,False,False,False,9.52,dry,saline playa,10,salt flat sparse,11,salt_pans,salt_pans|evaporite_host,0.3,poor,True
H+32+46,32,46,13.35,419.1,calm_interior,0.634,False,True,0.535,moderate,8,salt_pan,False,False,False,False,True,False,False,False,9.76,dry,saline playa,10,salt flat sparse,11,salt_pans,salt_pans|evaporite_host,0.3,poor,True
H+33+46,33,46,13.37,383.3,calm_interior,0.616,False,True,0.545,moderate,8,salt_pan,False,False,False,False,True,False,False,False,9.77,dry,saline playa,10,salt flat sparse,11,salt_pans,salt_pans|evaporite_host,0.3,poor,True
H+34+46,34,46,13.42,365.3,calm_interior,0.601,False,True,0.555,moderate,8,salt_pan,False,False,False,False,True,False,False,False,9.6,dry,saline playa,10,salt flat sparse,11,salt_pans,salt_pans|evaporite_host,0.3,poor,True
H+35+46,35,46,13.49,353.5,calm_interior,0.587,False,True,0.566,moderate,8,salt_pan,False,False,False,False,True,False,False,False,9.55,dry,saline playa,10,salt flat sparse,11,salt_pans,salt_pans|evaporite_host,0.3,poor,True
H+36+46,36,46,13.57,344.5,calm_interior,0.572,False,True,0.577,moderate,8,salt_pan,False,False,False,False,True,False,False,False,9.78,dry,saline playa,10,salt flat sparse,11,salt_pans,salt_pans|evaporite_host,0.3,poor,True
H+37+46,37,46,13.63,333.1,calm_interior,0.559,False,True,0.588,moderate,8,salt_pan,False,False,False,False,True,False,False,False,10.21,dry,saline playa,10,salt flat sparse,11,salt_pans,salt_pans|evaporite_host,0.3,poor,True
H+38+46,38,46,13.66,321.0,calm_interior,0.547,False,True,0.6,moderate,8,salt_pan,False,False,False,False,True,False,False,False,10.6,dry,saline playa,10,salt flat sparse,11,salt_pans,salt_pans|evaporite_host,0.3,poor,True
H+39+46,39,46,14.34,309.6,open_westerly,0.538,False,True,0.611,moderate,8,salt_pan,False,False,False,False,True,False,False,False,10.75,dry,saline playa,10,salt flat sparse,11,salt_pans,salt_pans|evaporite_host,0.3,poor,True
H+40+46,40,46,5.48,479.1,leeward,0.558,True,False,0.622,moderate,0,none,False,False,False,False,False,False,False,False,14.69,dry,mountain thin,3,grassland/pasture,5,,stone,2.0,good,False
H+41+46,41,46,16.21,583.1,open_westerly,0.539,False,False,0.432,moderate,0,none,False,False,False,False,False,False,False,False,7.73,shallow_well,rocky/lithosol,1,grassland/pasture,5,pasture,pasture,2.0,good,False
H+42+46,42,46,17.03,583.7,open_westerly,0.533,False,False,0.443,moderate,0,none,False,False,False,False,False,False,False,False,7.2,shallow_well,loam,4,grassland/pasture,5,pasture,pasture,2.0,good,False
H+43+46,43,46,17.29,600.5,open_westerly,0.527,False,False,0.453,moderate,2,river,True,False,False,False,False,False,True,False,1.5,spring_line,loam,4,floodplain farmable,9,,,3.0,rich,False
H+44+46,44,46,17.27,613.2,open_westerly,0.522,False,False,0.462,moderate,0,none,False,False,False,False,False,False,False,False,6.88,shallow_well,loam,4,grassland/pasture,5,pasture,pasture,2.0,good,False
H+45+46,45,46,17.3,617.3,open_westerly,0.518,False,False,0.471,moderate,0,none,False,False,False,False,False,False,True,False,6.85,shallow_well,loam,4,floodplain farmable,9,,,3.0,rich,False
H+46+46,46,46,17.3,614.4,open_westerly,0.514,False,False,0.479,moderate,0,none,False,False,False,False,False,False,False,False,6.88,shallow_well,loam,4,grassland/pasture,5,pasture,pasture,2.0,good,False
H+47+46,47,46,17.37,602.3,open_westerly,0.511,False,False,0.488,moderate,2,river,True,False,False,False,False,False,True,False,1.5,spring_line,loam,4,floodplain farmable,9,,,3.0,rich,False
H+48+46,48,46,17.22,575.7,open_westerly,0.509,False,False,0.496,moderate,0,none,False,False,False,False,False,False,False,False,7.37,shallow_well,loam,4,grassland/pasture,5,pasture,pasture,2.0,good,False
H+49+46,49,46,16.61,631.7,open_westerly,0.529,False,False,0.504,moderate,0,none,False,False,False,False,False,False,False,False,7.47,shallow_well,loam,4,grassland/pasture,5,pasture,pasture,2.0,good,False
H+50+46,50,46,15.99,711.0,open_westerly,0.552,False,False,0.512,moderate,0,none,False,False,False,False,False,False,False,False,7.35,shallow_well,loam,4,floodplain farmable,9,,,3.0,rich,False
H+51+46,51,46,15.38,788.5,open_westerly,0.57,False,False,0.52,moderate,0,none,False,False,False,False,False,False,False,False,7.15,shallow_well,volcanic andisol,7,temperate forest,4,,,1.5,good,False
H+52+46,52,46,14.87,848.7,open_westerly,0.582,False,False,0.528,moderate,0,none,False,False,False,False,False,False,False,False,7.04,shallow_well,volcanic andisol,7,temperate forest,4,,,1.5,good,False
H+53+46,53,46,14.4,893.7,windward,0.591,False,False,0.536,moderate,0,none,False,False,False,False,False,False,False,False,7.13,shallow_well,volcanic andisol,7,temperate forest,4,timber,timber,1.5,good,False
H+54+46,54,46,13.97,921.4,windward,0.594,False,False,0.544,moderate,0,none,False,False,False,False,False,False,False,False,7.37,shallow_well,volcanic andisol,7,temperate forest,4,timber,timber,1.5,good,False
H+55+46,55,46,13.63,939.9,windward,0.591,False,False,0.552,moderate,0,none,False,False,False,False,False,False,False,False,7.62,shallow_well,volcanic andisol,7,temperate forest,4,timber,timber,1.5,good,False
H+56+46,56,46,13.3,952.2,windward,0.584,False,False,0.56,moderate,0,none,False,False,False,False,False,False,False,False,7.81,shallow_well,volcanic andisol,7,temperate forest,4,timber,timber,1.5,good,False
H+57+46,57,46,13.11,924.3,open_westerly,0.567,False,False,0.568,moderate,0,none,False,False,False,False,False,False,False,False,8.1,dry,volcanic andisol,7,temperate forest,4,timber,timber|volcanic_host,1.5,good,False
H+58+46,58,46,12.87,895.5,open_westerly,0.552,False,False,0.577,moderate,0,none,False,False,False,False,False,False,False,False,8.42,dry,volcanic andisol,7,temperate forest,4,timber,timber,1.5,good,False
H+59+46,59,46,12.71,846.1,open_westerly,0.531,False,False,0.585,moderate,0,none,False,False,False,False,False,False,False,False,8.87,dry,volcanic andisol,7,temperate forest,4,timber,timber,1.5,good,False
H+60+46,60,46,12.49,810.4,open_westerly,0.513,False,False,0.594,moderate,0,none,False,False,False,False,False,False,False,False,9.39,dry,volcanic andisol,7,temperate forest,4,timber,timber,1.5,good,False
H+61+46,61,46,12.21,773.7,open_westerly,0.495,False,False,0.603,moderate,0,none,False,False,False,False,False,False,False,False,10.06,dry,volcanic andisol,7,temperate forest,4,timber,timber,1.5,good,False
H+62+46,62,46,11.9,730.6,open_westerly,0.478,False,False,0.611,moderate,0,none,False,False,False,False,False,False,False,False,10.75,dry,volcanic andisol,7,temperate forest,4,,,1.5,good,False
H+63+46,63,46,11.67,679.9,open_westerly,0.46,False,False,0.619,moderate,0,none,False,False,False,False,False,False,False,False,11.23,dry,volcanic andisol,7,grassland/pasture,5,pasture,pasture,2.0,good,False
H+64+46,64,46,11.29,659.6,open_westerly,0.448,False,False,0.626,moderate,0,none,False,False,False,False,False,False,False,False,11.29,dry,volcanic andisol,7,grassland/pasture,5,pasture,pasture,2.0,good,False
H+65+46,65,46,11.14,615.4,open_westerly,0.431,False,False,0.634,moderate,0,none,False,False,False,False,False,False,False,False,11.2,dry,volcanic andisol,7,grassland/pasture,5,pasture,pasture,2.0,good,False
H+66+46,66,46,11.65,576.1,open_westerly,0.409,False,False,0.641,moderate,0,none,False,False,False,False,False,False,False,False,10.71,dry,volcanic andisol,7,grassland/pasture,5,pasture,pasture,2.0,good,False
H+67+46,67,46,12.17,568.2,open_westerly,0.396,False,False,0.648,moderate,0,none,False,False,False,False,False,False,False,False,10.2,dry,volcanic andisol,7,grassland/pasture,5,pasture,pasture,2.0,good,False
H+68+46,68,46,12.67,571.5,open_westerly,0.384,False,False,0.648,moderate,0,none,False,False,False,False,False,False,False,False,9.77,dry,volcanic andisol,7,grassland/pasture,5,pasture,pasture,2.0,good,False
H+69+46,69,46,13.14,558.1,open_westerly,0.364,False,False,0.646,moderate,0,none,False,False,False,False,False,False,False,False,9.54,dry,volcanic andisol,7,grassland/pasture,5,pasture,pasture,2.0,good,False
H+70+46,70,46,13.55,566.5,open_westerly,0.356,False,False,0.644,moderate,0,none,False,False,False,False,False,False,False,False,9.21,dry,volcanic andisol,7,grassland/pasture,5,pasture,pasture|obsidian,2.0,good,False
H+71+46,71,46,13.81,565.6,open_westerly,0.349,False,False,0.643,moderate,0,none,False,False,False,False,False,False,False,False,9.08,dry,volcanic andisol,7,grassland/pasture,5,pasture,pasture|obsidian,2.0,good,False
H+72+46,72,46,13.96,551.8,open_westerly,0.338,False,False,0.642,moderate,0,none,False,False,False,False,False,False,False,False,9.22,dry,volcanic andisol,7,grassland/pasture,5,pasture,pasture|obsidian,2.0,good,False
H+73+46,73,46,14.25,539.0,open_westerly,0.328,False,False,0.642,moderate,0,none,False,False,False,False,False,False,False,False,9.35,dry,volcanic andisol,7,grassland/pasture,5,pasture,pasture|obsidian,2.0,good,False
H+74+46,74,46,14.63,521.1,open_westerly,0.317,False,False,0.642,moderate,0,none,False,False,False,False,False,False,False,False,9.52,dry,volcanic andisol,7,grassland/pasture,5,pasture,pasture|obsidian,2.0,good,False
H+75+46,75,46,15.15,493.5,open_westerly,0.302,True,False,0.842,strong,0,none,False,False,False,False,False,False,False,False,2.5,shallow_well,volcanic andisol,7,grassland/pasture,5,pasture,pasture|obsidian,2.0,good,False
H+76+46,76,46,15.75,475.4,open_westerly,0.291,True,False,0.843,strong,0,none,False,False,False,False,False,False,False,False,2.5,shallow_well,volcanic andisol,7,grassland/pasture,5,pasture,pasture,2.0,good,False
H+77+46,77,46,16.32,467.6,open_westerly,0.283,True,False,0.844,strong,0,none,False,False,False,False,False,False,False,False,2.5,shallow_well,volcanic andisol,7,grassland/pasture,5,pasture,pasture,2.0,good,False
H+78+46,78,46,17.7,704.3,ocean_westerly,0.409,False,False,0.2,maritime,1,ocean,False,False,False,False,False,False,False,False,0.0,dry,none/ocean,0,none/ocean,0,fisheries,fisheries,0.8,modest,False
H+79+46,79,46,17.63,720.8,ocean_westerly,0.402,False,False,0.2,maritime,1,ocean,False,False,False,False,False,False,False,False,0.0,dry,none/ocean,0,none/ocean,0,fisheries,fisheries,0.8,modest,False
H+00+47,0,47,19.28,792.7,ocean_westerly,0.92,False,False,0.2,maritime,1,ocean,False,False,False,False,False,False,False,False,0.0,dry,none/ocean,0,none/ocean,0,fisheries,fisheries,0.8,modest,False
H+01+47,1,47,19.29,807.4,ocean_westerly,0.913,False,False,0.2,maritime,1,ocean,False,False,False,False,False,False,False,False,0.0,dry,none/ocean,0,none/ocean,0,fisheries,fisheries,0.8,modest,False
H+02+47,2,47,19.31,831.5,ocean_westerly,0.907,False,False,0.2,maritime,1,ocean,False,False,False,False,False,False,False,False,0.0,dry,none/ocean,0,none/ocean,0,fisheries,fisheries,0.8,modest,False
H+03+47,3,47,19.33,845.7,ocean_westerly,0.9,False,False,0.2,maritime,1,ocean,False,False,False,False,False,False,False,False,0.0,dry,none/ocean,0,none/ocean,0,fisheries,fisheries,0.8,modest,False
H+04+47,4,47,19.32,859.9,ocean_westerly,0.894,False,False,0.2,maritime,1,ocean,False,False,False,False,False,False,False,False,0.0,dry,none/ocean,0,none/ocean,0,fisheries,fisheries,0.8,modest,False
H+05+47,5,47,19.28,862.2,ocean_westerly,0.887,False,False,0.2,maritime,1,ocean,False,False,False,False,False,False,False,False,0.0,dry,none/ocean,0,none/ocean,0,fisheries,fisheries,0.8,modest,False
H+06+47,6,47,18.97,773.4,open_westerly,0.766,False,False,0.49,moderate,0,none,False,False,False,False,False,False,False,False,2.5,spring_line,sandy coastal,6,coastal scrub,10,,,0.0,none,False
H+07+47,7,47,18.86,763.7,open_westerly,0.76,False,False,0.481,moderate,0,none,False,False,False,False,False,False,False,False,2.5,shallow_well,sandy coastal,6,coastal scrub,10,,,0.0,none,False
H+08+47,8,47,18.81,746.9,open_westerly,0.754,False,False,0.472,moderate,2,river,True,False,False,False,False,False,True,False,1.5,spring_line,loam,4,coastal scrub,10,,,0.0,none,False
H+09+47,9,47,18.68,735.3,open_westerly,0.749,False,False,0.463,moderate,0,none,False,False,False,False,False,False,False,False,7.54,shallow_well,sandy coastal,6,coastal scrub,10,,,0.0,none,False
H+10+47,10,47,18.55,741.7,open_westerly,0.743,False,False,0.453,moderate,0,none,False,False,False,False,False,False,False,False,7.11,shallow_well,sandy coastal,6,coastal scrub,10,,,0.0,none,False
H+11+47,11,47,18.45,747.4,open_westerly,0.737,False,False,0.444,moderate,2,river,True,False,False,False,False,False,True,False,1.5,spring_line,loam,4,coastal scrub,10,,,0.0,none,False
H+12+47,12,47,18.33,733.7,open_westerly,0.732,False,False,0.435,moderate,0,none,False,False,False,False,False,False,True,False,6.81,shallow_well,loam,4,coastal scrub,10,,,0.0,none,False
H+13+47,13,47,18.07,710.2,open_westerly,0.726,False,False,0.425,moderate,0,none,False,False,False,False,False,False,True,False,7.04,shallow_well,loam,4,coastal scrub,10,,,0.0,none,False
H+14+47,14,47,17.52,694.6,open_westerly,0.72,False,False,0.416,moderate,0,none,False,False,False,False,False,False,False,False,7.42,shallow_well,volcanic andisol,7,grassland/pasture,5,pasture,pasture,2.0,good,False
H+15+47,15,47,17.0,701.2,open_westerly,0.717,False,False,0.407,moderate,0,none,False,False,False,False,False,False,False,False,7.54,shallow_well,volcanic andisol,7,temperate forest,4,,,1.5,good,False
H+16+47,16,47,16.59,720.8,open_westerly,0.715,False,False,0.398,moderate,0,none,False,False,False,False,False,False,False,False,7.41,shallow_well,volcanic andisol,7,temperate forest,4,,,1.5,good,False
H+17+47,17,47,16.34,744.7,open_westerly,0.712,False,False,0.389,moderate,0,none,False,False,False,False,False,False,False,False,7.14,shallow_well,volcanic andisol,7,temperate forest,4,,,1.5,good,False
H+18+47,18,47,16.17,763.6,open_westerly,0.709,False,False,0.38,moderate,0,none,False,False,False,False,False,False,False,False,6.91,shallow_well,volcanic andisol,7,temperate forest,4,,,1.5,good,False
H+19+47,19,47,16.12,770.1,open_westerly,0.705,False,False,0.371,moderate,0,none,False,False,False,False,False,False,False,False,6.74,shallow_well,volcanic andisol,7,temperate forest,4,,,1.5,good,False
H+20+47,20,47,16.25,758.0,open_westerly,0.697,False,False,0.362,moderate,0,none,False,False,False,False,False,False,True,False,6.61,shallow_well,loam,4,floodplain farmable,9,,,3.0,rich,False
H+21+47,21,47,16.58,714.2,open_westerly,0.685,False,False,0.353,moderate,0,none,False,False,False,False,False,False,True,False,6.6,shallow_well,loam,4,floodplain farmable,9,,,3.0,rich,False
H+22+47,22,47,16.97,681.3,open_westerly,0.675,False,False,0.344,weak,0,none,False,False,False,False,False,False,True,False,6.49,shallow_well,loam,4,floodplain farmable,9,,,3.0,rich,False
H+23+47,23,47,17.1,685.2,open_westerly,0.669,False,False,0.336,weak,3,major_river,True,True,False,False,False,False,True,False,1.5,spring_line,loam,4,floodplain farmable,9,fisheries,fisheries,3.5,rich,False
H+24+47,24,47,17.08,699.8,open_westerly,0.663,False,False,0.327,weak,0,none,False,False,False,False,False,False,False,False,6.05,shallow_well,loam,4,grassland/pasture,5,pasture,pasture,2.0,good,False
H+25+47,25,47,16.44,767.6,open_westerly,0.67,False,False,0.318,weak,0,none,False,False,False,False,False,False,True,False,5.84,shallow_well,loam,4,floodplain farmable,9,,,3.0,rich,False
H+26+47,26,47,15.49,909.8,open_westerly,0.692,False,False,0.309,weak,0,none,False,False,False,False,False,False,False,False,5.33,shallow_well,loam,4,floodplain farmable,9,,,3.0,rich,False
H+27+47,27,47,14.43,1045.6,open_westerly,0.713,False,False,0.3,weak,0,none,False,False,False,False,False,False,False,False,4.98,shallow_well,loam,4,temperate forest,4,timber,timber|stone|limestone_karst,1.5,good,False
H+28+47,28,47,13.18,1159.9,open_westerly,0.735,False,False,0.298,weak,0,none,False,False,False,False,False,False,False,False,4.93,shallow_well,loam,4,temperate forest,4,timber,timber|stone,1.5,good,False
H+29+47,29,47,13.59,496.6,calm_interior,0.675,False,True,0.507,moderate,8,salt_pan,False,False,False,False,True,False,False,False,8.8,dry,saline playa,10,salt flat sparse,11,salt_pans,salt_pans|evaporite_host,0.3,poor,True
H+30+47,30,47,14.28,472.8,calm_interior,0.668,False,True,0.516,moderate,8,salt_pan,False,False,False,False,True,False,False,False,9.08,dry,saline playa,10,salt flat sparse,11,salt_pans,salt_pans|evaporite_host,0.3,poor,True
H+31+47,31,47,13.59,446.2,calm_interior,0.651,False,True,0.525,moderate,8,salt_pan,False,False,False,False,True,False,False,False,9.36,dry,saline playa,10,salt flat sparse,11,salt_pans,salt_pans|evaporite_host,0.3,poor,True
H+32+47,32,47,13.6,409.2,calm_interior,0.634,False,True,0.534,moderate,8,salt_pan,False,False,False,False,True,False,False,False,9.61,dry,saline playa,10,salt flat sparse,11,salt_pans,salt_pans|evaporite_host,0.3,poor,True
H+33+47,33,47,13.62,369.6,calm_interior,0.616,False,True,0.544,moderate,8,salt_pan,False,False,False,False,True,False,False,False,9.69,dry,saline playa,10,salt flat sparse,11,salt_pans,salt_pans|evaporite_host,0.3,poor,True
H+34+47,34,47,13.67,350.2,calm_interior,0.601,False,True,0.554,moderate,8,salt_pan,False,False,False,False,True,False,False,False,9.59,dry,saline playa,10,salt flat sparse,11,salt_pans,salt_pans|evaporite_host,0.3,poor,True
H+35+47,35,47,13.75,338.9,calm_interior,0.586,False,True,0.565,moderate,8,salt_pan,False,False,False,False,True,False,False,False,9.56,dry,saline playa,10,salt flat sparse,11,salt_pans,salt_pans|evaporite_host,0.3,poor,True
H+36+47,36,47,13.83,330.4,calm_interior,0.572,False,True,0.576,moderate,8,salt_pan,False,False,False,False,True,False,False,False,9.74,dry,saline playa,10,salt flat sparse,11,salt_pans,salt_pans|evaporite_host,0.3,poor,True
H+37+47,37,47,13.89,323.1,calm_interior,0.559,False,True,0.586,moderate,8,salt_pan,False,False,False,False,True,False,False,False,10.05,dry,saline playa,10,salt flat sparse,11,salt_pans,salt_pans|evaporite_host,0.3,poor,True
H+38+47,38,47,13.92,316.9,calm_interior,0.547,False,True,0.597,moderate,8,salt_pan,False,False,False,False,True,False,False,False,10.35,dry,saline playa,10,salt flat sparse,11,salt_pans,salt_pans|evaporite_host,0.3,poor,True
H+39+47,39,47,14.59,306.5,open_westerly,0.538,False,True,0.608,moderate,8,salt_pan,False,False,False,False,True,False,False,False,10.54,dry,saline playa,10,salt flat sparse,11,salt_pans,salt_pans|evaporite_host,0.3,poor,True
H+40+47,40,47,5.69,471.0,leeward,0.557,True,False,0.618,moderate,0,none,False,False,False,False,False,False,False,False,14.65,dry,mountain thin,3,grassland/pasture,5,,stone,2.0,good,False
H+41+47,41,47,16.49,574.2,open_westerly,0.539,False,False,0.428,moderate,0,none,False,False,False,False,False,False,False,False,7.77,shallow_well,rocky/lithosol,1,grassland/pasture,5,pasture,pasture,2.0,good,False
H+42+47,42,47,17.28,585.2,open_westerly,0.534,False,False,0.438,moderate,0,none,False,False,False,False,False,False,False,False,7.25,shallow_well,loam,4,grassland/pasture,5,pasture,pasture,2.0,good,False
H+43+47,43,47,17.55,600.6,open_westerly,0.527,False,False,0.448,moderate,2,river,True,False,False,False,False,False,True,False,1.5,spring_line,loam,4,floodplain farmable,9,,,3.0,rich,False
H+44+47,44,47,17.5,607.3,open_westerly,0.522,False,False,0.457,moderate,0,none,False,False,False,False,False,False,False,False,6.84,shallow_well,loam,4,grassland/pasture,5,pasture,pasture|greenstone_metals,2.0,good,False
H+45+47,45,47,17.44,608.8,open_westerly,0.518,False,False,0.465,moderate,0,none,False,False,False,False,False,False,False,False,6.8,shallow_well,loam,4,grassland/pasture,5,pasture,pasture,2.0,good,False
H+46+47,46,47,17.49,605.4,open_westerly,0.514,False,False,0.473,moderate,0,none,False,False,False,False,False,False,True,False,6.77,shallow_well,loam,4,floodplain farmable,9,,,3.0,rich,False
H+47+47,47,47,17.44,596.2,open_westerly,0.511,False,False,0.481,moderate,0,none,False,False,False,False,False,False,False,False,6.93,shallow_well,loam,4,grassland/pasture,5,pasture,pasture,2.0,good,False
H+48+47,48,47,16.84,667.5,open_westerly,0.53,False,False,0.489,moderate,0,none,False,False,False,False,False,False,False,False,6.94,shallow_well,loam,4,grassland/pasture,5,pasture,pasture,2.0,good,False
H+49+47,49,47,16.25,734.7,open_westerly,0.554,False,False,0.497,moderate,0,none,False,False,False,False,False,False,False,False,6.97,shallow_well,loam,4,floodplain farmable,9,,,3.0,rich,False
H+50+47,50,47,15.66,798.7,open_westerly,0.571,False,False,0.505,moderate,0,none,False,False,False,False,False,False,False,False,7.02,shallow_well,loam,4,floodplain farmable,9,,,3.0,rich,False
H+51+47,51,47,15.16,874.4,open_westerly,0.585,False,False,0.513,moderate,0,none,False,False,False,False,False,False,False,False,6.93,shallow_well,volcanic andisol,7,temperate forest,4,,volcanic_host,1.5,good,False
H+52+47,52,47,14.66,933.4,windward,0.597,False,False,0.52,moderate,0,none,False,False,False,False,False,False,False,False,6.97,shallow_well,volcanic andisol,7,temperate forest,4,timber,timber|volcanic_host,1.5,good,False
H+53+47,53,47,14.2,944.6,windward,0.605,False,False,0.528,moderate,0,none,False,False,False,False,False,False,False,False,7.32,shallow_well,volcanic andisol,7,temperate forest,4,timber,timber,1.5,good,False
H+54+47,54,47,13.82,942.2,windward,0.606,False,False,0.536,moderate,0,none,False,False,False,False,False,False,False,False,7.63,shallow_well,volcanic andisol,7,temperate forest,4,timber,timber,1.5,good,False
H+55+47,55,47,13.47,967.4,windward,0.602,False,False,0.544,moderate,0,none,False,False,False,False,False,False,False,False,7.68,shallow_well,volcanic andisol,7,temperate forest,4,timber,timber,1.5,good,False
H+56+47,56,47,13.28,969.5,windward,0.589,False,False,0.552,moderate,0,none,False,False,False,False,False,False,False,False,7.8,shallow_well,volcanic andisol,7,temperate forest,4,timber,timber,1.5,good,False
H+57+47,57,47,13.07,949.4,windward,0.575,False,False,0.56,moderate,0,none,False,False,False,False,False,False,False,False,8.08,dry,volcanic andisol,7,temperate forest,4,timber,timber,1.5,good,False
H+58+47,58,47,13.84,801.2,open_westerly,0.529,False,False,0.568,moderate,0,none,False,False,False,False,False,False,False,False,8.67,dry,volcanic andisol,7,temperate forest,4,,,1.5,good,False
H+59+47,59,47,13.59,806.9,open_westerly,0.525,False,False,0.577,moderate,0,none,False,False,False,False,False,False,False,False,8.86,dry,volcanic andisol,7,temperate forest,4,,,1.5,good,False
H+60+47,60,47,13.24,789.6,open_westerly,0.511,False,False,0.585,moderate,0,none,False,False,False,False,False,False,False,False,9.33,dry,volcanic andisol,7,temperate forest,4,,,1.5,good,False
H+61+47,61,47,12.9,753.9,open_westerly,0.494,False,False,0.594,moderate,0,none,False,False,False,False,False,False,False,False,9.99,dry,volcanic andisol,7,temperate forest,4,timber,timber,1.5,good,False
H+62+47,62,47,12.53,726.3,open_westerly,0.478,False,False,0.602,moderate,0,none,False,False,False,False,False,False,False,False,10.56,dry,volcanic andisol,7,temperate forest,4,,,1.5,good,False
H+63+47,63,47,12.21,691.9,open_westerly,0.462,False,False,0.61,moderate,0,none,False,False,False,False,False,False,False,False,10.98,dry,volcanic andisol,7,grassland/pasture,5,pasture,pasture,2.0,good,False
H+64+47,64,47,12.03,644.0,open_westerly,0.444,False,False,0.618,moderate,0,none,False,False,False,False,False,False,False,False,11.15,dry,volcanic andisol,7,grassland/pasture,5,pasture,pasture|volcanic_host,2.0,good,False
H+65+47,65,47,12.05,605.1,open_westerly,0.428,False,False,0.626,moderate,0,none,False,False,False,False,False,False,False,False,11.04,dry,volcanic andisol,7,grassland/pasture,5,pasture,pasture,2.0,good,False
H+66+47,66,47,12.24,592.3,open_westerly,0.413,False,False,0.633,moderate,0,none,False,False,False,False,False,False,False,False,10.65,dry,volcanic andisol,7,grassland/pasture,5,pasture,pasture,2.0,good,False
H+67+47,67,47,12.56,580.4,open_westerly,0.399,False,False,0.641,moderate,0,none,False,False,False,False,False,False,False,False,10.3,dry,volcanic andisol,7,grassland/pasture,5,pasture,pasture,2.0,good,False
H+68+47,68,47,12.86,581.0,open_westerly,0.385,False,False,0.641,moderate,0,none,False,False,False,False,False,False,False,False,10.03,dry,volcanic andisol,7,grassland/pasture,5,pasture,pasture,2.0,good,False
H+69+47,69,47,13.17,567.3,open_westerly,0.363,False,False,0.639,moderate,0,none,False,False,False,False,False,False,False,False,9.91,dry,volcanic andisol,7,grassland/pasture,5,pasture,pasture,2.0,good,False
H+70+47,70,47,13.52,570.6,open_westerly,0.353,False,False,0.638,moderate,0,none,False,False,False,False,False,False,False,False,9.66,dry,volcanic andisol,7,grassland/pasture,5,pasture,pasture|obsidian,2.0,good,False
H+71+47,71,47,13.85,564.1,open_westerly,0.345,False,False,0.637,moderate,0,none,False,False,False,False,False,False,False,False,9.46,dry,volcanic andisol,7,grassland/pasture,5,pasture,pasture|obsidian,2.0,good,False
H+72+47,72,47,14.15,549.7,open_westerly,0.334,False,False,0.637,moderate,0,none,False,False,False,False,False,False,False,False,9.35,dry,volcanic andisol,7,grassland/pasture,5,pasture,pasture|obsidian,2.0,good,False
H+73+47,73,47,14.52,547.1,open_westerly,0.326,False,False,0.637,moderate,0,none,False,False,False,False,False,False,False,False,9.19,dry,volcanic andisol,7,grassland/pasture,5,pasture,pasture|obsidian,2.0,good,False
H+74+47,74,47,14.95,537.6,open_westerly,0.316,False,False,0.637,moderate,0,none,False,False,False,False,False,False,False,False,9.16,dry,volcanic andisol,7,grassland/pasture,5,pasture,pasture|obsidian,2.0,good,False
H+75+47,75,47,15.46,510.9,open_westerly,0.302,True,False,0.838,strong,0,none,False,False,False,False,False,False,False,False,9.34,dry,volcanic andisol,7,grassland/pasture,5,pasture,pasture|obsidian,2.0,good,False
H+76+47,76,47,16.01,490.0,open_westerly,0.291,True,False,0.839,strong,0,none,False,False,False,False,False,False,False,False,2.5,shallow_well,volcanic andisol,7,grassland/pasture,5,pasture,pasture,2.0,good,False
H+77+47,77,47,16.62,482.3,open_westerly,0.283,True,False,0.839,strong,0,none,False,False,False,False,False,False,False,False,2.5,shallow_well,volcanic andisol,7,grassland/pasture,5,pasture,pasture,2.0,good,False
H+78+47,78,47,17.96,721.5,ocean_westerly,0.409,False,False,0.2,maritime,1,ocean,False,False,False,False,False,False,False,False,0.0,dry,none/ocean,0,none/ocean,0,fisheries,fisheries,0.8,modest,False
H+79+47,79,47,17.9,735.0,ocean_westerly,0.402,False,False,0.2,maritime,1,ocean,False,False,False,False,False,False,False,False,0.0,dry,none/ocean,0,none/ocean,0,fisheries,fisheries,0.8,modest,False
H+00+48,0,48,19.48,771.2,ocean_westerly,0.92,False,False,0.2,maritime,1,ocean,False,False,False,False,False,False,False,False,0.0,dry,none/ocean,0,none/ocean,0,fisheries,fisheries,0.8,modest,False
H+01+48,1,48,19.49,784.6,ocean_westerly,0.913,False,False,0.2,maritime,1,ocean,False,False,False,False,False,False,False,False,0.0,dry,none/ocean,0,none/ocean,0,fisheries,fisheries,0.8,modest,False
H+02+48,2,48,19.5,807.3,ocean_westerly,0.907,False,False,0.2,maritime,1,ocean,False,False,False,False,False,False,False,False,0.0,dry,none/ocean,0,none/ocean,0,fisheries,fisheries,0.8,modest,False
H+03+48,3,48,19.52,821.3,ocean_westerly,0.9,False,False,0.2,maritime,1,ocean,False,False,False,False,False,False,False,False,0.0,dry,none/ocean,0,none/ocean,0,fisheries,fisheries,0.8,modest,False
H+04+48,4,48,19.51,834.9,ocean_westerly,0.894,False,False,0.2,maritime,1,ocean,False,False,False,False,False,False,False,False,0.0,dry,none/ocean,0,none/ocean,0,fisheries,fisheries,0.8,modest,False
H+05+48,5,48,19.46,838.5,ocean_westerly,0.887,False,False,0.2,maritime,1,ocean,False,False,False,False,False,False,False,False,0.0,dry,none/ocean,0,none/ocean,0,fisheries,fisheries,0.8,modest,False
H+06+48,6,48,19.17,753.6,open_westerly,0.766,False,False,0.488,moderate,0,none,False,False,False,False,False,False,False,False,2.5,spring_line,sandy coastal,6,coastal scrub,10,,,0.0,none,False
H+07+48,7,48,19.14,744.0,open_westerly,0.76,False,False,0.478,moderate,2,river,True,False,False,False,False,False,True,False,1.5,spring_line,loam,4,coastal scrub,10,,,0.0,none,False
H+08+48,8,48,19.04,731.8,open_westerly,0.754,False,False,0.469,moderate,0,none,False,False,False,False,False,False,False,False,2.5,shallow_well,sandy coastal,6,coastal scrub,10,,,0.0,none,False
H+09+48,9,48,18.94,725.3,open_westerly,0.749,False,False,0.46,moderate,0,none,False,False,False,False,False,False,False,False,2.5,shallow_well,sandy coastal,6,coastal scrub,10,,,0.0,none,False
H+10+48,10,48,18.86,730.6,open_westerly,0.743,False,False,0.451,moderate,2,river,True,False,False,False,False,False,True,False,1.5,spring_line,loam,4,coastal scrub,10,,,0.0,none,False
H+11+48,11,48,18.74,733.6,open_westerly,0.737,False,False,0.442,moderate,2,river,True,False,False,False,False,False,True,False,1.5,spring_line,loam,4,coastal scrub,10,,,0.0,none,False
H+12+48,12,48,18.6,721.1,open_westerly,0.732,False,False,0.433,moderate,2,river,True,False,False,False,False,False,True,False,1.5,spring_line,loam,4,coastal scrub,10,,,0.0,none,False
H+13+48,13,48,18.47,701.3,open_westerly,0.726,False,False,0.423,moderate,2,river,True,False,False,False,False,False,True,False,1.5,spring_line,loam,4,coastal scrub,10,,,0.0,none,False
H+14+48,14,48,18.32,691.7,open_westerly,0.72,False,False,0.414,moderate,0,none,False,False,False,False,False,False,True,False,6.87,shallow_well,loam,4,coastal scrub,10,,,0.0,none,False
H+15+48,15,48,18.14,693.9,open_westerly,0.715,False,False,0.405,moderate,0,none,False,False,False,False,False,False,False,False,6.89,shallow_well,volcanic andisol,7,coastal scrub,10,,,0.0,none,False
H+16+48,16,48,17.84,703.0,open_westerly,0.709,False,False,0.396,moderate,0,none,False,False,False,False,False,False,False,False,6.91,shallow_well,volcanic andisol,7,temperate forest,4,,,1.5,good,False
H+17+48,17,48,17.63,715.8,open_westerly,0.703,False,False,0.388,moderate,0,none,False,False,False,False,False,False,False,False,6.81,shallow_well,volcanic andisol,7,temperate forest,4,,,1.5,good,False
H+18+48,18,48,17.48,722.1,open_westerly,0.697,False,False,0.379,moderate,0,none,False,False,False,False,False,False,False,False,6.67,shallow_well,volcanic andisol,7,temperate forest,4,,,1.5,good,False
H+19+48,19,48,17.41,716.0,open_westerly,0.692,False,False,0.37,moderate,0,none,False,False,False,False,False,False,True,False,6.56,shallow_well,loam,4,floodplain farmable,9,,,3.0,rich,False
H+20+48,20,48,17.42,702.9,open_westerly,0.686,False,False,0.361,moderate,2,river,True,False,False,False,False,False,True,False,1.5,spring_line,loam,4,floodplain farmable,9,,,3.0,rich,False
H+21+48,21,48,17.32,686.0,open_westerly,0.68,False,False,0.352,moderate,0,none,False,False,False,False,False,False,False,False,6.51,shallow_well,loam,4,grassland/pasture,5,pasture,pasture,2.0,good,False
H+22+48,22,48,17.3,671.4,open_westerly,0.675,False,False,0.344,weak,0,none,False,False,False,False,False,False,True,False,6.54,shallow_well,loam,4,floodplain farmable,9,,,3.0,rich,False
H+23+48,23,48,17.36,671.5,open_westerly,0.669,False,False,0.335,weak,3,major_river,True,True,False,False,False,False,True,False,1.5,spring_line,loam,4,floodplain farmable,9,fisheries,fisheries,3.5,rich,False
H+24+48,24,48,17.33,684.2,open_westerly,0.663,False,False,0.326,weak,2,river,True,False,False,False,False,False,True,False,1.5,spring_line,loam,4,floodplain farmable,9,,,3.0,rich,False
H+25+48,25,48,16.73,747.0,open_westerly,0.668,False,False,0.318,weak,0,none,False,False,False,False,False,False,False,False,6.08,shallow_well,loam,4,floodplain farmable,9,,,3.0,rich,False
H+26+48,26,48,15.78,901.4,open_westerly,0.69,False,False,0.309,weak,0,none,False,False,False,False,False,False,False,False,5.32,shallow_well,loam,4,floodplain farmable,9,,,3.0,rich,False
H+27+48,27,48,14.71,1046.1,open_westerly,0.712,False,False,0.3,weak,0,none,False,False,False,False,False,False,False,False,4.71,shallow_well,loam,4,temperate forest,4,timber,timber,1.5,good,False
H+28+48,28,48,13.44,1163.4,open_westerly,0.735,False,False,0.298,weak,0,none,False,False,False,False,False,False,False,False,4.55,shallow_well,loam,4,temperate forest,4,timber,timber|limestone_karst,1.5,good,False
H+29+48,29,48,13.84,495.5,calm_interior,0.676,False,True,0.506,moderate,8,salt_pan,False,False,False,False,True,False,False,False,8.49,dry,saline playa,10,salt flat sparse,11,salt_pans,salt_pans|evaporite_host,0.3,poor,True
H+30+48,30,48,14.52,468.0,calm_interior,0.668,False,True,0.515,moderate,8,salt_pan,False,False,False,False,True,False,False,False,8.85,dry,saline playa,10,salt flat sparse,11,salt_pans,salt_pans|evaporite_host,0.3,poor,True
H+31+48,31,48,13.85,437.3,calm_interior,0.651,False,True,0.524,moderate,8,salt_pan,False,False,False,False,True,False,False,False,9.22,dry,saline playa,10,salt flat sparse,11,salt_pans,salt_pans|evaporite_host,0.3,poor,True
H+32+48,32,48,13.86,401.4,calm_interior,0.634,False,True,0.534,moderate,8,salt_pan,False,False,False,False,True,False,False,False,9.47,dry,saline playa,10,salt flat sparse,11,salt_pans,salt_pans|evaporite_host,0.3,poor,True
H+33+48,33,48,13.88,365.3,calm_interior,0.616,False,True,0.544,moderate,8,salt_pan,False,False,False,False,True,False,False,False,9.58,dry,saline playa,10,salt flat sparse,11,salt_pans,salt_pans|evaporite_host,0.3,poor,True
H+34+48,34,48,13.93,347.2,calm_interior,0.601,False,True,0.553,moderate,8,salt_pan,False,False,False,False,True,False,False,False,9.55,dry,saline playa,10,salt flat sparse,11,salt_pans,salt_pans|evaporite_host,0.3,poor,True
H+35+48,35,48,14.01,333.2,calm_interior,0.586,False,True,0.564,moderate,8,salt_pan,False,False,False,False,True,False,False,False,9.57,dry,saline playa,10,salt flat sparse,11,salt_pans,salt_pans|evaporite_host,0.3,poor,True
H+36+48,36,48,14.08,322.5,calm_interior,0.572,False,True,0.574,moderate,8,salt_pan,False,False,False,False,True,False,False,False,9.71,dry,saline playa,10,salt flat sparse,11,salt_pans,salt_pans|evaporite_host,0.3,poor,True
H+37+48,37,48,14.15,317.9,calm_interior,0.558,False,True,0.584,moderate,8,salt_pan,False,False,False,False,True,False,False,False,9.88,dry,saline playa,10,salt flat sparse,11,salt_pans,salt_pans|evaporite_host,0.3,poor,True
H+38+48,38,48,14.18,315.3,calm_interior,0.547,False,True,0.594,moderate,8,salt_pan,False,False,False,False,True,False,False,False,10.05,dry,saline playa,10,salt flat sparse,11,salt_pans,salt_pans|evaporite_host,0.3,poor,True
H+39+48,39,48,14.84,306.3,open_westerly,0.537,False,True,0.604,moderate,8,salt_pan,False,False,False,False,True,False,False,False,10.27,dry,saline playa,10,salt flat sparse,11,salt_pans,salt_pans|evaporite_host,0.3,poor,True
H+40+48,40,48,5.88,469.5,leeward,0.555,True,False,0.614,moderate,0,none,False,False,False,False,False,False,False,False,14.54,dry,mountain thin,3,grassland/pasture,5,,,2.0,good,False
H+41+48,41,48,16.69,572.8,open_westerly,0.539,False,False,0.424,moderate,0,none,False,False,False,False,False,False,False,False,7.79,shallow_well,rocky/lithosol,1,grassland/pasture,5,pasture,pasture,2.0,good,False
H+42+48,42,48,17.51,576.4,open_westerly,0.534,False,False,0.433,moderate,0,none,False,False,False,False,False,False,False,False,7.36,shallow_well,loam,4,grassland/pasture,5,pasture,pasture,2.0,good,False
H+43+48,43,48,17.78,582.0,open_westerly,0.527,False,False,0.442,moderate,2,river,True,False,False,False,False,False,True,False,1.5,spring_line,loam,4,floodplain farmable,9,,,3.0,rich,False
H+44+48,44,48,17.7,582.4,open_westerly,0.522,False,False,0.451,moderate,0,none,False,False,False,False,False,False,False,False,6.92,shallow_well,loam,4,grassland/pasture,5,pasture,pasture,2.0,good,False
H+45+48,45,48,17.69,581.3,open_westerly,0.518,False,False,0.459,moderate,0,none,False,False,False,False,False,False,False,False,6.76,shallow_well,loam,4,grassland/pasture,5,pasture,pasture|greenstone_metals,2.0,good,False
H+46+48,46,48,17.67,580.1,open_westerly,0.514,False,False,0.467,moderate,0,none,False,False,False,False,False,False,False,False,6.73,shallow_well,loam,4,grassland/pasture,5,pasture,pasture,2.0,good,False
H+47+48,47,48,17.07,659.9,open_westerly,0.53,False,False,0.474,moderate,0,none,False,False,False,False,False,False,False,False,6.64,shallow_well,loam,4,grassland/pasture,5,pasture,pasture,2.0,good,False
H+48+48,48,48,16.49,757.1,open_westerly,0.553,False,False,0.482,moderate,0,none,False,False,False,False,False,False,False,False,6.5,shallow_well,loam,4,floodplain farmable,9,,,3.0,rich,False
H+49+48,49,48,15.92,819.2,open_westerly,0.569,False,False,0.49,moderate,0,none,False,False,False,False,False,False,False,False,6.58,shallow_well,loam,4,floodplain farmable,9,,,3.0,rich,False
H+50+48,50,48,15.45,872.8,open_westerly,0.584,False,False,0.497,moderate,0,none,False,False,False,False,False,False,False,False,6.72,shallow_well,loam,4,temperate forest,4,,,1.5,good,False
H+51+48,51,48,14.96,937.3,windward,0.599,False,False,0.504,moderate,0,none,False,False,False,False,False,False,False,False,6.88,shallow_well,volcanic andisol,7,temperate forest,4,,,1.5,good,False
H+52+48,52,48,14.49,979.6,windward,0.61,False,False,0.512,moderate,0,none,False,False,False,False,False,False,False,False,7.17,shallow_well,volcanic andisol,7,temperate forest,4,timber,timber,1.5,good,False
H+53+48,53,48,16.33,681.0,open_westerly,0.533,False,False,0.52,moderate,0,none,False,False,False,False,False,False,False,False,8.28,dry,volcanic andisol,7,grassland/pasture,5,pasture,pasture,2.0,good,False
H+54+48,54,48,15.77,748.3,open_westerly,0.552,False,False,0.527,moderate,0,none,False,False,False,False,False,False,False,False,8.08,dry,volcanic andisol,7,temperate forest,4,timber,timber,1.5,good,False
H+55+48,55,48,15.2,809.0,open_westerly,0.559,False,False,0.535,moderate,0,none,False,False,False,False,False,False,False,False,7.83,shallow_well,volcanic andisol,7,temperate forest,4,timber,timber,1.5,good,False
H+56+48,56,48,14.74,857.0,open_westerly,0.56,False,False,0.543,moderate,0,none,False,False,False,False,False,False,False,False,7.71,shallow_well,volcanic andisol,7,temperate forest,4,,,1.5,good,False
H+57+48,57,48,14.43,862.3,open_westerly,0.553,False,False,0.551,moderate,0,none,False,False,False,False,False,False,False,False,7.93,shallow_well,volcanic andisol,7,temperate forest,4,,,1.5,good,False
H+58+48,58,48,14.24,832.7,open_westerly,0.539,False,False,0.559,moderate,0,none,False,False,False,False,False,False,False,False,8.34,dry,volcanic andisol,7,temperate forest,4,,,1.5,good,False
H+59+48,59,48,14.06,805.5,open_westerly,0.524,False,False,0.568,moderate,0,none,False,False,False,False,False,False,False,False,8.76,dry,volcanic andisol,7,temperate forest,4,,,1.5,good,False
H+60+48,60,48,13.78,786.5,open_westerly,0.51,False,False,0.576,moderate,0,none,False,False,False,False,False,False,False,False,9.21,dry,volcanic andisol,7,temperate forest,4,,,1.5,good,False
H+61+48,61,48,13.49,748.7,open_westerly,0.494,False,False,0.585,moderate,0,none,False,False,False,False,False,False,False,False,9.81,dry,volcanic andisol,7,temperate forest,4,,,1.5,good,False
H+62+48,62,48,13.23,708.5,open_westerly,0.477,False,False,0.593,moderate,0,none,False,False,False,False,False,False,False,False,10.36,dry,volcanic andisol,7,temperate forest,4,,,1.5,good,False
H+63+48,63,48,13.04,667.7,open_westerly,0.46,False,False,0.602,moderate,0,none,False,False,False,False,False,False,False,False,10.71,dry,volcanic andisol,7,grassland/pasture,5,pasture,pasture,2.0,good,False
H+64+48,64,48,13.0,622.2,open_westerly,0.442,False,False,0.61,moderate,0,none,False,False,False,False,False,False,False,False,10.86,dry,volcanic andisol,7,grassland/pasture,5,pasture,pasture,2.0,good,False
H+65+48,65,48,13.05,597.2,open_westerly,0.427,False,False,0.618,moderate,0,none,False,False,False,False,False,False,False,False,10.77,dry,volcanic andisol,7,grassland/pasture,5,pasture,pasture,2.0,good,False
H+66+48,66,48,13.11,597.8,open_westerly,0.415,False,False,0.625,moderate,0,none,False,False,False,False,False,False,False,False,10.49,dry,volcanic andisol,7,grassland/pasture,5,pasture,pasture,2.0,good,False
H+67+48,67,48,13.13,598.1,open_westerly,0.401,False,False,0.633,moderate,0,none,False,False,False,False,False,False,False,False,10.25,dry,volcanic andisol,7,grassland/pasture,5,pasture,pasture,2.0,good,False
H+68+48,68,48,13.17,579.4,open_westerly,0.379,False,False,0.634,moderate,0,none,False,False,False,False,False,False,False,False,10.27,dry,volcanic andisol,7,grassland/pasture,5,pasture,pasture,2.0,good,False
H+69+48,69,48,13.27,575.8,open_westerly,0.363,False,False,0.633,moderate,0,none,False,False,False,False,False,False,False,False,10.24,dry,volcanic andisol,7,grassland/pasture,5,pasture,pasture|obsidian,2.0,good,False
H+70+48,70,48,13.55,569.3,open_westerly,0.35,False,False,0.632,moderate,0,none,False,False,False,False,False,False,False,False,10.11,dry,volcanic andisol,7,grassland/pasture,5,pasture,pasture|obsidian,2.0,good,False
H+71+48,71,48,13.98,558.1,open_westerly,0.34,False,False,0.632,moderate,0,none,False,False,False,False,False,False,False,False,9.8,dry,volcanic andisol,7,grassland/pasture,5,pasture,pasture|obsidian,2.0,good,False
H+72+48,72,48,14.4,548.1,open_westerly,0.331,False,False,0.632,moderate,0,none,False,False,False,False,False,False,False,False,9.41,dry,volcanic andisol,7,grassland/pasture,5,pasture,pasture|obsidian,2.0,good,False
H+73+48,73,48,14.87,550.5,open_westerly,0.326,False,False,0.632,moderate,0,none,False,False,False,False,False,False,False,False,8.99,dry,volcanic andisol,7,grassland/pasture,5,pasture,pasture|obsidian,2.0,good,False
H+74+48,74,48,15.38,538.1,open_westerly,0.315,True,False,0.832,strong,0,none,False,False,False,False,False,False,False,False,8.84,dry,volcanic andisol,7,grassland/pasture,5,pasture,pasture|obsidian,2.0,good,False
H+75+48,75,48,15.86,515.9,open_westerly,0.302,True,False,0.833,strong,0,none,False,False,False,False,False,False,False,False,2.5,spring_line,volcanic andisol,7,grassland/pasture,5,pasture,pasture|obsidian,2.0,good,False
H+76+48,76,48,16.36,497.9,open_westerly,0.292,True,False,0.834,strong,0,none,False,False,False,False,False,False,False,False,2.5,shallow_well,volcanic andisol,7,grassland/pasture,5,pasture,pasture,2.0,good,False
H+77+48,77,48,18.29,722.6,ocean_westerly,0.416,False,False,0.2,maritime,1,ocean,False,False,False,False,False,False,False,False,0.0,dry,none/ocean,0,none/ocean,0,fisheries,fisheries,0.8,modest,False
H+78+48,78,48,18.23,731.4,ocean_westerly,0.409,False,False,0.2,maritime,1,ocean,False,False,False,False,False,False,False,False,0.0,dry,none/ocean,0,none/ocean,0,fisheries,fisheries,0.8,modest,False
H+79+48,79,48,18.19,742.9,ocean_westerly,0.402,False,False,0.2,maritime,1,ocean,False,False,False,False,False,False,False,False,0.0,dry,none/ocean,0,none/ocean,0,fisheries,fisheries,0.8,modest,False
H+00+49,0,49,19.66,748.4,ocean_westerly,0.92,False,False,0.2,maritime,1,ocean,False,False,False,False,False,False,False,False,0.0,dry,none/ocean,0,none/ocean,0,fisheries,fisheries,0.8,modest,False
H+01+49,1,49,19.67,757.9,ocean_westerly,0.913,False,False,0.2,maritime,1,ocean,False,False,False,False,False,False,False,False,0.0,dry,none/ocean,0,none/ocean,0,fisheries,fisheries,0.8,modest,False
H+02+49,2,49,19.69,775.7,ocean_westerly,0.907,False,False,0.2,maritime,1,ocean,False,False,False,False,False,False,False,False,0.0,dry,none/ocean,0,none/ocean,0,fisheries,fisheries,0.8,modest,False
H+03+49,3,49,19.7,788.0,ocean_westerly,0.9,False,False,0.2,maritime,1,ocean,False,False,False,False,False,False,False,False,0.0,dry,none/ocean,0,none/ocean,0,fisheries,fisheries,0.8,modest,False
H+04+49,4,49,19.7,797.4,ocean_westerly,0.894,False,False,0.2,maritime,1,ocean,False,False,False,False,False,False,False,False,0.0,dry,none/ocean,0,none/ocean,0,fisheries,fisheries,0.8,modest,False
H+05+49,5,49,19.66,802.6,ocean_westerly,0.887,False,False,0.2,maritime,1,ocean,False,False,False,False,False,False,False,False,0.0,dry,none/ocean,0,none/ocean,0,fisheries,fisheries,0.8,modest,False
H+06+49,6,49,19.59,799.9,ocean_westerly,0.881,False,False,0.2,maritime,1,ocean,False,False,False,False,False,False,False,False,0.0,dry,none/ocean,0,none/ocean,0,fisheries,fisheries,0.8,modest,False
H+07+49,7,49,19.35,720.6,open_westerly,0.76,False,False,0.476,moderate,0,none,False,False,False,False,False,False,False,False,2.5,spring_line,sandy coastal,6,coastal scrub,10,,,0.0,none,False
H+08+49,8,49,19.29,721.5,open_westerly,0.754,False,False,0.467,moderate,3,major_river,True,True,False,False,False,False,True,False,1.5,spring_line,loam,4,coastal scrub,10,fisheries,fisheries,0.8,modest,False
H+09+49,9,49,19.21,726.1,open_westerly,0.749,False,False,0.458,moderate,3,major_river,True,True,False,False,False,False,True,False,1.5,spring_line,loam,4,coastal scrub,10,fisheries,fisheries|clay,0.8,modest,False
H+10+49,10,49,19.14,726.3,open_westerly,0.743,False,False,0.449,moderate,0,none,False,False,False,False,False,False,True,False,2.5,shallow_well,loam,4,coastal scrub,10,,,0.0,none,False
H+11+49,11,49,19.0,722.2,open_westerly,0.737,False,False,0.44,moderate,0,none,False,False,False,False,False,False,False,False,7.56,shallow_well,sandy coastal,6,coastal scrub,10,,,0.0,none,False
H+12+49,12,49,18.87,713.6,open_westerly,0.732,False,False,0.431,moderate,0,none,False,False,False,False,False,False,False,False,7.16,shallow_well,sandy coastal,6,coastal scrub,10,,,0.0,none,False
H+13+49,13,49,18.72,701.8,open_westerly,0.726,False,False,0.422,moderate,0,none,False,False,False,False,False,False,False,False,6.86,shallow_well,sandy coastal,6,coastal scrub,10,,,0.0,none,False
H+14+49,14,49,18.54,699.9,open_westerly,0.72,False,False,0.413,moderate,0,none,False,False,False,False,False,False,False,False,6.74,shallow_well,sandy coastal,6,coastal scrub,10,,,0.0,none,False
H+15+49,15,49,18.45,713.4,open_westerly,0.715,False,False,0.404,moderate,2,river,True,False,False,False,False,False,True,False,1.5,spring_line,loam,4,coastal scrub,10,,,0.0,none,False
H+16+49,16,49,18.29,731.0,open_westerly,0.709,False,False,0.395,moderate,2,river,True,False,False,False,False,False,True,False,1.5,spring_line,loam,4,coastal scrub,10,,,0.0,none,False
H+17+49,17,49,18.18,742.5,open_westerly,0.703,False,False,0.387,moderate,2,river,True,False,False,False,False,False,True,False,1.5,spring_line,loam,4,coastal scrub,10,,,0.0,none,False
H+18+49,18,49,18.04,745.8,open_westerly,0.697,False,False,0.378,moderate,2,river,True,False,False,False,False,False,True,False,1.5,spring_line,loam,4,coastal scrub,10,,,0.0,none,False
H+19+49,19,49,17.89,729.8,open_westerly,0.692,False,False,0.369,moderate,2,river,True,False,False,False,False,False,True,False,1.5,spring_line,loam,4,floodplain farmable,9,,,3.0,rich,False
H+20+49,20,49,17.73,700.9,open_westerly,0.686,False,False,0.361,moderate,0,none,False,False,False,False,False,False,False,False,6.49,shallow_well,loam,4,floodplain farmable,9,,,3.0,rich,False
H+21+49,21,49,17.58,679.4,open_westerly,0.68,False,False,0.352,moderate,0,none,False,False,False,False,False,False,False,False,6.57,shallow_well,loam,4,grassland/pasture,5,pasture,pasture,2.0,good,False
H+22+49,22,49,17.59,665.6,open_westerly,0.675,False,False,0.343,weak,3,major_river,True,True,False,False,False,False,True,False,1.5,spring_line,loam,4,floodplain farmable,9,fisheries,fisheries,3.5,rich,False
H+23+49,23,49,17.53,661.2,open_westerly,0.669,False,False,0.335,weak,0,none,False,False,False,False,False,False,False,False,6.61,shallow_well,loam,4,grassland/pasture,5,pasture,pasture,2.0,good,False
H+24+49,24,49,17.57,664.8,open_westerly,0.663,False,False,0.326,weak,0,none,False,False,False,False,False,False,False,False,6.51,shallow_well,loam,4,grassland/pasture,5,pasture,pasture,2.0,good,False
H+25+49,25,49,17.02,720.3,open_westerly,0.667,False,False,0.317,weak,0,none,False,False,False,False,False,False,True,False,6.3,shallow_well,loam,4,floodplain farmable,9,,,3.0,rich,False
H+26+49,26,49,16.14,874.2,open_westerly,0.687,False,False,0.309,weak,0,none,False,False,False,False,False,False,False,False,5.42,shallow_well,loam,4,floodplain farmable,9,,,3.0,rich,False
H+27+49,27,49,15.08,1029.7,open_westerly,0.71,False,False,0.3,weak,0,none,False,False,False,False,False,False,False,False,4.63,shallow_well,loam,4,temperate forest,4,timber,timber,1.5,good,False
H+28+49,28,49,13.75,1161.7,open_westerly,0.734,False,False,0.297,weak,0,none,False,False,False,False,False,False,False,False,4.35,shallow_well,loam,4,temperate forest,4,timber,timber,1.5,good,False
H+29+49,29,49,14.1,500.2,calm_interior,0.676,False,True,0.506,moderate,8,salt_pan,False,False,False,False,True,False,False,False,8.29,dry,saline playa,10,salt flat sparse,11,salt_pans,salt_pans|evaporite_host,0.3,poor,True
H+30+49,30,49,14.77,468.6,calm_interior,0.668,False,True,0.515,moderate,8,salt_pan,False,False,False,False,True,False,False,False,8.72,dry,saline playa,10,salt flat sparse,11,salt_pans,salt_pans|evaporite_host,0.3,poor,True
H+31+49,31,49,14.11,431.7,calm_interior,0.651,False,True,0.524,moderate,8,salt_pan,False,False,False,False,True,False,False,False,9.15,dry,saline playa,10,salt flat sparse,11,salt_pans,salt_pans|evaporite_host,0.3,poor,True
H+32+49,32,49,14.11,397.6,calm_interior,0.634,False,True,0.533,moderate,8,salt_pan,False,False,False,False,True,False,False,False,9.41,dry,saline playa,10,salt flat sparse,11,salt_pans,salt_pans|evaporite_host,0.3,poor,True
H+33+49,33,49,14.14,369.0,calm_interior,0.616,False,True,0.543,moderate,8,salt_pan,False,False,False,False,True,False,False,False,9.5,dry,saline playa,10,salt flat sparse,11,salt_pans,salt_pans|evaporite_host,0.3,poor,True
H+34+49,34,49,14.19,353.4,calm_interior,0.601,False,True,0.552,moderate,8,salt_pan,False,False,False,False,True,False,False,False,9.48,dry,saline playa,10,salt flat sparse,11,salt_pans,salt_pans|evaporite_host,0.3,poor,True
H+35+49,35,49,14.26,332.6,calm_interior,0.586,False,True,0.562,moderate,8,salt_pan,False,False,False,False,True,False,False,False,9.57,dry,saline playa,10,salt flat sparse,11,salt_pans,salt_pans|evaporite_host,0.3,poor,True
H+36+49,36,49,14.34,316.8,calm_interior,0.572,False,True,0.572,moderate,8,salt_pan,False,False,False,False,True,False,False,False,9.72,dry,saline playa,10,salt flat sparse,11,salt_pans,salt_pans|evaporite_host,0.3,poor,True
H+37+49,37,49,14.4,316.5,calm_interior,0.558,False,True,0.581,moderate,8,salt_pan,False,False,False,False,True,False,False,False,9.8,dry,saline playa,10,salt flat sparse,11,salt_pans,salt_pans|evaporite_host,0.3,poor,True
H+38+49,38,49,14.43,319.5,calm_interior,0.546,False,True,0.591,moderate,8,salt_pan,False,False,False,False,True,False,False,False,9.89,dry,saline playa,10,salt flat sparse,11,salt_pans,salt_pans|evaporite_host,0.3,poor,True
H+39+49,39,49,15.08,311.1,open_westerly,0.536,False,True,0.6,moderate,8,salt_pan,False,False,False,False,True,False,False,False,10.12,dry,saline playa,10,salt flat sparse,11,salt_pans,salt_pans|evaporite_host,0.3,poor,True
H+40+49,40,49,6.02,473.8,leeward,0.551,True,False,0.61,moderate,0,none,False,False,False,False,False,False,False,False,14.51,dry,mountain thin,3,grassland/pasture,5,,,2.0,good,False
H+41+49,41,49,16.86,578.7,open_westerly,0.539,False,False,0.419,moderate,0,none,False,False,False,False,False,False,False,False,7.78,shallow_well,rocky/lithosol,1,grassland/pasture,5,pasture,pasture,2.0,good,False
H+42+49,42,49,17.65,572.6,open_westerly,0.535,False,False,0.428,moderate,0,none,False,False,False,False,False,False,False,False,7.47,shallow_well,loam,4,grassland/pasture,5,pasture,pasture,2.0,good,False
H+43+49,43,49,17.94,563.9,open_westerly,0.527,False,False,0.436,moderate,2,river,True,False,False,False,False,False,True,False,1.5,spring_line,loam,4,floodplain farmable,9,,,3.0,rich,False
H+44+49,44,49,17.9,558.6,open_westerly,0.522,False,False,0.444,moderate,0,none,False,False,False,False,False,False,False,False,7.05,shallow_well,loam,4,grassland/pasture,5,pasture,pasture,2.0,good,False
H+45+49,45,49,17.89,555.0,open_westerly,0.518,False,False,0.452,moderate,0,none,False,False,False,False,False,False,False,False,6.86,shallow_well,loam,4,grassland/pasture,5,pasture,pasture,2.0,good,False
H+46+49,46,49,17.28,617.6,open_westerly,0.531,False,False,0.46,moderate,0,none,False,False,False,False,False,False,False,False,6.74,shallow_well,loam,4,grassland/pasture,5,pasture,pasture,2.0,good,False
H+47+49,47,49,16.7,707.1,open_westerly,0.55,False,False,0.467,moderate,0,none,False,False,False,False,False,False,False,False,6.59,shallow_well,loam,4,floodplain farmable,9,,,3.0,rich,False
H+48+49,48,49,16.14,795.3,open_westerly,0.564,False,False,0.474,moderate,0,none,False,False,False,False,False,False,False,False,6.52,shallow_well,loam,4,floodplain farmable,9,,,3.0,rich,False
H+49+49,49,49,15.7,873.5,open_westerly,0.579,False,False,0.481,moderate,0,none,False,False,False,False,False,False,False,False,6.44,shallow_well,loam,4,temperate forest,4,,,1.5,good,False
H+50+49,50,49,15.26,932.8,windward,0.596,False,False,0.489,moderate,0,none,False,False,False,False,False,False,False,False,6.57,shallow_well,loam,4,temperate forest,4,,,1.5,good,False
H+51+49,51,49,17.86,557.4,open_westerly,0.505,False,False,0.496,moderate,0,none,False,False,False,False,False,False,True,False,7.98,shallow_well,loam,4,floodplain farmable,9,,,3.0,rich,False
H+52+49,52,49,17.3,618.9,open_westerly,0.523,False,False,0.503,moderate,0,none,False,False,False,False,False,False,False,False,8.27,dry,volcanic andisol,7,grassland/pasture,5,pasture,pasture|volcanic_host,2.0,good,False
H+53+49,53,49,16.65,698.9,open_westerly,0.54,False,False,0.511,moderate,0,none,False,False,False,False,False,False,False,False,8.3,dry,volcanic andisol,7,grassland/pasture,5,pasture,pasture,2.0,good,False
H+54+49,54,49,16.05,766.0,open_westerly,0.551,False,False,0.518,moderate,0,none,False,False,False,False,False,False,False,False,8.05,dry,volcanic andisol,7,temperate forest,4,timber,timber,1.5,good,False
H+55+49,55,49,15.47,820.6,open_westerly,0.559,False,False,0.526,moderate,0,none,False,False,False,False,False,False,False,False,7.75,shallow_well,volcanic andisol,7,temperate forest,4,timber,timber,1.5,good,False
H+56+49,56,49,15.13,842.3,open_westerly,0.557,False,False,0.534,moderate,0,none,False,False,False,False,False,False,False,False,7.7,shallow_well,volcanic andisol,7,temperate forest,4,timber,timber,1.5,good,False
H+57+49,57,49,14.88,849.4,open_westerly,0.549,False,False,0.542,moderate,0,none,False,False,False,False,False,False,False,False,7.88,shallow_well,volcanic andisol,7,temperate forest,4,timber,timber,1.5,good,False
H+58+49,58,49,14.76,821.6,open_westerly,0.536,False,False,0.55,moderate,0,none,False,False,False,False,False,False,False,False,8.28,dry,volcanic andisol,7,temperate forest,4,,,1.5,good,False
H+59+49,59,49,14.62,799.3,open_westerly,0.523,False,False,0.558,moderate,0,none,False,False,False,False,False,False,False,False,8.67,dry,volcanic andisol,7,temperate forest,4,,volcanic_host,1.5,good,False
H+60+49,60,49,14.46,779.7,open_westerly,0.508,False,False,0.567,moderate,0,none,False,False,False,False,False,False,False,False,9.05,dry,volcanic andisol,7,temperate forest,4,,,1.5,good,False
H+61+49,61,49,14.23,744.8,open_westerly,0.493,False,False,0.576,moderate,0,none,False,False,False,False,False,False,False,False,9.58,dry,volcanic andisol,7,temperate forest,4,,,1.5,good,False
H+62+49,62,49,14.07,687.2,open_westerly,0.476,False,False,0.584,moderate,0,none,False,False,False,False,False,False,False,False,10.16,dry,volcanic andisol,7,grassland/pasture,5,pasture,pasture,2.0,good,False
H+63+49,63,49,13.95,639.9,open_westerly,0.459,False,False,0.593,moderate,0,none,False,False,False,False,False,False,False,False,10.5,dry,volcanic andisol,7,grassland/pasture,5,pasture,pasture,2.0,good,False
H+64+49,64,49,13.93,600.9,open_westerly,0.442,False,False,0.601,moderate,0,none,False,False,False,False,False,False,False,False,10.62,dry,volcanic andisol,7,grassland/pasture,5,pasture,pasture,2.0,good,False
H+65+49,65,49,13.99,576.2,open_westerly,0.427,False,False,0.609,moderate,0,none,False,False,False,False,False,False,False,False,10.58,dry,volcanic andisol,7,grassland/pasture,5,pasture,pasture,2.0,good,False
H+66+49,66,49,13.98,585.4,open_westerly,0.413,False,False,0.618,moderate,0,none,False,False,False,False,False,False,False,False,10.34,dry,volcanic andisol,7,grassland/pasture,5,pasture,pasture,2.0,good,False
H+67+49,67,49,13.84,605.2,open_westerly,0.399,False,False,0.626,moderate,0,none,False,False,False,False,False,False,False,False,10.07,dry,volcanic andisol,7,grassland/pasture,5,pasture,pasture,2.0,good,False
H+68+49,68,49,13.65,600.7,open_westerly,0.383,False,False,0.627,moderate,0,none,False,False,False,False,False,False,False,False,10.13,dry,volcanic andisol,7,grassland/pasture,5,pasture,pasture,2.0,good,False
H+69+49,69,49,13.61,582.5,open_westerly,0.365,False,False,0.627,moderate,0,none,False,False,False,False,False,False,False,False,10.3,dry,volcanic andisol,7,grassland/pasture,5,pasture,pasture|obsidian,2.0,good,False
H+70+49,70,49,13.79,567.8,open_westerly,0.35,False,False,0.627,moderate,0,none,False,False,False,False,False,False,False,False,10.28,dry,volcanic andisol,7,grassland/pasture,5,pasture,pasture|obsidian|volcanic_host,2.0,good,False
H+71+49,71,49,14.27,554.0,open_westerly,0.337,False,False,0.627,moderate,0,none,False,False,False,False,False,False,False,False,9.92,dry,volcanic andisol,7,grassland/pasture,5,pasture,pasture|obsidian,2.0,good,False
H+72+49,72,49,14.79,552.4,open_westerly,0.331,False,False,0.627,moderate,0,none,False,False,False,False,False,False,False,False,9.33,dry,volcanic andisol,7,grassland/pasture,5,pasture,pasture|obsidian,2.0,good,False
H+73+49,73,49,15.37,553.4,open_westerly,0.328,False,False,0.627,moderate,0,none,False,False,False,False,False,False,False,False,8.76,dry,volcanic andisol,7,grassland/pasture,5,pasture,pasture|obsidian,2.0,good,False
H+74+49,74,49,15.91,531.5,open_westerly,0.315,True,False,0.828,strong,0,none,False,False,False,False,False,False,False,False,8.6,dry,volcanic andisol,7,grassland/pasture,5,pasture,pasture|obsidian,2.0,good,False
H+75+49,75,49,16.39,513.6,open_westerly,0.303,True,False,0.83,strong,0,none,False,False,False,False,False,False,False,False,2.5,spring_line,volcanic andisol,7,grassland/pasture,5,pasture,pasture|obsidian,2.0,good,False
H+76+49,76,49,16.84,499.1,open_westerly,0.294,True,False,0.831,strong,0,none,False,False,False,False,False,False,False,False,2.5,shallow_well,volcanic andisol,7,grassland/pasture,5,pasture,pasture|obsidian,2.0,good,False
H+77+49,77,49,18.55,721.9,ocean_westerly,0.416,False,False,0.2,maritime,1,ocean,False,False,False,False,False,False,False,False,0.0,dry,none/ocean,0,none/ocean,0,fisheries,fisheries,0.8,modest,False
H+78+49,78,49,18.5,728.0,ocean_westerly,0.409,False,False,0.2,maritime,1,ocean,False,False,False,False,False,False,False,False,0.0,dry,none/ocean,0,none/ocean,0,fisheries,fisheries,0.8,modest,False
H+79+49,79,49,18.47,738.8,ocean_westerly,0.402,False,False,0.2,maritime,1,ocean,False,False,False,False,False,False,False,False,0.0,dry,none/ocean,0,none/ocean,0,fisheries,fisheries,0.8,modest,False
H+00+50,0,50,19.85,723.9,ocean_westerly,0.92,False,False,0.2,maritime,1,ocean,False,False,False,False,False,False,False,False,0.0,dry,none/ocean,0,none/ocean,0,fisheries,fisheries,0.8,modest,False
H+01+50,1,50,19.86,733.2,ocean_westerly,0.913,False,False,0.2,maritime,1,ocean,False,False,False,False,False,False,False,False,0.0,dry,none/ocean,0,none/ocean,0,fisheries,fisheries,0.8,modest,False
H+02+50,2,50,19.88,750.9,ocean_westerly,0.907,False,False,0.2,maritime,1,ocean,False,False,False,False,False,False,False,False,0.0,dry,none/ocean,0,none/ocean,0,fisheries,fisheries,0.8,modest,False
H+03+50,3,50,19.9,761.7,ocean_westerly,0.9,False,False,0.2,maritime,1,ocean,False,False,False,False,False,False,False,False,0.0,dry,none/ocean,0,none/ocean,0,fisheries,fisheries,0.8,modest,False
H+04+50,4,50,19.9,767.8,ocean_westerly,0.894,False,False,0.2,maritime,1,ocean,False,False,False,False,False,False,False,False,0.0,dry,none/ocean,0,none/ocean,0,fisheries,fisheries,0.8,modest,False
H+05+50,5,50,19.87,773.9,ocean_westerly,0.887,False,False,0.2,maritime,1,ocean,False,False,False,False,False,False,False,False,0.0,dry,none/ocean,0,none/ocean,0,fisheries,fisheries,0.8,modest,False
H+06+50,6,50,19.81,775.3,ocean_westerly,0.881,False,False,0.2,maritime,1,ocean,False,False,False,False,False,False,False,False,0.0,dry,none/ocean,0,none/ocean,0,fisheries,fisheries,0.8,modest,False
H+07+50,7,50,19.76,770.3,ocean_westerly,0.874,False,False,0.2,maritime,1,ocean,False,False,False,False,False,False,False,False,0.0,dry,none/ocean,0,none/ocean,0,fisheries,fisheries,0.8,modest,False
H+08+50,8,50,19.52,703.0,open_westerly,0.754,False,False,0.465,moderate,0,none,False,False,False,False,False,False,False,False,2.5,spring_line,sandy coastal,6,coastal scrub,10,,,0.0,none,False
H+09+50,9,50,19.46,709.6,open_westerly,0.749,False,False,0.456,moderate,0,none,False,False,False,False,False,False,False,False,2.5,shallow_well,sandy coastal,6,coastal scrub,10,,clay,0.0,none,False
H+10+50,10,50,19.35,712.7,open_westerly,0.743,False,False,0.447,moderate,0,none,False,False,False,False,False,False,False,False,2.5,shallow_well,sandy coastal,6,coastal scrub,10,,,0.0,none,False
H+11+50,11,50,19.27,713.3,open_westerly,0.737,False,False,0.438,moderate,0,none,False,False,False,False,False,False,False,False,2.5,shallow_well,sandy coastal,6,coastal scrub,10,,,0.0,none,False
H+12+50,12,50,19.1,710.8,open_westerly,0.732,False,False,0.429,moderate,0,none,False,False,False,False,False,False,False,False,7.12,shallow_well,sandy coastal,6,coastal scrub,10,,,0.0,none,False
H+13+50,13,50,18.93,705.8,open_westerly,0.726,False,False,0.42,moderate,0,none,False,False,False,False,False,False,False,False,6.83,shallow_well,sandy coastal,6,coastal scrub,10,,,0.0,none,False
H+14+50,14,50,18.84,710.2,open_westerly,0.72,False,False,0.412,moderate,3,major_river,True,True,False,False,False,False,True,False,1.5,spring_line,loam,4,coastal scrub,10,fisheries,fisheries,0.8,modest,False
H+15+50,15,50,18.67,728.3,open_westerly,0.715,False,False,0.403,moderate,0,none,False,False,False,False,False,False,True,False,6.59,shallow_well,loam,4,coastal scrub,10,,,0.0,none,False
H+16+50,16,50,18.56,749.7,open_westerly,0.709,False,False,0.394,moderate,0,none,False,False,False,False,False,False,True,False,6.51,shallow_well,loam,4,coastal scrub,10,,,0.0,none,False
H+17+50,17,50,18.44,764.6,open_westerly,0.703,False,False,0.386,moderate,0,none,False,False,False,False,False,False,False,False,6.43,shallow_well,sandy coastal,6,coastal scrub,10,,,0.0,none,False
H+18+50,18,50,18.29,769.4,open_westerly,0.697,False,False,0.377,moderate,0,none,False,False,False,False,False,False,False,False,6.3,shallow_well,sandy coastal,6,temperate forest,4,,,1.5,good,False
H+19+50,19,50,18.12,751.8,open_westerly,0.692,False,False,0.369,moderate,0,none,False,False,False,False,False,False,False,False,6.29,shallow_well,sandy coastal,6,temperate forest,4,,,1.5,good,False
H+20+50,20,50,17.94,719.6,open_westerly,0.686,False,False,0.36,moderate,0,none,False,False,False,False,False,False,False,False,6.4,shallow_well,loam,4,floodplain farmable,9,,,3.0,rich,False
H+21+50,21,50,17.9,695.4,open_westerly,0.68,False,False,0.351,moderate,3,major_river,True,True,False,False,False,False,True,False,1.5,spring_line,loam,4,floodplain farmable,9,fisheries,fisheries,3.5,rich,False
H+22+50,22,50,17.8,679.0,open_westerly,0.675,False,False,0.343,weak,0,none,False,False,False,False,False,False,False,False,6.49,shallow_well,loam,4,grassland/pasture,5,pasture,pasture,2.0,good,False
H+23+50,23,50,17.8,669.9,open_westerly,0.669,False,False,0.334,weak,0,none,False,False,False,False,False,False,False,False,6.46,shallow_well,loam,4,grassland/pasture,5,pasture,pasture,2.0,good,False
H+24+50,24,50,17.86,666.5,open_westerly,0.663,False,False,0.326,weak,2,river,True,False,False,False,False,False,True,False,1.5,spring_line,loam,4,floodplain farmable,9,,,3.0,rich,False
H+25+50,25,50,17.34,712.4,open_westerly,0.666,False,False,0.317,weak,0,none,False,False,False,False,False,False,True,False,6.21,shallow_well,loam,4,floodplain farmable,9,,,3.0,rich,False
H+26+50,26,50,16.48,860.0,open_westerly,0.685,False,False,0.309,weak,0,none,False,False,False,False,False,False,False,False,5.45,shallow_well,loam,4,floodplain farmable,9,,,3.0,rich,False
H+27+50,27,50,15.41,1014.1,open_westerly,0.708,False,False,0.3,weak,0,none,False,False,False,False,False,False,False,False,4.77,shallow_well,loam,4,temperate forest,4,,,1.5,good,False
H+28+50,28,50,14.07,1147.1,open_westerly,0.733,False,False,0.297,weak,0,none,False,False,False,False,False,False,False,False,4.54,shallow_well,loam,4,temperate forest,4,timber,timber,1.5,good,False
H+29+50,29,50,14.37,497.3,calm_interior,0.676,False,True,0.506,moderate,8,salt_pan,False,False,False,False,True,False,False,False,8.38,dry,saline playa,10,salt flat sparse,11,salt_pans,salt_pans|evaporite_host,0.3,poor,True
H+30+50,30,50,14.37,472.2,calm_interior,0.668,False,True,0.515,moderate,8,salt_pan,False,False,False,False,True,False,False,False,8.64,dry,saline playa,10,salt flat sparse,11,salt_pans,salt_pans|evaporite_host,0.3,poor,True
H+31+50,31,50,14.37,430.2,calm_interior,0.651,False,True,0.524,moderate,8,salt_pan,False,False,False,False,True,False,False,False,9.0,dry,saline playa,10,salt flat sparse,11,salt_pans,salt_pans|evaporite_host,0.3,poor,True
H+32+50,32,50,14.38,397.3,calm_interior,0.634,False,True,0.533,moderate,8,salt_pan,False,False,False,False,True,False,False,False,9.24,dry,saline playa,10,salt flat sparse,11,salt_pans,salt_pans|evaporite_host,0.3,poor,True
H+33+50,33,50,14.4,369.4,calm_interior,0.616,False,True,0.542,moderate,8,salt_pan,False,False,False,False,True,False,False,False,9.37,dry,saline playa,10,salt flat sparse,11,salt_pans,salt_pans|evaporite_host,0.3,poor,True
H+34+50,34,50,14.45,354.4,calm_interior,0.601,False,True,0.551,moderate,8,salt_pan,False,False,False,False,True,False,False,False,9.4,dry,saline playa,10,salt flat sparse,11,salt_pans,salt_pans|evaporite_host,0.3,poor,True
H+35+50,35,50,14.52,334.5,calm_interior,0.586,False,True,0.56,moderate,8,salt_pan,False,False,False,False,True,False,False,False,9.51,dry,saline playa,10,salt flat sparse,11,salt_pans,salt_pans|evaporite_host,0.3,poor,True
H+36+50,36,50,14.6,318.9,calm_interior,0.571,False,True,0.57,moderate,8,salt_pan,False,False,False,False,True,False,False,False,9.67,dry,saline playa,10,salt flat sparse,11,salt_pans,salt_pans|evaporite_host,0.3,poor,True
H+37+50,37,50,14.65,317.3,calm_interior,0.557,False,True,0.579,moderate,8,salt_pan,False,False,False,False,True,False,False,False,9.78,dry,saline playa,10,salt flat sparse,11,salt_pans,salt_pans|evaporite_host,0.3,poor,True
H+38+50,38,50,14.68,318.5,calm_interior,0.545,False,True,0.588,moderate,8,salt_pan,False,False,False,False,True,False,False,False,9.92,dry,saline playa,10,salt flat sparse,11,salt_pans,salt_pans|evaporite_host,0.3,poor,True
H+39+50,39,50,15.31,309.6,open_westerly,0.535,False,True,0.596,moderate,8,salt_pan,False,False,False,False,True,False,False,False,10.16,dry,saline playa,10,salt flat sparse,11,salt_pans,salt_pans|evaporite_host,0.3,poor,True
H+40+50,40,50,6.18,468.1,leeward,0.547,True,False,0.605,moderate,0,none,False,False,False,False,False,False,False,False,14.61,dry,mountain thin,3,grassland/pasture,5,,,2.0,good,False
H+41+50,41,50,17.08,574.4,open_westerly,0.538,False,False,0.413,moderate,0,none,False,False,False,False,False,False,False,False,7.84,shallow_well,rocky/lithosol,1,grassland/pasture,5,pasture,pasture|limestone_karst,2.0,good,False
H+42+50,42,50,17.83,565.4,open_westerly,0.535,False,False,0.422,moderate,0,none,False,False,False,False,False,False,False,False,7.56,shallow_well,loam,4,grassland/pasture,5,pasture,pasture,2.0,good,False
H+43+50,43,50,18.1,552.0,open_westerly,0.527,False,False,0.43,moderate,0,none,False,False,False,False,False,False,True,False,7.39,shallow_well,loam,4,floodplain farmable,9,,,3.0,rich,False
H+44+50,44,50,18.09,544.5,open_westerly,0.522,False,False,0.437,moderate,0,none,False,False,False,False,False,False,False,False,7.26,shallow_well,loam,4,grassland/pasture,5,pasture,pasture,2.0,good,False
H+45+50,45,50,17.48,592.3,open_westerly,0.531,False,False,0.445,moderate,0,none,False,False,False,False,False,False,False,False,7.12,shallow_well,loam,4,grassland/pasture,5,pasture,pasture,2.0,good,False
H+46+50,46,50,16.89,663.5,open_westerly,0.546,False,False,0.452,moderate,0,none,False,False,False,False,False,False,False,False,6.95,shallow_well,loam,4,grassland/pasture,5,pasture,pasture,2.0,good,False
H+47+50,47,50,16.33,728.5,open_westerly,0.556,False,False,0.459,moderate,0,none,False,False,False,False,False,False,False,False,6.97,shallow_well,loam,4,floodplain farmable,9,,,3.0,rich,False
H+48+50,48,50,15.9,812.7,open_westerly,0.57,False,False,0.466,moderate,0,none,False,False,False,False,False,False,False,False,6.88,shallow_well,loam,4,temperate forest,4,,,1.5,good,False
H+49+50,49,50,18.06,587.4,open_westerly,0.512,False,False,0.473,moderate,0,none,False,False,False,False,False,False,False,False,7.33,shallow_well,loam,4,grassland/pasture,5,pasture,pasture,2.0,good,False
H+50+50,50,50,18.12,580.5,open_westerly,0.51,False,False,0.48,moderate,0,none,False,False,False,False,False,False,False,False,7.61,shallow_well,loam,4,grassland/pasture,5,pasture,pasture,2.0,good,False
H+51+50,51,50,18.15,555.6,open_westerly,0.506,False,False,0.487,moderate,2,river,True,False,False,False,False,False,True,False,1.5,spring_line,loam,4,floodplain farmable,9,,,3.0,rich,False
H+52+50,52,50,17.92,566.3,open_westerly,0.51,False,False,0.494,moderate,0,none,False,False,False,False,False,False,False,False,8.52,dry,volcanic andisol,7,grassland/pasture,5,pasture,pasture,2.0,good,False
H+53+50,53,50,17.24,657.9,open_westerly,0.529,False,False,0.501,moderate,0,none,False,False,False,False,False,False,True,False,8.48,dry,loam,4,floodplain farmable,9,,,3.0,rich,False
H+54+50,54,50,16.55,744.0,open_westerly,0.545,False,False,0.509,moderate,0,none,False,False,False,False,False,False,False,False,8.18,dry,volcanic andisol,7,temperate forest,4,timber,timber,1.5,good,False
H+55+50,55,50,16.01,792.6,open_westerly,0.552,False,False,0.516,moderate,0,none,False,False,False,False,False,False,False,False,7.95,shallow_well,volcanic andisol,7,temperate forest,4,timber,timber,1.5,good,False
H+56+50,56,50,15.67,814.1,open_westerly,0.55,False,False,0.524,moderate,0,none,False,False,False,False,False,False,False,False,7.91,shallow_well,volcanic andisol,7,temperate forest,4,timber,timber,1.5,good,False
H+57+50,57,50,15.54,812.8,open_westerly,0.541,False,False,0.532,moderate,0,none,False,False,False,False,False,False,False,False,8.07,dry,volcanic andisol,7,temperate forest,4,timber,timber,1.5,good,False
H+58+50,58,50,15.48,790.4,open_westerly,0.529,False,False,0.54,moderate,0,none,False,False,False,False,False,False,False,False,8.36,dry,volcanic andisol,7,temperate forest,4,,,1.5,good,False
H+59+50,59,50,15.37,775.2,open_westerly,0.518,False,False,0.548,moderate,0,none,False,False,False,False,False,False,False,False,8.66,dry,volcanic andisol,7,temperate forest,4,,,1.5,good,False
H+60+50,60,50,15.19,763.7,open_westerly,0.505,False,False,0.557,moderate,0,none,False,False,False,False,False,False,False,False,8.97,dry,volcanic andisol,7,temperate forest,4,,,1.5,good,False
H+61+50,61,50,14.98,733.0,open_westerly,0.491,False,False,0.566,moderate,0,none,False,False,False,False,False,False,False,False,9.44,dry,volcanic andisol,7,temperate forest,4,,,1.5,good,False
H+62+50,62,50,14.82,682.8,open_westerly,0.475,False,False,0.575,moderate,0,none,False,False,False,False,False,False,False,False,9.95,dry,volcanic andisol,7,grassland/pasture,5,pasture,pasture|volcanic_host,2.0,good,False
H+63+50,63,50,14.75,635.6,open_westerly,0.458,False,False,0.584,moderate,0,none,False,False,False,False,False,False,False,False,10.24,dry,volcanic andisol,7,grassland/pasture,5,pasture,pasture,2.0,good,False
H+64+50,64,50,14.73,598.0,open_westerly,0.443,False,False,0.592,moderate,0,none,False,False,False,False,False,False,False,False,10.35,dry,volcanic andisol,7,grassland/pasture,5,pasture,pasture,2.0,good,False
H+65+50,65,50,14.76,571.2,open_westerly,0.427,False,False,0.601,moderate,0,none,False,False,False,False,False,False,False,False,10.35,dry,volcanic andisol,7,grassland/pasture,5,pasture,pasture|volcanic_host,2.0,good,False
H+66+50,66,50,14.8,579.5,open_westerly,0.414,False,False,0.61,moderate,0,none,False,False,False,False,False,False,False,False,10.07,dry,volcanic andisol,7,grassland/pasture,5,pasture,pasture,2.0,good,False
H+67+50,67,50,14.61,604.9,open_westerly,0.402,False,False,0.619,moderate,0,none,False,False,False,False,False,False,False,False,9.79,dry,volcanic andisol,7,grassland/pasture,5,pasture,pasture,2.0,good,False
H+68+50,68,50,14.36,601.3,open_westerly,0.387,False,False,0.62,moderate,0,none,False,False,False,False,False,False,False,False,9.86,dry,volcanic andisol,7,grassland/pasture,5,pasture,pasture|obsidian,2.0,good,False
H+69+50,69,50,14.23,578.9,open_westerly,0.369,False,False,0.621,moderate,0,none,False,False,False,False,False,False,False,False,10.06,dry,volcanic andisol,7,grassland/pasture,5,pasture,pasture|obsidian,2.0,good,False
H+70+50,70,50,14.4,556.9,open_westerly,0.351,False,False,0.621,moderate,0,none,False,False,False,False,False,False,False,False,10.08,dry,volcanic andisol,7,grassland/pasture,5,pasture,pasture|obsidian,2.0,good,False
H+71+50,71,50,14.79,546.0,open_westerly,0.34,False,False,0.622,moderate,0,none,False,False,False,False,False,False,False,False,9.79,dry,volcanic andisol,7,grassland/pasture,5,pasture,pasture|obsidian,2.0,good,False
H+72+50,72,50,15.35,547.3,open_westerly,0.335,False,False,0.623,moderate,0,none,False,False,False,False,False,False,False,False,9.24,dry,volcanic andisol,7,grassland/pasture,5,pasture,pasture|obsidian,2.0,good,False
H+73+50,73,50,15.96,536.8,open_westerly,0.326,False,False,0.624,moderate,0,none,False,False,False,False,False,False,False,False,8.79,dry,volcanic andisol,7,grassland/pasture,5,pasture,pasture|obsidian,2.0,good,False
H+74+50,74,50,16.54,518.9,open_westerly,0.315,True,False,0.825,strong,0,none,False,False,False,False,False,False,False,False,2.5,spring_line,volcanic andisol,7,grassland/pasture,5,pasture,pasture|obsidian,2.0,good,False
H+75+50,75,50,16.95,508.1,open_westerly,0.304,True,False,0.826,strong,0,none,False,False,False,False,False,False,False,False,2.5,spring_line,volcanic andisol,7,grassland/pasture,5,pasture,pasture|obsidian,2.0,good,False
H+76+50,76,50,18.88,716.0,ocean_westerly,0.422,False,False,0.2,maritime,1,ocean,False,False,False,False,False,False,False,False,0.0,dry,none/ocean,0,none/ocean,0,fisheries,fisheries,0.8,modest,False
H+77+50,77,50,18.81,720.9,ocean_westerly,0.416,False,False,0.2,maritime,1,ocean,False,False,False,False,False,False,False,False,0.0,dry,none/ocean,0,none/ocean,0,fisheries,fisheries,0.8,modest,False
H+78+50,78,50,18.77,728.8,ocean_westerly,0.409,False,False,0.2,maritime,1,ocean,False,False,False,False,False,False,False,False,0.0,dry,none/ocean,0,none/ocean,0,fisheries,fisheries,0.8,modest,False
H+79+50,79,50,18.76,741.7,ocean_westerly,0.402,False,False,0.2,maritime,1,ocean,False,False,False,False,False,False,False,False,0.0,dry,none/ocean,0,none/ocean,0,fisheries,fisheries,0.8,modest,False
H+00+51,0,51,20.04,716.8,ocean_westerly,0.92,False,False,0.2,maritime,1,ocean,False,False,False,False,False,False,False,False,0.0,dry,none/ocean,0,none/ocean,0,fisheries,fisheries,0.8,modest,False
H+01+51,1,51,20.05,728.3,ocean_westerly,0.913,False,False,0.2,maritime,1,ocean,False,False,False,False,False,False,False,False,0.0,dry,none/ocean,0,none/ocean,0,fisheries,fisheries,0.8,modest,False
H+02+51,2,51,20.08,748.2,ocean_westerly,0.907,False,False,0.2,maritime,1,ocean,False,False,False,False,False,False,False,False,0.0,dry,none/ocean,0,none/ocean,0,fisheries,fisheries,0.8,modest,False
H+03+51,3,51,20.11,751.1,ocean_westerly,0.9,False,False,0.2,maritime,1,ocean,False,False,False,False,False,False,False,False,0.0,dry,none/ocean,0,none/ocean,0,fisheries,fisheries,0.8,modest,False
H+04+51,4,51,20.12,741.4,ocean_westerly,0.894,False,False,0.2,maritime,1,ocean,False,False,False,False,False,False,False,False,0.0,dry,none/ocean,0,none/ocean,0,fisheries,fisheries,0.8,modest,False
H+05+51,5,51,20.1,746.6,ocean_westerly,0.887,False,False,0.2,maritime,1,ocean,False,False,False,False,False,False,False,False,0.0,dry,none/ocean,0,none/ocean,0,fisheries,fisheries,0.8,modest,False
H+06+51,6,51,20.05,756.0,ocean_westerly,0.881,False,False,0.2,maritime,1,ocean,False,False,False,False,False,False,False,False,0.0,dry,none/ocean,0,none/ocean,0,fisheries,fisheries,0.8,modest,False
H+07+51,7,51,20.0,752.8,ocean_westerly,0.874,False,False,0.2,maritime,1,ocean,False,False,False,False,False,False,False,False,0.0,dry,none/ocean,0,none/ocean,0,fisheries,fisheries,0.8,modest,False
H+08+51,8,51,19.94,744.9,ocean_westerly,0.868,False,False,0.2,maritime,1,ocean,False,False,False,False,False,False,False,False,0.0,dry,none/ocean,0,none/ocean,0,fisheries,fisheries,0.8,modest,False
H+09+51,9,51,19.66,677.4,open_westerly,0.749,False,False,0.454,moderate,0,none,False,False,False,False,False,False,False,False,2.5,spring_line,sandy coastal,6,coastal scrub,10,,clay,0.0,none,False
H+10+51,10,51,19.59,691.3,open_westerly,0.743,False,False,0.445,moderate,0,none,False,False,False,False,False,False,False,False,2.5,shallow_well,sandy coastal,6,coastal scrub,10,,,0.0,none,False
H+11+51,11,51,19.46,708.9,open_westerly,0.737,False,False,0.436,moderate,0,none,False,False,False,False,False,False,False,False,2.5,shallow_well,sandy coastal,6,coastal scrub,10,,,0.0,none,False
H+12+51,12,51,19.32,716.2,open_westerly,0.732,False,False,0.428,moderate,0,none,False,False,False,False,False,False,False,False,2.5,shallow_well,sandy coastal,6,coastal scrub,10,,,0.0,none,False
H+13+51,13,51,19.19,718.6,open_westerly,0.726,False,False,0.419,moderate,3,major_river,True,True,False,False,False,False,True,False,1.5,spring_line,loam,4,coastal scrub,10,fisheries,fisheries,0.8,modest,False
H+14+51,14,51,19.01,726.7,open_westerly,0.72,False,False,0.41,moderate,0,none,False,False,False,False,False,False,False,False,6.52,shallow_well,sandy coastal,6,coastal scrub,10,,,0.0,none,False
H+15+51,15,51,18.89,737.8,open_westerly,0.715,False,False,0.402,moderate,0,none,False,False,False,False,False,False,True,False,6.52,shallow_well,loam,4,coastal scrub,10,,,0.0,none,False
H+16+51,16,51,18.76,753.4,open_westerly,0.709,False,False,0.393,moderate,0,none,False,False,False,False,False,False,False,False,6.54,shallow_well,sandy coastal,6,coastal scrub,10,,,0.0,none,False
H+17+51,17,51,18.64,775.4,open_westerly,0.703,False,False,0.385,moderate,0,none,False,False,False,False,False,False,False,False,6.45,shallow_well,sandy coastal,6,temperate forest,4,,,1.5,good,False
H+18+51,18,51,18.49,786.8,open_westerly,0.697,False,False,0.376,moderate,0,none,False,False,False,False,False,False,False,False,6.28,shallow_well,sandy coastal,6,temperate forest,4,,,1.5,good,False
H+19+51,19,51,18.33,773.9,open_westerly,0.692,False,False,0.368,moderate,0,none,False,False,False,False,False,False,False,False,6.21,shallow_well,sandy coastal,6,temperate forest,4,,,1.5,good,False
H+20+51,20,51,18.28,749.2,open_westerly,0.686,False,False,0.36,moderate,3,major_river,True,True,False,False,False,False,True,False,1.5,spring_line,loam,4,floodplain farmable,9,fisheries,fisheries,3.5,rich,False
H+21+51,21,51,18.14,727.4,open_westerly,0.68,False,False,0.351,moderate,0,none,False,False,False,False,False,False,False,False,6.22,shallow_well,loam,4,floodplain farmable,9,,,3.0,rich,False
H+22+51,22,51,18.11,710.4,open_westerly,0.675,False,False,0.343,weak,0,none,False,False,False,False,False,False,False,False,6.2,shallow_well,loam,4,floodplain farmable,9,,,3.0,rich,False
H+23+51,23,51,18.13,696.2,open_westerly,0.669,False,False,0.334,weak,2,river,True,False,False,False,False,False,True,False,1.5,spring_line,loam,4,floodplain farmable,9,,,3.0,rich,False
H+24+51,24,51,18.1,681.9,open_westerly,0.663,False,False,0.326,weak,0,none,False,False,False,False,False,False,False,False,6.05,shallow_well,loam,4,grassland/pasture,5,pasture,pasture,2.0,good,False
H+25+51,25,51,17.66,716.8,open_westerly,0.665,False,False,0.317,weak,0,none,False,False,False,False,False,False,True,False,5.93,shallow_well,loam,4,floodplain farmable,9,,limestone_karst,3.0,rich,False
H+26+51,26,51,16.78,858.7,open_westerly,0.685,False,False,0.308,weak,0,none,False,False,False,False,False,False,True,False,5.4,shallow_well,loam,4,floodplain farmable,9,,,3.0,rich,False
H+27+51,27,51,15.67,1008.8,open_westerly,0.709,False,False,0.3,weak,0,none,False,False,False,False,False,False,False,False,4.99,shallow_well,loam,4,temperate forest,4,,,1.5,good,False
H+28+51,28,51,14.35,1133.7,open_westerly,0.732,False,False,0.297,weak,0,none,False,False,False,False,False,False,False,False,4.91,shallow_well,loam,4,temperate forest,4,,,1.5,good,False
H+29+51,29,51,14.64,491.2,calm_interior,0.676,False,True,0.506,moderate,8,salt_pan,False,False,False,False,True,False,False,False,8.58,dry,saline playa,10,salt flat sparse,11,salt_pans,salt_pans|evaporite_host,0.3,poor,True
H+30+51,30,51,14.64,469.8,calm_interior,0.668,False,True,0.515,moderate,8,salt_pan,False,False,False,False,True,False,False,False,8.55,dry,saline playa,10,salt flat sparse,11,salt_pans,salt_pans|evaporite_host,0.3,poor,True
H+31+51,31,51,14.63,434.8,calm_interior,0.651,False,True,0.524,moderate,8,salt_pan,False,False,False,False,True,False,False,False,8.66,dry,saline playa,10,salt flat sparse,11,salt_pans,salt_pans|evaporite_host,0.3,poor,True
H+32+51,32,51,14.63,402.1,calm_interior,0.634,False,True,0.533,moderate,8,salt_pan,False,False,False,False,True,False,False,False,8.89,dry,saline playa,10,salt flat sparse,11,salt_pans,salt_pans|evaporite_host,0.3,poor,True
H+33+51,33,51,14.66,366.4,calm_interior,0.616,False,True,0.541,moderate,8,salt_pan,False,False,False,False,True,False,False,False,9.15,dry,saline playa,10,salt flat sparse,11,salt_pans,salt_pans|evaporite_host,0.3,poor,True
H+34+51,34,51,14.71,348.9,calm_interior,0.601,False,True,0.55,moderate,8,salt_pan,False,False,False,False,True,False,False,False,9.28,dry,saline playa,10,salt flat sparse,11,salt_pans,salt_pans|evaporite_host,0.3,poor,True
H+35+51,35,51,14.78,338.0,calm_interior,0.585,False,True,0.559,moderate,8,salt_pan,False,False,False,False,True,False,False,False,9.38,dry,saline playa,10,salt flat sparse,11,salt_pans,salt_pans|evaporite_host,0.3,poor,True
H+36+51,36,51,14.84,328.8,calm_interior,0.571,False,True,0.567,moderate,8,salt_pan,False,False,False,False,True,False,False,False,9.53,dry,saline playa,10,salt flat sparse,11,salt_pans,salt_pans|evaporite_host,0.3,poor,True
H+37+51,37,51,14.89,319.2,calm_interior,0.557,False,True,0.576,moderate,8,salt_pan,False,False,False,False,True,False,False,False,9.75,dry,saline playa,10,salt flat sparse,11,salt_pans,salt_pans|evaporite_host,0.3,poor,True
H+38+51,38,51,14.91,310.6,calm_interior,0.544,False,True,0.584,moderate,8,salt_pan,False,False,False,False,True,False,False,False,9.99,dry,saline playa,10,salt flat sparse,11,salt_pans,salt_pans|evaporite_host,0.3,poor,True
H+39+51,39,51,15.53,303.9,open_westerly,0.534,False,True,0.592,moderate,8,salt_pan,False,False,False,False,True,False,False,False,10.23,dry,saline playa,10,salt flat sparse,11,salt_pans,salt_pans|evaporite_host,0.3,poor,True
H+40+51,40,51,6.4,463.1,leeward,0.541,True,False,0.6,moderate,0,none,False,False,False,False,False,False,False,False,14.68,dry,mountain thin,3,grassland/pasture,5,,,2.0,good,False
H+41+51,41,51,17.26,573.7,open_westerly,0.537,False,False,0.408,moderate,0,none,False,False,False,False,False,False,False,False,7.89,shallow_well,rocky/lithosol,1,grassland/pasture,5,pasture,pasture,2.0,good,False
H+42+51,42,51,18.03,558.2,open_westerly,0.535,False,False,0.415,moderate,0,none,False,False,False,False,False,False,False,False,7.62,shallow_well,loam,4,grassland/pasture,5,pasture,pasture,2.0,good,False
H+43+51,43,51,18.26,542.2,open_westerly,0.527,False,False,0.423,moderate,0,none,False,False,False,False,False,False,False,False,7.54,shallow_well,loam,4,grassland/pasture,5,pasture,pasture,2.0,good,False
H+44+51,44,51,17.64,573.7,open_westerly,0.533,False,False,0.43,moderate,0,none,False,False,False,False,False,False,False,False,7.6,shallow_well,loam,4,grassland/pasture,5,pasture,pasture,2.0,good,False
H+45+51,45,51,17.04,625.6,open_westerly,0.543,False,False,0.437,moderate,0,none,False,False,False,False,False,False,False,False,7.54,shallow_well,loam,4,grassland/pasture,5,pasture,pasture,2.0,good,False
H+46+51,46,51,16.48,674.8,open_westerly,0.546,False,False,0.444,moderate,0,none,False,False,False,False,False,False,False,False,7.56,shallow_well,loam,4,grassland/pasture,5,pasture,pasture|stone,2.0,good,False
H+47+51,47,51,18.2,552.5,open_westerly,0.514,False,False,0.451,moderate,0,none,False,False,False,False,False,False,False,False,7.55,shallow_well,loam,4,grassland/pasture,5,pasture,pasture,2.0,good,False
H+48+51,48,51,18.24,572.2,open_westerly,0.514,False,False,0.458,moderate,0,none,False,False,False,False,False,False,False,False,7.63,shallow_well,loam,4,grassland/pasture,5,pasture,pasture,2.0,good,False
H+49+51,49,51,18.31,589.9,open_westerly,0.513,False,False,0.464,moderate,0,none,False,False,False,False,False,False,False,False,7.7,shallow_well,loam,4,grassland/pasture,5,pasture,pasture,2.0,good,False
H+50+51,50,51,18.38,582.6,open_westerly,0.51,False,False,0.471,moderate,0,none,False,False,False,False,False,False,False,False,7.93,shallow_well,loam,4,grassland/pasture,5,pasture,pasture,2.0,good,False
H+51+51,51,51,18.43,553.8,open_westerly,0.505,False,False,0.478,moderate,2,river,True,False,False,False,False,False,True,False,1.5,spring_line,loam,4,floodplain farmable,9,,,3.0,rich,False
H+52+51,52,51,18.41,537.5,open_westerly,0.501,False,False,0.485,moderate,2,river,True,False,False,False,False,False,True,False,1.5,spring_line,loam,4,floodplain farmable,9,,,3.0,rich,False
H+53+51,53,51,17.98,588.6,open_westerly,0.512,False,False,0.492,moderate,0,none,False,False,False,False,False,False,True,False,8.79,dry,loam,4,floodplain farmable,9,,,3.0,rich,False
H+54+51,54,51,17.32,671.6,open_westerly,0.529,False,False,0.499,moderate,0,none,False,False,False,False,False,False,True,False,8.55,dry,loam,4,floodplain farmable,9,,obsidian,3.0,rich,False
H+55+51,55,51,16.82,716.1,open_westerly,0.536,False,False,0.507,moderate,0,none,False,False,False,False,False,False,False,False,8.4,dry,volcanic andisol,7,temperate forest,4,timber,timber,1.5,good,False
H+56+51,56,51,16.5,736.6,open_westerly,0.535,False,False,0.514,moderate,0,none,False,False,False,False,False,False,False,False,8.39,dry,volcanic andisol,7,temperate forest,4,timber,timber,1.5,good,False
H+57+51,57,51,16.31,749.4,open_westerly,0.53,False,False,0.522,moderate,0,none,False,False,False,False,False,False,False,False,8.46,dry,volcanic andisol,7,temperate forest,4,timber,timber,1.5,good,False
H+58+51,58,51,16.18,746.8,open_westerly,0.522,False,False,0.53,moderate,0,none,False,False,False,False,False,False,False,False,8.6,dry,volcanic andisol,7,temperate forest,4,,,1.5,good,False
H+59+51,59,51,16.01,740.6,open_westerly,0.513,False,False,0.539,moderate,0,none,False,False,False,False,False,False,False,False,8.79,dry,volcanic andisol,7,temperate forest,4,,volcanic_host,1.5,good,False
H+60+51,60,51,15.86,723.5,open_westerly,0.501,False,False,0.547,moderate,0,none,False,False,False,False,False,False,False,False,9.06,dry,volcanic andisol,7,temperate forest,4,,,1.5,good,False
H+61+51,61,51,15.68,698.2,open_westerly,0.488,False,False,0.556,moderate,0,none,False,False,False,False,False,False,False,False,9.42,dry,volcanic andisol,7,grassland/pasture,5,pasture,pasture,2.0,good,False
H+62+51,62,51,15.57,676.6,open_westerly,0.473,False,False,0.565,moderate,0,none,False,False,False,False,False,False,False,False,9.67,dry,volcanic andisol,7,grassland/pasture,5,pasture,pasture,2.0,good,False
H+63+51,63,51,15.46,655.2,open_westerly,0.459,False,False,0.574,moderate,0,none,False,False,False,False,False,False,False,False,9.81,dry,volcanic andisol,7,grassland/pasture,5,pasture,pasture,2.0,good,False
H+64+51,64,51,15.4,609.9,open_westerly,0.443,False,False,0.584,moderate,0,none,False,False,False,False,False,False,False,False,9.99,dry,volcanic andisol,7,grassland/pasture,5,pasture,pasture,2.0,good,False
H+65+51,65,51,15.41,567.4,open_westerly,0.428,False,False,0.593,moderate,0,none,False,False,False,False,False,False,False,False,10.1,dry,volcanic andisol,7,grassland/pasture,5,pasture,pasture|volcanic_host,2.0,good,False
H+66+51,66,51,15.46,568.0,open_westerly,0.415,False,False,0.602,moderate,0,none,False,False,False,False,False,False,False,False,9.88,dry,volcanic andisol,7,grassland/pasture,5,pasture,pasture,2.0,good,False
H+67+51,67,51,15.37,581.5,open_westerly,0.402,False,False,0.612,moderate,0,none,False,False,False,False,False,False,False,False,9.64,dry,volcanic andisol,7,grassland/pasture,5,pasture,pasture,2.0,good,False
H+68+51,68,51,15.23,575.4,open_westerly,0.388,False,False,0.614,moderate,0,none,False,False,False,False,False,False,False,False,9.61,dry,volcanic andisol,7,grassland/pasture,5,pasture,pasture|obsidian,2.0,good,False
H+69+51,69,51,15.15,557.1,open_westerly,0.372,False,False,0.615,moderate,0,none,False,False,False,False,False,False,False,False,9.67,dry,volcanic andisol,7,grassland/pasture,5,pasture,pasture|obsidian,2.0,good,False
H+70+51,70,51,15.37,543.9,open_westerly,0.358,False,False,0.616,moderate,0,none,False,False,False,False,False,False,False,False,9.57,dry,volcanic andisol,7,grassland/pasture,5,pasture,pasture|obsidian,2.0,good,False
H+71+51,71,51,15.64,537.4,open_westerly,0.349,False,False,0.617,moderate,0,none,False,False,False,False,False,False,False,False,9.41,dry,volcanic andisol,7,grassland/pasture,5,pasture,pasture|obsidian|volcanic_host,2.0,good,False
H+72+51,72,51,16.11,528.2,open_westerly,0.339,False,False,0.618,moderate,0,none,False,False,False,False,False,False,False,False,9.17,dry,volcanic andisol,7,grassland/pasture,5,pasture,pasture|obsidian,2.0,good,False
H+73+51,73,51,16.63,512.5,open_westerly,0.327,False,False,0.62,moderate,0,none,False,False,False,False,False,False,False,False,2.5,spring_line,volcanic andisol,7,grassland/pasture,5,pasture,pasture|obsidian,2.0,good,False
H+74+51,74,51,17.1,502.2,open_westerly,0.316,True,False,0.821,strong,0,none,False,False,False,False,False,False,False,False,2.5,spring_line,volcanic andisol,7,grassland/pasture,5,pasture,pasture|obsidian|volcanic_host,2.0,good,False
H+75+51,75,51,17.54,502.6,open_westerly,0.307,True,False,0.823,strong,0,none,False,False,False,False,False,False,False,False,2.5,spring_line,volcanic andisol,7,grassland/pasture,5,pasture,pasture|obsidian,2.0,good,False
H+76+51,76,51,19.13,719.6,ocean_westerly,0.422,False,False,0.2,maritime,1,ocean,False,False,False,False,False,False,False,False,0.0,dry,none/ocean,0,none/ocean,0,fisheries,fisheries,0.8,modest,False
H+77+51,77,51,19.07,730.5,ocean_westerly,0.416,False,False,0.2,maritime,1,ocean,False,False,False,False,False,False,False,False,0.0,dry,none/ocean,0,none/ocean,0,fisheries,fisheries,0.8,modest,False
H+78+51,78,51,19.03,735.5,ocean_westerly,0.409,False,False,0.2,maritime,1,ocean,False,False,False,False,False,False,False,False,0.0,dry,none/ocean,0,none/ocean,0,fisheries,fisheries,0.8,modest,False
H+79+51,79,51,19.03,747.0,ocean_westerly,0.402,False,False,0.2,maritime,1,ocean,False,False,False,False,False,False,False,False,0.0,dry,none/ocean,0,none/ocean,0,fisheries,fisheries,0.8,modest,False
H+00+52,0,52,20.25,713.5,ocean_westerly,0.92,False,False,0.2,maritime,1,ocean,False,False,False,False,False,False,False,False,0.0,dry,none/ocean,0,none/ocean,0,fisheries,fisheries,0.8,modest,False
H+01+52,1,52,20.26,725.3,ocean_westerly,0.913,False,False,0.2,maritime,1,ocean,False,False,False,False,False,False,False,False,0.0,dry,none/ocean,0,none/ocean,0,fisheries,fisheries,0.8,modest,False
H+02+52,2,52,20.29,744.2,ocean_westerly,0.907,False,False,0.2,maritime,1,ocean,False,False,False,False,False,False,False,False,0.0,dry,none/ocean,0,none/ocean,0,fisheries,fisheries,0.8,modest,False
H+03+52,3,52,20.33,741.7,ocean_westerly,0.9,False,False,0.2,maritime,1,ocean,False,False,False,False,False,False,False,False,0.0,dry,none/ocean,0,none/ocean,0,fisheries,fisheries,0.8,modest,False
H+04+52,4,52,20.35,724.0,ocean_westerly,0.894,False,False,0.2,maritime,1,ocean,False,False,False,False,False,False,False,False,0.0,dry,none/ocean,0,none/ocean,0,fisheries,fisheries,0.8,modest,False
H+05+52,5,52,20.34,728.8,ocean_westerly,0.887,False,False,0.2,maritime,1,ocean,False,False,False,False,False,False,False,False,0.0,dry,none/ocean,0,none/ocean,0,fisheries,fisheries,0.8,modest,False
H+06+52,6,52,20.3,740.4,ocean_westerly,0.881,False,False,0.2,maritime,1,ocean,False,False,False,False,False,False,False,False,0.0,dry,none/ocean,0,none/ocean,0,fisheries,fisheries,0.8,modest,False
H+07+52,7,52,20.24,736.0,ocean_westerly,0.874,False,False,0.2,maritime,1,ocean,False,False,False,False,False,False,False,False,0.0,dry,none/ocean,0,none/ocean,0,fisheries,fisheries,0.8,modest,False
H+08+52,8,52,20.16,721.1,ocean_westerly,0.868,False,False,0.2,maritime,1,ocean,False,False,False,False,False,False,False,False,0.0,dry,none/ocean,0,none/ocean,0,fisheries,fisheries,0.8,modest,False
H+09+52,9,52,20.08,717.4,ocean_westerly,0.861,False,False,0.2,maritime,1,ocean,False,False,False,False,False,False,False,False,0.0,dry,none/ocean,0,none/ocean,0,fisheries,fisheries,0.8,modest,False
H+10+52,10,52,19.81,673.3,open_westerly,0.743,False,False,0.443,moderate,0,none,False,False,False,False,False,False,False,False,2.5,spring_line,sandy coastal,6,coastal scrub,10,,,0.0,none,False
H+11+52,11,52,19.72,703.7,open_westerly,0.737,False,False,0.435,moderate,0,none,False,False,False,False,False,False,False,False,2.5,shallow_well,sandy coastal,6,coastal scrub,10,,,0.0,none,False
H+12+52,12,52,19.58,722.3,open_westerly,0.732,False,False,0.426,moderate,3,major_river,True,True,False,False,False,False,True,False,1.5,spring_line,loam,4,coastal scrub,10,fisheries,fisheries,0.8,modest,False
H+13+52,13,52,19.39,733.9,open_westerly,0.726,False,False,0.418,moderate,2,river,True,False,False,False,False,False,True,False,1.5,spring_line,loam,4,coastal scrub,10,,,0.0,none,False
H+14+52,14,52,19.2,745.8,open_westerly,0.72,False,False,0.409,moderate,2,river,True,False,False,False,False,False,True,False,1.5,spring_line,loam,4,coastal scrub,10,,,0.0,none,False
H+15+52,15,52,19.06,751.0,open_westerly,0.715,False,False,0.401,moderate,0,none,False,False,False,False,False,False,False,False,6.41,shallow_well,sandy coastal,6,coastal scrub,10,,,0.0,none,False
H+16+52,16,52,18.93,758.2,open_westerly,0.709,False,False,0.392,moderate,0,none,False,False,False,False,False,False,False,False,6.53,shallow_well,sandy coastal,6,coastal scrub,10,,,0.0,none,False
H+17+52,17,52,18.79,776.6,open_westerly,0.703,False,False,0.384,moderate,0,none,False,False,False,False,False,False,False,False,6.5,shallow_well,sandy coastal,6,temperate forest,4,,,1.5,good,False
H+18+52,18,52,18.65,787.6,open_westerly,0.697,False,False,0.376,moderate,0,none,False,False,False,False,False,False,False,False,6.34,shallow_well,sandy coastal,6,temperate forest,4,,,1.5,good,False
H+19+52,19,52,18.63,778.9,open_westerly,0.692,False,False,0.367,moderate,3,major_river,True,True,False,False,False,False,True,False,1.5,spring_line,loam,4,floodplain farmable,9,fisheries,fisheries,3.5,rich,False
H+20+52,20,52,18.5,761.9,open_westerly,0.686,False,False,0.359,moderate,0,none,False,False,False,False,False,False,False,False,6.08,shallow_well,sandy coastal,6,temperate forest,4,,,1.5,good,False
H+21+52,21,52,18.46,745.6,open_westerly,0.68,False,False,0.351,moderate,0,none,False,False,False,False,False,False,False,False,6.04,shallow_well,sandy coastal,6,temperate forest,4,,,1.5,good,False
H+22+52,22,52,18.46,730.6,open_westerly,0.675,False,False,0.342,weak,2,river,True,False,False,False,False,False,True,False,1.5,spring_line,loam,4,floodplain farmable,9,,,3.0,rich,False
H+23+52,23,52,18.4,713.0,open_westerly,0.669,False,False,0.334,weak,0,none,False,False,False,False,False,False,False,False,5.86,shallow_well,loam,4,floodplain farmable,9,,greenstone_metals,3.0,rich,False
H+24+52,24,52,18.51,692.3,open_westerly,0.663,False,False,0.325,weak,0,none,False,False,False,False,False,False,True,False,5.7,shallow_well,loam,4,floodplain farmable,9,,,3.0,rich,False
H+25+52,25,52,18.02,715.7,open_westerly,0.664,False,False,0.317,weak,2,river,True,False,False,False,False,False,True,False,1.5,spring_line,loam,4,floodplain farmable,9,,,3.0,rich,False
H+26+52,26,52,17.05,861.6,open_westerly,0.686,False,False,0.308,weak,0,none,False,False,False,False,False,False,False,False,5.33,shallow_well,loam,4,floodplain farmable,9,,,3.0,rich,False
H+27+52,27,52,15.93,1006.3,open_westerly,0.709,False,False,0.3,weak,0,none,False,False,False,False,False,False,False,False,5.14,shallow_well,loam,4,temperate forest,4,,,1.5,good,False
H+28+52,28,52,14.62,1124.8,open_westerly,0.732,False,False,0.297,weak,0,none,False,False,False,False,False,False,False,False,5.19,shallow_well,loam,4,temperate forest,4,,,1.5,good,False
H+29+52,29,52,14.91,486.9,calm_interior,0.676,False,True,0.506,moderate,8,salt_pan,False,False,False,False,True,False,False,False,8.72,dry,saline playa,10,salt flat sparse,11,salt_pans,salt_pans|evaporite_host,0.3,poor,True
H+30+52,30,52,14.9,468.2,calm_interior,0.668,False,True,0.515,moderate,8,salt_pan,False,False,False,False,True,False,False,False,8.47,dry,saline playa,10,salt flat sparse,11,salt_pans,salt_pans|evaporite_host,0.3,poor,True
H+31+52,31,52,14.89,437.2,calm_interior,0.651,False,True,0.524,moderate,8,salt_pan,False,False,False,False,True,False,False,False,8.37,dry,saline playa,10,salt flat sparse,11,salt_pans,salt_pans|evaporite_host,0.3,poor,True
H+32+52,32,52,14.89,405.1,calm_interior,0.634,False,True,0.532,moderate,8,salt_pan,False,False,False,False,True,False,False,False,8.58,dry,saline playa,10,salt flat sparse,11,salt_pans,salt_pans|evaporite_host,0.3,poor,True
H+33+52,33,52,14.91,366.1,calm_interior,0.616,False,True,0.541,moderate,8,salt_pan,False,False,False,False,True,False,False,False,8.93,dry,saline playa,10,salt flat sparse,11,salt_pans,salt_pans|evaporite_host,0.3,poor,True
H+34+52,34,52,14.96,347.0,calm_interior,0.6,False,True,0.549,moderate,8,salt_pan,False,False,False,False,True,False,False,False,9.16,dry,saline playa,10,salt flat sparse,11,salt_pans,salt_pans|evaporite_host,0.3,poor,True
H+35+52,35,52,15.02,338.9,calm_interior,0.585,False,True,0.557,moderate,8,salt_pan,False,False,False,False,True,False,False,False,9.28,dry,saline playa,10,salt flat sparse,11,salt_pans,salt_pans|evaporite_host,0.3,poor,True
H+36+52,36,52,15.08,331.6,calm_interior,0.57,False,True,0.565,moderate,8,salt_pan,False,False,False,False,True,False,False,False,9.44,dry,saline playa,10,salt flat sparse,11,salt_pans,salt_pans|evaporite_host,0.3,poor,True
H+37+52,37,52,15.13,319.3,calm_interior,0.556,False,True,0.572,moderate,8,salt_pan,False,False,False,False,True,False,False,False,9.72,dry,saline playa,10,salt flat sparse,11,salt_pans,salt_pans|evaporite_host,0.3,poor,True
H+38+52,38,52,15.14,308.0,calm_interior,0.543,False,True,0.58,moderate,8,salt_pan,False,False,False,False,True,False,False,False,10.03,dry,saline playa,10,salt flat sparse,11,salt_pans,salt_pans|evaporite_host,0.3,poor,True
H+39+52,39,52,15.75,303.5,open_westerly,0.532,False,True,0.587,moderate,8,salt_pan,False,False,False,False,True,False,False,False,10.28,dry,saline playa,10,salt flat sparse,11,salt_pans,salt_pans|evaporite_host,0.3,poor,True
H+40+52,40,52,6.65,462.0,leeward,0.535,True,False,0.595,moderate,0,none,False,False,False,False,False,False,False,False,14.71,dry,mountain thin,3,grassland/pasture,5,,stone,2.0,good,False
H+41+52,41,52,17.46,578.6,open_westerly,0.536,False,False,0.402,moderate,0,none,False,False,False,False,False,False,False,False,7.9,shallow_well,rocky/lithosol,1,grassland/pasture,5,pasture,pasture,2.0,good,False
H+42+52,42,52,18.2,562.0,open_westerly,0.535,False,False,0.409,moderate,0,none,False,False,False,False,False,False,False,False,7.65,shallow_well,loam,4,grassland/pasture,5,pasture,pasture,2.0,good,False
H+43+52,43,52,17.83,574.1,open_westerly,0.535,False,False,0.416,moderate,0,none,False,False,False,False,False,False,False,False,7.77,shallow_well,loam,4,grassland/pasture,5,pasture,pasture,2.0,good,False
H+44+52,44,52,17.19,610.4,open_westerly,0.541,False,False,0.423,moderate,0,none,False,False,False,False,False,False,False,False,7.91,shallow_well,loam,4,grassland/pasture,5,pasture,pasture,2.0,good,False
H+45+52,45,52,18.26,541.1,open_westerly,0.52,False,False,0.429,moderate,0,none,False,False,False,False,False,False,False,False,7.79,shallow_well,loam,4,grassland/pasture,5,pasture,pasture,2.0,good,False
H+46+52,46,52,18.32,547.8,open_westerly,0.517,False,False,0.436,moderate,0,none,False,False,False,False,False,False,False,False,7.8,shallow_well,loam,4,grassland/pasture,5,pasture,pasture,2.0,good,False
H+47+52,47,52,18.41,554.6,open_westerly,0.514,False,False,0.442,moderate,2,river,True,False,False,False,False,False,True,False,1.5,spring_line,loam,4,floodplain farmable,9,,,3.0,rich,False
H+48+52,48,52,18.47,568.2,open_westerly,0.514,False,False,0.449,moderate,0,none,False,False,False,False,False,False,False,False,8.08,dry,loam,4,grassland/pasture,5,pasture,pasture,2.0,good,False
H+49+52,49,52,18.55,582.9,open_westerly,0.512,False,False,0.456,moderate,0,none,False,False,False,False,False,False,False,False,8.17,dry,loam,4,grassland/pasture,5,pasture,pasture,2.0,good,False
H+50+52,50,52,18.63,578.0,open_westerly,0.509,False,False,0.462,moderate,0,none,False,False,False,False,False,False,False,False,8.35,dry,loam,4,grassland/pasture,5,pasture,pasture,2.0,good,False
H+51+52,51,52,18.69,551.5,open_westerly,0.505,False,False,0.469,moderate,0,none,False,False,False,False,False,False,False,False,8.66,dry,loam,4,grassland/pasture,5,pasture,pasture,2.0,good,False
H+52+52,52,52,18.69,538.5,open_westerly,0.501,False,False,0.476,moderate,2,river,True,False,False,False,False,False,True,False,1.5,spring_line,loam,4,floodplain farmable,9,,clay,3.0,rich,False
H+53+52,53,52,18.66,536.1,open_westerly,0.497,False,False,0.483,moderate,3,major_river,True,True,False,False,False,False,True,False,1.5,spring_line,loam,4,floodplain farmable,9,fisheries,fisheries|clay,3.5,rich,False
H+54+52,54,52,18.17,596.2,open_westerly,0.508,False,False,0.49,moderate,0,none,False,False,False,False,False,False,True,False,8.9,dry,loam,4,floodplain farmable,9,,obsidian,3.0,rich,False
H+55+52,55,52,17.7,643.0,open_westerly,0.517,False,False,0.497,moderate,0,none,False,False,False,False,False,False,False,False,8.77,dry,volcanic andisol,7,grassland/pasture,5,pasture,pasture|obsidian|volcanic_host,2.0,good,False
H+56+52,56,52,17.39,663.3,open_westerly,0.518,False,False,0.505,moderate,0,none,False,False,False,False,False,False,False,False,8.77,dry,volcanic andisol,7,grassland/pasture,5,pasture,pasture,2.0,good,False
H+57+52,57,52,17.12,684.8,open_westerly,0.517,False,False,0.513,moderate,0,none,False,False,False,False,False,False,False,False,8.79,dry,volcanic andisol,7,grassland/pasture,5,pasture,pasture,2.0,good,False
H+58+52,58,52,16.91,693.4,open_westerly,0.512,False,False,0.521,moderate,0,none,False,False,False,False,False,False,False,False,8.82,dry,volcanic andisol,7,grassland/pasture,5,pasture,pasture,2.0,good,False
H+59+52,59,52,16.73,692.4,open_westerly,0.505,False,False,0.529,moderate,0,none,False,False,False,False,False,False,False,False,8.9,dry,volcanic andisol,7,grassland/pasture,5,pasture,pasture,2.0,good,False
H+60+52,60,52,16.58,682.2,open_westerly,0.495,False,False,0.538,moderate,0,none,False,False,False,False,False,False,False,False,9.04,dry,volcanic andisol,7,grassland/pasture,5,pasture,pasture|volcanic_host,2.0,good,False
H+61+52,61,52,16.4,669.8,open_westerly,0.484,False,False,0.547,moderate,0,none,False,False,False,False,False,False,False,False,9.25,dry,volcanic andisol,7,grassland/pasture,5,pasture,pasture,2.0,good,False
H+62+52,62,52,16.25,671.1,open_westerly,0.471,False,False,0.556,moderate,0,none,False,False,False,False,False,False,False,False,9.32,dry,volcanic andisol,7,grassland/pasture,5,pasture,pasture,2.0,good,False
H+63+52,63,52,16.12,661.2,open_westerly,0.457,False,False,0.565,moderate,0,none,False,False,False,False,False,False,False,False,9.37,dry,volcanic andisol,7,grassland/pasture,5,pasture,pasture,2.0,good,False
H+64+52,64,52,16.03,614.1,open_westerly,0.443,False,False,0.575,moderate,0,none,False,False,False,False,False,False,False,False,9.59,dry,volcanic andisol,7,grassland/pasture,5,pasture,pasture,2.0,good,False
H+65+52,65,52,16.04,560.5,open_westerly,0.428,False,False,0.585,moderate,0,none,False,False,False,False,False,False,False,False,9.79,dry,volcanic andisol,7,grassland/pasture,5,pasture,pasture,2.0,good,False
H+66+52,66,52,16.06,552.0,open_westerly,0.415,False,False,0.595,moderate,0,none,False,False,False,False,False,False,False,False,9.68,dry,volcanic andisol,7,grassland/pasture,5,pasture,pasture,2.0,good,False
H+67+52,67,52,16.07,555.5,open_westerly,0.402,False,False,0.605,moderate,0,none,False,False,False,False,False,False,False,False,9.46,dry,volcanic andisol,7,grassland/pasture,5,pasture,pasture,2.0,good,False
H+68+52,68,52,16.11,549.8,open_westerly,0.39,False,False,0.608,moderate,0,none,False,False,False,False,False,False,False,False,9.3,dry,volcanic andisol,7,grassland/pasture,5,pasture,pasture|obsidian,2.0,good,False
H+69+52,69,52,16.21,540.3,open_westerly,0.378,False,False,0.609,moderate,0,none,False,False,False,False,False,False,False,False,9.16,dry,volcanic andisol,7,grassland/pasture,5,pasture,pasture|obsidian,2.0,good,False
H+70+52,70,52,16.39,532.5,open_westerly,0.366,False,False,0.611,moderate,0,none,False,False,False,False,False,False,False,False,9.02,dry,volcanic andisol,7,grassland/pasture,5,pasture,pasture|obsidian,2.0,good,False
H+71+52,71,52,16.64,520.5,open_westerly,0.353,False,False,0.613,moderate,0,none,False,False,False,False,False,False,False,False,2.5,shallow_well,volcanic andisol,7,grassland/pasture,5,pasture,pasture|obsidian,2.0,good,False
H+72+52,72,52,16.93,506.9,open_westerly,0.34,False,False,0.615,moderate,0,none,False,False,False,False,False,False,False,False,2.5,shallow_well,volcanic andisol,7,grassland/pasture,5,pasture,pasture|obsidian,2.0,good,False
H+73+52,73,52,17.32,495.8,open_westerly,0.329,False,False,0.616,moderate,0,none,False,False,False,False,False,False,False,False,2.5,shallow_well,volcanic andisol,7,grassland/pasture,5,pasture,pasture|obsidian,2.0,good,False
H+74+52,74,52,17.72,493.3,open_westerly,0.319,False,False,0.618,moderate,0,none,False,False,False,False,False,False,False,False,2.5,shallow_well,volcanic andisol,7,grassland/pasture,5,pasture,pasture|obsidian,2.0,good,False
H+75+52,75,52,19.44,693.7,ocean_westerly,0.429,False,False,0.2,maritime,1,ocean,False,False,False,False,False,False,False,False,0.0,dry,none/ocean,0,none/ocean,0,fisheries,fisheries,0.8,modest,False
H+76+52,76,52,19.38,721.9,ocean_westerly,0.422,False,False,0.2,maritime,1,ocean,False,False,False,False,False,False,False,False,0.0,dry,none/ocean,0,none/ocean,0,fisheries,fisheries,0.8,modest,False
H+77+52,77,52,19.32,737.4,ocean_westerly,0.416,False,False,0.2,maritime,1,ocean,False,False,False,False,False,False,False,False,0.0,dry,none/ocean,0,none/ocean,0,fisheries,fisheries,0.8,modest,False
H+78+52,78,52,19.29,741.7,ocean_westerly,0.409,False,False,0.2,maritime,1,ocean,False,False,False,False,False,False,False,False,0.0,dry,none/ocean,0,none/ocean,0,fisheries,fisheries,0.8,modest,False
H+79+52,79,52,19.3,752.0,ocean_westerly,0.402,False,False,0.2,maritime,1,ocean,False,False,False,False,False,False,False,False,0.0,dry,none/ocean,0,none/ocean,0,fisheries,fisheries,0.8,modest,False
H+00+53,0,53,20.46,707.4,ocean_westerly,0.92,False,False,0.2,maritime,1,ocean,False,False,False,False,False,False,False,False,0.0,dry,none/ocean,0,none/ocean,0,fisheries,fisheries,0.8,modest,False
H+01+53,1,53,20.48,720.1,ocean_westerly,0.913,False,False,0.2,maritime,1,ocean,False,False,False,False,False,False,False,False,0.0,dry,none/ocean,0,none/ocean,0,fisheries,fisheries,0.8,modest,False
H+02+53,2,53,20.51,739.2,ocean_westerly,0.907,False,False,0.2,maritime,1,ocean,False,False,False,False,False,False,False,False,0.0,dry,none/ocean,0,none/ocean,0,fisheries,fisheries,0.8,modest,False
H+03+53,3,53,20.55,735.0,ocean_westerly,0.9,False,False,0.2,maritime,1,ocean,False,False,False,False,False,False,False,False,0.0,dry,none/ocean,0,none/ocean,0,fisheries,fisheries,0.8,modest,False
H+04+53,4,53,20.58,717.6,ocean_westerly,0.894,False,False,0.2,maritime,1,ocean,False,False,False,False,False,False,False,False,0.0,dry,none/ocean,0,none/ocean,0,fisheries,fisheries,0.8,modest,False
H+05+53,5,53,20.58,723.4,ocean_westerly,0.887,False,False,0.2,maritime,1,ocean,False,False,False,False,False,False,False,False,0.0,dry,none/ocean,0,none/ocean,0,fisheries,fisheries,0.8,modest,False
H+06+53,6,53,20.54,737.6,ocean_westerly,0.881,False,False,0.2,maritime,1,ocean,False,False,False,False,False,False,False,False,0.0,dry,none/ocean,0,none/ocean,0,fisheries,fisheries,0.8,modest,False
H+07+53,7,53,20.47,731.8,ocean_westerly,0.874,False,False,0.2,maritime,1,ocean,False,False,False,False,False,False,False,False,0.0,dry,none/ocean,0,none/ocean,0,fisheries,fisheries,0.8,modest,False
H+08+53,8,53,20.38,704.4,ocean_westerly,0.868,False,False,0.2,maritime,1,ocean,False,False,False,False,False,False,False,False,0.0,dry,none/ocean,0,none/ocean,0,fisheries,fisheries,0.8,modest,False
H+09+53,9,53,20.27,692.5,ocean_westerly,0.861,False,False,0.2,maritime,1,ocean,False,False,False,False,False,False,False,False,0.0,dry,none/ocean,0,none/ocean,0,fisheries,fisheries,0.8,modest,False
H+10+53,10,53,20.17,714.1,ocean_westerly,0.854,False,False,0.2,maritime,1,ocean,False,False,False,False,False,False,False,False,0.0,dry,none/ocean,0,none/ocean,0,fisheries,fisheries,0.8,modest,False
H+11+53,11,53,20.09,748.7,ocean_westerly,0.848,False,False,0.2,maritime,1,ocean,False,False,False,False,False,False,False,False,0.0,dry,none/ocean,0,none/ocean,0,fisheries,fisheries,0.8,modest,False
H+12+53,12,53,19.73,710.5,open_westerly,0.732,False,False,0.425,moderate,0,none,False,False,False,False,False,False,False,False,2.5,spring_line,sandy coastal,6,coastal scrub,10,,clay,0.0,none,False
H+13+53,13,53,19.54,735.8,open_westerly,0.726,False,False,0.416,moderate,0,none,False,False,False,False,False,False,True,False,2.5,shallow_well,loam,4,coastal scrub,10,,clay,0.0,none,False
H+14+53,14,53,19.35,753.7,open_westerly,0.72,False,False,0.408,moderate,0,none,False,False,False,False,False,False,False,False,2.5,shallow_well,sandy coastal,6,coastal scrub,10,,clay,0.0,none,False
H+15+53,15,53,19.21,763.8,open_westerly,0.715,False,False,0.4,moderate,0,none,False,False,False,False,False,False,False,False,2.5,shallow_well,sandy coastal,6,coastal scrub,10,,,0.0,none,False
H+16+53,16,53,19.07,766.4,open_westerly,0.709,False,False,0.391,moderate,0,none,False,False,False,False,False,False,False,False,6.46,shallow_well,sandy coastal,6,temperate forest,4,timber,timber,1.5,good,False
H+17+53,17,53,18.92,768.4,open_westerly,0.703,False,False,0.383,moderate,0,none,False,False,False,False,False,False,False,False,6.54,shallow_well,sandy coastal,6,temperate forest,4,timber,timber,1.5,good,False
H+18+53,18,53,18.92,769.4,open_westerly,0.697,False,False,0.375,moderate,3,major_river,True,True,False,False,False,False,True,False,1.5,spring_line,loam,4,floodplain farmable,9,fisheries,fisheries,3.5,rich,False
H+19+53,19,53,18.81,766.4,open_westerly,0.692,False,False,0.367,moderate,0,none,False,False,False,False,False,False,False,False,6.2,shallow_well,sandy coastal,6,temperate forest,4,,,1.5,good,False
H+20+53,20,53,18.79,759.0,open_westerly,0.686,False,False,0.358,moderate,0,none,False,False,False,False,False,False,False,False,6.02,shallow_well,sandy coastal,6,temperate forest,4,,,1.5,good,False
H+21+53,21,53,18.8,746.9,open_westerly,0.68,False,False,0.35,moderate,2,river,True,False,False,False,False,False,True,False,1.5,spring_line,loam,4,floodplain farmable,9,,,3.0,rich,False
H+22+53,22,53,18.73,730.6,open_westerly,0.675,False,False,0.342,weak,0,none,False,False,False,False,False,False,False,False,5.89,shallow_well,sandy coastal,6,temperate forest,4,,,1.5,good,False
H+23+53,23,53,18.82,712.3,open_westerly,0.669,False,False,0.333,weak,0,none,False,False,False,False,False,False,False,False,5.69,shallow_well,sandy coastal,6,temperate forest,4,,,1.5,good,False
H+24+53,24,53,18.85,697.0,open_westerly,0.663,False,False,0.325,weak,2,river,True,False,False,False,False,False,True,False,1.5,spring_line,loam,4,floodplain farmable,9,,,3.0,rich,False
H+25+53,25,53,18.29,725.6,open_westerly,0.665,False,False,0.316,weak,0,none,False,False,False,False,False,False,True,False,5.52,shallow_well,loam,4,floodplain farmable,9,,,3.0,rich,False
H+26+53,26,53,17.3,861.2,open_westerly,0.687,False,False,0.308,weak,0,none,False,False,False,False,False,False,False,False,5.26,shallow_well,loam,4,floodplain farmable,9,,,3.0,rich,False
H+27+53,27,53,16.15,998.2,open_westerly,0.711,False,False,0.299,weak,0,none,False,False,False,False,False,False,False,False,5.18,shallow_well,loam,4,temperate forest,4,,,1.5,good,False
H+28+53,28,53,14.85,1108.4,open_westerly,0.733,False,False,0.297,weak,0,none,False,False,False,False,False,False,False,False,5.29,shallow_well,loam,4,temperate forest,4,,limestone_karst,1.5,good,False
H+29+53,29,53,15.19,475.7,calm_interior,0.676,False,True,0.506,moderate,8,salt_pan,False,False,False,False,True,False,False,False,8.76,dry,saline playa,10,salt flat sparse,11,salt_pans,salt_pans|evaporite_host,0.3,poor,True
H+30+53,30,53,15.17,461.1,calm_interior,0.668,False,True,0.514,moderate,8,salt_pan,False,False,False,False,True,False,False,False,8.46,dry,saline playa,10,salt flat sparse,11,salt_pans,salt_pans|evaporite_host,0.3,poor,True
H+31+53,31,53,15.15,437.1,calm_interior,0.651,False,True,0.523,moderate,8,salt_pan,False,False,False,False,True,False,False,False,8.32,dry,saline playa,10,salt flat sparse,11,salt_pans,salt_pans|evaporite_host,0.3,poor,True
H+32+53,32,53,15.15,407.2,calm_interior,0.633,False,True,0.532,moderate,8,salt_pan,False,False,False,False,True,False,False,False,8.52,dry,saline playa,10,salt flat sparse,11,salt_pans,salt_pans|evaporite_host,0.3,poor,True
H+33+53,33,53,15.17,370.7,calm_interior,0.615,False,True,0.54,moderate,8,salt_pan,False,False,False,False,True,False,False,False,8.86,dry,saline playa,10,salt flat sparse,11,salt_pans,salt_pans|evaporite_host,0.3,poor,True
H+34+53,34,53,15.22,351.6,calm_interior,0.6,False,True,0.547,moderate,8,salt_pan,False,False,False,False,True,False,False,False,9.08,dry,saline playa,10,salt flat sparse,11,salt_pans,salt_pans|evaporite_host,0.3,poor,True
H+35+53,35,53,15.27,336.8,calm_interior,0.585,False,True,0.555,moderate,8,salt_pan,False,False,False,False,True,False,False,False,9.25,dry,saline playa,10,salt flat sparse,11,salt_pans,salt_pans|evaporite_host,0.3,poor,True
H+36+53,36,53,15.33,324.7,calm_interior,0.57,False,True,0.562,moderate,8,salt_pan,False,False,False,False,True,False,False,False,9.46,dry,saline playa,10,salt flat sparse,11,salt_pans,salt_pans|evaporite_host,0.3,poor,True
H+37+53,37,53,15.36,317.0,calm_interior,0.555,False,True,0.569,moderate,8,salt_pan,False,False,False,False,True,False,False,False,9.75,dry,saline playa,10,salt flat sparse,11,salt_pans,salt_pans|evaporite_host,0.3,poor,True
H+38+53,38,53,15.37,312.3,calm_interior,0.542,False,True,0.576,moderate,8,salt_pan,False,False,False,False,True,False,False,False,10.06,dry,saline playa,10,salt flat sparse,11,salt_pans,salt_pans|evaporite_host,0.3,poor,True
H+39+53,39,53,15.97,308.7,open_westerly,0.531,False,True,0.583,moderate,8,salt_pan,False,False,False,False,True,False,False,False,10.33,dry,saline playa,10,salt flat sparse,11,salt_pans,salt_pans|evaporite_host,0.3,poor,True
H+40+53,40,53,6.86,463.5,leeward,0.529,True,False,0.589,moderate,0,none,False,False,False,False,False,False,False,False,14.77,dry,mountain thin,3,grassland/pasture,5,,stone,2.0,good,False
H+41+53,41,53,17.63,587.6,open_westerly,0.535,False,False,0.396,moderate,0,none,False,False,False,False,False,False,False,False,7.92,shallow_well,rocky/lithosol,1,grassland/pasture,5,pasture,pasture,2.0,good,False
H+42+53,42,53,18.05,583.1,open_westerly,0.537,False,False,0.402,moderate,0,none,False,False,False,False,False,False,False,False,7.76,shallow_well,rocky/lithosol,1,grassland/pasture,5,pasture,pasture|limestone_karst,2.0,good,False
H+43+53,43,53,18.43,561.9,open_westerly,0.529,False,False,0.409,moderate,0,none,False,False,False,False,False,False,False,False,7.69,shallow_well,loam,4,grassland/pasture,5,pasture,pasture,2.0,good,False
H+44+53,44,53,18.42,555.0,open_westerly,0.524,False,False,0.415,moderate,0,none,False,False,False,False,False,False,False,False,7.81,shallow_well,loam,4,grassland/pasture,5,pasture,pasture,2.0,good,False
H+45+53,45,53,18.45,552.1,open_westerly,0.52,False,False,0.421,moderate,0,none,False,False,False,False,False,False,False,False,7.92,shallow_well,loam,4,grassland/pasture,5,pasture,pasture,2.0,good,False
H+46+53,46,53,18.52,558.9,open_westerly,0.517,False,False,0.428,moderate,0,none,False,False,False,False,False,False,False,False,7.98,shallow_well,loam,4,grassland/pasture,5,pasture,pasture,2.0,good,False
H+47+53,47,53,18.61,564.6,open_westerly,0.514,False,False,0.434,moderate,2,river,True,False,False,False,False,False,True,False,1.5,spring_line,loam,4,floodplain farmable,9,fisheries,fisheries,3.0,rich,False
H+48+53,48,53,18.72,565.5,open_westerly,0.512,False,False,0.44,moderate,2,river,True,False,False,False,False,False,True,False,1.5,spring_line,loam,4,floodplain farmable,9,,greenstone_metals,3.0,rich,False
H+49+53,49,53,18.83,566.4,open_westerly,0.51,False,False,0.447,moderate,2,river,True,False,False,False,False,False,True,False,1.5,spring_line,loam,4,floodplain farmable,9,fisheries,fisheries,3.0,rich,False
H+50+53,50,53,18.88,565.9,open_westerly,0.508,False,False,0.453,moderate,0,none,False,False,False,False,False,False,False,False,8.71,dry,sandy coastal,6,grassland/pasture,5,pasture,pasture|clay,2.0,good,False
H+51+53,51,53,18.95,553.8,open_westerly,0.504,False,False,0.46,moderate,0,none,False,False,False,False,False,False,False,False,8.89,dry,sandy coastal,6,grassland/pasture,5,pasture,pasture|clay,2.0,good,False
H+52+53,52,53,18.95,548.7,open_westerly,0.501,False,False,0.467,moderate,0,none,False,False,False,False,False,False,False,False,9.02,dry,sandy coastal,6,grassland/pasture,5,pasture,pasture|clay,2.0,good,False
H+53+53,53,53,18.94,550.9,open_westerly,0.496,False,False,0.474,moderate,3,major_river,True,True,False,False,False,False,True,False,1.5,spring_line,loam,4,floodplain farmable,9,fisheries,fisheries|clay,3.5,rich,False
H+54+53,54,53,18.88,558.6,open_westerly,0.493,False,False,0.481,moderate,0,none,False,False,False,False,False,False,True,False,9.02,dry,loam,4,floodplain farmable,9,,clay,3.0,rich,False
H+55+53,55,53,18.54,592.4,open_westerly,0.498,False,False,0.488,moderate,0,none,False,False,False,False,False,False,True,False,8.9,dry,loam,4,floodplain farmable,9,,obsidian,3.0,rich,False
H+56+53,56,53,18.22,616.3,open_westerly,0.502,False,False,0.495,moderate,0,none,False,False,False,False,False,False,False,False,8.88,dry,volcanic andisol,7,grassland/pasture,5,pasture,pasture|obsidian,2.0,good,False
H+57+53,57,53,17.93,636.2,open_westerly,0.503,False,False,0.503,moderate,0,none,False,False,False,False,False,False,False,False,8.88,dry,volcanic andisol,7,grassland/pasture,5,pasture,pasture|obsidian,2.0,good,False
H+58+53,58,53,17.71,640.2,open_westerly,0.499,False,False,0.511,moderate,0,none,False,False,False,False,False,False,False,False,8.88,dry,volcanic andisol,7,grassland/pasture,5,pasture,pasture,2.0,good,False
H+59+53,59,53,17.51,646.8,open_westerly,0.494,False,False,0.52,moderate,0,none,False,False,False,False,False,False,False,False,8.83,dry,volcanic andisol,7,grassland/pasture,5,pasture,pasture,2.0,good,False
H+60+53,60,53,17.35,656.1,open_westerly,0.486,False,False,0.528,moderate,0,none,False,False,False,False,False,False,False,False,8.77,dry,volcanic andisol,7,grassland/pasture,5,pasture,pasture,2.0,good,False
H+61+53,61,53,17.18,658.8,open_westerly,0.477,False,False,0.537,moderate,0,none,False,False,False,False,False,False,False,False,8.81,dry,volcanic andisol,7,grassland/pasture,5,pasture,pasture,2.0,good,False
H+62+53,62,53,17.03,655.4,open_westerly,0.466,False,False,0.547,moderate,0,none,False,False,False,False,False,False,False,False,8.86,dry,volcanic andisol,7,grassland/pasture,5,pasture,pasture,2.0,good,False
H+63+53,63,53,16.86,645.3,open_westerly,0.455,False,False,0.557,moderate,0,none,False,False,False,False,False,False,False,False,8.92,dry,volcanic andisol,7,grassland/pasture,5,pasture,pasture,2.0,good,False
H+64+53,64,53,16.73,606.9,open_westerly,0.443,False,False,0.567,moderate,0,none,False,False,False,False,False,False,False,False,9.11,dry,volcanic andisol,7,grassland/pasture,5,pasture,pasture,2.0,good,False
H+65+53,65,53,16.72,555.0,open_westerly,0.428,False,False,0.577,moderate,0,none,False,False,False,False,False,False,False,False,9.34,dry,volcanic andisol,7,grassland/pasture,5,pasture,pasture,2.0,good,False
H+66+53,66,53,16.76,539.4,open_westerly,0.416,False,False,0.588,moderate,0,none,False,False,False,False,False,False,False,False,9.29,dry,volcanic andisol,7,grassland/pasture,5,pasture,pasture,2.0,good,False
H+67+53,67,53,16.87,538.6,open_westerly,0.403,False,False,0.598,moderate,0,none,False,False,False,False,False,False,False,False,9.1,dry,volcanic andisol,7,grassland/pasture,5,pasture,pasture|obsidian,2.0,good,False
H+68+53,68,53,17.04,530.1,open_westerly,0.39,False,False,0.602,moderate,0,none,False,False,False,False,False,False,False,False,2.5,shallow_well,volcanic andisol,7,grassland/pasture,5,pasture,pasture|obsidian,2.0,good,False
H+69+53,69,53,17.19,513.4,open_westerly,0.378,False,False,0.604,moderate,0,none,False,False,False,False,False,False,False,False,2.5,shallow_well,volcanic andisol,7,grassland/pasture,5,pasture,pasture|obsidian,2.0,good,False
H+70+53,70,53,17.37,504.5,open_westerly,0.365,False,False,0.606,moderate,0,none,False,False,False,False,False,False,False,False,2.5,shallow_well,volcanic andisol,7,grassland/pasture,5,pasture,pasture|obsidian,2.0,good,False
H+71+53,71,53,17.55,503.1,open_westerly,0.353,False,False,0.609,moderate,0,none,False,False,False,False,False,False,False,False,2.5,shallow_well,volcanic andisol,7,grassland/pasture,5,pasture,pasture|obsidian,2.0,good,False
H+72+53,72,53,17.73,497.8,open_westerly,0.342,False,False,0.611,moderate,0,none,False,False,False,False,False,False,False,False,2.5,shallow_well,volcanic andisol,7,grassland/pasture,5,pasture,pasture|obsidian|volcanic_host,2.0,good,False
H+73+53,73,53,19.84,652.7,ocean_westerly,0.442,False,False,0.2,maritime,1,ocean,False,False,False,False,False,False,False,False,0.0,dry,none/ocean,0,none/ocean,0,fisheries,fisheries,0.8,modest,False
H+74+53,74,53,19.76,668.1,ocean_westerly,0.435,False,False,0.2,maritime,1,ocean,False,False,False,False,False,False,False,False,0.0,dry,none/ocean,0,none/ocean,0,fisheries,fisheries,0.8,modest,False
H+75+53,75,53,19.68,694.9,ocean_westerly,0.429,False,False,0.2,maritime,1,ocean,False,False,False,False,False,False,False,False,0.0,dry,none/ocean,0,none/ocean,0,fisheries,fisheries,0.8,modest,False
H+76+53,76,53,19.61,726.9,ocean_westerly,0.422,False,False,0.2,maritime,1,ocean,False,False,False,False,False,False,False,False,0.0,dry,none/ocean,0,none/ocean,0,fisheries,fisheries,0.8,modest,False
H+77+53,77,53,19.56,745.3,ocean_westerly,0.416,False,False,0.2,maritime,1,ocean,False,False,False,False,False,False,False,False,0.0,dry,none/ocean,0,none/ocean,0,fisheries,fisheries,0.8,modest,False
H+78+53,78,53,19.54,752.3,ocean_westerly,0.409,False,False,0.2,maritime,1,ocean,False,False,False,False,False,False,False,False,0.0,dry,none/ocean,0,none/ocean,0,fisheries,fisheries,0.8,modest,False
H+79+53,79,53,19.56,763.1,ocean_westerly,0.402,False,False,0.2,maritime,1,ocean,False,False,False,False,False,False,False,False,0.0,dry,none/ocean,0,none/ocean,0,fisheries,fisheries,0.8,modest,False
H+00+54,0,54,20.67,704.6,ocean_westerly,0.92,False,False,0.2,maritime,1,ocean,False,False,False,False,False,False,False,False,0.0,dry,none/ocean,0,none/ocean,0,fisheries,fisheries,0.8,modest,False
H+01+54,1,54,20.69,718.4,ocean_westerly,0.913,False,False,0.2,maritime,1,ocean,False,False,False,False,False,False,False,False,0.0,dry,none/ocean,0,none/ocean,0,fisheries,fisheries,0.8,modest,False
H+02+54,2,54,20.72,738.4,ocean_westerly,0.907,False,False,0.2,maritime,1,ocean,False,False,False,False,False,False,False,False,0.0,dry,none/ocean,0,none/ocean,0,fisheries,fisheries,0.8,modest,False
H+03+54,3,54,20.77,733.7,ocean_westerly,0.9,False,False,0.2,maritime,1,ocean,False,False,False,False,False,False,False,False,0.0,dry,none/ocean,0,none/ocean,0,fisheries,fisheries,0.8,modest,False
H+04+54,4,54,20.8,717.1,ocean_westerly,0.894,False,False,0.2,maritime,1,ocean,False,False,False,False,False,False,False,False,0.0,dry,none/ocean,0,none/ocean,0,fisheries,fisheries,0.8,modest,False
H+05+54,5,54,20.81,723.9,ocean_westerly,0.887,False,False,0.2,maritime,1,ocean,False,False,False,False,False,False,False,False,0.0,dry,none/ocean,0,none/ocean,0,fisheries,fisheries,0.8,modest,False
H+06+54,6,54,20.78,740.5,ocean_westerly,0.881,False,False,0.2,maritime,1,ocean,False,False,False,False,False,False,False,False,0.0,dry,none/ocean,0,none/ocean,0,fisheries,fisheries,0.8,modest,False
H+07+54,7,54,20.7,734.5,ocean_westerly,0.874,False,False,0.2,maritime,1,ocean,False,False,False,False,False,False,False,False,0.0,dry,none/ocean,0,none/ocean,0,fisheries,fisheries,0.8,modest,False
H+08+54,8,54,20.59,698.1,ocean_westerly,0.868,False,False,0.2,maritime,1,ocean,False,False,False,False,False,False,False,False,0.0,dry,none/ocean,0,none/ocean,0,fisheries,fisheries,0.8,modest,False
H+09+54,9,54,20.47,679.9,ocean_westerly,0.861,False,False,0.2,maritime,1,ocean,False,False,False,False,False,False,False,False,0.0,dry,none/ocean,0,none/ocean,0,fisheries,fisheries,0.8,modest,False
H+10+54,10,54,20.36,698.9,ocean_westerly,0.854,False,False,0.2,maritime,1,ocean,False,False,False,False,False,False,False,False,0.0,dry,none/ocean,0,none/ocean,0,fisheries,fisheries,0.8,modest,False
H+11+54,11,54,20.27,731.3,ocean_westerly,0.848,False,False,0.2,maritime,1,ocean,False,False,False,False,False,False,False,False,0.0,dry,none/ocean,0,none/ocean,0,fisheries,fisheries,0.8,modest,False
H+12+54,12,54,20.2,770.3,ocean_westerly,0.841,False,False,0.2,maritime,1,ocean,False,False,False,False,False,False,False,False,0.0,dry,none/ocean,0,none/ocean,0,fisheries,fisheries,0.8,modest,False
H+13+54,13,54,19.67,733.3,open_westerly,0.726,False,False,0.415,moderate,0,none,False,False,False,False,False,False,False,False,2.5,spring_line,sandy coastal,6,coastal scrub,10,,clay,0.0,none,False
H+14+54,14,54,19.52,754.6,open_westerly,0.72,False,False,0.407,moderate,0,none,False,False,False,False,False,False,False,False,2.5,shallow_well,sandy coastal,6,coastal scrub,10,,clay,0.0,none,False
H+15+54,15,54,19.36,769.6,open_westerly,0.715,False,False,0.398,moderate,0,none,False,False,False,False,False,False,False,False,2.5,shallow_well,sandy coastal,6,temperate forest,4,timber,timber|clay,1.5,good,False
H+16+54,16,54,19.21,771.1,open_westerly,0.709,False,False,0.39,moderate,0,none,False,False,False,False,False,False,False,False,2.5,shallow_well,sandy coastal,6,temperate forest,4,timber,timber,1.5,good,False
H+17+54,17,54,19.18,763.0,open_westerly,0.703,False,False,0.382,moderate,3,major_river,True,True,False,False,False,False,True,False,1.5,spring_line,loam,4,floodplain farmable,9,fisheries,fisheries,3.5,rich,False
H+18+54,18,54,19.07,757.4,open_westerly,0.697,False,False,0.374,moderate,0,none,False,False,False,False,False,False,False,False,6.43,shallow_well,sandy coastal,6,temperate forest,4,timber,timber,1.5,good,False
H+19+54,19,54,19.07,757.9,open_westerly,0.692,False,False,0.366,moderate,0,none,False,False,False,False,False,False,False,False,6.18,shallow_well,sandy coastal,6,temperate forest,4,,,1.5,good,False
H+20+54,20,54,19.1,756.2,open_westerly,0.686,False,False,0.358,moderate,2,river,True,False,False,False,False,False,True,False,1.5,spring_line,loam,4,floodplain farmable,9,,,3.0,rich,False
H+21+54,21,54,19.05,745.4,open_westerly,0.68,False,False,0.349,weak,0,none,False,False,False,False,False,False,False,False,5.85,shallow_well,sandy coastal,6,temperate forest,4,,,1.5,good,False
H+22+54,22,54,19.14,727.4,open_westerly,0.675,False,False,0.341,weak,0,none,False,False,False,False,False,False,False,False,5.71,shallow_well,sandy coastal,6,temperate forest,4,,,1.5,good,False
H+23+54,23,54,19.16,709.2,open_westerly,0.669,False,False,0.333,weak,3,major_river,True,True,False,False,False,False,True,False,1.5,spring_line,loam,4,floodplain farmable,9,fisheries,fisheries,3.5,rich,False
H+24+54,24,54,19.1,699.3,open_westerly,0.663,False,False,0.324,weak,0,none,False,False,False,False,False,False,True,False,5.3,shallow_well,loam,4,floodplain farmable,9,,,3.0,rich,False
H+25+54,25,54,18.46,746.8,open_westerly,0.668,False,False,0.316,weak,0,none,False,False,False,False,False,False,False,False,5.23,shallow_well,loam,4,floodplain farmable,9,,,3.0,rich,False
H+26+54,26,54,17.5,869.6,open_westerly,0.689,False,False,0.307,weak,0,none,False,False,False,False,False,False,False,False,5.08,shallow_well,loam,4,floodplain farmable,9,,,3.0,rich,False
H+27+54,27,54,16.33,1001.5,open_westerly,0.713,False,False,0.298,weak,0,none,False,False,False,False,False,False,False,False,5.09,shallow_well,loam,4,temperate forest,4,,,1.5,good,False
H+28+54,28,54,14.99,1112.6,open_westerly,0.737,False,False,0.296,weak,0,none,False,False,False,False,False,False,False,False,5.24,shallow_well,loam,4,temperate forest,4,,,1.5,good,False
H+29+54,29,54,15.47,466.6,calm_interior,0.675,False,True,0.505,moderate,8,salt_pan,False,False,False,False,True,False,False,False,8.77,dry,saline playa,10,salt flat sparse,11,salt_pans,salt_pans|evaporite_host,0.3,poor,True
H+30+54,30,54,15.45,456.0,calm_interior,0.668,False,True,0.514,moderate,8,salt_pan,False,False,False,False,True,False,False,False,8.57,dry,saline playa,10,salt flat sparse,11,salt_pans,salt_pans|evaporite_host,0.3,poor,True
H+31+54,31,54,15.43,436.7,calm_interior,0.651,False,True,0.522,moderate,8,salt_pan,False,False,False,False,True,False,False,False,8.49,dry,saline playa,10,salt flat sparse,11,salt_pans,salt_pans|evaporite_host,0.3,poor,True
H+32+54,32,54,15.42,408.4,calm_interior,0.633,False,True,0.531,moderate,8,salt_pan,False,False,False,False,True,False,False,False,8.69,dry,saline playa,10,salt flat sparse,11,salt_pans,salt_pans|evaporite_host,0.3,poor,True
H+33+54,33,54,15.44,373.7,calm_interior,0.615,False,True,0.538,moderate,8,salt_pan,False,False,False,False,True,False,False,False,8.93,dry,saline playa,10,salt flat sparse,11,salt_pans,salt_pans|evaporite_host,0.3,poor,True
H+34+54,34,54,15.48,354.6,calm_interior,0.6,False,True,0.546,moderate,8,salt_pan,False,False,False,False,True,False,False,False,9.06,dry,saline playa,10,salt flat sparse,11,salt_pans,salt_pans|evaporite_host,0.3,poor,True
H+35+54,35,54,15.54,334.9,calm_interior,0.584,False,True,0.553,moderate,8,salt_pan,False,False,False,False,True,False,False,False,9.22,dry,saline playa,10,salt flat sparse,11,salt_pans,salt_pans|evaporite_host,0.3,poor,True
H+36+54,36,54,15.59,319.2,calm_interior,0.569,False,True,0.559,moderate,8,salt_pan,False,False,False,False,True,False,False,False,9.51,dry,saline playa,10,salt flat sparse,11,salt_pans,salt_pans|evaporite_host,0.3,poor,True
H+37+54,37,54,15.62,314.6,calm_interior,0.554,False,True,0.566,moderate,8,salt_pan,False,False,False,False,True,False,False,False,9.89,dry,saline playa,10,salt flat sparse,11,salt_pans,salt_pans|evaporite_host,0.3,poor,True
H+38+54,38,54,15.62,314.0,calm_interior,0.541,False,True,0.572,moderate,8,salt_pan,False,False,False,False,True,False,False,False,10.27,dry,saline playa,10,salt flat sparse,11,salt_pans,salt_pans|evaporite_host,0.3,poor,True
H+39+54,39,54,16.21,310.6,open_westerly,0.53,False,True,0.578,moderate,8,salt_pan,False,False,False,False,True,False,False,False,10.55,dry,saline playa,10,salt flat sparse,11,salt_pans,salt_pans|evaporite_host,0.3,poor,True
H+40+54,40,54,7.1,459.7,leeward,0.523,True,False,0.584,moderate,0,none,False,False,False,False,False,False,False,False,14.93,dry,mountain thin,3,grassland/pasture,5,,stone,2.0,good,False
H+41+54,41,54,7.02,246.9,leeward,0.395,True,False,0.59,moderate,0,none,False,False,False,False,False,False,False,False,16.44,dry,arid/skeletal,8,desert scrub,7,,stone|limestone_karst,0.0,none,False
H+42+54,42,54,18.39,575.3,open_westerly,0.531,False,False,0.396,moderate,0,none,False,False,False,False,False,False,False,False,7.67,shallow_well,rocky/lithosol,1,grassland/pasture,5,pasture,pasture,2.0,good,False
H+43+54,43,54,18.64,567.5,open_westerly,0.528,False,False,0.402,moderate,0,none,False,False,False,False,False,False,False,False,7.63,shallow_well,sandy coastal,6,grassland/pasture,5,pasture,pasture|clay,2.0,good,False
H+44+54,44,54,18.63,560.4,open_westerly,0.524,False,False,0.408,moderate,0,none,False,False,False,False,False,False,False,False,7.88,shallow_well,sandy coastal,6,grassland/pasture,5,pasture,pasture|clay,2.0,good,False
H+45+54,45,54,18.66,557.5,open_westerly,0.52,False,False,0.414,moderate,0,none,False,False,False,False,False,False,False,False,8.1,dry,sandy coastal,6,grassland/pasture,5,pasture,pasture|clay,2.0,good,False
H+46+54,46,54,18.74,565.3,open_westerly,0.516,False,False,0.42,moderate,0,none,False,False,False,False,False,False,False,False,8.2,dry,sandy coastal,6,grassland/pasture,5,pasture,pasture|clay,2.0,good,False
H+47+54,47,54,18.84,571.7,open_westerly,0.513,False,False,0.426,moderate,0,none,False,False,False,False,False,False,True,False,8.28,dry,loam,4,floodplain farmable,9,,clay,3.0,rich,False
H+48+54,48,54,18.96,567.5,open_westerly,0.512,False,False,0.432,moderate,0,none,False,False,False,False,False,False,True,False,8.43,dry,loam,4,floodplain farmable,9,,clay,3.0,rich,False
H+49+54,49,54,19.07,559.9,open_westerly,0.51,False,False,0.438,moderate,2,river,True,False,False,False,False,False,True,False,1.5,spring_line,loam,4,floodplain farmable,9,fisheries,fisheries|clay,3.0,rich,False
H+50+54,50,54,19.16,556.2,open_westerly,0.507,False,False,0.445,moderate,2,river,True,False,False,False,False,False,True,False,1.5,spring_line,loam,4,floodplain farmable,9,fisheries,fisheries|clay,3.0,rich,False
H+51+54,51,54,19.2,556.2,open_westerly,0.504,False,False,0.451,moderate,2,river,True,False,False,False,False,False,True,False,1.5,spring_line,loam,4,floodplain farmable,9,fisheries,fisheries|clay,3.0,rich,False
H+52+54,52,54,19.21,556.0,open_westerly,0.5,False,False,0.458,moderate,2,river,True,False,False,False,False,False,True,False,1.5,spring_line,loam,4,floodplain farmable,9,fisheries,fisheries|clay,3.0,rich,False
H+53+54,53,54,19.2,560.8,open_westerly,0.496,False,False,0.465,moderate,3,major_river,True,True,False,False,False,False,True,False,1.5,spring_line,loam,4,floodplain farmable,9,fisheries,fisheries|clay,3.5,rich,False
H+54+54,54,54,19.14,569.8,open_westerly,0.493,False,False,0.472,moderate,2,river,True,False,False,False,False,False,True,False,1.5,spring_line,loam,4,floodplain farmable,9,fisheries,fisheries|clay,3.0,rich,False
H+55+54,55,54,19.07,571.2,open_westerly,0.49,False,False,0.479,moderate,0,none,False,False,False,False,False,False,True,False,8.99,dry,loam,4,floodplain farmable,9,,clay,3.0,rich,False
H+56+54,56,54,18.92,577.9,open_westerly,0.488,False,False,0.486,moderate,0,none,False,False,False,False,False,False,True,False,9.04,dry,loam,4,floodplain farmable,9,,obsidian,3.0,rich,False
H+57+54,57,54,18.68,591.3,open_westerly,0.489,False,False,0.494,moderate,0,none,False,False,False,False,False,False,True,False,9.01,dry,loam,4,floodplain farmable,9,,obsidian,3.0,rich,False
H+58+54,58,54,18.5,590.0,open_westerly,0.486,False,False,0.502,moderate,0,none,False,False,False,False,False,False,True,False,8.93,dry,loam,4,floodplain farmable,9,,volcanic_host,3.0,rich,False
H+59+54,59,54,18.32,601.3,open_westerly,0.482,False,False,0.51,moderate,0,none,False,False,False,False,False,False,False,False,8.73,dry,volcanic andisol,7,grassland/pasture,5,pasture,pasture,2.0,good,False
H+60+54,60,54,18.14,626.8,open_westerly,0.476,False,False,0.519,moderate,0,none,False,False,False,False,False,False,False,False,8.5,dry,volcanic andisol,7,grassland/pasture,5,pasture,pasture,2.0,good,False
H+61+54,61,54,17.95,640.7,open_westerly,0.469,False,False,0.528,moderate,0,none,False,False,False,False,False,False,False,False,8.39,dry,volcanic andisol,7,grassland/pasture,5,pasture,pasture,2.0,good,False
H+62+54,62,54,17.83,633.7,open_westerly,0.461,False,False,0.538,moderate,0,none,False,False,False,False,False,False,False,False,8.41,dry,volcanic andisol,7,grassland/pasture,5,pasture,pasture,2.0,good,False
H+63+54,63,54,17.68,623.7,open_westerly,0.451,False,False,0.548,moderate,0,none,False,False,False,False,False,False,True,False,8.43,dry,loam,4,floodplain farmable,9,,,3.0,rich,False
H+64+54,64,54,17.53,597.0,open_westerly,0.441,False,False,0.559,moderate,0,none,False,False,False,False,False,False,False,False,8.56,dry,volcanic andisol,7,grassland/pasture,5,pasture,pasture,2.0,good,False
H+65+54,65,54,17.48,553.5,open_westerly,0.429,False,False,0.569,moderate,0,none,False,False,False,False,False,False,False,False,8.77,dry,volcanic andisol,7,grassland/pasture,5,pasture,pasture,2.0,good,False
H+66+54,66,54,17.56,533.8,open_westerly,0.416,False,False,0.581,moderate,0,none,False,False,False,False,False,False,False,False,2.5,shallow_well,volcanic andisol,7,grassland/pasture,5,pasture,pasture,2.0,good,False
H+67+54,67,54,17.69,531.9,open_westerly,0.403,False,False,0.592,moderate,0,none,False,False,False,False,False,False,False,False,2.5,shallow_well,volcanic andisol,7,grassland/pasture,5,pasture,pasture|obsidian,2.0,good,False
H+68+54,68,54,17.89,522.3,open_westerly,0.39,False,False,0.596,moderate,0,none,False,False,False,False,False,False,False,False,2.5,shallow_well,volcanic andisol,7,grassland/pasture,5,pasture,pasture|obsidian,2.0,good,False
H+69+54,69,54,18.08,501.3,open_westerly,0.378,False,False,0.599,moderate,0,none,False,False,False,False,False,False,False,False,2.5,shallow_well,volcanic andisol,7,grassland/pasture,5,pasture,pasture|obsidian,2.0,good,False
H+70+54,70,54,18.21,493.3,open_westerly,0.367,False,False,0.602,moderate,0,none,False,False,False,False,False,False,False,False,2.5,shallow_well,volcanic andisol,7,grassland/pasture,5,pasture,pasture|obsidian,2.0,good,False
H+71+54,71,54,20.21,630.9,ocean_westerly,0.455,False,False,0.2,maritime,1,ocean,False,False,False,False,False,False,False,False,0.0,dry,none/ocean,0,none/ocean,0,fisheries,fisheries,0.8,modest,False
H+72+54,72,54,20.14,642.5,ocean_westerly,0.448,False,False,0.2,maritime,1,ocean,False,False,False,False,False,False,False,False,0.0,dry,none/ocean,0,none/ocean,0,fisheries,fisheries,0.8,modest,False
H+73+54,73,54,20.07,649.7,ocean_westerly,0.442,False,False,0.2,maritime,1,ocean,False,False,False,False,False,False,False,False,0.0,dry,none/ocean,0,none/ocean,0,fisheries,fisheries,0.8,modest,False
H+74+54,74,54,19.99,669.4,ocean_westerly,0.435,False,False,0.2,maritime,1,ocean,False,False,False,False,False,False,False,False,0.0,dry,none/ocean,0,none/ocean,0,fisheries,fisheries,0.8,modest,False
H+75+54,75,54,19.91,698.5,ocean_westerly,0.429,False,False,0.2,maritime,1,ocean,False,False,False,False,False,False,False,False,0.0,dry,none/ocean,0,none/ocean,0,fisheries,fisheries,0.8,modest,False
H+76+54,76,54,19.84,731.5,ocean_westerly,0.422,False,False,0.2,maritime,1,ocean,False,False,False,False,False,False,False,False,0.0,dry,none/ocean,0,none/ocean,0,fisheries,fisheries,0.8,modest,False
H+77+54,77,54,19.79,750.9,ocean_westerly,0.416,False,False,0.2,maritime,1,ocean,False,False,False,False,False,False,False,False,0.0,dry,none/ocean,0,none/ocean,0,fisheries,fisheries,0.8,modest,False
H+78+54,78,54,19.78,759.7,ocean_westerly,0.409,False,False,0.2,maritime,1,ocean,False,False,False,False,False,False,False,False,0.0,dry,none/ocean,0,none/ocean,0,fisheries,fisheries,0.8,modest,False
H+79+54,79,54,19.82,771.0,ocean_westerly,0.402,False,False,0.2,maritime,1,ocean,False,False,False,False,False,False,False,False,0.0,dry,none/ocean,0,none/ocean,0,fisheries,fisheries,0.8,modest,False
H+00+55,0,55,20.87,718.7,ocean_westerly,0.92,False,False,0.2,maritime,1,ocean,False,False,False,False,False,False,False,False,0.0,dry,none/ocean,0,none/ocean,0,fisheries,fisheries,0.8,modest,False
H+01+55,1,55,20.89,723.8,ocean_westerly,0.913,False,False,0.2,maritime,1,ocean,False,False,False,False,False,False,False,False,0.0,dry,none/ocean,0,none/ocean,0,fisheries,fisheries,0.8,modest,False
H+02+55,2,55,20.93,731.8,ocean_westerly,0.907,False,False,0.2,maritime,1,ocean,False,False,False,False,False,False,False,False,0.0,dry,none/ocean,0,none/ocean,0,fisheries,fisheries,0.8,modest,False
H+03+55,3,55,20.97,731.2,ocean_westerly,0.9,False,False,0.2,maritime,1,ocean,False,False,False,False,False,False,False,False,0.0,dry,none/ocean,0,none/ocean,0,fisheries,fisheries,0.8,modest,False
H+04+55,4,55,21.01,727.8,ocean_westerly,0.894,False,False,0.2,maritime,1,ocean,False,False,False,False,False,False,False,False,0.0,dry,none/ocean,0,none/ocean,0,fisheries,fisheries,0.8,modest,False
H+05+55,5,55,21.02,734.6,ocean_westerly,0.887,False,False,0.2,maritime,1,ocean,False,False,False,False,False,False,False,False,0.0,dry,none/ocean,0,none/ocean,0,fisheries,fisheries,0.8,modest,False
H+06+55,6,55,21.0,739.1,ocean_westerly,0.881,False,False,0.2,maritime,1,ocean,False,False,False,False,False,False,False,False,0.0,dry,none/ocean,0,none/ocean,0,fisheries,fisheries,0.8,modest,False
H+07+55,7,55,20.92,731.0,ocean_westerly,0.874,False,False,0.2,maritime,1,ocean,False,False,False,False,False,False,False,False,0.0,dry,none/ocean,0,none/ocean,0,fisheries,fisheries,0.8,modest,False
H+08+55,8,55,20.81,704.6,ocean_westerly,0.868,False,False,0.2,maritime,1,ocean,False,False,False,False,False,False,False,False,0.0,dry,none/ocean,0,none/ocean,0,fisheries,fisheries,0.8,modest,False
H+09+55,9,55,20.68,692.8,ocean_westerly,0.861,False,False,0.2,maritime,1,ocean,False,False,False,False,False,False,False,False,0.0,dry,none/ocean,0,none/ocean,0,fisheries,fisheries,0.8,modest,False
H+10+55,10,55,20.57,711.8,ocean_westerly,0.854,False,False,0.2,maritime,1,ocean,False,False,False,False,False,False,False,False,0.0,dry,none/ocean,0,none/ocean,0,fisheries,fisheries,0.8,modest,False
H+11+55,11,55,20.48,742.5,ocean_westerly,0.848,False,False,0.2,maritime,1,ocean,False,False,False,False,False,False,False,False,0.0,dry,none/ocean,0,none/ocean,0,fisheries,fisheries,0.8,modest,False
H+12+55,12,55,20.42,778.8,ocean_westerly,0.841,False,False,0.2,maritime,1,ocean,False,False,False,False,False,False,False,False,0.0,dry,none/ocean,0,none/ocean,0,fisheries,fisheries,0.8,modest,False
H+13+55,13,55,20.34,816.0,ocean_westerly,0.835,False,False,0.2,maritime,1,ocean,False,False,False,False,False,False,False,False,0.0,dry,none/ocean,0,none/ocean,0,fisheries,fisheries,0.8,modest,False
H+14+55,14,55,19.69,763.1,open_westerly,0.72,False,False,0.405,moderate,0,none,False,False,False,False,False,False,False,False,2.5,spring_line,sandy coastal,6,temperate forest,4,timber,timber|clay,1.5,good,False
H+15+55,15,55,19.53,779.0,open_westerly,0.715,False,False,0.397,moderate,0,none,False,False,False,False,False,False,False,False,2.5,shallow_well,sandy coastal,6,temperate forest,4,timber,timber,1.5,good,False
H+16+55,16,55,19.49,783.3,open_westerly,0.709,False,False,0.389,moderate,3,major_river,True,True,False,False,False,False,True,False,1.5,spring_line,loam,4,floodplain farmable,9,fisheries,fisheries,3.5,rich,False
H+17+55,17,55,19.35,777.8,open_westerly,0.703,False,False,0.381,moderate,0,none,False,False,False,False,False,False,False,False,2.5,shallow_well,sandy coastal,6,temperate forest,4,timber,timber,1.5,good,False
H+18+55,18,55,19.32,773.2,open_westerly,0.697,False,False,0.373,moderate,0,none,False,False,False,False,False,False,False,False,2.5,shallow_well,sandy coastal,6,temperate forest,4,timber,timber|clay,1.5,good,False
H+19+55,19,55,19.35,769.0,open_westerly,0.692,False,False,0.365,moderate,2,river,True,False,False,False,False,False,True,False,1.5,spring_line,loam,4,floodplain farmable,9,,,3.0,rich,False
H+20+55,20,55,19.31,760.2,open_westerly,0.686,False,False,0.356,moderate,0,none,False,False,False,False,False,False,False,False,5.83,shallow_well,sandy coastal,6,temperate forest,4,,,1.5,good,False
H+21+55,21,55,19.43,747.5,open_westerly,0.68,False,False,0.348,weak,0,none,False,False,False,False,False,False,False,False,5.67,shallow_well,sandy coastal,6,temperate forest,4,,,1.5,good,False
H+22+55,22,55,19.46,729.9,open_westerly,0.675,False,False,0.34,weak,3,major_river,True,True,False,False,False,False,True,False,1.5,spring_line,loam,4,floodplain farmable,9,fisheries,fisheries,3.5,rich,False
H+23+55,23,55,19.42,711.7,open_westerly,0.669,False,False,0.332,weak,0,none,False,False,False,False,False,False,False,False,5.32,shallow_well,sandy coastal,6,temperate forest,4,,,1.5,good,False
H+24+55,24,55,19.39,701.6,open_westerly,0.663,False,False,0.323,weak,0,none,False,False,False,False,False,False,False,False,5.06,shallow_well,loam,4,floodplain farmable,9,,,3.0,rich,False
H+25+55,25,55,18.74,748.8,open_westerly,0.669,False,False,0.315,weak,0,none,False,False,False,False,False,False,False,False,4.99,shallow_well,loam,4,floodplain farmable,9,,limestone_karst,3.0,rich,False
H+26+55,26,55,17.78,865.0,open_westerly,0.689,False,False,0.306,weak,0,none,False,False,False,False,False,False,False,False,4.94,shallow_well,loam,4,floodplain farmable,9,,,3.0,rich,False
H+27+55,27,55,16.54,1001.3,open_westerly,0.716,False,False,0.297,weak,0,none,False,False,False,False,False,False,False,False,5.01,shallow_well,loam,4,temperate forest,4,,,1.5,good,False
H+28+55,28,55,15.17,1127.0,open_westerly,0.74,False,False,0.295,weak,0,none,False,False,False,False,False,False,False,False,5.11,shallow_well,loam,4,temperate forest,4,,,1.5,good,False
H+29+55,29,55,15.75,473.3,calm_interior,0.674,False,True,0.504,moderate,8,salt_pan,False,False,False,False,True,False,False,False,8.7,dry,saline playa,10,salt flat sparse,11,salt_pans,salt_pans|evaporite_host,0.3,poor,True
H+30+55,30,55,15.73,463.9,calm_interior,0.668,False,True,0.513,moderate,8,salt_pan,False,False,False,False,True,False,False,False,8.62,dry,saline playa,10,salt flat sparse,11,salt_pans,salt_pans|evaporite_host,0.3,poor,True
H+31+55,31,55,15.71,441.8,calm_interior,0.651,False,True,0.521,moderate,8,salt_pan,False,False,False,False,True,False,False,False,8.68,dry,saline playa,10,salt flat sparse,11,salt_pans,salt_pans|evaporite_host,0.3,poor,True
H+32+55,32,55,15.7,411.7,calm_interior,0.633,False,True,0.529,moderate,8,salt_pan,False,False,False,False,True,False,False,False,8.9,dry,saline playa,10,salt flat sparse,11,salt_pans,salt_pans|evaporite_host,0.3,poor,True
H+33+55,33,55,15.72,373.6,calm_interior,0.615,False,True,0.537,moderate,8,salt_pan,False,False,False,False,True,False,False,False,9.07,dry,saline playa,10,salt flat sparse,11,salt_pans,salt_pans|evaporite_host,0.3,poor,True
H+34+55,34,55,15.77,353.1,calm_interior,0.599,False,True,0.544,moderate,8,salt_pan,False,False,False,False,True,False,False,False,9.09,dry,saline playa,10,salt flat sparse,11,salt_pans,salt_pans|evaporite_host,0.3,poor,True
H+35+55,35,55,15.82,336.3,calm_interior,0.584,False,True,0.55,moderate,8,salt_pan,False,False,False,False,True,False,False,False,9.17,dry,saline playa,10,salt flat sparse,11,salt_pans,salt_pans|evaporite_host,0.3,poor,True
H+36+55,36,55,15.87,322.5,calm_interior,0.568,False,True,0.556,moderate,8,salt_pan,False,False,False,False,True,False,False,False,9.51,dry,saline playa,10,salt flat sparse,11,salt_pans,salt_pans|evaporite_host,0.3,poor,True
H+37+55,37,55,15.9,315.3,calm_interior,0.554,False,True,0.562,moderate,8,salt_pan,False,False,False,False,True,False,False,False,10.03,dry,saline playa,10,salt flat sparse,11,salt_pans,salt_pans|evaporite_host,0.3,poor,True
H+38+55,38,55,15.9,311.1,calm_interior,0.54,False,True,0.568,moderate,8,salt_pan,False,False,False,False,True,False,False,False,10.54,dry,saline playa,10,salt flat sparse,11,salt_pans,salt_pans|evaporite_host,0.3,poor,True
H+39+55,39,55,16.48,305.4,open_westerly,0.528,False,True,0.573,moderate,8,salt_pan,False,False,False,False,True,False,False,False,10.84,dry,saline playa,10,salt flat sparse,11,salt_pans,salt_pans|evaporite_host,0.3,poor,True
H+40+55,40,55,7.37,443.2,leeward,0.516,True,False,0.579,moderate,0,none,False,False,False,False,False,False,False,False,15.17,dry,mountain thin,3,grassland/pasture,5,,stone,2.0,good,False
H+41+55,41,55,17.95,571.3,open_westerly,0.53,False,False,0.384,moderate,0,none,False,False,False,False,False,False,False,False,8.09,dry,rocky/lithosol,1,grassland/pasture,5,pasture,pasture,2.0,good,False
H+42+55,42,55,18.65,568.4,open_westerly,0.535,False,False,0.389,moderate,0,none,False,False,False,False,False,False,False,False,7.6,shallow_well,loam,4,grassland/pasture,5,pasture,pasture,2.0,good,False
H+43+55,43,55,18.91,553.5,open_westerly,0.528,False,False,0.395,moderate,0,none,False,False,False,False,False,False,False,False,7.67,shallow_well,sandy coastal,6,grassland/pasture,5,pasture,pasture|clay,2.0,good,False
H+44+55,44,55,18.89,555.0,open_westerly,0.524,False,False,0.4,moderate,0,none,False,False,False,False,False,False,False,False,7.98,shallow_well,sandy coastal,6,grassland/pasture,5,pasture,pasture|clay,2.0,good,False
H+45+55,45,55,18.92,558.5,open_westerly,0.519,False,False,0.406,moderate,0,none,False,False,False,False,False,False,False,False,8.28,dry,sandy coastal,6,grassland/pasture,5,pasture,pasture|clay,2.0,good,False
H+46+55,46,55,19.0,560.3,open_westerly,0.516,False,False,0.412,moderate,0,none,False,False,False,False,False,False,False,False,8.44,dry,sandy coastal,6,grassland/pasture,5,pasture,pasture|clay,2.0,good,False
H+47+55,47,55,19.11,559.7,open_westerly,0.513,False,False,0.418,moderate,0,none,False,False,False,False,False,False,False,False,8.45,dry,sandy coastal,6,grassland/pasture,5,pasture,pasture|clay,2.0,good,False
H+48+55,48,55,19.23,561.4,open_westerly,0.511,False,False,0.424,moderate,0,none,False,False,False,False,False,False,True,False,8.4,dry,loam,4,floodplain farmable,9,,clay,3.0,rich,False
H+49+55,49,55,19.34,565.1,open_westerly,0.509,False,False,0.43,moderate,0,none,False,False,False,False,False,False,True,False,8.44,dry,loam,4,floodplain farmable,9,,clay,3.0,rich,False
H+50+55,50,55,19.42,562.8,open_westerly,0.506,False,False,0.436,moderate,0,none,False,False,False,False,False,False,True,False,8.58,dry,loam,4,floodplain farmable,9,,clay,3.0,rich,False
H+51+55,51,55,19.46,558.2,open_westerly,0.503,False,False,0.443,moderate,2,river,True,False,False,False,False,False,True,False,1.5,spring_line,loam,4,floodplain farmable,9,fisheries,fisheries|clay,3.0,rich,False
H+52+55,52,55,19.47,553.9,open_westerly,0.5,False,False,0.449,moderate,2,river,True,False,False,False,False,False,True,False,1.5,spring_line,loam,4,floodplain farmable,9,fisheries,fisheries|clay,3.0,rich,False
H+53+55,53,55,19.46,555.0,open_westerly,0.496,False,False,0.456,moderate,3,major_river,True,True,False,False,False,False,True,False,1.5,spring_line,loam,4,floodplain farmable,9,fisheries,fisheries|clay,3.5,rich,False
H+54+55,54,55,19.4,561.7,open_westerly,0.492,False,False,0.463,moderate,2,river,True,False,False,False,False,False,True,False,1.5,spring_line,loam,4,floodplain farmable,9,fisheries,fisheries|clay,3.0,rich,False
H+55+55,55,55,19.32,562.3,open_westerly,0.489,False,False,0.47,moderate,0,none,False,False,False,False,False,False,False,False,9.13,dry,sandy coastal,6,grassland/pasture,5,pasture,pasture|clay,2.0,good,False
H+56+55,56,55,19.36,549.3,open_westerly,0.483,False,False,0.478,moderate,2,river,True,False,False,False,False,False,True,False,1.5,spring_line,loam,4,floodplain farmable,9,fisheries,fisheries|clay,3.0,rich,False
H+57+55,57,55,19.39,542.6,open_westerly,0.477,False,False,0.485,moderate,2,river,True,False,False,False,False,False,True,False,1.5,spring_line,loam,4,floodplain farmable,9,,clay,3.0,rich,False
H+58+55,58,55,19.28,545.7,open_westerly,0.473,False,False,0.493,moderate,0,none,False,False,False,False,False,False,True,False,8.94,dry,loam,4,floodplain farmable,9,,,3.0,rich,False
H+59+55,59,55,19.08,562.7,open_westerly,0.471,False,False,0.502,moderate,0,none,False,False,False,False,False,False,True,False,8.64,dry,loam,4,floodplain farmable,9,,,3.0,rich,False
H+60+55,60,55,18.94,580.4,open_westerly,0.466,False,False,0.51,moderate,0,none,False,False,False,False,False,False,False,False,8.37,dry,volcanic andisol,7,grassland/pasture,5,pasture,pasture,2.0,good,False
H+61+55,61,55,18.78,596.9,open_westerly,0.461,False,False,0.52,moderate,0,none,False,False,False,False,False,False,False,False,8.17,dry,volcanic andisol,7,grassland/pasture,5,pasture,pasture,2.0,good,False
H+62+55,62,55,18.67,603.1,open_westerly,0.454,False,False,0.529,moderate,2,river,True,False,False,False,False,False,True,False,1.5,spring_line,loam,4,floodplain farmable,9,,,3.0,rich,False
H+63+55,63,55,18.57,604.1,open_westerly,0.447,False,False,0.54,moderate,0,none,False,False,False,False,False,False,False,False,7.95,shallow_well,volcanic andisol,7,grassland/pasture,5,pasture,pasture,2.0,good,False
H+64+55,64,55,18.43,593.8,open_westerly,0.439,False,False,0.551,moderate,0,none,False,False,False,False,False,False,False,False,2.5,shallow_well,volcanic andisol,7,grassland/pasture,5,pasture,pasture,2.0,good,False
H+65+55,65,55,18.37,568.5,open_westerly,0.429,False,False,0.562,moderate,0,none,False,False,False,False,False,False,False,False,2.5,shallow_well,volcanic andisol,7,grassland/pasture,5,pasture,pasture|volcanic_host,2.0,good,False
H+66+55,66,55,18.44,548.1,open_westerly,0.416,False,False,0.574,moderate,0,none,False,False,False,False,False,False,False,False,2.5,shallow_well,volcanic andisol,7,grassland/pasture,5,pasture,pasture,2.0,good,False
H+67+55,67,55,18.53,539.9,open_westerly,0.404,False,False,0.586,moderate,0,none,False,False,False,False,False,False,False,False,2.5,spring_line,volcanic andisol,7,grassland/pasture,5,pasture,pasture|obsidian,2.0,good,False
H+68+55,68,55,20.53,626.9,ocean_westerly,0.475,False,False,0.2,maritime,1,ocean,False,False,False,False,False,False,False,False,0.0,dry,none/ocean,0,none/ocean,0,fisheries,fisheries,0.8,modest,False
H+69+55,69,55,20.5,625.9,ocean_westerly,0.468,False,False,0.2,maritime,1,ocean,False,False,False,False,False,False,False,False,0.0,dry,none/ocean,0,none/ocean,0,fisheries,fisheries,0.8,modest,False
H+70+55,70,55,20.46,632.3,ocean_westerly,0.461,False,False,0.2,maritime,1,ocean,False,False,False,False,False,False,False,False,0.0,dry,none/ocean,0,none/ocean,0,fisheries,fisheries,0.8,modest,False
H+71+55,71,55,20.41,646.8,ocean_westerly,0.455,False,False,0.2,maritime,1,ocean,False,False,False,False,False,False,False,False,0.0,dry,none/ocean,0,none/ocean,0,fisheries,fisheries,0.8,modest,False
H+72+55,72,55,20.35,654.5,ocean_westerly,0.448,False,False,0.2,maritime,1,ocean,False,False,False,False,False,False,False,False,0.0,dry,none/ocean,0,none/ocean,0,fisheries,fisheries,0.8,modest,False
H+73+55,73,55,20.28,654.1,ocean_westerly,0.442,False,False,0.2,maritime,1,ocean,False,False,False,False,False,False,False,False,0.0,dry,none/ocean,0,none/ocean,0,fisheries,fisheries,0.8,modest,False
H+74+55,74,55,20.21,662.7,ocean_westerly,0.435,False,False,0.2,maritime,1,ocean,False,False,False,False,False,False,False,False,0.0,dry,none/ocean,0,none/ocean,0,fisheries,fisheries,0.8,modest,False
H+75+55,75,55,20.13,690.3,ocean_westerly,0.429,False,False,0.2,maritime,1,ocean,False,False,False,False,False,False,False,False,0.0,dry,none/ocean,0,none/ocean,0,fisheries,fisheries,0.8,modest,False
H+76+55,76,55,20.07,725.5,ocean_westerly,0.422,False,False,0.2,maritime,1,ocean,False,False,False,False,False,False,False,False,0.0,dry,none/ocean,0,none/ocean,0,fisheries,fisheries,0.8,modest,False
H+77+55,77,55,20.03,744.1,ocean_westerly,0.416,False,False,0.2,maritime,1,ocean,False,False,False,False,False,False,False,False,0.0,dry,none/ocean,0,none/ocean,0,fisheries,fisheries,0.8,modest,False
H+78+55,78,55,20.03,748.7,ocean_westerly,0.409,False,False,0.2,maritime,1,ocean,False,False,False,False,False,False,False,False,0.0,dry,none/ocean,0,none/ocean,0,fisheries,fisheries,0.8,modest,False
H+79+55,79,55,20.07,760.0,ocean_westerly,0.402,False,False,0.2,maritime,1,ocean,False,False,False,False,False,False,False,False,0.0,dry,none/ocean,0,none/ocean,0,fisheries,fisheries,0.8,modest,False
H+00+56,0,56,21.08,742.6,ocean_westerly,0.92,False,False,0.2,maritime,1,ocean,False,False,False,False,False,False,False,False,0.0,dry,none/ocean,0,none/ocean,0,fisheries,fisheries,0.8,modest,False
H+01+56,1,56,21.09,735.6,ocean_westerly,0.913,False,False,0.2,maritime,1,ocean,False,False,False,False,False,False,False,False,0.0,dry,none/ocean,0,none/ocean,0,fisheries,fisheries,0.8,modest,False
H+02+56,2,56,21.13,726.8,ocean_westerly,0.907,False,False,0.2,maritime,1,ocean,False,False,False,False,False,False,False,False,0.0,dry,none/ocean,0,none/ocean,0,fisheries,fisheries,0.8,modest,False
H+03+56,3,56,21.17,730.3,ocean_westerly,0.9,False,False,0.2,maritime,1,ocean,False,False,False,False,False,False,False,False,0.0,dry,none/ocean,0,none/ocean,0,fisheries,fisheries,0.8,modest,False
H+04+56,4,56,21.21,743.5,ocean_westerly,0.894,False,False,0.2,maritime,1,ocean,False,False,False,False,False,False,False,False,0.0,dry,none/ocean,0,none/ocean,0,fisheries,fisheries,0.8,modest,False
H+05+56,5,56,21.22,750.9,ocean_westerly,0.887,False,False,0.2,maritime,1,ocean,False,False,False,False,False,False,False,False,0.0,dry,none/ocean,0,none/ocean,0,fisheries,fisheries,0.8,modest,False
H+06+56,6,56,21.2,741.9,ocean_westerly,0.881,False,False,0.2,maritime,1,ocean,False,False,False,False,False,False,False,False,0.0,dry,none/ocean,0,none/ocean,0,fisheries,fisheries,0.8,modest,False
H+07+56,7,56,21.13,735.0,ocean_westerly,0.874,False,False,0.2,maritime,1,ocean,False,False,False,False,False,False,False,False,0.0,dry,none/ocean,0,none/ocean,0,fisheries,fisheries,0.8,modest,False
H+08+56,8,56,21.02,725.2,ocean_westerly,0.868,False,False,0.2,maritime,1,ocean,False,False,False,False,False,False,False,False,0.0,dry,none/ocean,0,none/ocean,0,fisheries,fisheries,0.8,modest,False
H+09+56,9,56,20.89,723.3,ocean_westerly,0.861,False,False,0.2,maritime,1,ocean,False,False,False,False,False,False,False,False,0.0,dry,none/ocean,0,none/ocean,0,fisheries,fisheries,0.8,modest,False
H+10+56,10,56,20.78,740.4,ocean_westerly,0.854,False,False,0.2,maritime,1,ocean,False,False,False,False,False,False,False,False,0.0,dry,none/ocean,0,none/ocean,0,fisheries,fisheries,0.8,modest,False
H+11+56,11,56,20.7,764.6,ocean_westerly,0.848,False,False,0.2,maritime,1,ocean,False,False,False,False,False,False,False,False,0.0,dry,none/ocean,0,none/ocean,0,fisheries,fisheries,0.8,modest,False
H+12+56,12,56,20.65,792.4,ocean_westerly,0.841,False,False,0.2,maritime,1,ocean,False,False,False,False,False,False,False,False,0.0,dry,none/ocean,0,none/ocean,0,fisheries,fisheries,0.8,modest,False
H+13+56,13,56,20.57,827.0,ocean_westerly,0.835,False,False,0.2,maritime,1,ocean,False,False,False,False,False,False,False,False,0.0,dry,none/ocean,0,none/ocean,0,fisheries,fisheries,0.8,modest,False
H+14+56,14,56,20.5,849.4,ocean_westerly,0.828,False,False,0.2,maritime,1,ocean,False,False,False,False,False,False,False,False,0.0,dry,none/ocean,0,none/ocean,0,fisheries,fisheries,0.8,modest,False
H+15+56,15,56,20.42,870.2,ocean_westerly,0.822,False,False,0.2,maritime,1,ocean,False,False,False,False,False,False,False,False,0.0,dry,none/ocean,0,none/ocean,0,fisheries,fisheries,0.8,modest,False
H+16+56,16,56,19.68,802.4,open_westerly,0.709,False,False,0.387,moderate,0,none,False,False,False,False,False,False,False,False,2.5,spring_line,sandy coastal,6,temperate forest,4,,,1.5,good,False
H+17+56,17,56,19.61,803.3,open_westerly,0.703,False,False,0.379,moderate,0,none,False,False,False,False,False,False,False,False,2.5,shallow_well,sandy coastal,6,temperate forest,4,timber,timber,1.5,good,False
H+18+56,18,56,19.6,801.2,open_westerly,0.697,False,False,0.371,moderate,2,river,True,False,False,False,False,False,True,False,1.5,spring_line,loam,4,floodplain farmable,9,,clay,3.0,rich,False
H+19+56,19,56,19.55,789.9,open_westerly,0.692,False,False,0.363,moderate,0,none,False,False,False,False,False,False,False,False,2.5,shallow_well,sandy coastal,6,temperate forest,4,timber,timber,1.5,good,False
H+20+56,20,56,19.68,769.4,open_westerly,0.686,False,False,0.355,moderate,0,none,False,False,False,False,False,False,False,False,2.5,shallow_well,sandy coastal,6,temperate forest,4,timber,timber,1.5,good,False
H+21+56,21,56,19.73,751.6,open_westerly,0.68,False,False,0.347,weak,3,major_river,True,True,False,False,False,False,True,False,1.5,spring_line,loam,4,floodplain farmable,9,fisheries,fisheries,3.5,rich,False
H+22+56,22,56,19.7,732.6,open_westerly,0.675,False,False,0.338,weak,0,none,False,False,False,False,False,False,False,False,5.49,shallow_well,sandy coastal,6,temperate forest,4,,,1.5,good,False
H+23+56,23,56,19.73,713.6,open_westerly,0.669,False,False,0.33,weak,0,none,False,False,False,False,False,False,False,False,5.2,shallow_well,sandy coastal,6,temperate forest,4,,,1.5,good,False
H+24+56,24,56,19.6,702.2,open_westerly,0.663,False,False,0.322,weak,0,none,False,False,False,False,False,False,False,False,4.99,shallow_well,loam,4,floodplain farmable,9,,,3.0,rich,False
H+25+56,25,56,19.03,746.3,open_westerly,0.669,False,False,0.313,weak,0,none,False,False,False,False,False,False,False,False,4.9,shallow_well,loam,4,floodplain farmable,9,,,3.0,rich,False
H+26+56,26,56,18.09,849.2,open_westerly,0.689,False,False,0.305,weak,0,none,False,False,False,False,False,False,False,False,4.95,shallow_well,loam,4,floodplain farmable,9,,,3.0,rich,False
H+27+56,27,56,16.87,973.1,open_westerly,0.715,False,False,0.296,weak,0,none,False,False,False,False,False,False,False,False,5.12,shallow_well,loam,4,temperate forest,4,,,1.5,good,False
H+28+56,28,56,15.49,1118.1,open_westerly,0.739,False,False,0.294,weak,0,none,False,False,False,False,False,False,False,False,5.11,shallow_well,loam,4,temperate forest,4,,,1.5,good,False
H+29+56,29,56,16.05,482.7,calm_interior,0.674,False,True,0.502,moderate,8,salt_pan,False,False,False,False,True,False,False,False,8.63,dry,saline playa,10,salt flat sparse,11,salt_pans,salt_pans|evaporite_host,0.3,poor,True
H+30+56,30,56,16.04,474.0,calm_interior,0.668,False,True,0.511,moderate,8,salt_pan,False,False,False,False,True,False,False,False,8.61,dry,saline playa,10,salt flat sparse,11,salt_pans,salt_pans|evaporite_host,0.3,poor,True
H+31+56,31,56,16.02,448.8,calm_interior,0.651,False,True,0.52,moderate,8,salt_pan,False,False,False,False,True,False,False,False,8.75,dry,saline playa,10,salt flat sparse,11,salt_pans,salt_pans|evaporite_host,0.3,poor,True
H+32+56,32,56,16.01,416.5,calm_interior,0.633,False,True,0.528,moderate,8,salt_pan,False,False,False,False,True,False,False,False,8.98,dry,saline playa,10,salt flat sparse,11,salt_pans,salt_pans|evaporite_host,0.3,poor,True
H+33+56,33,56,16.04,373.6,calm_interior,0.615,False,True,0.535,moderate,8,salt_pan,False,False,False,False,True,False,False,False,9.14,dry,saline playa,10,salt flat sparse,11,salt_pans,salt_pans|evaporite_host,0.3,poor,True
H+34+56,34,56,16.08,351.2,calm_interior,0.599,False,True,0.541,moderate,8,salt_pan,False,False,False,False,True,False,False,False,9.11,dry,saline playa,10,salt flat sparse,11,salt_pans,salt_pans|evaporite_host,0.3,poor,True
H+35+56,35,56,16.13,338.1,calm_interior,0.584,False,True,0.547,moderate,8,salt_pan,False,False,False,False,True,False,False,False,9.14,dry,saline playa,10,salt flat sparse,11,salt_pans,salt_pans|evaporite_host,0.3,poor,True
H+36+56,36,56,16.18,326.9,calm_interior,0.568,False,True,0.553,moderate,8,salt_pan,False,False,False,False,True,False,False,False,9.49,dry,saline playa,10,salt flat sparse,11,salt_pans,salt_pans|evaporite_host,0.3,poor,True
H+37+56,37,56,16.2,316.1,calm_interior,0.553,False,True,0.558,moderate,8,salt_pan,False,False,False,False,True,False,False,False,10.1,dry,saline playa,10,salt flat sparse,11,salt_pans,salt_pans|evaporite_host,0.3,poor,True
H+38+56,38,56,16.2,306.5,calm_interior,0.539,False,True,0.563,moderate,8,salt_pan,False,False,False,False,True,False,False,False,10.7,dry,saline playa,10,salt flat sparse,11,salt_pans,salt_pans|evaporite_host,0.3,poor,True
H+39+56,39,56,16.78,297.1,open_westerly,0.527,False,True,0.568,moderate,8,salt_pan,False,False,False,False,True,False,False,False,11.02,dry,saline playa,10,salt flat sparse,11,salt_pans,salt_pans|evaporite_host,0.3,poor,True
H+40+56,40,56,7.67,420.9,leeward,0.51,True,False,0.573,moderate,0,none,False,False,False,False,False,False,False,False,15.38,dry,mountain thin,3,grassland/pasture,5,,stone,2.0,good,False
H+41+56,41,56,18.26,548.7,open_westerly,0.529,False,False,0.378,moderate,0,none,False,False,False,False,False,False,False,False,8.22,dry,rocky/lithosol,1,grassland/pasture,5,pasture,pasture,2.0,good,False
H+42+56,42,56,18.97,544.3,open_westerly,0.534,False,False,0.383,moderate,0,none,False,False,False,False,False,False,False,False,7.7,shallow_well,loam,4,grassland/pasture,5,pasture,pasture,2.0,good,False
H+43+56,43,56,19.23,530.2,open_westerly,0.528,False,False,0.388,moderate,0,none,False,False,False,False,False,False,False,False,7.79,shallow_well,sandy coastal,6,grassland/pasture,5,pasture,pasture|clay,2.0,good,False
H+44+56,44,56,19.21,542.9,open_westerly,0.523,False,False,0.393,moderate,0,none,False,False,False,False,False,False,False,False,8.08,dry,sandy coastal,6,grassland/pasture,5,pasture,pasture|clay,2.0,good,False
H+45+56,45,56,19.24,554.9,open_westerly,0.519,False,False,0.399,moderate,0,none,False,False,False,False,False,False,False,False,8.38,dry,sandy coastal,6,grassland/pasture,5,pasture,pasture|clay,2.0,good,False
H+46+56,46,56,19.31,549.6,open_westerly,0.516,False,False,0.404,moderate,0,none,False,False,False,False,False,False,False,False,8.59,dry,sandy coastal,6,grassland/pasture,5,pasture,pasture|clay,2.0,good,False
H+47+56,47,56,19.41,542.2,open_westerly,0.513,False,False,0.41,moderate,0,none,False,False,False,False,False,False,False,False,8.59,dry,sandy coastal,6,grassland/pasture,5,pasture,pasture|clay,2.0,good,False
H+48+56,48,56,19.51,554.3,open_westerly,0.511,False,False,0.416,moderate,0,none,False,False,False,False,False,False,False,False,8.4,dry,sandy coastal,6,grassland/pasture,5,pasture,pasture|clay,2.0,good,False
H+49+56,49,56,19.61,574.6,open_westerly,0.509,False,False,0.422,moderate,0,none,False,False,False,False,False,False,False,False,8.28,dry,sandy coastal,6,grassland/pasture,5,pasture,pasture|clay,2.0,good,False
H+50+56,50,56,19.69,573.7,open_westerly,0.506,False,False,0.428,moderate,0,none,False,False,False,False,False,False,True,False,8.41,dry,loam,4,floodplain farmable,9,,clay,3.0,rich,False
H+51+56,51,56,19.73,560.8,open_westerly,0.503,False,False,0.435,moderate,2,river,True,False,False,False,False,False,True,False,1.5,spring_line,loam,4,floodplain farmable,9,fisheries,fisheries|clay,3.0,rich,False
H+52+56,52,56,19.74,548.3,open_westerly,0.499,False,False,0.441,moderate,2,river,True,False,False,False,False,False,True,False,1.5,spring_line,loam,4,floodplain farmable,9,fisheries,fisheries|clay,3.0,rich,False
H+53+56,53,56,19.72,541.9,open_westerly,0.495,False,False,0.448,moderate,3,major_river,True,True,False,False,False,False,True,False,1.5,spring_line,loam,4,floodplain farmable,9,fisheries,fisheries|clay,3.5,rich,False
H+54+56,54,56,19.68,542.7,open_westerly,0.491,False,False,0.455,moderate,0,none,False,False,False,False,False,False,False,False,9.0,dry,sandy coastal,6,grassland/pasture,5,pasture,pasture|clay,2.0,good,False
H+55+56,55,56,19.67,536.7,open_westerly,0.486,False,False,0.462,moderate,2,river,True,False,False,False,False,False,True,False,1.5,spring_line,loam,4,floodplain farmable,9,,clay,3.0,rich,False
H+56+56,56,56,19.6,535.4,open_westerly,0.482,False,False,0.469,moderate,0,none,False,False,False,False,False,False,False,False,9.43,dry,sandy coastal,6,grassland/pasture,5,pasture,pasture|clay,2.0,good,False
H+57+56,57,56,19.62,535.5,open_westerly,0.476,False,False,0.477,moderate,2,river,True,False,False,False,False,False,True,False,1.5,spring_line,loam,4,floodplain farmable,9,,clay,3.0,rich,False
H+58+56,58,56,19.69,534.1,open_westerly,0.469,False,False,0.485,moderate,2,river,True,False,False,False,False,False,True,False,1.5,spring_line,loam,4,floodplain farmable,9,,clay,3.0,rich,False
H+59+56,59,56,19.68,539.5,open_westerly,0.464,False,False,0.493,moderate,2,river,True,False,False,False,False,False,True,False,1.5,spring_line,loam,4,floodplain farmable,9,,,3.0,rich,False
H+60+56,60,56,19.63,545.0,open_westerly,0.459,False,False,0.502,moderate,0,none,False,False,False,False,False,False,False,False,2.5,shallow_well,volcanic andisol,7,grassland/pasture,5,pasture,pasture,2.0,good,False
H+61+56,61,56,19.55,558.5,open_westerly,0.454,False,False,0.511,moderate,2,river,True,False,False,False,False,False,True,False,1.5,spring_line,loam,4,floodplain farmable,9,,,3.0,rich,False
H+62+56,62,56,19.5,576.3,open_westerly,0.448,False,False,0.521,moderate,0,none,False,False,False,False,False,False,False,False,2.5,shallow_well,volcanic andisol,7,grassland/pasture,5,pasture,pasture,2.0,good,False
H+63+56,63,56,19.45,588.7,open_westerly,0.442,False,False,0.532,moderate,0,none,False,False,False,False,False,False,False,False,2.5,shallow_well,volcanic andisol,7,grassland/pasture,5,pasture,pasture,2.0,good,False
H+64+56,64,56,19.41,595.2,open_westerly,0.436,False,False,0.543,moderate,0,none,False,False,False,False,False,False,False,False,2.5,shallow_well,volcanic andisol,7,grassland/pasture,5,pasture,pasture,2.0,good,False
H+65+56,65,56,19.37,592.9,open_westerly,0.429,False,False,0.555,moderate,0,none,False,False,False,False,False,False,False,False,2.5,spring_line,volcanic andisol,7,grassland/pasture,5,pasture,pasture,2.0,good,False
H+66+56,66,56,20.75,646.3,ocean_westerly,0.488,False,False,0.2,maritime,1,ocean,False,False,False,False,False,False,False,False,0.0,dry,none/ocean,0,none/ocean,0,fisheries,fisheries,0.8,modest,False
H+67+56,67,56,20.74,640.8,ocean_westerly,0.481,False,False,0.2,maritime,1,ocean,False,False,False,False,False,False,False,False,0.0,dry,none/ocean,0,none/ocean,0,fisheries,fisheries,0.8,modest,False
H+68+56,68,56,20.72,645.4,ocean_westerly,0.475,False,False,0.2,maritime,1,ocean,False,False,False,False,False,False,False,False,0.0,dry,none/ocean,0,none/ocean,0,fisheries,fisheries,0.8,modest,False
H+69+56,69,56,20.69,657.7,ocean_westerly,0.468,False,False,0.2,maritime,1,ocean,False,False,False,False,False,False,False,False,0.0,dry,none/ocean,0,none/ocean,0,fisheries,fisheries,0.8,modest,False
H+70+56,70,56,20.65,667.6,ocean_westerly,0.461,False,False,0.2,maritime,1,ocean,False,False,False,False,False,False,False,False,0.0,dry,none/ocean,0,none/ocean,0,fisheries,fisheries,0.8,modest,False
H+71+56,71,56,20.61,673.7,ocean_westerly,0.455,False,False,0.2,maritime,1,ocean,False,False,False,False,False,False,False,False,0.0,dry,none/ocean,0,none/ocean,0,fisheries,fisheries,0.8,modest,False
H+72+56,72,56,20.55,675.7,ocean_westerly,0.448,False,False,0.2,maritime,1,ocean,False,False,False,False,False,False,False,False,0.0,dry,none/ocean,0,none/ocean,0,fisheries,fisheries,0.8,modest,False
H+73+56,73,56,20.49,664.2,ocean_westerly,0.442,False,False,0.2,maritime,1,ocean,False,False,False,False,False,False,False,False,0.0,dry,none/ocean,0,none/ocean,0,fisheries,fisheries,0.8,modest,False
H+74+56,74,56,20.43,655.5,ocean_westerly,0.435,False,False,0.2,maritime,1,ocean,False,False,False,False,False,False,False,False,0.0,dry,none/ocean,0,none/ocean,0,fisheries,fisheries,0.8,modest,False
H+75+56,75,56,20.37,678.1,ocean_westerly,0.429,False,False,0.2,maritime,1,ocean,False,False,False,False,False,False,False,False,0.0,dry,none/ocean,0,none/ocean,0,fisheries,fisheries,0.8,modest,False
H+76+56,76,56,20.31,713.6,ocean_westerly,0.422,False,False,0.2,maritime,1,ocean,False,False,False,False,False,False,False,False,0.0,dry,none/ocean,0,none/ocean,0,fisheries,fisheries,0.8,modest,False
H+77+56,77,56,20.28,729.9,ocean_westerly,0.416,False,False,0.2,maritime,1,ocean,False,False,False,False,False,False,False,False,0.0,dry,none/ocean,0,none/ocean,0,fisheries,fisheries,0.8,modest,False
H+78+56,78,56,20.28,729.7,ocean_westerly,0.409,False,False,0.2,maritime,1,ocean,False,False,False,False,False,False,False,False,0.0,dry,none/ocean,0,none/ocean,0,fisheries,fisheries,0.8,modest,False
H+79+56,79,56,20.33,742.5,ocean_westerly,0.402,False,False,0.2,maritime,1,ocean,False,False,False,False,False,False,False,False,0.0,dry,none/ocean,0,none/ocean,0,fisheries,fisheries,0.8,modest,False
H+00+57,0,57,21.3,759.7,ocean_westerly,0.92,False,False,0.2,maritime,1,ocean,False,False,False,False,False,False,False,False,0.0,dry,none/ocean,0,none/ocean,0,fisheries,fisheries,0.8,modest,False
H+01+57,1,57,21.31,748.7,ocean_westerly,0.913,False,False,0.2,maritime,1,ocean,False,False,False,False,False,False,False,False,0.0,dry,none/ocean,0,none/ocean,0,fisheries,fisheries,0.8,modest,False
H+02+57,2,57,21.34,733.6,ocean_westerly,0.907,False,False,0.2,maritime,1,ocean,False,False,False,False,False,False,False,False,0.0,dry,none/ocean,0,none/ocean,0,fisheries,fisheries,0.8,modest,False
H+03+57,3,57,21.37,734.2,ocean_westerly,0.9,False,False,0.2,maritime,1,ocean,False,False,False,False,False,False,False,False,0.0,dry,none/ocean,0,none/ocean,0,fisheries,fisheries,0.8,modest,False
H+04+57,4,57,21.4,746.4,ocean_westerly,0.894,False,False,0.2,maritime,1,ocean,False,False,False,False,False,False,False,False,0.0,dry,none/ocean,0,none/ocean,0,fisheries,fisheries,0.8,modest,False
H+05+57,5,57,21.41,756.4,ocean_westerly,0.887,False,False,0.2,maritime,1,ocean,False,False,False,False,False,False,False,False,0.0,dry,none/ocean,0,none/ocean,0,fisheries,fisheries,0.8,modest,False
H+06+57,6,57,21.39,761.1,ocean_westerly,0.881,False,False,0.2,maritime,1,ocean,False,False,False,False,False,False,False,False,0.0,dry,none/ocean,0,none/ocean,0,fisheries,fisheries,0.8,modest,False
H+07+57,7,57,21.31,766.9,ocean_westerly,0.874,False,False,0.2,maritime,1,ocean,False,False,False,False,False,False,False,False,0.0,dry,none/ocean,0,none/ocean,0,fisheries,fisheries,0.8,modest,False
H+08+57,8,57,21.2,765.1,ocean_westerly,0.868,False,False,0.2,maritime,1,ocean,False,False,False,False,False,False,False,False,0.0,dry,none/ocean,0,none/ocean,0,fisheries,fisheries,0.8,modest,False
H+09+57,9,57,21.08,766.2,ocean_westerly,0.861,False,False,0.2,maritime,1,ocean,False,False,False,False,False,False,False,False,0.0,dry,none/ocean,0,none/ocean,0,fisheries,fisheries,0.8,modest,False
H+10+57,10,57,20.97,779.8,ocean_westerly,0.854,False,False,0.2,maritime,1,ocean,False,False,False,False,False,False,False,False,0.0,dry,none/ocean,0,none/ocean,0,fisheries,fisheries,0.8,modest,False
H+11+57,11,57,20.9,794.5,ocean_westerly,0.848,False,False,0.2,maritime,1,ocean,False,False,False,False,False,False,False,False,0.0,dry,none/ocean,0,none/ocean,0,fisheries,fisheries,0.8,modest,False
H+12+57,12,57,20.85,808.3,ocean_westerly,0.841,False,False,0.2,maritime,1,ocean,False,False,False,False,False,False,False,False,0.0,dry,none/ocean,0,none/ocean,0,fisheries,fisheries,0.8,modest,False
H+13+57,13,57,20.79,830.0,ocean_westerly,0.835,False,False,0.2,maritime,1,ocean,False,False,False,False,False,False,False,False,0.0,dry,none/ocean,0,none/ocean,0,fisheries,fisheries,0.8,modest,False
H+14+57,14,57,20.72,847.7,ocean_westerly,0.828,False,False,0.2,maritime,1,ocean,False,False,False,False,False,False,False,False,0.0,dry,none/ocean,0,none/ocean,0,fisheries,fisheries,0.8,modest,False
H+15+57,15,57,20.66,866.9,ocean_westerly,0.822,False,False,0.2,maritime,1,ocean,False,False,False,False,False,False,False,False,0.0,dry,none/ocean,0,none/ocean,0,fisheries,fisheries,0.8,modest,False
H+16+57,16,57,20.6,885.7,ocean_westerly,0.815,False,False,0.2,maritime,1,ocean,False,False,False,False,False,False,False,False,0.0,dry,none/ocean,0,none/ocean,0,fisheries,fisheries,0.8,modest,False
H+17+57,17,57,20.56,901.1,ocean_westerly,0.809,False,False,0.2,maritime,1,ocean,False,False,False,False,False,False,False,False,0.0,dry,none/ocean,0,none/ocean,0,fisheries,fisheries,0.8,modest,False
H+18+57,18,57,19.81,824.5,open_westerly,0.697,False,False,0.369,moderate,0,none,False,False,False,False,False,False,False,False,2.5,spring_line,sandy coastal,6,temperate forest,4,timber,timber,1.5,good,False
H+19+57,19,57,19.92,808.5,open_westerly,0.692,False,False,0.361,moderate,0,none,False,False,False,False,False,False,False,False,2.5,shallow_well,sandy coastal,6,temperate forest,4,timber,timber,1.5,good,False
H+20+57,20,57,19.99,779.3,open_westerly,0.686,False,False,0.353,moderate,3,major_river,True,True,False,False,False,False,True,False,1.5,spring_line,loam,4,floodplain farmable,9,fisheries,fisheries,3.5,rich,False
H+21+57,21,57,19.96,754.7,open_westerly,0.68,False,False,0.345,weak,0,none,False,False,False,False,False,False,False,False,2.5,shallow_well,sandy coastal,6,temperate forest,4,timber,timber|clay,1.5,good,False
H+22+57,22,57,20.01,730.9,open_westerly,0.675,False,False,0.336,weak,0,none,False,False,False,False,False,False,True,False,2.5,shallow_well,loam,4,floodplain farmable,9,,clay,3.0,rich,False
H+23+57,23,57,20.01,709.6,open_westerly,0.669,False,False,0.328,weak,0,none,False,False,False,False,False,False,False,False,2.5,shallow_well,sandy coastal,6,temperate forest,4,timber,timber|clay,1.5,good,False
H+24+57,24,57,19.92,694.0,open_westerly,0.663,False,False,0.32,weak,0,none,False,False,False,False,False,False,False,False,2.5,spring_line,loam,4,grassland/pasture,5,pasture,pasture,2.0,good,False
H+25+57,25,57,19.3,737.4,open_westerly,0.669,False,False,0.311,weak,0,none,False,False,False,False,False,False,False,False,5.12,shallow_well,loam,4,floodplain farmable,9,,,3.0,rich,False
H+26+57,26,57,18.37,842.5,open_westerly,0.689,False,False,0.303,weak,0,none,False,False,False,False,False,False,False,False,5.06,shallow_well,loam,4,floodplain farmable,9,,,3.0,rich,False
H+27+57,27,57,17.21,961.3,open_westerly,0.713,False,False,0.294,weak,0,none,False,False,False,False,False,False,False,False,5.13,shallow_well,loam,4,temperate forest,4,timber,timber,1.5,good,False
H+28+57,28,57,15.85,1098.5,open_westerly,0.737,False,False,0.292,weak,0,none,False,False,False,False,False,False,False,False,5.12,shallow_well,loam,4,temperate forest,4,,,1.5,good,False
H+29+57,29,57,16.36,475.2,calm_interior,0.675,False,True,0.501,moderate,8,salt_pan,False,False,False,False,True,False,False,False,8.6,dry,saline playa,10,salt flat sparse,11,salt_pans,salt_pans|evaporite_host,0.3,poor,True
H+30+57,30,57,16.35,468.0,calm_interior,0.668,False,True,0.509,moderate,8,salt_pan,False,False,False,False,True,False,False,False,8.59,dry,saline playa,10,salt flat sparse,11,salt_pans,salt_pans|evaporite_host,0.3,poor,True
H+31+57,31,57,16.35,443.8,calm_interior,0.651,False,True,0.518,moderate,8,salt_pan,False,False,False,False,True,False,False,False,8.72,dry,saline playa,10,salt flat sparse,11,salt_pans,salt_pans|evaporite_host,0.3,poor,True
H+32+57,32,57,16.35,412.3,calm_interior,0.633,False,True,0.525,moderate,8,salt_pan,False,False,False,False,True,False,False,False,8.95,dry,saline playa,10,salt flat sparse,11,salt_pans,salt_pans|evaporite_host,0.3,poor,True
H+33+57,33,57,16.38,372.6,calm_interior,0.615,False,True,0.532,moderate,8,salt_pan,False,False,False,False,True,False,False,False,9.11,dry,saline playa,10,salt flat sparse,11,salt_pans,salt_pans|evaporite_host,0.3,poor,True
H+34+57,34,57,16.42,350.9,calm_interior,0.599,False,True,0.539,moderate,8,salt_pan,False,False,False,False,True,False,False,False,9.11,dry,saline playa,10,salt flat sparse,11,salt_pans,salt_pans|evaporite_host,0.3,poor,True
H+35+57,35,57,16.47,336.8,calm_interior,0.583,False,True,0.544,moderate,8,salt_pan,False,False,False,False,True,False,False,False,9.16,dry,saline playa,10,salt flat sparse,11,salt_pans,salt_pans|evaporite_host,0.3,poor,True
H+36+57,36,57,16.5,325.0,calm_interior,0.568,False,True,0.55,moderate,8,salt_pan,False,False,False,False,True,False,False,False,9.5,dry,saline playa,10,salt flat sparse,11,salt_pans,salt_pans|evaporite_host,0.3,poor,True
H+37+57,37,57,16.52,312.2,calm_interior,0.552,False,True,0.554,moderate,8,salt_pan,False,False,False,False,True,False,False,False,10.1,dry,saline playa,10,salt flat sparse,11,salt_pans,salt_pans|evaporite_host,0.3,poor,True
H+38+57,38,57,16.51,299.0,calm_interior,0.538,False,True,0.559,moderate,8,salt_pan,False,False,False,False,True,False,False,False,10.7,dry,saline playa,10,salt flat sparse,11,salt_pans,salt_pans|evaporite_host,0.3,poor,True
H+39+57,39,57,8.05,483.5,leeward,0.526,True,False,0.564,moderate,0,none,False,False,False,False,False,False,False,False,14.97,dry,mountain thin,3,grassland/pasture,5,,stone|limestone_karst,2.0,good,False
H+40+57,40,57,17.62,482.3,open_westerly,0.503,False,False,0.368,moderate,0,none,False,False,False,False,False,False,False,False,9.48,dry,rocky/lithosol,1,grassland/pasture,5,pasture,pasture|stone,2.0,good,False
H+41+57,41,57,18.6,551.5,open_westerly,0.538,False,False,0.372,moderate,0,none,False,False,False,False,False,False,False,False,8.37,dry,loam,4,grassland/pasture,5,pasture,pasture,2.0,good,False
H+42+57,42,57,19.32,532.2,open_westerly,0.534,False,False,0.377,moderate,0,none,False,False,False,False,False,False,False,False,8.01,dry,loam,4,grassland/pasture,5,pasture,pasture,2.0,good,False
H+43+57,43,57,19.59,519.9,open_westerly,0.528,False,False,0.381,moderate,0,none,False,False,False,False,False,False,False,False,8.03,dry,sandy coastal,6,grassland/pasture,5,pasture,pasture|clay,2.0,good,False
H+44+57,44,57,19.57,528.1,open_westerly,0.523,False,False,0.386,moderate,0,none,False,False,False,False,False,False,False,False,8.24,dry,sandy coastal,6,grassland/pasture,5,pasture,pasture|clay,2.0,good,False
H+45+57,45,57,19.59,536.3,open_westerly,0.519,False,False,0.392,moderate,0,none,False,False,False,False,False,False,False,False,8.47,dry,sandy coastal,6,grassland/pasture,5,pasture,pasture|clay,2.0,good,False
H+46+57,46,57,19.65,534.3,open_westerly,0.515,False,False,0.397,moderate,0,none,False,False,False,False,False,False,False,False,8.64,dry,sandy coastal,6,grassland/pasture,5,pasture,pasture|clay,2.0,good,False
H+47+57,47,57,19.72,534.1,open_westerly,0.512,False,False,0.403,moderate,0,none,False,False,False,False,False,False,False,False,8.62,dry,sandy coastal,6,grassland/pasture,5,pasture,pasture,2.0,good,False
H+48+57,48,57,19.8,553.0,open_westerly,0.51,False,False,0.409,moderate,0,none,False,False,False,False,False,False,False,False,8.42,dry,sandy coastal,6,grassland/pasture,5,pasture,pasture|clay,2.0,good,False
H+49+57,49,57,19.88,578.0,open_westerly,0.508,False,False,0.415,moderate,0,none,False,False,False,False,False,False,True,False,8.29,dry,loam,4,floodplain farmable,9,,clay,3.0,rich,False
H+50+57,50,57,19.94,575.6,open_westerly,0.506,False,False,0.421,moderate,2,river,True,False,False,False,False,False,True,False,1.5,spring_line,loam,4,floodplain farmable,9,,clay,3.0,rich,False
H+51+57,51,57,19.98,554.0,open_westerly,0.502,False,False,0.427,moderate,2,river,True,False,False,False,False,False,True,False,1.5,spring_line,loam,4,floodplain farmable,9,,clay,3.0,rich,False
H+52+57,52,57,20.0,532.5,open_westerly,0.499,False,False,0.434,moderate,2,river,True,False,False,False,False,False,True,False,1.5,spring_line,loam,4,floodplain farmable,9,,clay,3.0,rich,False
H+53+57,53,57,20.01,518.3,open_westerly,0.495,False,False,0.44,moderate,3,major_river,True,True,False,False,False,False,True,False,1.5,spring_line,loam,4,floodplain farmable,9,fisheries,fisheries|clay,3.5,rich,False
H+54+57,54,57,20.0,513.4,open_westerly,0.49,False,False,0.447,moderate,3,major_river,True,True,False,False,False,False,True,False,1.5,spring_line,loam,4,floodplain farmable,9,fisheries,fisheries|clay,3.5,rich,False
H+55+57,55,57,19.97,513.5,open_westerly,0.486,False,False,0.454,moderate,0,none,False,False,False,False,False,False,False,False,2.5,shallow_well,sandy coastal,6,grassland/pasture,5,pasture,pasture|clay,2.0,good,False
H+56+57,56,57,19.9,518.8,open_westerly,0.482,False,False,0.462,moderate,0,none,False,False,False,False,False,False,False,False,2.5,shallow_well,sandy coastal,6,grassland/pasture,5,pasture,pasture,2.0,good,False
H+57+57,57,57,19.88,526.5,open_westerly,0.476,False,False,0.47,moderate,0,none,False,False,False,False,False,False,False,False,2.5,shallow_well,sandy coastal,6,grassland/pasture,5,pasture,pasture,2.0,good,False
H+58+57,58,57,19.92,529.8,open_westerly,0.469,False,False,0.478,moderate,3,major_river,True,True,False,False,False,False,True,False,1.5,spring_line,loam,4,floodplain farmable,9,fisheries,fisheries,3.5,rich,False
H+59+57,59,57,19.85,540.3,open_westerly,0.464,False,False,0.486,moderate,0,none,False,False,False,False,False,False,False,False,2.5,shallow_well,sandy coastal,6,grassland/pasture,5,pasture,pasture,2.0,good,False
H+60+57,60,57,19.81,551.8,open_westerly,0.459,False,False,0.495,moderate,0,none,False,False,False,False,False,False,False,False,2.5,shallow_well,sandy coastal,6,grassland/pasture,5,pasture,pasture,2.0,good,False
H+61+57,61,57,19.83,565.1,open_westerly,0.453,False,False,0.504,moderate,2,river,True,False,False,False,False,False,True,False,1.5,spring_line,loam,4,floodplain farmable,9,,,3.0,rich,False
H+62+57,62,57,19.88,583.4,open_westerly,0.447,False,False,0.514,moderate,0,none,False,False,False,False,False,False,False,False,2.5,shallow_well,sandy coastal,6,grassland/pasture,5,pasture,pasture,2.0,good,False
H+63+57,63,57,19.94,598.2,open_westerly,0.441,False,False,0.525,moderate,0,none,False,False,False,False,False,False,False,False,2.5,spring_line,sandy coastal,6,grassland/pasture,5,pasture,pasture,2.0,good,False
H+64+57,64,57,20.92,666.9,ocean_westerly,0.501,False,False,0.2,maritime,1,ocean,False,False,False,False,False,False,False,False,0.0,dry,none/ocean,0,none/ocean,0,fisheries,fisheries,0.8,modest,False
H+65+57,65,57,20.95,670.9,ocean_westerly,0.494,False,False,0.2,maritime,1,ocean,False,False,False,False,False,False,False,False,0.0,dry,none/ocean,0,none/ocean,0,fisheries,fisheries,0.8,modest,False
H+66+57,66,57,20.96,666.1,ocean_westerly,0.488,False,False,0.2,maritime,1,ocean,False,False,False,False,False,False,False,False,0.0,dry,none/ocean,0,none/ocean,0,fisheries,fisheries,0.8,modest,False
H+67+57,67,57,20.95,661.7,ocean_westerly,0.481,False,False,0.2,maritime,1,ocean,False,False,False,False,False,False,False,False,0.0,dry,none/ocean,0,none/ocean,0,fisheries,fisheries,0.8,modest,False
H+68+57,68,57,20.93,666.2,ocean_westerly,0.475,False,False,0.2,maritime,1,ocean,False,False,False,False,False,False,False,False,0.0,dry,none/ocean,0,none/ocean,0,fisheries,fisheries,0.8,modest,False
H+69+57,69,57,20.89,677.2,ocean_westerly,0.468,False,False,0.2,maritime,1,ocean,False,False,False,False,False,False,False,False,0.0,dry,none/ocean,0,none/ocean,0,fisheries,fisheries,0.8,modest,False
H+70+57,70,57,20.85,684.5,ocean_westerly,0.461,False,False,0.2,maritime,1,ocean,False,False,False,False,False,False,False,False,0.0,dry,none/ocean,0,none/ocean,0,fisheries,fisheries,0.8,modest,False
H+71+57,71,57,20.81,685.4,ocean_westerly,0.455,False,False,0.2,maritime,1,ocean,False,False,False,False,False,False,False,False,0.0,dry,none/ocean,0,none/ocean,0,fisheries,fisheries,0.8,modest,False
H+72+57,72,57,20.76,684.2,ocean_westerly,0.448,False,False,0.2,maritime,1,ocean,False,False,False,False,False,False,False,False,0.0,dry,none/ocean,0,none/ocean,0,fisheries,fisheries,0.8,modest,False
H+73+57,73,57,20.71,675.4,ocean_westerly,0.442,False,False,0.2,maritime,1,ocean,False,False,False,False,False,False,False,False,0.0,dry,none/ocean,0,none/ocean,0,fisheries,fisheries,0.8,modest,False
H+74+57,74,57,20.67,667.0,ocean_westerly,0.435,False,False,0.2,maritime,1,ocean,False,False,False,False,False,False,False,False,0.0,dry,none/ocean,0,none/ocean,0,fisheries,fisheries,0.8,modest,False
H+75+57,75,57,20.62,678.5,ocean_westerly,0.429,False,False,0.2,maritime,1,ocean,False,False,False,False,False,False,False,False,0.0,dry,none/ocean,0,none/ocean,0,fisheries,fisheries,0.8,modest,False
H+76+57,76,57,20.59,699.6,ocean_westerly,0.422,False,False,0.2,maritime,1,ocean,False,False,False,False,False,False,False,False,0.0,dry,none/ocean,0,none/ocean,0,fisheries,fisheries,0.8,modest,False
H+77+57,77,57,20.57,713.3,ocean_westerly,0.416,False,False,0.2,maritime,1,ocean,False,False,False,False,False,False,False,False,0.0,dry,none/ocean,0,none/ocean,0,fisheries,fisheries,0.8,modest,False
H+78+57,78,57,20.57,723.9,ocean_westerly,0.409,False,False,0.2,maritime,1,ocean,False,False,False,False,False,False,False,False,0.0,dry,none/ocean,0,none/ocean,0,fisheries,fisheries,0.8,modest,False
H+79+57,79,57,20.61,743.8,ocean_westerly,0.402,False,False,0.2,maritime,1,ocean,False,False,False,False,False,False,False,False,0.0,dry,none/ocean,0,none/ocean,0,fisheries,fisheries,0.8,modest,False
H+00+58,0,58,21.53,778.5,ocean_westerly,0.92,False,False,0.2,maritime,1,ocean,False,False,False,False,False,False,False,False,0.0,dry,none/ocean,0,none/ocean,0,fisheries,fisheries,0.8,modest,False
H+01+58,1,58,21.53,761.9,ocean_westerly,0.913,False,False,0.2,maritime,1,ocean,False,False,False,False,False,False,False,False,0.0,dry,none/ocean,0,none/ocean,0,fisheries,fisheries,0.8,modest,False
H+02+58,2,58,21.55,738.5,ocean_westerly,0.907,False,False,0.2,maritime,1,ocean,False,False,False,False,False,False,False,False,0.0,dry,none/ocean,0,none/ocean,0,fisheries,fisheries,0.8,modest,False
H+03+58,3,58,21.57,736.6,ocean_westerly,0.9,False,False,0.2,maritime,1,ocean,False,False,False,False,False,False,False,False,0.0,dry,none/ocean,0,none/ocean,0,fisheries,fisheries,0.8,modest,False
H+04+58,4,58,21.58,747.1,ocean_westerly,0.894,False,False,0.2,maritime,1,ocean,False,False,False,False,False,False,False,False,0.0,dry,none/ocean,0,none/ocean,0,fisheries,fisheries,0.8,modest,False
H+05+58,5,58,21.58,761.6,ocean_westerly,0.887,False,False,0.2,maritime,1,ocean,False,False,False,False,False,False,False,False,0.0,dry,none/ocean,0,none/ocean,0,fisheries,fisheries,0.8,modest,False
H+06+58,6,58,21.56,789.9,ocean_westerly,0.881,False,False,0.2,maritime,1,ocean,False,False,False,False,False,False,False,False,0.0,dry,none/ocean,0,none/ocean,0,fisheries,fisheries,0.8,modest,False
H+07+58,7,58,21.48,810.4,ocean_westerly,0.874,False,False,0.2,maritime,1,ocean,False,False,False,False,False,False,False,False,0.0,dry,none/ocean,0,none/ocean,0,fisheries,fisheries,0.8,modest,False
H+08+58,8,58,21.37,811.5,ocean_westerly,0.868,False,False,0.2,maritime,1,ocean,False,False,False,False,False,False,False,False,0.0,dry,none/ocean,0,none/ocean,0,fisheries,fisheries,0.8,modest,False
H+09+58,9,58,21.25,812.6,ocean_westerly,0.861,False,False,0.2,maritime,1,ocean,False,False,False,False,False,False,False,False,0.0,dry,none/ocean,0,none/ocean,0,fisheries,fisheries,0.8,modest,False
H+10+58,10,58,21.14,825.1,ocean_westerly,0.854,False,False,0.2,maritime,1,ocean,False,False,False,False,False,False,False,False,0.0,dry,none/ocean,0,none/ocean,0,fisheries,fisheries,0.8,modest,False
H+11+58,11,58,21.07,834.8,ocean_westerly,0.848,False,False,0.2,maritime,1,ocean,False,False,False,False,False,False,False,False,0.0,dry,none/ocean,0,none/ocean,0,fisheries,fisheries,0.8,modest,False
H+12+58,12,58,21.03,835.5,ocean_westerly,0.841,False,False,0.2,maritime,1,ocean,False,False,False,False,False,False,False,False,0.0,dry,none/ocean,0,none/ocean,0,fisheries,fisheries,0.8,modest,False
H+13+58,13,58,20.98,841.2,ocean_westerly,0.835,False,False,0.2,maritime,1,ocean,False,False,False,False,False,False,False,False,0.0,dry,none/ocean,0,none/ocean,0,fisheries,fisheries,0.8,modest,False
H+14+58,14,58,20.94,850.8,ocean_westerly,0.828,False,False,0.2,maritime,1,ocean,False,False,False,False,False,False,False,False,0.0,dry,none/ocean,0,none/ocean,0,fisheries,fisheries,0.8,modest,False
H+15+58,15,58,20.89,856.3,ocean_westerly,0.822,False,False,0.2,maritime,1,ocean,False,False,False,False,False,False,False,False,0.0,dry,none/ocean,0,none/ocean,0,fisheries,fisheries,0.8,modest,False
H+16+58,16,58,20.85,874.5,ocean_westerly,0.815,False,False,0.2,maritime,1,ocean,False,False,False,False,False,False,False,False,0.0,dry,none/ocean,0,none/ocean,0,fisheries,fisheries,0.8,modest,False
H+17+58,17,58,20.82,909.1,ocean_westerly,0.809,False,False,0.2,maritime,1,ocean,False,False,False,False,False,False,False,False,0.0,dry,none/ocean,0,none/ocean,0,fisheries,fisheries,0.8,modest,False
H+18+58,18,58,20.83,928.0,ocean_westerly,0.802,False,False,0.2,maritime,1,ocean,False,False,False,False,False,False,False,False,0.0,dry,none/ocean,0,none/ocean,0,fisheries,fisheries,0.8,modest,False
H+19+58,19,58,20.86,903.7,ocean_westerly,0.796,False,False,0.2,maritime,1,ocean,False,False,False,False,False,False,False,False,0.0,dry,none/ocean,0,none/ocean,0,fisheries,fisheries,0.8,modest,False
H+20+58,20,58,20.21,782.4,open_westerly,0.686,False,False,0.35,moderate,0,none,False,False,False,False,False,False,False,False,2.5,spring_line,sandy coastal,6,temperate forest,4,timber,timber,1.5,good,False
H+21+58,21,58,20.31,752.4,open_westerly,0.68,False,False,0.342,weak,2,river,True,False,False,False,False,False,True,False,1.5,spring_line,loam,4,floodplain farmable,9,,clay,3.0,rich,False
H+22+58,22,58,20.29,725.2,open_westerly,0.675,False,False,0.334,weak,0,none,False,False,False,False,False,False,False,False,2.5,shallow_well,sandy coastal,6,temperate forest,4,timber,timber|clay,1.5,good,False
H+23+58,23,58,20.29,701.4,open_westerly,0.669,False,False,0.326,weak,0,none,False,False,False,False,False,False,True,False,2.5,shallow_well,loam,4,floodplain farmable,9,,clay,3.0,rich,False
H+24+58,24,58,20.28,679.4,open_westerly,0.663,False,False,0.317,weak,0,none,False,False,False,False,False,False,False,False,2.5,spring_line,loam,4,grassland/pasture,5,pasture,pasture,2.0,good,False
H+25+58,25,58,19.63,713.2,open_westerly,0.668,False,False,0.309,weak,0,none,False,False,False,False,False,False,False,False,5.6,shallow_well,loam,4,floodplain farmable,9,,limestone_karst,3.0,rich,False
H+26+58,26,58,18.71,834.4,open_westerly,0.688,False,False,0.3,weak,0,none,False,False,False,False,False,False,False,False,5.26,shallow_well,loam,4,floodplain farmable,9,,,3.0,rich,False
H+27+58,27,58,17.59,966.8,open_westerly,0.711,False,False,0.292,weak,0,none,False,False,False,False,False,False,False,False,5.01,shallow_well,loam,4,temperate forest,4,timber,timber|stone,1.5,good,False
H+28+58,28,58,16.23,1082.7,open_westerly,0.735,False,False,0.289,weak,0,none,False,False,False,False,False,False,False,False,5.04,shallow_well,loam,4,temperate forest,4,timber,timber|stone,1.5,good,False
H+29+58,29,58,16.67,460.3,calm_interior,0.675,False,True,0.498,moderate,8,salt_pan,False,False,False,False,True,False,False,False,8.57,dry,saline playa,10,salt flat sparse,11,salt_pans,salt_pans|evaporite_host,0.3,poor,True
H+30+58,30,58,16.67,452.8,calm_interior,0.668,False,True,0.507,moderate,8,salt_pan,False,False,False,False,True,False,False,False,8.59,dry,saline playa,10,salt flat sparse,11,salt_pans,salt_pans|evaporite_host,0.3,poor,True
H+31+58,31,58,16.68,428.9,calm_interior,0.651,False,True,0.515,moderate,8,salt_pan,False,False,False,False,True,False,False,False,8.74,dry,saline playa,10,salt flat sparse,11,salt_pans,salt_pans|evaporite_host,0.3,poor,True
H+32+58,32,58,16.7,399.9,calm_interior,0.633,False,True,0.523,moderate,8,salt_pan,False,False,False,False,True,False,False,False,8.95,dry,saline playa,10,salt flat sparse,11,salt_pans,salt_pans|evaporite_host,0.3,poor,True
H+33+58,33,58,16.73,369.4,calm_interior,0.615,False,True,0.53,moderate,8,salt_pan,False,False,False,False,True,False,False,False,9.1,dry,saline playa,10,salt flat sparse,11,salt_pans,salt_pans|evaporite_host,0.3,poor,True
H+34+58,34,58,16.77,350.7,calm_interior,0.599,False,True,0.536,moderate,8,salt_pan,False,False,False,False,True,False,False,False,9.14,dry,saline playa,10,salt flat sparse,11,salt_pans,salt_pans|evaporite_host,0.3,poor,True
H+35+58,35,58,16.8,334.8,calm_interior,0.583,False,True,0.541,moderate,8,salt_pan,False,False,False,False,True,False,False,False,9.23,dry,saline playa,10,salt flat sparse,11,salt_pans,salt_pans|evaporite_host,0.3,poor,True
H+36+58,36,58,16.82,321.7,calm_interior,0.567,False,True,0.546,moderate,8,salt_pan,False,False,False,False,True,False,False,False,9.55,dry,saline playa,10,salt flat sparse,11,salt_pans,salt_pans|evaporite_host,0.3,poor,True
H+37+58,37,58,16.83,306.7,calm_interior,0.552,False,True,0.55,moderate,8,salt_pan,False,False,False,False,True,False,False,False,10.12,dry,saline playa,10,salt flat sparse,11,salt_pans,salt_pans|evaporite_host,0.3,poor,True
H+38+58,38,58,16.82,290.5,calm_interior,0.537,False,True,0.555,moderate,8,salt_pan,False,False,False,False,True,False,False,False,10.7,dry,saline playa,10,salt flat sparse,11,salt_pans,salt_pans|evaporite_host,0.3,poor,True
H+39+58,39,58,8.36,466.4,leeward,0.523,True,False,0.559,moderate,0,none,False,False,False,False,False,False,False,False,15.05,dry,mountain thin,3,grassland/pasture,5,,,2.0,good,False
H+40+58,40,58,17.95,470.9,open_westerly,0.502,False,False,0.363,moderate,0,none,False,False,False,False,False,False,False,False,9.72,dry,rocky/lithosol,1,grassland/pasture,5,pasture,pasture|stone,2.0,good,False
H+41+58,41,58,18.95,543.0,open_westerly,0.537,False,False,0.367,moderate,0,none,False,False,False,False,False,False,False,False,8.82,dry,loam,4,grassland/pasture,5,pasture,pasture,2.0,good,False
H+42+58,42,58,19.69,530.3,open_westerly,0.533,False,False,0.371,moderate,0,none,False,False,False,False,False,False,False,False,8.53,dry,loam,4,grassland/pasture,5,pasture,pasture|limestone_karst,2.0,good,False
H+43+58,43,58,19.96,520.5,open_westerly,0.528,False,False,0.376,moderate,0,none,False,False,False,False,False,False,False,False,8.42,dry,sandy coastal,6,grassland/pasture,5,pasture,pasture|clay,2.0,good,False
H+44+58,44,58,19.96,517.4,open_westerly,0.523,False,False,0.38,moderate,0,none,False,False,False,False,False,False,False,False,8.48,dry,sandy coastal,6,grassland/pasture,5,pasture,pasture|clay,2.0,good,False
H+45+58,45,58,19.97,516.2,open_westerly,0.519,False,False,0.386,moderate,0,none,False,False,False,False,False,False,False,False,8.57,dry,sandy coastal,6,grassland/pasture,5,pasture,pasture|clay,2.0,good,False
H+46+58,46,58,20.0,519.3,open_westerly,0.515,False,False,0.391,moderate,0,none,False,False,False,False,False,False,False,False,8.66,dry,sandy coastal,6,grassland/pasture,5,pasture,pasture,2.0,good,False
H+47+58,47,58,20.04,528.1,open_westerly,0.512,False,False,0.397,moderate,0,none,False,False,False,False,False,False,False,False,8.63,dry,sandy coastal,6,grassland/pasture,5,pasture,pasture,2.0,good,False
H+48+58,48,58,20.08,550.9,open_westerly,0.51,False,False,0.402,moderate,0,none,False,False,False,False,False,False,False,False,8.48,dry,sandy coastal,6,grassland/pasture,5,pasture,pasture,2.0,good,False
H+49+58,49,58,20.14,577.7,open_westerly,0.508,False,False,0.408,moderate,0,none,False,False,False,False,False,False,True,False,8.37,dry,loam,4,floodplain farmable,9,,clay,3.0,rich,False
H+50+58,50,58,20.19,572.6,open_westerly,0.505,False,False,0.414,moderate,0,none,False,False,False,False,False,False,True,False,8.57,dry,loam,4,floodplain farmable,9,,clay,3.0,rich,False
H+51+58,51,58,20.24,539.8,open_westerly,0.502,False,False,0.421,moderate,2,river,True,False,False,False,False,False,True,False,1.5,spring_line,loam,4,floodplain farmable,9,,clay,3.0,rich,False
H+52+58,52,58,20.27,509.5,open_westerly,0.498,False,False,0.427,moderate,2,river,True,False,False,False,False,False,True,False,1.5,spring_line,loam,4,floodplain farmable,9,,clay,3.0,rich,False
H+53+58,53,58,20.3,487.9,open_westerly,0.494,False,False,0.434,moderate,2,river,True,False,False,False,False,False,True,False,1.5,spring_line,loam,4,floodplain farmable,9,,,3.0,rich,False
H+54+58,54,58,20.3,479.1,open_westerly,0.49,False,False,0.441,moderate,3,major_river,True,True,False,False,False,False,True,False,1.5,spring_line,loam,4,floodplain farmable,9,fisheries,fisheries,3.5,rich,False
H+55+58,55,58,20.28,486.4,open_westerly,0.485,False,False,0.448,moderate,0,none,False,False,False,False,False,False,False,False,2.5,shallow_well,sandy coastal,6,grassland/pasture,5,pasture,pasture,2.0,good,False
H+56+58,56,58,20.19,503.0,open_westerly,0.481,False,False,0.455,moderate,0,none,False,False,False,False,False,False,False,False,2.5,shallow_well,sandy coastal,6,grassland/pasture,5,pasture,pasture,2.0,good,False
H+57+58,57,58,20.14,515.2,open_westerly,0.476,False,False,0.463,moderate,0,none,False,False,False,False,False,False,False,False,2.5,spring_line,sandy coastal,6,grassland/pasture,5,pasture,pasture,2.0,good,False
H+58+58,58,58,21.17,571.9,ocean_westerly,0.54,False,False,0.2,maritime,1,ocean,False,False,False,False,False,False,False,False,0.0,dry,none/ocean,0,none/ocean,0,fisheries,fisheries,0.8,modest,False
H+59+58,59,58,21.1,587.1,ocean_westerly,0.534,False,False,0.2,maritime,1,ocean,False,False,False,False,False,False,False,False,0.0,dry,none/ocean,0,none/ocean,0,fisheries,fisheries,0.8,modest,False
H+60+58,60,58,21.05,616.2,ocean_westerly,0.527,False,False,0.2,maritime,1,ocean,False,False,False,False,False,False,False,False,0.0,dry,none/ocean,0,none/ocean,0,fisheries,fisheries,0.8,modest,False
H+61+58,61,58,21.03,641.5,ocean_westerly,0.52,False,False,0.2,maritime,1,ocean,False,False,False,False,False,False,False,False,0.0,dry,none/ocean,0,none/ocean,0,fisheries,fisheries,0.8,modest,False
H+62+58,62,58,21.05,668.8,ocean_westerly,0.514,False,False,0.2,maritime,1,ocean,False,False,False,False,False,False,False,False,0.0,dry,none/ocean,0,none/ocean,0,fisheries,fisheries,0.8,modest,False
H+63+58,63,58,21.08,688.5,ocean_westerly,0.507,False,False,0.2,maritime,1,ocean,False,False,False,False,False,False,False,False,0.0,dry,none/ocean,0,none/ocean,0,fisheries,fisheries,0.8,modest,False
H+64+58,64,58,21.13,690.0,ocean_westerly,0.501,False,False,0.2,maritime,1,ocean,False,False,False,False,False,False,False,False,0.0,dry,none/ocean,0,none/ocean,0,fisheries,fisheries,0.8,modest,False
H+65+58,65,58,21.17,685.6,ocean_westerly,0.494,False,False,0.2,maritime,1,ocean,False,False,False,False,False,False,False,False,0.0,dry,none/ocean,0,none/ocean,0,fisheries,fisheries,0.8,modest,False
H+66+58,66,58,21.18,682.2,ocean_westerly,0.488,False,False,0.2,maritime,1,ocean,False,False,False,False,False,False,False,False,0.0,dry,none/ocean,0,none/ocean,0,fisheries,fisheries,0.8,modest,False
H+67+58,67,58,21.17,677.1,ocean_westerly,0.481,False,False,0.2,maritime,1,ocean,False,False,False,False,False,False,False,False,0.0,dry,none/ocean,0,none/ocean,0,fisheries,fisheries,0.8,modest,False
H+68+58,68,58,21.14,680.9,ocean_westerly,0.475,False,False,0.2,maritime,1,ocean,False,False,False,False,False,False,False,False,0.0,dry,none/ocean,0,none/ocean,0,fisheries,fisheries,0.8,modest,False
H+69+58,69,58,21.1,689.9,ocean_westerly,0.468,False,False,0.2,maritime,1,ocean,False,False,False,False,False,False,False,False,0.0,dry,none/ocean,0,none/ocean,0,fisheries,fisheries,0.8,modest,False
H+70+58,70,58,21.06,694.6,ocean_westerly,0.461,False,False,0.2,maritime,1,ocean,False,False,False,False,False,False,False,False,0.0,dry,none/ocean,0,none/ocean,0,fisheries,fisheries,0.8,modest,False
H+71+58,71,58,21.01,688.0,ocean_westerly,0.455,False,False,0.2,maritime,1,ocean,False,False,False,False,False,False,False,False,0.0,dry,none/ocean,0,none/ocean,0,fisheries,fisheries,0.8,modest,False
H+72+58,72,58,20.97,681.8,ocean_westerly,0.448,False,False,0.2,maritime,1,ocean,False,False,False,False,False,False,False,False,0.0,dry,none/ocean,0,none/ocean,0,fisheries,fisheries,0.8,modest,False
H+73+58,73,58,20.94,685.1,ocean_westerly,0.442,False,False,0.2,maritime,1,ocean,False,False,False,False,False,False,False,False,0.0,dry,none/ocean,0,none/ocean,0,fisheries,fisheries,0.8,modest,False
H+74+58,74,58,20.92,690.1,ocean_westerly,0.435,False,False,0.2,maritime,1,ocean,False,False,False,False,False,False,False,False,0.0,dry,none/ocean,0,none/ocean,0,fisheries,fisheries,0.8,modest,False
H+75+58,75,58,20.9,687.9,ocean_westerly,0.429,False,False,0.2,maritime,1,ocean,False,False,False,False,False,False,False,False,0.0,dry,none/ocean,0,none/ocean,0,fisheries,fisheries,0.8,modest,False
H+76+58,76,58,20.88,684.0,ocean_westerly,0.422,False,False,0.2,maritime,1,ocean,False,False,False,False,False,False,False,False,0.0,dry,none/ocean,0,none/ocean,0,fisheries,fisheries,0.8,modest,False
H+77+58,77,58,20.87,695.0,ocean_westerly,0.416,False,False,0.2,maritime,1,ocean,False,False,False,False,False,False,False,False,0.0,dry,none/ocean,0,none/ocean,0,fisheries,fisheries,0.8,modest,False
H+78+58,78,58,20.87,728.5,ocean_westerly,0.409,False,False,0.2,maritime,1,ocean,False,False,False,False,False,False,False,False,0.0,dry,none/ocean,0,none/ocean,0,fisheries,fisheries,0.8,modest,False
H+79+58,79,58,20.9,758.3,ocean_westerly,0.402,False,False,0.2,maritime,1,ocean,False,False,False,False,False,False,False,False,0.0,dry,none/ocean,0,none/ocean,0,fisheries,fisheries,0.8,modest,False
H+00+59,0,59,21.75,795.6,ocean_westerly,0.92,False,False,0.2,maritime,1,ocean,False,False,False,False,False,False,False,False,0.0,dry,none/ocean,0,none/ocean,0,fisheries,fisheries,0.8,modest,False
H+01+59,1,59,21.75,780.6,ocean_westerly,0.913,False,False,0.2,maritime,1,ocean,False,False,False,False,False,False,False,False,0.0,dry,none/ocean,0,none/ocean,0,fisheries,fisheries,0.8,modest,False
H+02+59,2,59,21.75,759.6,ocean_westerly,0.907,False,False,0.2,maritime,1,ocean,False,False,False,False,False,False,False,False,0.0,dry,none/ocean,0,none/ocean,0,fisheries,fisheries,0.8,modest,False
H+03+59,3,59,21.75,757.4,ocean_westerly,0.9,False,False,0.2,maritime,1,ocean,False,False,False,False,False,False,False,False,0.0,dry,none/ocean,0,none/ocean,0,fisheries,fisheries,0.8,modest,False
H+04+59,4,59,21.75,765.7,ocean_westerly,0.894,False,False,0.2,maritime,1,ocean,False,False,False,False,False,False,False,False,0.0,dry,none/ocean,0,none/ocean,0,fisheries,fisheries,0.8,modest,False
H+05+59,5,59,21.75,780.9,ocean_westerly,0.887,False,False,0.2,maritime,1,ocean,False,False,False,False,False,False,False,False,0.0,dry,none/ocean,0,none/ocean,0,fisheries,fisheries,0.8,modest,False
H+06+59,6,59,21.72,814.1,ocean_westerly,0.881,False,False,0.2,maritime,1,ocean,False,False,False,False,False,False,False,False,0.0,dry,none/ocean,0,none/ocean,0,fisheries,fisheries,0.8,modest,False
H+07+59,7,59,21.64,837.2,ocean_westerly,0.874,False,False,0.2,maritime,1,ocean,False,False,False,False,False,False,False,False,0.0,dry,none/ocean,0,none/ocean,0,fisheries,fisheries,0.8,modest,False
H+08+59,8,59,21.53,837.2,ocean_westerly,0.868,False,False,0.2,maritime,1,ocean,False,False,False,False,False,False,False,False,0.0,dry,none/ocean,0,none/ocean,0,fisheries,fisheries,0.8,modest,False
H+09+59,9,59,21.4,836.9,ocean_westerly,0.861,False,False,0.2,maritime,1,ocean,False,False,False,False,False,False,False,False,0.0,dry,none/ocean,0,none/ocean,0,fisheries,fisheries,0.8,modest,False
H+10+59,10,59,21.29,848.2,ocean_westerly,0.854,False,False,0.2,maritime,1,ocean,False,False,False,False,False,False,False,False,0.0,dry,none/ocean,0,none/ocean,0,fisheries,fisheries,0.8,modest,False
H+11+59,11,59,21.23,855.1,ocean_westerly,0.848,False,False,0.2,maritime,1,ocean,False,False,False,False,False,False,False,False,0.0,dry,none/ocean,0,none/ocean,0,fisheries,fisheries,0.8,modest,False
H+12+59,12,59,21.19,850.3,ocean_westerly,0.841,False,False,0.2,maritime,1,ocean,False,False,False,False,False,False,False,False,0.0,dry,none/ocean,0,none/ocean,0,fisheries,fisheries,0.8,modest,False
H+13+59,13,59,21.17,849.3,ocean_westerly,0.835,False,False,0.2,maritime,1,ocean,False,False,False,False,False,False,False,False,0.0,dry,none/ocean,0,none/ocean,0,fisheries,fisheries,0.8,modest,False
H+14+59,14,59,21.14,855.0,ocean_westerly,0.828,False,False,0.2,maritime,1,ocean,False,False,False,False,False,False,False,False,0.0,dry,none/ocean,0,none/ocean,0,fisheries,fisheries,0.8,modest,False
H+15+59,15,59,21.12,858.8,ocean_westerly,0.822,False,False,0.2,maritime,1,ocean,False,False,False,False,False,False,False,False,0.0,dry,none/ocean,0,none/ocean,0,fisheries,fisheries,0.8,modest,False
H+16+59,16,59,21.1,875.9,ocean_westerly,0.815,False,False,0.2,maritime,1,ocean,False,False,False,False,False,False,False,False,0.0,dry,none/ocean,0,none/ocean,0,fisheries,fisheries,0.8,modest,False
H+17+59,17,59,21.08,908.6,ocean_westerly,0.809,False,False,0.2,maritime,1,ocean,False,False,False,False,False,False,False,False,0.0,dry,none/ocean,0,none/ocean,0,fisheries,fisheries,0.8,modest,False
H+18+59,18,59,21.1,926.3,ocean_westerly,0.802,False,False,0.2,maritime,1,ocean,False,False,False,False,False,False,False,False,0.0,dry,none/ocean,0,none/ocean,0,fisheries,fisheries,0.8,modest,False
H+19+59,19,59,21.14,904.7,ocean_westerly,0.796,False,False,0.2,maritime,1,ocean,False,False,False,False,False,False,False,False,0.0,dry,none/ocean,0,none/ocean,0,fisheries,fisheries,0.8,modest,False
H+20+59,20,59,21.18,864.2,ocean_westerly,0.789,False,False,0.2,maritime,1,ocean,False,False,False,False,False,False,False,False,0.0,dry,none/ocean,0,none/ocean,0,fisheries,fisheries,0.8,modest,False
H+21+59,21,59,21.22,829.3,ocean_westerly,0.782,False,False,0.2,maritime,1,ocean,False,False,False,False,False,False,False,False,0.0,dry,none/ocean,0,none/ocean,0,fisheries,fisheries,0.8,modest,False
H+22+59,22,59,21.23,796.7,ocean_westerly,0.776,False,False,0.2,maritime,1,ocean,False,False,False,False,False,False,False,False,0.0,dry,none/ocean,0,none/ocean,0,fisheries,fisheries,0.8,modest,False
H+23+59,23,59,20.68,698.6,open_westerly,0.669,False,False,0.323,weak,2,river,True,False,False,False,False,False,True,False,1.5,spring_line,loam,4,floodplain farmable,9,fisheries,fisheries|clay,3.0,rich,False
H+24+59,24,59,20.68,673.5,open_westerly,0.663,False,False,0.314,weak,2,river,True,False,False,False,False,False,True,False,1.5,spring_line,loam,4,floodplain farmable,9,fisheries,fisheries,3.0,rich,False
H+25+59,25,59,20.04,691.4,open_westerly,0.665,False,False,0.306,weak,2,river,True,False,False,False,False,False,True,False,1.5,spring_line,loam,4,floodplain farmable,9,fisheries,fisheries|limestone_karst,3.0,rich,False
H+26+59,26,59,19.08,819.6,open_westerly,0.686,False,False,0.297,weak,0,none,False,False,False,False,False,False,False,False,5.56,shallow_well,loam,4,floodplain farmable,9,,,3.0,rich,False
H+27+59,27,59,17.91,961.8,open_westerly,0.711,False,False,0.288,weak,0,none,False,False,False,False,False,False,False,False,5.1,shallow_well,loam,4,temperate forest,4,timber,timber|stone,1.5,good,False
H+28+59,28,59,16.54,1075.6,open_westerly,0.735,False,False,0.286,weak,0,none,False,False,False,False,False,False,False,False,5.06,shallow_well,loam,4,temperate forest,4,timber,timber|stone,1.5,good,False
H+29+59,29,59,16.97,454.6,calm_interior,0.675,False,True,0.495,moderate,8,salt_pan,False,False,False,False,True,False,False,False,8.6,dry,saline playa,10,salt flat sparse,11,salt_pans,salt_pans|evaporite_host,0.3,poor,True
H+30+59,30,59,16.98,446.2,calm_interior,0.668,False,True,0.504,moderate,8,salt_pan,False,False,False,False,True,False,False,False,8.64,dry,saline playa,10,salt flat sparse,11,salt_pans,salt_pans|evaporite_host,0.3,poor,True
H+31+59,31,59,17.0,421.5,calm_interior,0.651,False,True,0.512,moderate,8,salt_pan,False,False,False,False,True,False,False,False,8.81,dry,saline playa,10,salt flat sparse,11,salt_pans,salt_pans|evaporite_host,0.3,poor,True
H+32+59,32,59,17.03,392.8,calm_interior,0.633,False,True,0.52,moderate,8,salt_pan,False,False,False,False,True,False,False,False,9.02,dry,saline playa,10,salt flat sparse,11,salt_pans,salt_pans|evaporite_host,0.3,poor,True
H+33+59,33,59,17.07,364.2,calm_interior,0.615,False,True,0.526,moderate,8,salt_pan,False,False,False,False,True,False,False,False,9.18,dry,saline playa,10,salt flat sparse,11,salt_pans,salt_pans|evaporite_host,0.3,poor,True
H+34+59,34,59,17.1,346.3,calm_interior,0.599,False,True,0.532,moderate,8,salt_pan,False,False,False,False,True,False,False,False,9.26,dry,saline playa,10,salt flat sparse,11,salt_pans,salt_pans|evaporite_host,0.3,poor,True
H+35+59,35,59,17.12,330.7,calm_interior,0.583,False,True,0.537,moderate,8,salt_pan,False,False,False,False,True,False,False,False,9.37,dry,saline playa,10,salt flat sparse,11,salt_pans,salt_pans|evaporite_host,0.3,poor,True
H+36+59,36,59,17.13,317.8,calm_interior,0.567,False,True,0.542,moderate,8,salt_pan,False,False,False,False,True,False,False,False,9.68,dry,saline playa,10,salt flat sparse,11,salt_pans,salt_pans|evaporite_host,0.3,poor,True
H+37+59,37,59,17.13,302.9,calm_interior,0.551,False,True,0.546,moderate,8,salt_pan,False,False,False,False,True,False,False,False,10.2,dry,saline playa,10,salt flat sparse,11,salt_pans,salt_pans|evaporite_host,0.3,poor,True
H+38+59,38,59,17.12,286.8,calm_interior,0.537,False,True,0.55,moderate,8,salt_pan,False,False,False,False,True,False,False,False,10.75,dry,saline playa,10,salt flat sparse,11,salt_pans,salt_pans|evaporite_host,0.3,poor,True
H+39+59,39,59,17.09,502.4,open_westerly,0.519,True,False,0.554,moderate,0,none,False,False,False,False,False,False,False,False,10.0,dry,rocky/lithosol,1,grassland/pasture,5,pasture,pasture|stone,2.0,good,False
H+40+59,40,59,18.27,498.0,open_westerly,0.518,False,False,0.358,moderate,0,none,False,False,False,False,False,False,False,False,9.75,dry,loam,4,grassland/pasture,5,pasture,pasture|stone,2.0,good,False
H+41+59,41,59,19.29,540.6,open_westerly,0.536,False,False,0.362,moderate,0,none,False,False,False,False,False,False,False,False,9.24,dry,loam,4,grassland/pasture,5,pasture,pasture,2.0,good,False
H+42+59,42,59,20.05,532.7,open_westerly,0.533,False,False,0.366,moderate,0,none,False,False,False,False,False,False,False,False,9.01,dry,loam,4,grassland/pasture,5,pasture,pasture,2.0,good,False
H+43+59,43,59,20.34,525.6,open_westerly,0.527,False,False,0.37,moderate,0,none,False,False,False,False,False,False,False,False,8.79,dry,sandy coastal,6,grassland/pasture,5,pasture,pasture|clay,2.0,good,False
H+44+59,44,59,20.34,521.6,open_westerly,0.523,False,False,0.375,moderate,0,none,False,False,False,False,False,False,False,False,8.65,dry,sandy coastal,6,grassland/pasture,5,pasture,pasture,2.0,good,False
H+45+59,45,59,20.34,519.1,open_westerly,0.518,False,False,0.38,moderate,0,none,False,False,False,False,False,False,False,False,8.57,dry,sandy coastal,6,grassland/pasture,5,pasture,pasture|clay,2.0,good,False
H+46+59,46,59,20.34,522.9,open_westerly,0.515,False,False,0.385,moderate,0,none,False,False,False,False,False,False,False,False,8.62,dry,sandy coastal,6,grassland/pasture,5,pasture,pasture,2.0,good,False
H+47+59,47,59,20.35,532.9,open_westerly,0.512,False,False,0.391,moderate,0,none,False,False,False,False,False,False,False,False,8.6,dry,sandy coastal,6,grassland/pasture,5,pasture,pasture,2.0,good,False
H+48+59,48,59,20.37,554.5,open_westerly,0.51,False,False,0.397,moderate,0,none,False,False,False,False,False,False,False,False,8.5,dry,sandy coastal,6,grassland/pasture,5,pasture,pasture,2.0,good,False
H+49+59,49,59,20.39,579.0,open_westerly,0.507,False,False,0.403,moderate,0,none,False,False,False,False,False,False,False,False,8.42,dry,sandy coastal,6,grassland/pasture,5,pasture,pasture|clay,2.0,good,False
H+50+59,50,59,20.43,572.2,open_westerly,0.505,False,False,0.409,moderate,2,river,True,False,False,False,False,False,True,False,1.5,spring_line,loam,4,floodplain farmable,9,,clay,3.0,rich,False
H+51+59,51,59,20.48,537.9,open_westerly,0.502,False,False,0.415,moderate,2,river,True,False,False,False,False,False,True,False,1.5,spring_line,loam,4,floodplain farmable,9,,,3.0,rich,False
H+52+59,52,59,20.53,506.1,open_westerly,0.498,False,False,0.421,moderate,2,river,True,False,False,False,False,False,True,False,1.5,spring_line,loam,4,floodplain farmable,9,,,3.0,rich,False
H+53+59,53,59,20.57,482.0,open_westerly,0.494,False,False,0.428,moderate,2,river,True,False,False,False,False,False,True,False,1.5,spring_line,loam,4,floodplain farmable,9,,,3.0,rich,False
H+54+59,54,59,20.59,471.7,open_westerly,0.49,False,False,0.435,moderate,3,major_river,True,True,False,False,False,False,True,False,1.5,spring_line,loam,4,floodplain farmable,9,fisheries,fisheries,3.5,rich,False
H+55+59,55,59,21.64,529.5,ocean_westerly,0.56,False,False,0.2,maritime,1,ocean,False,False,False,False,False,False,False,False,0.0,dry,none/ocean,0,none/ocean,0,fisheries,fisheries,0.8,modest,False
H+56+59,56,59,21.58,548.6,ocean_westerly,0.553,False,False,0.2,maritime,1,ocean,False,False,False,False,False,False,False,False,0.0,dry,none/ocean,0,none/ocean,0,fisheries,fisheries,0.8,modest,False
H+57+59,57,59,21.48,565.3,ocean_westerly,0.547,False,False,0.2,maritime,1,ocean,False,False,False,False,False,False,False,False,0.0,dry,none/ocean,0,none/ocean,0,fisheries,fisheries,0.8,modest,False
H+58+59,58,59,21.38,577.1,ocean_westerly,0.54,False,False,0.2,maritime,1,ocean,False,False,False,False,False,False,False,False,0.0,dry,none/ocean,0,none/ocean,0,fisheries,fisheries,0.8,modest,False
H+59+59,59,59,21.29,595.5,ocean_westerly,0.534,False,False,0.2,maritime,1,ocean,False,False,False,False,False,False,False,False,0.0,dry,none/ocean,0,none/ocean,0,fisheries,fisheries,0.8,modest,False
H+60+59,60,59,21.23,628.2,ocean_westerly,0.527,False,False,0.2,maritime,1,ocean,False,False,False,False,False,False,False,False,0.0,dry,none/ocean,0,none/ocean,0,fisheries,fisheries,0.8,modest,False
H+61+59,61,59,21.21,656.1,ocean_westerly,0.52,False,False,0.2,maritime,1,ocean,False,False,False,False,False,False,False,False,0.0,dry,none/ocean,0,none/ocean,0,fisheries,fisheries,0.8,modest,False
H+62+59,62,59,21.24,685.5,ocean_westerly,0.514,False,False,0.2,maritime,1,ocean,False,False,False,False,False,False,False,False,0.0,dry,none/ocean,0,none/ocean,0,fisheries,fisheries,0.8,modest,False
H+63+59,63,59,21.29,706.2,ocean_westerly,0.507,False,False,0.2,maritime,1,ocean,False,False,False,False,False,False,False,False,0.0,dry,none/ocean,0,none/ocean,0,fisheries,fisheries,0.8,modest,False
H+64+59,64,59,21.34,707.3,ocean_westerly,0.501,False,False,0.2,maritime,1,ocean,False,False,False,False,False,False,False,False,0.0,dry,none/ocean,0,none/ocean,0,fisheries,fisheries,0.8,modest,False
H+65+59,65,59,21.39,702.6,ocean_westerly,0.494,False,False,0.2,maritime,1,ocean,False,False,False,False,False,False,False,False,0.0,dry,none/ocean,0,none/ocean,0,fisheries,fisheries,0.8,modest,False
H+66+59,66,59,21.41,699.6,ocean_westerly,0.488,False,False,0.2,maritime,1,ocean,False,False,False,False,False,False,False,False,0.0,dry,none/ocean,0,none/ocean,0,fisheries,fisheries,0.8,modest,False
H+67+59,67,59,21.39,694.6,ocean_westerly,0.481,False,False,0.2,maritime,1,ocean,False,False,False,False,False,False,False,False,0.0,dry,none/ocean,0,none/ocean,0,fisheries,fisheries,0.8,modest,False
H+68+59,68,59,21.36,698.5,ocean_westerly,0.475,False,False,0.2,maritime,1,ocean,False,False,False,False,False,False,False,False,0.0,dry,none/ocean,0,none/ocean,0,fisheries,fisheries,0.8,modest,False
H+69+59,69,59,21.32,707.5,ocean_westerly,0.468,False,False,0.2,maritime,1,ocean,False,False,False,False,False,False,False,False,0.0,dry,none/ocean,0,none/ocean,0,fisheries,fisheries,0.8,modest,False
H+70+59,70,59,21.27,711.9,ocean_westerly,0.461,False,False,0.2,maritime,1,ocean,False,False,False,False,False,False,False,False,0.0,dry,none/ocean,0,none/ocean,0,fisheries,fisheries,0.8,modest,False
H+71+59,71,59,21.22,704.5,ocean_westerly,0.455,False,False,0.2,maritime,1,ocean,False,False,False,False,False,False,False,False,0.0,dry,none/ocean,0,none/ocean,0,fisheries,fisheries,0.8,modest,False
H+72+59,72,59,21.19,697.6,ocean_westerly,0.448,False,False,0.2,maritime,1,ocean,False,False,False,False,False,False,False,False,0.0,dry,none/ocean,0,none/ocean,0,fisheries,fisheries,0.8,modest,False
H+73+59,73,59,21.17,703.6,ocean_westerly,0.442,False,False,0.2,maritime,1,ocean,False,False,False,False,False,False,False,False,0.0,dry,none/ocean,0,none/ocean,0,fisheries,fisheries,0.8,modest,False
H+74+59,74,59,21.17,711.2,ocean_westerly,0.435,False,False,0.2,maritime,1,ocean,False,False,False,False,False,False,False,False,0.0,dry,none/ocean,0,none/ocean,0,fisheries,fisheries,0.8,modest,False
H+75+59,75,59,21.17,703.9,ocean_westerly,0.429,False,False,0.2,maritime,1,ocean,False,False,False,False,False,False,False,False,0.0,dry,none/ocean,0,none/ocean,0,fisheries,fisheries,0.8,modest,False
H+76+59,76,59,21.17,690.9,ocean_westerly,0.422,False,False,0.2,maritime,1,ocean,False,False,False,False,False,False,False,False,0.0,dry,none/ocean,0,none/ocean,0,fisheries,fisheries,0.8,modest,False
H+77+59,77,59,21.17,697.9,ocean_westerly,0.416,False,False,0.2,maritime,1,ocean,False,False,False,False,False,False,False,False,0.0,dry,none/ocean,0,none/ocean,0,fisheries,fisheries,0.8,modest,False
H+78+59,78,59,21.18,732.7,ocean_westerly,0.409,False,False,0.2,maritime,1,ocean,False,False,False,False,False,False,False,False,0.0,dry,none/ocean,0,none/ocean,0,fisheries,fisheries,0.8,modest,False
H+79+59,79,59,21.2,760.8,ocean_westerly,0.402,False,False,0.2,maritime,1,ocean,False,False,False,False,False,False,False,False,0.0,dry,none/ocean,0,none/ocean,0,fisheries,fisheries,0.8,modest,False
