id,q,r,elevation_m,slope,lithology,mountain_type,glacial_scar,glacial,endorheic,geology_resource_tag,plate,land
H+00+00,0,0,-242.16,0.121,oceanic_basalt,none,,false,false,,0,0
H+01+00,1,0,-238.52,0.28,oceanic_basalt,none,,false,false,,0,0
H+02+00,2,0,-230.12,0.28,oceanic_basalt,none,,false,false,,0,0
H+03+00,3,0,-224.38,0.221,oceanic_basalt,none,,false,false,,0,0
H+04+00,4,0,-225.68,0.215,oceanic_basalt,none,,false,false,,0,0
H+05+00,5,0,-232.15,0.215,oceanic_basalt,none,,false,false,,0,0
H+06+00,6,0,-233.87,0.149,oceanic_basalt,none,,false,false,,0,0
H+07+00,7,0,-229.41,0.258,oceanic_basalt,none,,false,false,,0,0
H+08+00,8,0,-221.66,4.349,oceanic_basalt,none,,false,false,,0,0
H+09+00,9,0,-91.18,4.539,oceanic_basalt,none,,false,false,,0,0
H+10+00,10,0,-222.82,4.388,oceanic_basalt,none,,false,false,,0,0
H+11+00,11,0,-223.79,0.102,oceanic_basalt,none,,false,false,,0,0
H+12+00,12,0,-222.89,0.156,oceanic_basalt,none,,false,false,,0,0
H+13+00,13,0,-221.71,0.168,oceanic_basalt,none,,false,false,,0,0
H+14+00,14,0,-218.95,5.321,oceanic_basalt,none,,false,false,,0,0
H+15+00,15,0,-214.53,5.214,oceanic_basalt,none,,false,false,,0,0
H+16+00,16,0,-72.28,5.516,oceanic_basalt,none,,false,false,,0,0
H+17+00,17,0,93.19,5.516,coastal_sediment,none,rebound_coast,true,false,,0,1
H+18+00,18,0,100.71,0.539,coastal_sediment,none,rebound_coast,true,false,,0,1
H+19+00,19,0,116.88,0.539,coastal_sediment,none,rebound_coast,true,false,,0,1
H+20+00,20,0,121.06,0.301,coastal_sediment,none,rebound_coast,true,false,,0,1
H+21+00,21,0,130.09,1.417,coastal_sediment,none,rebound_coast,true,false,,0,1
H+22+00,22,0,172.59,1.58,coastal_sediment,none,none,false,false,,0,1
H+23+00,23,0,219.98,1.58,coastal_sediment,none,moraine,true,false,,0,1
H+24+00,24,0,266.68,1.557,suture_metamorphic,collision,moraine,true,false,,0,1
H+25+00,25,0,271.9,3.892,suture_metamorphic,collision,moraine,true,false,,0,1
H+26+00,26,0,388.66,5.548,suture_metamorphic,collision,moraine,true,false,,0,1
H+27+00,27,0,555.09,6.514,suture_metamorphic,collision,moraine,true,false,,0,1
H+28+00,28,0,750.5,6.514,suture_metamorphic,collision,moraine,true,false,,0,1
H+29+00,29,0,588.76,6.16,basin_sediment,none,moraine,true,true,evaporite_host,0,1
H+30+00,30,0,588.76,0.0,basin_sediment,none,moraine,true,true,evaporite_host,0,1
H+31+00,31,0,588.76,0.0,basin_sediment,none,moraine,true,true,evaporite_host,0,1
H+32+00,32,0,588.76,0.0,basin_sediment,none,moraine,true,true,evaporite_host,0,1
H+33+00,33,0,588.76,0.0,basin_sediment,none,moraine,true,true,evaporite_host,1,1
H+34+00,34,0,588.76,0.0,basin_sediment,none,moraine,true,true,evaporite_host,1,1
H+35+00,35,0,588.76,0.0,basin_sediment,none,moraine,true,true,evaporite_host,1,1
H+36+00,36,0,588.76,0.0,basin_sediment,none,moraine,true,true,evaporite_host,1,1
H+37+00,37,0,588.76,0.0,basin_sediment,none,moraine,true,true,evaporite_host,1,1
H+38+00,38,0,588.76,3.308,basin_sediment,none,moraine,true,true,evaporite_host,1,1
H+39+00,39,0,688.01,6.724,suture_metamorphic,collision,moraine,true,false,,1,1
H+40+00,40,0,486.28,7.17,suture_metamorphic,collision,moraine,true,false,,1,1
H+41+00,41,0,310.82,6.505,suture_metamorphic,collision,outwash,true,false,,1,1
H+42+00,42,0,183.75,5.025,suture_metamorphic,collision,none,false,false,limestone_karst,1,1
H+43+00,43,0,129.19,5.271,coastal_sediment,none,rebound_coast,true,false,,1,1
H+44+00,44,0,-28.95,5.809,oceanic_basalt,none,,false,false,,1,0
H+45+00,45,0,-52.56,1.43,oceanic_basalt,none,,false,false,,1,0
H+46+00,46,0,-81.21,1.351,oceanic_basalt,none,,false,false,,1,0
H+47+00,47,0,-109.96,1.322,oceanic_basalt,none,,false,false,,1,0
H+48+00,48,0,-128.26,1.292,oceanic_basalt,none,,false,false,,1,0
H+49+00,49,0,-146.0,1.024,oceanic_basalt,none,,false,false,,1,0
H+50+00,50,0,-154.81,3.664,oceanic_basalt,none,,false,false,,1,0
H+51+00,51,0,-44.9,3.664,oceanic_basalt,none,,false,false,,1,0
H+52+00,52,0,-60.0,0.7,oceanic_basalt,none,,false,false,,1,0
H+53+00,53,0,-73.2,0.913,oceanic_basalt,none,,false,false,,1,0
H+54+00,54,0,-76.94,0.785,oceanic_basalt,none,,false,false,,1,0
H+55+00,55,0,-75.08,0.854,oceanic_basalt,none,,false,false,,1,0
H+56+00,56,0,-100.69,1.392,oceanic_basalt,none,,false,false,,1,0
H+57+00,57,0,-101.56,1.419,oceanic_basalt,none,,false,false,,1,0
H+58+00,58,0,-102.12,1.602,oceanic_basalt,none,,false,false,,1,0
H+59+00,59,0,-102.59,1.649,oceanic_basalt,none,,false,false,,1,0
H+60+00,60,0,-103.47,1.678,oceanic_basalt,none,,false,false,,1,0
H+61+00,61,0,-103.99,1.317,oceanic_basalt,none,,false,false,,1,0
H+62+00,62,0,-104.44,1.415,oceanic_basalt,none,,false,false,,1,0
H+63+00,63,0,-106.84,1.495,oceanic_basalt,none,,false,false,,1,0
H+64+00,64,0,-106.32,1.448,oceanic_basalt,none,,false,false,,1,0
H+65+00,65,0,-107.19,0.192,oceanic_basalt,none,,false,false,,1,0
H+66+00,66,0,-109.35,0.238,oceanic_basalt,none,,false,false,,1,0
H+67+00,67,0,-112.23,0.232,oceanic_basalt,none,,false,false,,1,0
H+68+00,68,0,-118.37,0.34,oceanic_basalt,none,,false,false,,1,0
H+69+00,69,0,-124.5,0.403,oceanic_basalt,none,,false,false,,1,0
H+70+00,70,0,-127.72,0.302,oceanic_basalt,none,,false,false,,1,0
H+71+00,71,0,-125.13,0.087,oceanic_basalt,none,,false,false,,1,0
H+72+00,72,0,-122.89,0.075,oceanic_basalt,none,,false,false,,1,0
H+73+00,73,0,-121.15,0.08,oceanic_basalt,none,,false,false,,1,0
H+74+00,74,0,-118.76,0.157,oceanic_basalt,none,,false,false,,1,0
H+75+00,75,0,-114.04,0.157,oceanic_basalt,none,,false,false,,1,0
H+76+00,76,0,-111.43,0.128,oceanic_basalt,none,,false,false,,1,0
H+77+00,77,0,-110.49,0.067,oceanic_basalt,none,,false,false,,1,0
H+78+00,78,0,-110.35,0.014,oceanic_basalt,none,,false,false,,1,0
H+79+00,79,0,-110.77,0.019,oceanic_basalt,none,,false,false,,1,0
H+00+01,0,1,-242.11,0.142,oceanic_basalt,none,,false,false,,0,0
H+01+01,1,1,-237.85,0.258,oceanic_basalt,none,,false,false,,0,0
H+02+01,2,1,-231.01,0.242,oceanic_basalt,none,,false,false,,0,0
H+03+01,3,1,-226.28,0.225,oceanic_basalt,none,,false,false,,0,0
H+04+01,4,1,-227.21,0.165,oceanic_basalt,none,,false,false,,0,0
H+05+01,5,1,-231.01,0.127,oceanic_basalt,none,,false,false,,0,0
H+06+01,6,1,-233.88,0.149,oceanic_basalt,none,,false,false,,0,0
H+07+01,7,1,-231.15,0.316,oceanic_basalt,none,,false,false,,0,0
H+08+01,8,1,-227.36,4.539,oceanic_basalt,none,,false,false,,0,0
H+09+01,9,1,-223.7,4.418,oceanic_basalt,none,,false,false,,0,0
H+10+01,10,1,-222.14,0.323,oceanic_basalt,none,,false,false,,0,0
H+11+01,11,1,-220.73,0.192,oceanic_basalt,none,,false,false,,0,0
H+12+01,12,1,-218.21,0.156,oceanic_basalt,none,,false,false,,0,0
H+13+01,13,1,-216.67,5.245,oceanic_basalt,none,,false,false,,0,0
H+14+01,14,1,-59.33,5.321,oceanic_basalt,none,,false,false,,0,0
H+15+01,15,1,-58.11,5.214,oceanic_basalt,none,,false,false,,0,0
H+16+01,16,1,-42.36,4.628,oceanic_basalt,none,,false,false,,0,0
H+17+01,17,1,96.47,4.635,coastal_sediment,none,rebound_coast,true,false,,0,1
H+18+01,18,1,102.49,4.835,coastal_sediment,none,rebound_coast,true,false,,0,1
H+19+01,19,1,116.86,0.693,coastal_sediment,none,rebound_coast,true,false,,0,1
H+20+01,20,1,129.58,1.417,coastal_sediment,none,rebound_coast,true,false,,0,1
H+21+01,21,1,172.08,1.58,coastal_sediment,none,none,false,false,,0,1
H+22+01,22,1,219.47,1.58,coastal_sediment,none,moraine,true,false,,0,1
H+23+01,23,1,266.17,1.557,coastal_sediment,none,moraine,true,false,,0,1
H+24+01,24,1,271.39,0.174,suture_metamorphic,collision,moraine,true,false,,0,1
H+25+01,25,1,273.02,4.122,suture_metamorphic,collision,moraine,true,false,,0,1
H+26+01,26,1,396.67,5.799,suture_metamorphic,collision,moraine,true,false,,0,1
H+27+01,27,1,570.65,6.763,suture_metamorphic,collision,moraine,true,false,,0,1
H+28+01,28,1,773.55,6.763,suture_metamorphic,collision,moraine,true,false,,0,1
H+29+01,29,1,588.76,6.16,basin_sediment,none,moraine,true,true,evaporite_host,0,1
H+30+01,30,1,588.76,0.0,basin_sediment,none,moraine,true,true,evaporite_host,0,1
H+31+01,31,1,588.76,0.0,basin_sediment,none,moraine,true,true,evaporite_host,0,1
H+32+01,32,1,588.76,0.0,basin_sediment,none,moraine,true,true,evaporite_host,0,1
H+33+01,33,1,588.76,0.0,basin_sediment,none,moraine,true,true,evaporite_host,1,1
H+34+01,34,1,588.76,0.0,basin_sediment,none,moraine,true,true,evaporite_host,1,1
H+35+01,35,1,588.76,0.0,basin_sediment,none,moraine,true,true,evaporite_host,1,1
H+36+01,36,1,588.76,0.0,basin_sediment,none,moraine,true,true,evaporite_host,1,1
H+37+01,37,1,588.76,0.0,basin_sediment,none,moraine,true,true,evaporite_host,1,1
H+38+01,38,1,588.76,3.754,basin_sediment,none,moraine,true,true,evaporite_host,1,1
H+39+01,39,1,701.37,7.17,suture_metamorphic,collision,moraine,true,false,limestone_karst,1,1
H+40+01,40,1,505.97,7.546,suture_metamorphic,collision,moraine,true,false,,1,1
H+41+01,41,1,334.49,7.262,suture_metamorphic,collision,outwash,true,false,,1,1
H+42+01,42,1,203.32,5.881,suture_metamorphic,collision,outwash,true,false,,1,1
H+43+01,43,1,145.31,5.809,coastal_sediment,none,rebound_coast,true,false,,1,1
H+44+01,44,1,-9.66,6.375,oceanic_basalt,none,,false,false,,1,0
H+45+01,45,1,-40.68,2.2,oceanic_basalt,none,,false,false,,1,0
H+46+01,46,1,-70.29,2.072,oceanic_basalt,none,,false,false,,1,0
H+47+01,47,1,-89.5,1.833,oceanic_basalt,none,,false,false,,1,0
H+48+01,48,1,-115.28,2.131,oceanic_basalt,none,,false,false,,1,0
H+49+01,49,1,-136.76,2.144,oceanic_basalt,none,,false,false,,1,0
H+50+01,50,1,-148.75,3.658,oceanic_basalt,none,,false,false,,1,0
H+51+01,51,1,-39.0,3.658,oceanic_basalt,none,,false,false,,1,0
H+52+01,52,1,-45.8,2.748,oceanic_basalt,none,,false,false,,1,0
H+53+01,53,1,-53.38,1.718,oceanic_basalt,none,,false,false,,1,0
H+54+01,54,1,-56.99,1.68,oceanic_basalt,none,,false,false,,1,0
H+55+01,55,1,-58.94,1.611,oceanic_basalt,none,,false,false,,1,0
H+56+01,56,1,-64.45,1.64,oceanic_basalt,none,,false,false,,1,0
H+57+01,57,1,-58.98,1.878,oceanic_basalt,none,,false,false,,1,0
H+58+01,58,1,-54.06,1.967,oceanic_basalt,none,,false,false,,1,0
H+59+01,59,1,-53.13,1.935,oceanic_basalt,none,,false,false,,1,0
H+60+01,60,1,-64.47,2.234,oceanic_basalt,none,,false,false,,1,0
H+61+01,61,1,-66.88,1.252,oceanic_basalt,none,,false,false,,1,0
H+62+01,62,1,-61.98,1.495,oceanic_basalt,none,,false,false,,1,0
H+63+01,63,1,-62.9,1.465,oceanic_basalt,none,,false,false,,1,0
H+64+01,64,1,-101.43,1.285,oceanic_basalt,none,,false,false,,1,0
H+65+01,65,1,-102.22,1.36,oceanic_basalt,none,,false,false,,1,0
H+66+01,66,1,-105.27,1.462,oceanic_basalt,none,,false,false,,1,0
H+67+01,67,1,-108.16,0.34,oceanic_basalt,none,,false,false,,1,0
H+68+01,68,1,-112.41,0.403,oceanic_basalt,none,,false,false,,1,0
H+69+01,69,1,-118.68,0.348,oceanic_basalt,none,,false,false,,1,0
H+70+01,70,1,-125.39,0.387,oceanic_basalt,none,,false,false,,1,0
H+71+01,71,1,-124.89,0.178,oceanic_basalt,none,,false,false,,1,0
H+72+01,72,1,-123.04,0.063,oceanic_basalt,none,,false,false,,1,0
H+73+01,73,1,-121.56,0.096,oceanic_basalt,none,,false,false,,1,0
H+74+01,74,1,-118.69,0.155,oceanic_basalt,none,,false,false,,1,0
H+75+01,75,1,-115.29,0.128,oceanic_basalt,none,,false,false,,1,0
H+76+01,76,1,-112.49,0.102,oceanic_basalt,none,,false,false,,1,0
H+77+01,77,1,-110.25,0.116,oceanic_basalt,none,,false,false,,1,0
H+78+01,78,1,-110.21,0.055,oceanic_basalt,none,,false,false,,1,0
H+79+01,79,1,-111.19,0.032,oceanic_basalt,none,,false,false,,1,0
H+00+02,0,2,-241.24,0.113,oceanic_basalt,none,,false,false,,0,0
H+01+02,1,2,-238.28,0.242,oceanic_basalt,none,,false,false,,0,0
H+02+02,2,2,-233.04,0.225,oceanic_basalt,none,,false,false,,0,0
H+03+02,3,2,-230.32,0.135,oceanic_basalt,none,,false,false,,0,0
H+04+02,4,2,-231.1,0.164,oceanic_basalt,none,,false,false,,0,0
H+05+02,5,2,-232.16,0.187,oceanic_basalt,none,,false,false,,0,0
H+06+02,6,2,-233.1,0.155,oceanic_basalt,none,,false,false,,0,0
H+07+02,7,2,-234.45,0.236,oceanic_basalt,none,,false,false,,0,0
H+08+02,8,2,-233.84,0.338,oceanic_basalt,none,,false,false,,0,0
H+09+02,9,2,-231.82,0.323,oceanic_basalt,none,,false,false,,0,0
H+10+02,10,2,-226.48,0.321,oceanic_basalt,none,,false,false,,0,0
H+11+02,11,2,-218.96,0.251,oceanic_basalt,none,,false,false,,0,0
H+12+02,12,2,-214.38,5.533,oceanic_basalt,none,,false,false,,0,0
H+13+02,13,2,-62.06,5.154,oceanic_basalt,none,,false,false,,0,0
H+14+02,14,2,-64.4,0.369,oceanic_basalt,none,,false,false,,0,0
H+15+02,15,2,-53.31,0.384,oceanic_basalt,none,,false,false,,0,0
H+16+02,16,2,-41.8,4.609,oceanic_basalt,none,,false,false,,0,0
H+17+02,17,2,-42.57,4.835,oceanic_basalt,none,,false,false,,0,0
H+18+02,18,2,96.05,4.991,coastal_sediment,none,rebound_coast,true,false,,0,1
H+19+02,19,2,115.38,5.269,coastal_sediment,none,rebound_coast,true,false,,0,1
H+20+02,20,2,171.57,1.986,coastal_sediment,none,none,false,false,,0,1
H+21+02,21,2,218.96,1.58,coastal_sediment,none,moraine,true,false,,0,1
H+22+02,22,2,265.66,1.557,coastal_sediment,none,moraine,true,false,,0,1
H+23+02,23,2,270.88,0.174,coastal_sediment,none,moraine,true,false,,0,1
H+24+02,24,2,272.51,1.256,suture_metamorphic,collision,moraine,true,false,,0,1
H+25+02,25,2,310.18,4.137,suture_metamorphic,collision,moraine,true,false,,0,1
H+26+02,26,2,434.31,5.921,suture_metamorphic,collision,moraine,true,false,,0,1
H+27+02,27,2,611.95,5.921,suture_metamorphic,collision,moraine,true,false,,0,1
H+28+02,28,2,588.76,6.16,basin_sediment,none,moraine,true,true,evaporite_host,0,1
H+29+02,29,2,588.76,0.0,basin_sediment,none,moraine,true,true,evaporite_host,0,1
H+30+02,30,2,588.76,0.0,basin_sediment,none,moraine,true,true,evaporite_host,0,1
H+31+02,31,2,588.76,0.0,basin_sediment,none,moraine,true,true,evaporite_host,0,1
H+32+02,32,2,588.76,0.0,basin_sediment,none,moraine,true,true,evaporite_host,0,1
H+33+02,33,2,588.76,0.0,basin_sediment,none,moraine,true,true,evaporite_host,1,1
H+34+02,34,2,588.76,0.0,basin_sediment,none,moraine,true,true,evaporite_host,1,1
H+35+02,35,2,588.76,0.0,basin_sediment,none,moraine,true,true,evaporite_host,1,1
H+36+02,36,2,588.76,0.0,basin_sediment,none,moraine,true,true,evaporite_host,1,1
H+37+02,37,2,588.76,0.0,basin_sediment,none,moraine,true,true,evaporite_host,1,1
H+38+02,38,2,588.76,4.786,basin_sediment,none,moraine,true,true,evaporite_host,1,1
H+39+02,39,2,732.35,7.546,suture_metamorphic,collision,moraine,true,false,,1,1
H+40+02,40,2,552.34,7.262,suture_metamorphic,collision,moraine,true,false,,1,1
H+41+02,41,2,379.75,6.847,suture_metamorphic,collision,moraine,true,false,,1,1
H+42+02,42,2,245.24,5.651,suture_metamorphic,collision,outwash,true,false,,1,1
H+43+02,43,2,181.57,6.375,coastal_sediment,none,none,false,false,,1,1
H+44+02,44,2,25.33,6.322,coastal_sediment,none,rebound_coast,true,false,,1,1
H+45+02,45,2,-8.11,2.129,oceanic_basalt,none,,false,false,,1,0
H+46+02,46,2,-34.5,1.974,oceanic_basalt,none,,false,false,,1,0
H+47+02,47,2,-51.35,2.131,oceanic_basalt,none,,false,false,,1,0
H+48+02,48,2,-72.44,2.144,oceanic_basalt,none,,false,false,,1,0
H+49+02,49,2,-96.94,2.023,oceanic_basalt,none,,false,false,,1,0
H+50+02,50,2,-116.34,2.578,oceanic_basalt,none,,false,false,,1,0
H+51+02,51,2,-128.24,4.214,oceanic_basalt,none,,false,false,,1,0
H+52+02,52,2,-1.83,4.214,oceanic_basalt,none,,false,false,,1,0
H+53+02,53,2,-6.59,1.68,oceanic_basalt,none,,false,false,,1,0
H+54+02,54,2,-10.61,1.611,oceanic_basalt,none,,false,false,,1,0
H+55+02,55,2,-17.17,1.668,oceanic_basalt,none,,false,false,,1,0
H+56+02,56,2,-15.26,2.111,oceanic_basalt,none,,false,false,,1,0
H+57+02,57,2,-2.64,1.878,oceanic_basalt,none,,false,false,,1,0
H+58+02,58,2,4.94,1.967,coastal_sediment,none,rebound_coast,true,false,,1,1
H+59+02,59,2,2.56,2.234,coastal_sediment,none,rebound_coast,true,false,,1,1
H+60+02,60,2,-54.35,3.538,oceanic_basalt,none,,false,false,,1,0
H+61+02,61,2,-63.31,0.345,oceanic_basalt,none,,false,false,,1,0
H+62+02,62,2,-72.46,0.397,oceanic_basalt,none,,false,false,,1,0
H+63+02,63,2,-68.1,1.111,oceanic_basalt,none,,false,false,,1,0
H+64+02,64,2,-65.39,1.228,oceanic_basalt,none,,false,false,,1,0
H+65+02,65,2,-61.42,1.462,oceanic_basalt,none,,false,false,,1,0
H+66+02,66,2,-102.01,1.353,oceanic_basalt,none,,false,false,,1,0
H+67+02,67,2,-104.62,1.208,oceanic_basalt,none,,false,false,,1,0
H+68+02,68,2,-108.22,0.348,oceanic_basalt,none,,false,false,,1,0
H+69+02,69,2,-113.77,0.387,oceanic_basalt,none,,false,false,,1,0
H+70+02,70,2,-119.56,0.313,oceanic_basalt,none,,false,false,,1,0
H+71+02,71,2,-123.76,0.241,oceanic_basalt,none,,false,false,,1,0
H+72+02,72,2,-122.02,0.058,oceanic_basalt,none,,false,false,,1,0
H+73+02,73,2,-120.79,0.07,oceanic_basalt,none,,false,false,,1,0
H+74+02,74,2,-118.69,0.114,oceanic_basalt,none,,false,false,,1,0
H+75+02,75,2,-115.55,0.105,oceanic_basalt,none,,false,false,,1,0
H+76+02,76,2,-113.74,0.123,oceanic_basalt,none,,false,false,,1,0
H+77+02,77,2,-111.87,0.152,oceanic_basalt,none,,false,false,,1,0
H+78+02,78,2,-110.96,0.116,oceanic_basalt,none,,false,false,,1,0
H+79+02,79,2,-111.73,0.054,oceanic_basalt,none,,false,false,,1,0
H+00+03,0,3,-240.08,0.109,oceanic_basalt,none,,false,false,,0,0
H+01+03,1,3,-238.23,0.173,oceanic_basalt,none,,false,false,,0,0
H+02+03,2,3,-234.15,0.136,oceanic_basalt,none,,false,false,,0,0
H+03+03,3,3,-233.72,0.166,oceanic_basalt,none,,false,false,,0,0
H+04+03,4,3,-236.02,0.196,oceanic_basalt,none,,false,false,,0,0
H+05+03,5,3,-237.76,0.187,oceanic_basalt,none,,false,false,,0,0
H+06+03,6,3,-237.66,0.152,oceanic_basalt,none,,false,false,,0,0
H+07+03,7,3,-236.71,0.095,oceanic_basalt,none,,false,false,,0,0
H+08+03,8,3,-238.27,0.215,oceanic_basalt,none,,false,false,,0,0
H+09+03,9,3,-236.1,0.329,oceanic_basalt,none,,false,false,,0,0
H+10+03,10,3,-226.23,0.367,oceanic_basalt,none,,false,false,,0,0
H+11+03,11,3,-215.23,6.218,oceanic_basalt,none,,false,false,,0,0
H+12+03,12,3,-48.38,5.562,oceanic_basalt,none,,false,false,,0,0
H+13+03,13,3,-60.24,0.617,oceanic_basalt,none,,false,false,,0,0
H+14+03,14,3,-64.77,0.446,oceanic_basalt,none,,false,false,,0,0
H+15+03,15,3,-55.63,0.461,oceanic_basalt,none,,false,false,,0,0
H+16+03,16,3,-54.49,0.423,oceanic_basalt,none,,false,false,,0,0
H+17+03,17,3,-53.68,4.991,oceanic_basalt,none,,false,false,,0,0
H+18+03,18,3,-42.69,5.269,oceanic_basalt,none,,false,false,,0,0
H+19+03,19,3,111.97,5.155,coastal_sediment,none,rebound_coast,true,false,,0,1
H+20+03,20,3,218.45,7.93,coastal_sediment,none,outwash,true,false,,0,1
H+21+03,21,3,265.15,1.557,coastal_sediment,none,outwash,true,false,,0,1
H+22+03,22,3,270.37,0.174,coastal_sediment,none,moraine,true,false,,0,1
H+23+03,23,3,272.0,0.112,coastal_sediment,none,moraine,true,false,,0,1
H+24+03,24,3,275.36,2.561,suture_metamorphic,collision,moraine,true,false,,0,1
H+25+03,25,3,352.18,4.253,suture_metamorphic,collision,moraine,true,false,,0,1
H+26+03,26,3,479.76,5.869,suture_metamorphic,collision,moraine,true,false,,0,1
H+27+03,27,3,655.83,5.869,suture_metamorphic,collision,moraine,true,false,,0,1
H+28+03,28,3,588.76,3.938,basin_sediment,none,moraine,true,true,evaporite_host,0,1
H+29+03,29,3,588.76,0.0,basin_sediment,none,moraine,true,true,evaporite_host,0,1
H+30+03,30,3,588.76,0.0,basin_sediment,none,moraine,true,true,evaporite_host,0,1
H+31+03,31,3,588.76,0.0,basin_sediment,none,moraine,true,true,evaporite_host,0,1
H+32+03,32,3,588.76,0.0,basin_sediment,none,moraine,true,true,evaporite_host,0,1
H+33+03,33,3,588.76,0.0,basin_sediment,none,moraine,true,true,evaporite_host,1,1
H+34+03,34,3,588.76,0.0,basin_sediment,none,moraine,true,true,evaporite_host,1,1
H+35+03,35,3,588.76,0.0,basin_sediment,none,moraine,true,true,evaporite_host,1,1
H+36+03,36,3,588.76,0.0,basin_sediment,none,moraine,true,true,evaporite_host,1,1
H+37+03,37,3,588.76,0.0,basin_sediment,none,moraine,true,true,evaporite_host,1,1
H+38+03,38,3,588.76,5.644,basin_sediment,none,moraine,true,true,evaporite_host,1,1
H+39+03,39,3,758.08,6.858,suture_metamorphic,collision,moraine,true,false,,1,1
H+40+03,40,3,585.17,6.847,suture_metamorphic,collision,moraine,true,false,,1,1
H+41+03,41,3,414.79,6.555,suture_metamorphic,collision,moraine,true,false,,1,1
H+42+03,42,3,281.91,5.642,suture_metamorphic,collision,outwash,true,false,,1,1
H+43+03,43,3,215.0,6.322,coastal_sediment,none,outwash,true,false,,1,1
H+44+03,44,3,55.77,6.24,coastal_sediment,none,rebound_coast,true,false,,1,1
H+45+03,45,3,24.71,6.546,coastal_sediment,none,overdeep_basin;rebound_coast,true,false,,1,1
H+46+03,46,3,3.98,2.07,coastal_sediment,none,overdeep_basin;rebound_coast,true,false,,1,1
H+47+03,47,3,-17.62,2.256,oceanic_basalt,none,,false,false,,1,0
H+48+03,48,3,-36.26,2.085,oceanic_basalt,none,,false,false,,1,0
H+49+03,49,3,-56.91,1.981,oceanic_basalt,none,,false,false,,1,0
H+50+03,50,3,-76.3,1.963,oceanic_basalt,none,,false,false,,1,0
H+51+03,51,3,-86.14,5.762,oceanic_basalt,none,,false,false,,1,0
H+52+03,52,3,42.34,4.283,coastal_sediment,none,rebound_coast,true,false,,1,1
H+53+03,53,3,36.21,1.682,coastal_sediment,none,rebound_coast,true,false,,1,1
H+54+03,54,3,29.6,1.902,coastal_sediment,none,rebound_coast,true,false,,1,1
H+55+03,55,3,32.85,1.729,coastal_sediment,none,rebound_coast,true,false,,1,1
H+56+03,56,3,48.07,2.111,coastal_sediment,none,rebound_coast,true,false,,1,1
H+57+03,57,3,50.1,1.758,coastal_sediment,none,rebound_coast,true,false,,1,1
H+58+03,58,3,51.32,1.625,coastal_sediment,none,rebound_coast,true,false,,1,1
H+59+03,59,3,51.79,3.538,coastal_sediment,none,rebound_coast,true,false,,1,1
H+60+03,60,3,-52.95,4.982,oceanic_basalt,none,,false,false,,1,0
H+61+03,61,3,-60.55,0.43,oceanic_basalt,none,,false,false,,1,0
H+62+03,62,3,-73.46,0.43,oceanic_basalt,none,,false,false,,1,0
H+63+03,63,3,-79.77,0.479,oceanic_basalt,none,,false,false,,1,0
H+64+03,64,3,-77.89,0.549,oceanic_basalt,none,,false,false,,1,0
H+65+03,65,3,-71.35,1.022,oceanic_basalt,none,,false,false,,1,0
H+66+03,66,3,-68.39,1.208,oceanic_basalt,none,,false,false,,1,0
H+67+03,67,3,-101.67,1.211,oceanic_basalt,none,,false,false,,1,0
H+68+03,68,3,-104.66,1.311,oceanic_basalt,none,,false,false,,1,0
H+69+03,69,3,-110.18,0.351,oceanic_basalt,none,,false,false,,1,0
H+70+03,70,3,-116.52,0.372,oceanic_basalt,none,,false,false,,1,0
H+71+03,71,3,-122.56,0.38,oceanic_basalt,none,,false,false,,1,0
H+72+03,72,3,-122.14,0.163,oceanic_basalt,none,,false,false,,1,0
H+73+03,73,3,-119.71,0.081,oceanic_basalt,none,,false,false,,1,0
H+74+03,74,3,-118.16,0.087,oceanic_basalt,none,,false,false,,1,0
H+75+03,75,3,-117.43,0.123,oceanic_basalt,none,,false,false,,1,0
H+76+03,76,3,-116.43,0.152,oceanic_basalt,none,,false,false,,1,0
H+77+03,77,3,-114.43,0.116,oceanic_basalt,none,,false,false,,1,0
H+78+03,78,3,-113.36,0.09,oceanic_basalt,none,,false,false,,1,0
H+79+03,79,3,-113.2,0.069,oceanic_basalt,none,,false,false,,1,0
H+00+04,0,4,-236.82,0.111,oceanic_basalt,none,,false,false,,0,0
H+01+04,1,4,-236.4,0.097,oceanic_basalt,none,,false,false,,0,0
H+02+04,2,4,-236.56,0.116,oceanic_basalt,none,,false,false,,0,0
H+03+04,3,4,-238.69,0.21,oceanic_basalt,none,,false,false,,0,0
H+04+04,4,4,-241.9,0.196,oceanic_basalt,none,,false,false,,0,0
H+05+04,5,4,-241.49,0.128,oceanic_basalt,none,,false,false,,0,0
H+06+04,6,4,-238.41,0.103,oceanic_basalt,none,,false,false,,0,0
H+07+04,7,4,-237.28,0.051,oceanic_basalt,none,,false,false,,0,0
H+08+04,8,4,-238.19,0.114,oceanic_basalt,none,,false,false,,0,0
H+09+04,9,4,-234.79,0.35,oceanic_basalt,none,,false,false,,0,0
H+10+04,10,4,-224.27,6.52,oceanic_basalt,none,,false,false,,0,0
H+11+04,11,4,-28.69,6.52,oceanic_basalt,none,,false,false,,0,0
H+12+04,12,4,-41.72,0.617,oceanic_basalt,none,,false,false,,0,0
H+13+04,13,4,-51.4,0.737,oceanic_basalt,none,,false,false,,0,0
H+14+04,14,4,-54.62,0.72,oceanic_basalt,none,,false,false,,0,0
H+15+04,15,4,-53.41,0.673,oceanic_basalt,none,,false,false,,0,0
H+16+04,16,4,-58.29,0.314,oceanic_basalt,none,,false,false,,0,0
H+17+04,17,4,-51.93,0.418,oceanic_basalt,none,,false,false,,0,0
H+18+04,18,4,-39.38,5.045,oceanic_basalt,none,,false,false,,0,0
H+19+04,19,4,-19.44,9.47,oceanic_basalt,none,,false,false,,0,0
H+20+04,20,4,264.64,9.591,coastal_sediment,none,outwash,true,false,,0,1
H+21+04,21,4,269.86,1.465,coastal_sediment,none,outwash,true,false,,0,1
H+22+04,22,4,271.49,1.462,coastal_sediment,none,outwash,true,false,,0,1
H+23+04,23,4,274.85,1.35,coastal_sediment,none,outwash,true,false,,0,1
H+24+04,24,4,314.98,2.589,suture_metamorphic,collision,outwash,true,false,,0,1
H+25+04,25,4,392.65,4.478,suture_metamorphic,collision,moraine,true,false,,0,1
H+26+04,26,4,526.98,5.997,suture_metamorphic,collision,moraine,true,false,,0,1
H+27+04,27,4,706.89,5.997,suture_metamorphic,collision,moraine,true,false,,0,1
H+28+04,28,4,588.76,5.604,basin_sediment,none,moraine,true,true,evaporite_host,0,1
H+29+04,29,4,588.76,0.0,basin_sediment,none,moraine,true,true,evaporite_host,0,1
H+30+04,30,4,588.76,0.0,basin_sediment,none,moraine,true,true,evaporite_host,0,1
H+31+04,31,4,588.76,0.0,basin_sediment,none,moraine,true,true,evaporite_host,0,1
H+32+04,32,4,588.76,0.0,basin_sediment,none,moraine,true,true,evaporite_host,0,1
H+33+04,33,4,588.76,0.0,basin_sediment,none,moraine,true,true,evaporite_host,1,1
H+34+04,34,4,588.76,0.0,basin_sediment,none,moraine,true,true,evaporite_host,1,1
H+35+04,35,4,588.76,0.0,basin_sediment,none,moraine,true,true,evaporite_host,1,1
H+36+04,36,4,588.76,0.0,basin_sediment,none,moraine,true,true,evaporite_host,1,1
H+37+04,37,4,588.76,0.0,basin_sediment,none,moraine,true,true,evaporite_host,1,1
H+38+04,38,4,588.76,6.572,basin_sediment,none,moraine,true,true,evaporite_host,1,1
H+39+04,39,4,785.91,6.691,suture_metamorphic,collision,moraine,true,false,,1,1
H+40+04,40,4,611.43,6.555,suture_metamorphic,collision,moraine,true,false,,1,1
H+41+04,41,4,451.16,6.18,suture_metamorphic,collision,moraine,true,false,,1,1
H+42+04,42,4,312.3,5.334,suture_metamorphic,collision,outwash,true,false,,1,1
H+43+04,43,4,242.98,6.24,coastal_sediment,none,outwash,true,false,,1,1
H+44+04,44,4,221.08,6.546,coastal_sediment,none,outwash,true,false,,1,1
H+45+04,45,4,66.07,6.443,coastal_sediment,none,rebound_coast,true,false,,1,1
H+46+04,46,4,50.05,6.238,coastal_sediment,none,overdeep_basin;rebound_coast,true,false,,1,1
H+47+04,47,4,26.28,2.293,coastal_sediment,none,rebound_coast,true,false,,1,1
H+48+04,48,4,2.33,2.544,coastal_sediment,none,rebound_coast,true,false,,1,1
H+49+04,49,4,-17.39,2.474,oceanic_basalt,none,,false,false,,1,0
H+50+04,50,4,-32.29,6.084,oceanic_basalt,none,,false,false,,1,0
H+51+04,51,4,86.72,5.762,coastal_sediment,none,rebound_coast,true,false,,1,1
H+52+04,52,4,86.68,1.835,coastal_sediment,none,rebound_coast,true,false,,1,1
H+53+04,53,4,86.66,1.902,coastal_sediment,none,rebound_coast,true,false,,1,1
H+54+04,54,4,77.84,1.977,coastal_sediment,none,rebound_coast,true,false,,1,1
H+55+04,55,4,84.73,1.729,coastal_sediment,none,rebound_coast,true,false,,1,1
H+56+04,56,4,92.89,1.494,coastal_sediment,none,rebound_coast,true,false,,1,1
H+57+04,57,4,90.46,1.345,coastal_sediment,none,rebound_coast,true,false,,1,1
H+58+04,58,4,91.22,1.354,coastal_sediment,none,rebound_coast,true,false,,1,1
H+59+04,59,4,96.5,4.988,coastal_sediment,none,rebound_coast,true,false,,1,1
H+60+04,60,4,-53.14,6.161,oceanic_basalt,none,,false,false,,1,0
H+61+04,61,4,-61.7,0.392,oceanic_basalt,none,,false,false,,1,0
H+62+04,62,4,-72.87,0.373,oceanic_basalt,none,,false,false,,1,0
H+63+04,63,4,-80.06,0.243,oceanic_basalt,none,,false,false,,1,0
H+64+04,64,4,-77.56,0.238,oceanic_basalt,none,,false,false,,1,0
H+65+04,65,4,-70.41,0.517,oceanic_basalt,none,,false,false,,1,0
H+66+04,66,4,-68.83,1.095,oceanic_basalt,none,,false,false,,1,0
H+67+04,67,4,-65.34,1.311,oceanic_basalt,none,,false,false,,1,0
H+68+04,68,4,-99.63,2.04,oceanic_basalt,none,,false,false,,1,0
H+69+04,69,4,-105.37,2.232,oceanic_basalt,none,,false,false,,1,0
H+70+04,70,4,-111.17,0.416,oceanic_basalt,none,,false,false,,1,0
H+71+04,71,4,-117.26,0.441,oceanic_basalt,none,,false,false,,1,0
H+72+04,72,4,-121.77,0.377,oceanic_basalt,none,,false,false,,1,0
H+73+04,73,4,-119.34,0.114,oceanic_basalt,none,,false,false,,1,0
H+74+04,74,4,-118.65,0.041,oceanic_basalt,none,,false,false,,1,0
H+75+04,75,4,-118.72,0.076,oceanic_basalt,none,,false,false,,1,0
H+76+04,76,4,-117.46,0.101,oceanic_basalt,none,,false,false,,1,0
H+77+04,77,4,-116.06,0.09,oceanic_basalt,none,,false,false,,1,0
H+78+04,78,4,-115.27,0.069,oceanic_basalt,none,,false,false,,1,0
H+79+04,79,4,-114.42,0.055,oceanic_basalt,none,,false,false,,1,0
H+00+05,0,5,-233.49,0.111,oceanic_basalt,none,,false,false,,0,0
H+01+05,1,5,-234.68,0.179,oceanic_basalt,none,,false,false,,0,0
H+02+05,2,5,-240.04,0.211,oceanic_basalt,none,,false,false,,0,0
H+03+05,3,5,-244.98,0.21,oceanic_basalt,none,,false,false,,0,0
H+04+05,4,5,-244.72,0.142,oceanic_basalt,none,,false,false,,0,0
H+05+05,5,5,-240.45,0.142,oceanic_basalt,none,,false,false,,0,0
H+06+05,6,5,-236.43,0.134,oceanic_basalt,none,,false,false,,0,0
H+07+05,7,5,-235.74,0.147,oceanic_basalt,none,,false,false,,0,0
H+08+05,8,5,-235.93,0.177,oceanic_basalt,none,,false,false,,0,0
H+09+05,9,5,-231.01,6.852,oceanic_basalt,none,,false,false,,0,0
H+10+05,10,5,-33.21,6.593,oceanic_basalt,none,,false,false,,0,0
H+11+05,11,5,-32.51,0.377,oceanic_basalt,none,,false,false,,0,0
H+12+05,12,5,-29.29,0.737,oceanic_basalt,none,,false,false,,0,0
H+13+05,13,5,-33.02,0.72,oceanic_basalt,none,,false,false,,0,0
H+14+05,14,5,-33.23,0.713,oceanic_basalt,none,,false,false,,0,0
H+15+05,15,5,-48.86,0.7,oceanic_basalt,none,,false,false,,0,0
H+16+05,16,5,-59.27,0.465,oceanic_basalt,none,,false,false,,0,0
H+17+05,17,5,-45.33,0.465,oceanic_basalt,none,,false,false,,0,0
H+18+05,18,5,-33.24,0.565,oceanic_basalt,none,,false,false,,0,0
H+19+05,19,5,-23.1,10.946,oceanic_basalt,none,,false,false,,0,0
H+20+05,20,5,305.28,11.112,coastal_sediment,none,outwash,true,false,,0,1
H+21+05,21,5,313.81,4.791,coastal_sediment,none,outwash,true,false,,0,1
H+22+05,22,5,315.34,1.462,coastal_sediment,none,outwash,true,false,,0,1
H+23+05,23,5,314.47,1.321,coastal_sediment,none,outwash,true,false,,0,1
H+24+05,24,5,341.49,3.426,suture_metamorphic,collision,outwash,true,false,,0,1
H+25+05,25,5,444.28,4.572,suture_metamorphic,collision,outwash,true,false,,0,1
H+26+05,26,5,581.45,5.848,suture_metamorphic,collision,outwash,true,false,,0,1
H+27+05,27,5,756.88,6.303,suture_metamorphic,collision,moraine,true,false,,0,1
H+28+05,28,5,588.76,5.604,basin_sediment,none,moraine,true,true,evaporite_host,0,1
H+29+05,29,5,588.76,0.0,basin_sediment,none,moraine,true,true,evaporite_host,0,1
H+30+05,30,5,588.76,0.0,basin_sediment,none,moraine,true,true,evaporite_host,0,1
H+31+05,31,5,588.76,0.0,basin_sediment,none,moraine,true,true,evaporite_host,0,1
H+32+05,32,5,588.76,0.0,basin_sediment,none,moraine,true,true,evaporite_host,0,1
H+33+05,33,5,588.76,0.0,basin_sediment,none,moraine,true,true,evaporite_host,1,1
H+34+05,34,5,588.76,0.0,basin_sediment,none,moraine,true,true,evaporite_host,1,1
H+35+05,35,5,588.76,0.0,basin_sediment,none,moraine,true,true,evaporite_host,1,1
H+36+05,36,5,588.76,0.0,basin_sediment,none,moraine,true,true,evaporite_host,1,1
H+37+05,37,5,588.76,0.0,basin_sediment,none,moraine,true,true,evaporite_host,1,1
H+38+05,38,5,588.76,6.572,basin_sediment,none,moraine,true,true,evaporite_host,1,1
H+39+05,39,5,588.76,6.572,basin_sediment,none,moraine,true,true,evaporite_host,1,1
H+40+05,40,5,636.57,6.18,suture_metamorphic,collision,moraine,true,false,,1,1
H+41+05,41,5,472.33,5.475,suture_metamorphic,collision,moraine,true,false,,1,1
H+42+05,42,5,346.09,4.208,suture_metamorphic,collision,outwash,true,false,limestone_karst,1,1
H+43+05,43,5,280.08,2.2,coastal_sediment,none,outwash,true,false,,1,1
H+44+05,44,5,259.37,6.443,coastal_sediment,none,outwash,true,false,,1,1
H+45+05,45,5,237.18,6.238,coastal_sediment,none,outwash,true,false,,1,1
H+46+05,46,5,95.08,4.737,coastal_sediment,none,rebound_coast,true,false,,1,1
H+47+05,47,5,78.65,4.341,coastal_sediment,none,rebound_coast,true,false,,1,1
H+48+05,48,5,56.81,4.498,coastal_sediment,none,rebound_coast,true,false,,1,1
H+49+05,49,5,40.71,3.895,coastal_sediment,none,rebound_coast,true,false,,1,1
H+50+05,50,5,150.24,6.084,coastal_sediment,none,none,false,false,,1,1
H+51+05,51,5,141.72,1.835,coastal_sediment,none,rebound_coast,true,false,,1,1
H+52+05,52,5,139.79,1.771,coastal_sediment,none,rebound_coast,true,false,,1,1
H+53+05,53,5,137.15,1.977,coastal_sediment,none,rebound_coast,true,false,,1,1
H+54+05,54,5,130.66,1.761,coastal_sediment,none,rebound_coast,true,false,,1,1
H+55+05,55,5,123.71,1.299,coastal_sediment,none,rebound_coast,true,false,,1,1
H+56+05,56,5,125.83,1.179,coastal_sediment,none,rebound_coast,true,false,,1,1
H+57+05,57,5,128.64,1.272,coastal_sediment,none,rebound_coast,true,false,,1,1
H+58+05,58,5,131.85,1.354,coastal_sediment,none,rebound_coast,true,false,,1,1
H+59+05,59,5,131.68,6.326,coastal_sediment,none,rebound_coast,true,false,,1,1
H+60+05,60,5,-58.1,6.326,oceanic_basalt,none,,false,false,,1,0
H+61+05,61,5,-64.03,0.295,oceanic_basalt,none,,false,false,,1,0
H+62+05,62,5,-72.76,0.291,oceanic_basalt,none,,false,false,,1,0
H+63+05,63,5,-79.08,0.269,oceanic_basalt,none,,false,false,,1,0
H+64+05,64,5,-71.0,0.537,oceanic_basalt,none,,false,false,,1,0
H+65+05,65,5,-54.89,0.537,oceanic_basalt,none,,false,false,,1,0
H+66+05,66,5,-56.3,0.418,oceanic_basalt,none,,false,false,,1,0
H+67+05,67,5,-51.56,1.602,oceanic_basalt,none,,false,false,,1,0
H+68+05,68,5,-38.43,2.232,oceanic_basalt,none,,false,false,,1,0
H+69+05,69,5,-98.7,2.588,oceanic_basalt,none,,false,false,,1,0
H+70+05,70,5,-104.02,2.765,oceanic_basalt,none,,false,false,,1,0
H+71+05,71,5,-110.47,0.401,oceanic_basalt,none,,false,false,,1,0
H+72+05,72,5,-115.91,0.382,oceanic_basalt,none,,false,false,,1,0
H+73+05,73,5,-119.06,0.291,oceanic_basalt,none,,false,false,,1,0
H+74+05,74,5,-118.5,0.098,oceanic_basalt,none,,false,false,,1,0
H+75+05,75,5,-118.4,0.031,oceanic_basalt,none,,false,false,,1,0
H+76+05,76,5,-117.71,0.055,oceanic_basalt,none,,false,false,,1,0
H+77+05,77,5,-116.32,0.046,oceanic_basalt,none,,false,false,,1,0
H+78+05,78,5,-116.08,0.055,oceanic_basalt,none,,false,false,,1,0
H+79+05,79,5,-116.02,0.053,oceanic_basalt,none,,false,false,,1,0
H+00+06,0,6,-231.03,0.121,oceanic_basalt,none,,false,false,,0,0
H+01+06,1,6,-233.71,0.22,oceanic_basalt,none,,false,false,,0,0
H+02+06,2,6,-240.32,0.273,oceanic_basalt,none,,false,false,,0,0
H+03+06,3,6,-244.76,0.327,oceanic_basalt,none,,false,false,,0,0
H+04+06,4,6,-243.57,0.255,oceanic_basalt,none,,false,false,,0,0
H+05+06,5,6,-238.36,0.226,oceanic_basalt,none,,false,false,,0,0
H+06+06,6,6,-232.63,0.235,oceanic_basalt,none,,false,false,,0,0
H+07+06,7,6,-231.32,0.346,oceanic_basalt,none,,false,false,,0,0
H+08+06,8,6,-230.62,6.839,oceanic_basalt,none,,false,false,,0,0
H+09+06,9,6,-25.44,6.852,oceanic_basalt,none,,false,false,,0,0
H+10+06,10,6,-22.67,1.655,oceanic_basalt,none,,false,false,,0,0
H+11+06,11,6,-21.2,1.628,oceanic_basalt,none,,false,false,,0,0
H+12+06,12,6,-19.98,1.502,oceanic_basalt,none,,false,false,,0,0
H+13+06,13,6,-27.87,1.559,oceanic_basalt,none,,false,false,,0,0
H+14+06,14,6,-27.86,2.164,oceanic_basalt,none,,false,false,,0,0
H+15+06,15,6,-47.66,1.854,oceanic_basalt,none,,false,false,,0,0
H+16+06,16,6,-53.89,1.893,oceanic_basalt,none,,false,false,,0,0
H+17+06,17,6,-50.19,2.382,oceanic_basalt,none,,false,false,,0,0
H+18+06,18,6,-40.67,2.699,oceanic_basalt,none,,false,false,,0,0
H+19+06,19,6,-28.07,11.112,oceanic_basalt,none,,false,false,,0,0
H+20+06,20,6,170.09,8.921,rift_volcanics,rift,u_valley,true,false,,3,1
H+21+06,21,6,311.61,8.695,rift_volcanics,rift,outwash,true,false,,3,1
H+22+06,22,6,304.94,8.366,rift_volcanics,rift,outwash,true,false,,3,1
H+23+06,23,6,304.1,8.567,rift_volcanics,rift,outwash,true,false,,3,1
H+24+06,24,6,326.12,9.301,rift_volcanics,rift,outwash,true,false,,3,1
H+25+06,25,6,426.83,11.789,rift_volcanics,rift,outwash,true,false,,3,1
H+26+06,26,6,567.78,13.312,rift_volcanics,rift,outwash,true,false,,3,1
H+27+06,27,6,746.94,14.33,rift_volcanics,rift,outwash,true,false,,3,1
H+28+06,28,6,588.76,8.296,basin_sediment,none,u_valley;outwash,true,true,evaporite_host,3,1
H+29+06,29,6,588.76,15.395,basin_sediment,none,u_valley;moraine,true,true,evaporite_host,3,1
H+30+06,30,6,588.76,15.395,basin_sediment,none,u_valley;moraine,true,true,evaporite_host,3,1
H+31+06,31,6,588.76,0.0,basin_sediment,none,moraine,true,true,evaporite_host,3,1
H+32+06,32,6,588.76,0.0,basin_sediment,none,moraine,true,true,evaporite_host,3,1
H+33+06,33,6,588.76,0.0,basin_sediment,none,outwash,true,true,evaporite_host,3,1
H+34+06,34,6,588.76,0.0,basin_sediment,none,outwash,true,true,evaporite_host,3,1
H+35+06,35,6,588.76,0.0,basin_sediment,none,moraine,true,true,evaporite_host,3,1
H+36+06,36,6,588.76,0.0,basin_sediment,none,moraine,true,true,evaporite_host,3,1
H+37+06,37,6,588.76,0.0,basin_sediment,none,moraine,true,true,evaporite_host,3,1
H+38+06,38,6,588.76,0.0,basin_sediment,none,moraine,true,true,evaporite_host,3,1
H+39+06,39,6,588.76,2.656,basin_sediment,none,moraine,true,true,evaporite_host,3,1
H+40+06,40,6,612.64,5.409,rift_volcanics,rift,moraine,true,false,,3,1
H+41+06,41,6,450.37,5.409,rift_volcanics,rift,outwash,true,false,,3,1
H+42+06,42,6,323.38,4.233,rift_volcanics,rift,outwash,true,false,,3,1
H+43+06,43,6,257.93,3.943,rift_volcanics,rift,outwash,true,false,,3,1
H+44+06,44,6,240.79,3.734,rift_volcanics,rift,outwash,true,false,,3,1
H+45+06,45,6,228.77,4.456,rift_volcanics,rift,outwash,true,false,,3,1
H+46+06,46,6,208.86,4.341,rift_volcanics,rift,outwash,true,false,,3,1
H+47+06,47,6,191.76,5.018,rift_volcanics,rift,none,false,false,,3,1
H+48+06,48,6,41.22,5.018,rift_volcanics,rift,rebound_coast,true,false,,3,1
H+49+06,49,6,157.56,4.565,rift_volcanics,rift,none,false,false,volcanic_host,3,1
H+50+06,50,6,150.75,4.391,rift_volcanics,rift,none,false,false,,3,1
H+51+06,51,6,131.88,3.983,rift_volcanics,rift,rebound_coast,true,false,,3,1
H+52+06,52,6,132.32,3.997,rift_volcanics,rift,rebound_coast,true,false,,3,1
H+53+06,53,6,132.1,3.9,rift_volcanics,rift,rebound_coast,true,false,,3,1
H+54+06,54,6,121.08,3.722,rift_volcanics,rift,rebound_coast,true,false,,3,1
H+55+06,55,6,121.77,3.789,rift_volcanics,rift,rebound_coast,true,false,,3,1
H+56+06,56,6,115.63,3.764,rift_volcanics,rift,rebound_coast,true,false,,3,1
H+57+06,57,6,118.75,3.868,rift_volcanics,rift,rebound_coast,true,false,,3,1
H+58+06,58,6,132.19,3.93,rift_volcanics,rift,rebound_coast,true,false,,3,1
H+59+06,59,6,115.04,6.146,rift_volcanics,rift,rebound_coast,true,false,,3,1
H+60+06,60,6,-69.35,6.146,oceanic_basalt,none,,false,false,,1,0
H+61+06,61,6,-69.17,2.385,oceanic_basalt,none,,false,false,,1,0
H+62+06,62,6,-76.06,2.459,oceanic_basalt,none,,false,false,,1,0
H+63+06,63,6,-79.72,2.422,oceanic_basalt,none,,false,false,,1,0
H+64+06,64,6,-69.52,2.762,oceanic_basalt,none,,false,false,,1,0
H+65+06,65,6,-60.81,2.667,oceanic_basalt,none,,false,false,,1,0
H+66+06,66,6,-51.56,2.758,oceanic_basalt,none,,false,false,,1,0
H+67+06,67,6,-47.06,2.534,oceanic_basalt,none,,false,false,,1,0
H+68+06,68,6,-37.44,2.624,oceanic_basalt,none,,false,false,,1,0
H+69+06,69,6,-21.07,2.765,oceanic_basalt,none,,false,false,,1,0
H+70+06,70,6,-98.43,2.579,oceanic_basalt,none,,false,false,,1,0
H+71+06,71,6,-104.44,0.382,oceanic_basalt,none,,false,false,,1,0
H+72+06,72,6,-110.33,0.362,oceanic_basalt,none,,false,false,,1,0
H+73+06,73,6,-115.54,0.374,oceanic_basalt,none,,false,false,,1,0
H+74+06,74,6,-119.32,0.301,oceanic_basalt,none,,false,false,,1,0
H+75+06,75,6,-118.3,0.134,oceanic_basalt,none,,false,false,,1,0
H+76+06,76,6,-117.45,0.038,oceanic_basalt,none,,false,false,,1,0
H+77+06,77,6,-117.28,0.04,oceanic_basalt,none,,false,false,,1,0
H+78+06,78,6,-116.94,0.051,oceanic_basalt,none,,false,false,,1,0
H+79+06,79,6,-117.39,0.046,oceanic_basalt,none,,false,false,,1,0
H+00+07,0,7,-230.27,0.115,oceanic_basalt,none,,false,false,,0,0
H+01+07,1,7,-232.12,0.273,oceanic_basalt,none,,false,false,,0,0
H+02+07,2,7,-234.96,0.327,oceanic_basalt,none,,false,false,,0,0
H+03+07,3,7,-237.54,0.344,oceanic_basalt,none,,false,false,,0,0
H+04+07,4,7,-235.92,0.367,oceanic_basalt,none,,false,false,,0,0
H+05+07,5,7,-231.59,0.409,oceanic_basalt,none,,false,false,,0,0
H+06+07,6,7,-225.57,0.395,oceanic_basalt,none,,false,false,,0,0
H+07+07,7,7,-220.96,4.63,oceanic_basalt,none,,false,false,,0,0
H+08+07,8,7,-82.05,4.952,oceanic_basalt,none,,false,false,,0,0
H+09+07,9,7,-72.33,2.409,oceanic_basalt,none,,false,false,,0,0
H+10+07,10,7,-70.06,2.147,oceanic_basalt,none,,false,false,,0,0
H+11+07,11,7,-65.04,2.158,oceanic_basalt,none,,false,false,,0,0
H+12+07,12,7,-64.69,2.139,oceanic_basalt,none,,false,false,,0,0
H+13+07,13,7,-74.64,2.109,oceanic_basalt,none,,false,false,,0,0
H+14+07,14,7,-92.78,2.164,oceanic_basalt,none,,false,false,,0,0
H+15+07,15,7,-103.29,2.043,oceanic_basalt,none,,false,false,,0,0
H+16+07,16,7,-110.68,2.144,oceanic_basalt,none,,false,false,,0,0
H+17+07,17,7,-121.65,2.699,oceanic_basalt,none,,false,false,,0,0
H+18+07,18,7,-116.73,2.955,oceanic_basalt,none,,false,false,,0,0
H+19+07,19,7,-97.54,8.921,oceanic_basalt,none,,false,false,,0,0
H+20+07,20,7,50.76,8.695,rift_volcanics,rift,u_valley;overdeep_basin;rebound_coast,true,false,,3,1
H+21+07,21,7,64.9,8.224,rift_volcanics,rift,u_valley;overdeep_basin;rebound_coast,true,false,,3,1
H+22+07,22,7,53.96,8.366,rift_volcanics,rift,u_valley;overdeep_basin;rebound_coast,true,false,,3,1
H+23+07,23,7,47.08,9.301,rift_volcanics,rift,u_valley;overdeep_basin;rebound_coast,true,false,,3,1
H+24+07,24,7,73.15,11.789,rift_volcanics,rift,u_valley;overdeep_basin;rebound_coast,true,false,,3,1
H+25+07,25,7,168.43,13.312,rift_volcanics,rift,u_valley;overdeep_basin,true,false,,3,1
H+26+07,26,7,317.05,14.33,rift_volcanics,rift,u_valley;outwash,true,false,,3,1
H+27+07,27,7,632.56,14.711,rift_volcanics,rift,outwash,true,false,,3,1
H+28+07,28,7,837.63,15.685,rift_volcanics,rift,outwash,true,false,,3,1
H+29+07,29,7,1050.61,16.114,rift_volcanics,rift,none,false,false,,3,1
H+30+07,30,7,588.76,15.395,basin_sediment,none,u_valley;outwash,true,true,evaporite_host,3,1
H+31+07,31,7,588.76,0.0,basin_sediment,none,outwash,true,true,evaporite_host,3,1
H+32+07,32,7,588.76,0.0,basin_sediment,none,outwash,true,true,evaporite_host,3,1
H+33+07,33,7,588.76,0.0,basin_sediment,none,outwash,true,true,evaporite_host,3,1
H+34+07,34,7,588.76,0.0,basin_sediment,none,outwash,true,true,evaporite_host,3,1
H+35+07,35,7,588.76,0.0,basin_sediment,none,outwash,true,true,evaporite_host,3,1
H+36+07,36,7,588.76,0.0,basin_sediment,none,outwash,true,true,evaporite_host,3,1
H+37+07,37,7,588.76,0.0,basin_sediment,none,outwash,true,true,evaporite_host,3,1
H+38+07,38,7,588.76,5.099,basin_sediment,none,outwash,true,true,evaporite_host,3,1
H+39+07,39,7,668.43,6.007,rift_volcanics,rift,outwash,true,false,,3,1
H+40+07,40,7,488.22,6.007,rift_volcanics,rift,outwash,true,false,,3,1
H+41+07,41,7,322.87,5.512,rift_volcanics,rift,outwash,true,false,,3,1
H+42+07,42,7,198.66,4.406,rift_volcanics,rift,none,false,false,,3,1
H+43+07,43,7,139.64,4.256,rift_volcanics,rift,rebound_coast,true,false,,3,1
H+44+07,44,7,128.77,4.126,rift_volcanics,rift,rebound_coast,true,false,,3,1
H+45+07,45,7,115.62,3.979,rift_volcanics,rift,rebound_coast,true,false,,3,1
H+46+07,46,7,96.77,4.051,rift_volcanics,rift,rebound_coast,true,false,,3,1
H+47+07,47,7,70.11,4.055,rift_volcanics,rift,rebound_coast,true,false,,3,1
H+48+07,48,7,45.82,3.934,rift_volcanics,rift,rebound_coast,true,false,,3,1
H+49+07,49,7,20.62,4.565,rift_volcanics,rift,rebound_coast,true,false,,3,1
H+50+07,50,7,19.03,4.391,rift_volcanics,rift,rebound_coast,true,false,,3,1
H+51+07,51,7,12.39,3.997,rift_volcanics,rift,rebound_coast,true,false,,3,1
H+52+07,52,7,15.15,3.906,rift_volcanics,rift,rebound_coast,true,false,,3,1
H+53+07,53,7,15.11,3.916,rift_volcanics,rift,rebound_coast,true,false,,3,1
H+54+07,54,7,9.41,3.745,rift_volcanics,rift,rebound_coast,true,false,,3,1
H+55+07,55,7,8.09,3.789,rift_volcanics,rift,rebound_coast,true,false,,3,1
H+56+07,56,7,2.71,3.868,rift_volcanics,rift,rebound_coast,true,false,,3,1
H+57+07,57,7,14.28,3.942,rift_volcanics,rift,rebound_coast,true,false,,3,1
H+58+07,58,7,17.75,3.875,rift_volcanics,rift,rebound_coast,true,false,,3,1
H+59+07,59,7,6.62,4.888,rift_volcanics,rift,rebound_coast,true,false,,3,1
H+60+07,60,7,-140.03,4.888,oceanic_basalt,none,,false,false,,1,0
H+61+07,61,7,-140.72,2.385,oceanic_basalt,none,,false,false,,1,0
H+62+07,62,7,-149.84,2.459,oceanic_basalt,none,,false,false,,1,0
H+63+07,63,7,-152.38,2.762,oceanic_basalt,none,,false,false,,1,0
H+64+07,64,7,-140.83,2.667,oceanic_basalt,none,,false,false,,1,0
H+65+07,65,7,-134.31,2.758,oceanic_basalt,none,,false,false,,1,0
H+66+07,66,7,-123.07,2.592,oceanic_basalt,none,,false,false,,1,0
H+67+07,67,7,-116.17,2.7,oceanic_basalt,none,,false,false,,1,0
H+68+07,68,7,-103.92,2.966,oceanic_basalt,none,,false,false,,1,0
H+69+07,69,7,-100.84,2.732,oceanic_basalt,none,,false,false,,1,0
H+70+07,70,7,-93.73,2.77,oceanic_basalt,none,,false,false,,1,0
H+71+07,71,7,-99.46,2.446,oceanic_basalt,none,,false,false,,1,0
H+72+07,72,7,-104.34,0.374,oceanic_basalt,none,,false,false,,1,0
H+73+07,73,7,-110.31,0.346,oceanic_basalt,none,,false,false,,1,0
H+74+07,74,7,-114.27,0.273,oceanic_basalt,none,,false,false,,1,0
H+75+07,75,7,-116.68,0.228,oceanic_basalt,none,,false,false,,1,0
H+76+07,76,7,-118.49,0.203,oceanic_basalt,none,,false,false,,1,0
H+77+07,77,7,-118.48,0.103,oceanic_basalt,none,,false,false,,1,0
H+78+07,78,7,-117.17,0.044,oceanic_basalt,none,,false,false,,1,0
H+79+07,79,7,-117.53,0.032,oceanic_basalt,none,,false,false,,1,0
H+00+08,0,8,-232.19,0.137,oceanic_basalt,none,,false,false,,0,0
H+01+08,1,8,-229.36,0.187,oceanic_basalt,none,,false,false,,0,0
H+02+08,2,8,-227.41,0.338,oceanic_basalt,none,,false,false,,0,0
H+03+08,3,8,-227.23,0.344,oceanic_basalt,none,,false,false,,0,0
H+04+08,4,8,-224.92,0.387,oceanic_basalt,none,,false,false,,0,0
H+05+08,5,8,-219.33,0.409,oceanic_basalt,none,,false,false,,0,0
H+06+08,6,8,-213.72,2.581,oceanic_basalt,none,,false,false,,0,0
H+07+08,7,8,-136.28,2.822,oceanic_basalt,none,,false,false,,0,0
H+08+08,8,8,-144.61,2.538,oceanic_basalt,none,,false,false,,0,0
H+09+08,9,8,-134.47,2.147,oceanic_basalt,none,,false,false,,0,0
H+10+08,10,8,-129.78,2.158,oceanic_basalt,none,,false,false,,0,0
H+11+08,11,8,-124.11,1.981,oceanic_basalt,none,,false,false,,0,0
H+12+08,12,8,-128.88,2.139,oceanic_basalt,none,,false,false,,0,0
H+13+08,13,8,-137.92,2.109,oceanic_basalt,none,,false,false,,0,0
H+14+08,14,8,-146.57,2.191,oceanic_basalt,none,,false,false,,0,0
H+15+08,15,8,-164.58,2.116,oceanic_basalt,none,,false,false,,0,0
H+16+08,16,8,-175.01,2.454,oceanic_basalt,none,,false,false,,0,0
H+17+08,17,8,-191.44,2.49,oceanic_basalt,none,,false,false,,0,0
H+18+08,18,8,-190.15,3.087,oceanic_basalt,none,,false,false,,0,0
H+19+08,19,8,-179.55,7.677,oceanic_basalt,none,,false,false,,0,0
H+20+08,20,8,-70.83,6.265,oceanic_basalt,none,,false,false,,3,0
H+21+08,21,8,-65.33,4.588,oceanic_basalt,none,,false,false,,3,0
H+22+08,22,8,-75.81,4.4,oceanic_basalt,none,,false,false,,3,0
H+23+08,23,8,-75.55,4.957,oceanic_basalt,none,,false,false,,3,0
H+24+08,24,8,-55.22,7.455,oceanic_basalt,none,,false,false,,3,0
H+25+08,25,8,42.87,9.14,rift_volcanics,rift,u_valley;overdeep_basin,true,false,,3,1
H+26+08,26,8,191.24,14.711,rift_volcanics,rift,u_valley;overdeep_basin,true,false,,3,1
H+27+08,27,8,367.07,15.685,rift_volcanics,rift,u_valley;overdeep_basin;outwash,true,false,,3,1
H+28+08,28,8,567.18,16.114,rift_volcanics,rift,u_valley;overdeep_basin;outwash,true,false,,3,1
H+29+08,29,8,785.97,12.341,rift_volcanics,rift,u_valley;outwash,true,false,,3,1
H+30+08,30,8,588.76,9.55,basin_sediment,none,u_valley;overdeep_basin;outwash,true,true,evaporite_host,3,1
H+31+08,31,8,588.76,9.55,basin_sediment,none,u_valley;overdeep_basin;outwash,true,true,evaporite_host,3,1
H+32+08,32,8,588.76,0.0,basin_sediment,none,overdeep_basin;outwash,true,true,evaporite_host,3,1
H+33+08,33,8,588.76,0.0,basin_sediment,none,overdeep_basin;outwash,true,true,evaporite_host,3,1
H+34+08,34,8,588.76,0.0,basin_sediment,none,overdeep_basin;outwash,true,true,evaporite_host,3,1
H+35+08,35,8,588.76,0.0,basin_sediment,none,outwash,true,true,evaporite_host,3,1
H+36+08,36,8,588.76,0.0,basin_sediment,none,outwash,true,true,evaporite_host,3,1
H+37+08,37,8,588.76,5.099,basin_sediment,none,outwash,true,true,evaporite_host,3,1
H+38+08,38,8,741.74,6.786,rift_volcanics,rift,outwash,true,false,,3,1
H+39+08,39,8,538.16,6.786,rift_volcanics,rift,outwash,true,false,,3,1
H+40+08,40,8,358.8,8.742,rift_volcanics,rift,outwash,true,false,,3,1
H+41+08,41,8,193.91,8.892,rift_volcanics,rift,none,false,false,,3,1
H+42+08,42,8,66.49,9.03,rift_volcanics,rift,none,false,false,,3,1
H+43+08,43,8,11.96,8.645,rift_volcanics,rift,none,false,false,,3,1
H+44+08,44,8,5.0,8.413,rift_volcanics,rift,none,false,false,,3,1
H+45+08,45,8,-3.76,4.354,oceanic_basalt,none,,false,false,,3,0
H+46+08,46,8,-24.77,4.201,oceanic_basalt,none,,false,false,,3,0
H+47+08,47,8,-47.0,3.904,oceanic_basalt,none,,false,false,,3,0
H+48+08,48,8,-72.18,3.934,oceanic_basalt,none,,false,false,,3,0
H+49+08,49,8,-86.49,3.66,oceanic_basalt,none,,false,false,,3,0
H+50+08,50,8,-93.97,3.829,oceanic_basalt,none,,false,false,,3,0
H+51+08,51,8,-99.86,3.833,oceanic_basalt,none,,false,false,,3,0
H+52+08,52,8,-101.11,3.875,oceanic_basalt,none,,false,false,,3,0
H+53+08,53,8,-102.36,3.916,oceanic_basalt,none,,false,false,,3,0
H+54+08,54,8,-102.19,3.72,oceanic_basalt,none,,false,false,,3,0
H+55+08,55,8,-102.01,3.67,oceanic_basalt,none,,false,false,,3,0
H+56+08,56,8,-103.97,3.942,oceanic_basalt,none,,false,false,,3,0
H+57+08,57,8,-97.42,3.898,oceanic_basalt,none,,false,false,,3,0
H+58+08,58,8,-98.49,3.982,oceanic_basalt,none,,false,false,,3,0
H+59+08,59,8,-103.59,3.812,oceanic_basalt,none,,false,false,,3,0
H+60+08,60,8,-198.55,3.165,oceanic_basalt,none,,false,false,,1,0
H+61+08,61,8,-207.72,2.233,oceanic_basalt,none,,false,false,,1,0
H+62+08,62,8,-215.8,2.199,oceanic_basalt,none,,false,false,,1,0
H+63+08,63,8,-217.6,2.559,oceanic_basalt,none,,false,false,,1,0
H+64+08,64,8,-207.72,2.447,oceanic_basalt,none,,false,false,,1,0
H+65+08,65,8,-200.83,2.628,oceanic_basalt,none,,false,false,,1,0
H+66+08,66,8,-197.18,2.704,oceanic_basalt,none,,false,false,,1,0
H+67+08,67,8,-192.91,2.966,oceanic_basalt,none,,false,false,,1,0
H+68+08,68,8,-182.81,3.076,oceanic_basalt,none,,false,false,,1,0
H+69+08,69,8,-176.82,2.982,oceanic_basalt,none,,false,false,,1,0
H+70+08,70,8,-172.85,2.738,oceanic_basalt,none,,false,false,,1,0
H+71+08,71,8,-94.41,5.265,oceanic_basalt,none,,false,false,,1,0
H+72+08,72,8,-99.93,5.081,oceanic_basalt,none,,false,false,,1,0
H+73+08,73,8,-106.07,0.322,oceanic_basalt,none,,false,false,,1,0
H+74+08,74,8,-109.85,0.273,oceanic_basalt,none,,false,false,,1,0
H+75+08,75,8,-112.39,0.221,oceanic_basalt,none,,false,false,,1,0
H+76+08,76,8,-115.4,0.231,oceanic_basalt,none,,false,false,,1,0
H+77+08,77,8,-116.73,0.205,oceanic_basalt,none,,false,false,,1,0
H+78+08,78,8,-117.24,0.143,oceanic_basalt,none,,false,false,,1,0
H+79+08,79,8,-116.56,0.032,oceanic_basalt,none,,false,false,,1,0
H+00+09,0,9,-228.07,0.25,oceanic_basalt,none,,false,false,,0,0
H+01+09,1,9,-224.64,0.216,oceanic_basalt,none,,false,false,,0,0
H+02+09,2,9,-221.1,0.211,oceanic_basalt,none,,false,false,,0,0
H+03+09,3,9,-217.57,0.322,oceanic_basalt,none,,false,false,,0,0
H+04+09,4,9,-213.33,0.387,oceanic_basalt,none,,false,false,,0,0
H+05+09,5,9,-207.42,2.213,oceanic_basalt,none,,false,false,,0,0
H+06+09,6,9,-201.65,4.439,oceanic_basalt,none,,false,false,,0,0
H+07+09,7,9,-68.48,4.439,oceanic_basalt,none,,false,false,,0,0
H+08+09,8,9,-73.06,2.385,oceanic_basalt,none,,false,false,,0,0
H+09+09,9,9,-80.95,2.26,oceanic_basalt,none,,false,false,,0,0
H+10+09,10,9,-77.47,2.607,oceanic_basalt,none,,false,false,,0,0
H+11+09,11,9,-74.91,2.692,oceanic_basalt,none,,false,false,,0,0
H+12+09,12,9,-82.79,2.798,oceanic_basalt,none,,false,false,,0,0
H+13+09,13,9,-86.67,4.188,oceanic_basalt,none,,false,false,,0,0
H+14+09,14,9,-212.3,4.188,oceanic_basalt,none,,false,false,,0,0
H+15+09,15,9,-228.05,2.621,oceanic_basalt,none,,false,false,,0,0
H+16+09,16,9,-248.62,2.454,oceanic_basalt,none,,false,false,,0,0
H+17+09,17,9,-260.03,2.329,oceanic_basalt,none,,false,false,,0,0
H+18+09,18,9,-264.71,2.839,oceanic_basalt,none,,false,false,,0,0
H+19+09,19,9,-258.77,6.265,oceanic_basalt,none,,false,false,,0,0
H+20+09,20,9,-202.97,4.588,oceanic_basalt,none,,false,false,,3,0
H+21+09,21,9,-198.95,4.454,oceanic_basalt,none,,false,false,,3,0
H+22+09,22,9,-207.8,4.408,oceanic_basalt,none,,false,false,,3,0
H+23+09,23,9,-207.52,5.077,oceanic_basalt,none,,false,false,,3,0
H+24+09,24,9,-191.62,7.816,oceanic_basalt,none,,false,false,,3,0
H+25+09,25,9,-92.1,9.444,oceanic_basalt,none,,false,false,,3,0
H+26+09,26,9,56.87,10.34,rift_volcanics,rift,u_valley;overdeep_basin,true,false,,3,1
H+27+09,27,9,222.81,11.479,rift_volcanics,rift,u_valley;overdeep_basin;outwash,true,false,,3,1
H+28+09,28,9,415.75,12.341,rift_volcanics,rift,u_valley;overdeep_basin;outwash,true,false,,3,1
H+29+09,29,9,636.55,11.859,rift_volcanics,rift,u_valley;outwash,true,false,,3,1
H+30+09,30,9,875.25,12.671,rift_volcanics,rift,u_valley;outwash,true,false,,3,1
H+31+09,31,9,588.76,9.55,basin_sediment,none,u_valley;overdeep_basin;outwash,true,true,evaporite_host,3,1
H+32+09,32,9,588.76,0.0,basin_sediment,none,overdeep_basin;outwash,true,true,evaporite_host,3,1
H+33+09,33,9,588.76,0.0,basin_sediment,none,overdeep_basin;outwash,true,true,evaporite_host,3,1
H+34+09,34,9,588.76,0.0,basin_sediment,none,overdeep_basin;outwash,true,true,evaporite_host,3,1
H+35+09,35,9,588.76,0.0,basin_sediment,none,overdeep_basin;outwash,true,true,evaporite_host,3,1
H+36+09,36,9,588.76,0.0,basin_sediment,none,outwash,true,true,evaporite_host,3,1
H+37+09,37,9,588.76,5.216,basin_sediment,none,outwash,true,true,evaporite_host,3,1
H+38+09,38,9,620.38,6.954,rift_volcanics,rift,outwash,true,false,,3,1
H+39+09,39,9,411.76,10.508,rift_volcanics,rift,outwash,true,false,,3,1
H+40+09,40,9,96.53,10.508,rift_volcanics,rift,u_valley,true,false,,3,1
H+41+09,41,9,-72.86,8.892,oceanic_basalt,none,,false,false,,3,0
H+42+09,42,9,-204.4,9.03,oceanic_basalt,none,,false,false,,3,0
H+43+09,43,9,-247.38,8.645,oceanic_basalt,none,,false,false,,3,0
H+44+09,44,9,-123.7,8.276,oceanic_basalt,none,,false,false,,3,0
H+45+09,45,9,-134.39,4.409,oceanic_basalt,none,,false,false,,3,0
H+46+09,46,9,-150.81,4.297,oceanic_basalt,none,,false,false,,3,0
H+47+09,47,9,-163.55,4.125,oceanic_basalt,none,,false,false,,3,0
H+48+09,48,9,-181.63,3.953,oceanic_basalt,none,,false,false,,3,0
H+49+09,49,9,-196.29,3.98,oceanic_basalt,none,,false,false,,3,0
H+50+09,50,9,-208.85,3.829,oceanic_basalt,none,,false,false,,3,0
H+51+09,51,9,-207.82,3.919,oceanic_basalt,none,,false,false,,3,0
H+52+09,52,9,-210.7,3.823,oceanic_basalt,none,,false,false,,3,0
H+53+09,53,9,-210.04,3.705,oceanic_basalt,none,,false,false,,3,0
H+54+09,54,9,-207.18,3.8,oceanic_basalt,none,,false,false,,3,0
H+55+09,55,9,-210.92,3.63,oceanic_basalt,none,,false,false,,3,0
H+56+09,56,9,-211.47,3.802,oceanic_basalt,none,,false,false,,3,0
H+57+09,57,9,-214.36,4.057,oceanic_basalt,none,,false,false,,3,0
H+58+09,58,9,-217.95,3.982,oceanic_basalt,none,,false,false,,3,0
H+59+09,59,9,-209.53,4.214,oceanic_basalt,none,,false,false,,3,0
H+60+09,60,9,-253.95,2.533,oceanic_basalt,none,,false,false,,1,0
H+61+09,61,9,-268.77,2.039,oceanic_basalt,none,,false,false,,1,0
H+62+09,62,9,-277.31,2.05,oceanic_basalt,none,,false,false,,1,0
H+63+09,63,9,-280.38,2.422,oceanic_basalt,none,,false,false,,1,0
H+64+09,64,9,-279.67,2.628,oceanic_basalt,none,,false,false,,1,0
H+65+09,65,9,-275.87,2.623,oceanic_basalt,none,,false,false,,1,0
H+66+09,66,9,-278.29,2.846,oceanic_basalt,none,,false,false,,1,0
H+67+09,67,9,-275.08,3.076,oceanic_basalt,none,,false,false,,1,0
H+68+09,68,9,-266.27,2.982,oceanic_basalt,none,,false,false,,1,0
H+69+09,69,9,-254.99,2.798,oceanic_basalt,none,,false,false,,1,0
H+70+09,70,9,-243.18,4.959,oceanic_basalt,none,,false,false,,1,0
H+71+09,71,9,-252.35,5.265,oceanic_basalt,none,,false,false,,1,0
H+72+09,72,9,-96.42,7.761,oceanic_basalt,none,,false,false,,1,0
H+73+09,73,9,-101.66,7.586,oceanic_basalt,none,,false,false,,1,0
H+74+09,74,9,-105.76,0.325,oceanic_basalt,none,,false,false,,1,0
H+75+09,75,9,-108.48,0.287,oceanic_basalt,none,,false,false,,1,0
H+76+09,76,9,-110.56,0.252,oceanic_basalt,none,,false,false,,1,0
H+77+09,77,9,-112.96,0.23,oceanic_basalt,none,,false,false,,1,0
H+78+09,78,9,-116.29,0.213,oceanic_basalt,none,,false,false,,1,0
H+79+09,79,9,-116.25,0.12,oceanic_basalt,none,,false,false,,1,0
H+00+10,0,10,-220.56,4.554,oceanic_basalt,none,,false,false,,0,0
H+01+10,1,10,-218.16,4.568,oceanic_basalt,none,,false,false,,0,0
H+02+10,2,10,-215.28,4.471,oceanic_basalt,none,,false,false,,0,0
H+03+10,3,10,-210.51,0.235,oceanic_basalt,none,,false,false,,0,0
H+04+10,4,10,-205.31,4.553,oceanic_basalt,none,,false,false,,0,0
H+05+10,5,10,-141.02,2.41,oceanic_basalt,none,,false,false,,0,0
H+06+10,6,10,-134.68,2.232,oceanic_basalt,none,,false,false,,0,0
H+07+10,7,10,-139.03,2.352,oceanic_basalt,none,,false,false,,0,0
H+08+10,8,10,-142.38,2.311,oceanic_basalt,none,,false,false,,0,0
H+09+10,9,10,-148.75,2.376,oceanic_basalt,none,,false,false,,0,0
H+10+10,10,10,-155.66,2.692,oceanic_basalt,none,,false,false,,0,0
H+11+10,11,10,-155.44,2.684,oceanic_basalt,none,,false,false,,0,0
H+12+10,12,10,-166.72,2.798,oceanic_basalt,none,,false,false,,0,0
H+13+10,13,10,-170.6,2.798,oceanic_basalt,none,,false,false,,0,0
H+14+10,14,10,-173.07,4.454,oceanic_basalt,none,,false,false,,0,0
H+15+10,15,10,-306.7,4.454,oceanic_basalt,none,,false,false,,0,0
H+16+10,16,10,-313.74,3.944,oceanic_basalt,none,,false,false,,0,0
H+17+10,17,10,-325.6,2.186,oceanic_basalt,none,,false,false,,0,0
H+18+10,18,10,-333.74,2.499,oceanic_basalt,none,,false,false,,0,0
H+19+10,19,10,-334.21,4.375,oceanic_basalt,none,,false,false,,0,0
H+20+10,20,10,-332.07,4.437,oceanic_basalt,none,,false,false,,3,0
H+21+10,21,10,-325.36,4.214,oceanic_basalt,none,,false,false,,3,0
H+22+10,22,10,-332.99,4.182,oceanic_basalt,none,,false,false,,3,0
H+23+10,23,10,-338.08,4.882,oceanic_basalt,none,,false,false,,3,0
H+24+10,24,10,-323.67,7.719,oceanic_basalt,none,,false,false,,3,0
H+25+10,25,10,-220.04,9.23,oceanic_basalt,none,,false,false,,3,0
H+26+10,26,10,-80.6,10.114,oceanic_basalt,none,,false,false,,3,0
H+27+10,27,10,85.48,11.009,rift_volcanics,rift,u_valley;overdeep_basin,true,false,,3,1
H+28+10,28,10,280.78,11.859,rift_volcanics,rift,u_valley;overdeep_basin;outwash,true,false,,3,1
H+29+10,29,10,495.12,12.671,rift_volcanics,rift,u_valley;overdeep_basin;outwash,true,false,,3,1
H+30+10,30,10,734.24,8.421,rift_volcanics,rift,u_valley;outwash,true,false,,3,1
H+31+10,31,10,588.76,4.849,basin_sediment,none,overdeep_basin;outwash,true,true,evaporite_host,3,1
H+32+10,32,10,588.76,0.0,basin_sediment,none,overdeep_basin;outwash,true,true,evaporite_host,3,1
H+33+10,33,10,588.76,0.0,basin_sediment,none,overdeep_basin;outwash,true,true,evaporite_host,3,1
H+34+10,34,10,588.76,0.0,basin_sediment,none,overdeep_basin;outwash,true,true,evaporite_host,3,1
H+35+10,35,10,588.76,0.0,basin_sediment,none,overdeep_basin;outwash,true,true,evaporite_host,3,1
H+36+10,36,10,588.76,5.216,basin_sediment,none,outwash,true,true,evaporite_host,3,1
H+37+10,37,10,745.24,8.008,rift_volcanics,rift,outwash,true,false,,3,1
H+38+10,38,10,505.01,8.008,rift_volcanics,rift,outwash,true,false,,3,1
H+39+10,39,10,284.94,10.712,rift_volcanics,rift,outwash,true,false,,3,1
H+40+10,40,10,-36.42,10.712,oceanic_basalt,none,,false,false,,3,0
H+41+10,41,10,-204.53,5.603,oceanic_basalt,none,,false,false,,3,0
H+42+10,42,10,-322.91,3.95,oceanic_basalt,none,,false,false,,3,0
H+43+10,43,10,-371.97,8.276,oceanic_basalt,none,,false,false,,3,0
H+44+10,44,10,-256.28,4.419,oceanic_basalt,none,,false,false,,3,0
H+45+10,45,10,-266.66,4.409,oceanic_basalt,none,,false,false,,3,0
H+46+10,46,10,-279.74,4.297,oceanic_basalt,none,,false,false,,3,0
H+47+10,47,10,-287.3,4.125,oceanic_basalt,none,,false,false,,3,0
H+48+10,48,10,-300.22,3.953,oceanic_basalt,none,,false,false,,3,0
H+49+10,49,10,-315.68,3.98,oceanic_basalt,none,,false,false,,3,0
H+50+10,50,10,-322.82,3.833,oceanic_basalt,none,,false,false,,3,0
H+51+10,51,10,-325.4,3.919,oceanic_basalt,none,,false,false,,3,0
H+52+10,52,10,-321.04,3.7,oceanic_basalt,none,,false,false,,3,0
H+53+10,53,10,-321.19,3.8,oceanic_basalt,none,,false,false,,3,0
H+54+10,54,10,-318.19,3.7,oceanic_basalt,none,,false,false,,3,0
H+55+10,55,10,-317.73,3.56,oceanic_basalt,none,,false,false,,3,0
H+56+10,56,10,-324.33,3.762,oceanic_basalt,none,,false,false,,3,0
H+57+10,57,10,-336.08,4.057,oceanic_basalt,none,,false,false,,3,0
H+58+10,58,10,-335.94,4.214,oceanic_basalt,none,,false,false,,3,0
H+59+10,59,10,-322.45,3.764,oceanic_basalt,none,,false,false,,3,0
H+60+10,60,10,-329.95,2.533,oceanic_basalt,none,,false,false,,1,0
H+61+10,61,10,-327.51,1.958,oceanic_basalt,none,,false,false,,1,0
H+62+10,62,10,-334.88,1.919,oceanic_basalt,none,,false,false,,1,0
H+63+10,63,10,-342.05,2.079,oceanic_basalt,none,,false,false,,1,0
H+64+10,64,10,-351.91,2.535,oceanic_basalt,none,,false,false,,1,0
H+65+10,65,10,-353.61,2.591,oceanic_basalt,none,,false,false,,1,0
H+66+10,66,10,-351.85,2.559,oceanic_basalt,none,,false,false,,1,0
H+67+10,67,10,-344.72,2.615,oceanic_basalt,none,,false,false,,1,0
H+68+10,68,10,-338.93,2.798,oceanic_basalt,none,,false,false,,1,0
H+69+10,69,10,-328.54,2.845,oceanic_basalt,none,,false,false,,1,0
H+70+10,70,10,-324.75,2.719,oceanic_basalt,none,,false,false,,1,0
H+71+10,71,10,-324.64,7.607,oceanic_basalt,none,,false,false,,1,0
H+72+10,72,10,-329.25,7.774,oceanic_basalt,none,,false,false,,1,0
H+73+10,73,10,-96.02,8.207,oceanic_basalt,none,,false,false,,1,0
H+74+10,74,10,-99.88,7.926,oceanic_basalt,none,,false,false,,1,0
H+75+10,75,10,-103.01,7.821,oceanic_basalt,none,,false,false,,1,0
H+76+10,76,10,-106.07,0.267,oceanic_basalt,none,,false,false,,1,0
H+77+10,77,10,-109.9,0.281,oceanic_basalt,none,,false,false,,1,0
H+78+10,78,10,-112.66,0.242,oceanic_basalt,none,,false,false,,1,0
H+79+10,79,10,-114.82,0.238,oceanic_basalt,none,,false,false,,1,0
H+00+11,0,11,-83.95,4.554,oceanic_basalt,none,,false,false,,0,0
H+01+11,1,11,-81.13,4.568,oceanic_basalt,none,,false,false,,0,0
H+02+11,2,11,-210.88,4.516,oceanic_basalt,none,,false,false,,0,0
H+03+11,3,11,-206.62,4.597,oceanic_basalt,none,,false,false,,0,0
H+04+11,4,11,-68.71,4.597,oceanic_basalt,none,,false,false,,0,0
H+05+11,5,11,-150.2,2.716,oceanic_basalt,none,,false,false,,0,0
H+06+11,6,11,-153.48,1.889,oceanic_basalt,none,,false,false,,0,0
H+07+11,7,11,-147.1,2.526,oceanic_basalt,none,,false,false,,0,0
H+08+11,8,11,-152.0,2.822,oceanic_basalt,none,,false,false,,0,0
H+09+11,9,11,-163.32,3.2,oceanic_basalt,none,,false,false,,0,0
H+10+11,10,11,-165.81,2.989,oceanic_basalt,none,,false,false,,0,0
H+11+11,11,11,-166.69,2.709,oceanic_basalt,none,,false,false,,0,0
H+12+11,12,11,-175.4,3.005,oceanic_basalt,none,,false,false,,0,0
H+13+11,13,11,-187.83,3.42,oceanic_basalt,none,,false,false,,0,0
H+14+11,14,11,-195.88,3.694,oceanic_basalt,none,,false,false,,0,0
H+15+11,15,11,-195.43,4.718,oceanic_basalt,none,,false,false,,0,0
H+16+11,16,11,-336.96,7.377,oceanic_basalt,none,,false,false,,0,0
H+17+11,17,11,-347.01,2.771,oceanic_basalt,none,,false,false,,0,0
H+18+11,18,11,-357.21,2.638,oceanic_basalt,none,,false,false,,0,0
H+19+11,19,11,-361.01,2.452,oceanic_basalt,none,,false,false,,0,0
H+20+11,20,11,-360.96,3.521,oceanic_basalt,none,,false,false,,3,0
H+21+11,21,11,-361.56,3.541,oceanic_basalt,none,,false,false,,3,0
H+22+11,22,11,-370.11,3.568,oceanic_basalt,none,,false,false,,3,0
H+23+11,23,11,-374.82,3.287,oceanic_basalt,none,,false,false,,3,0
H+24+11,24,11,-358.46,4.614,oceanic_basalt,none,,false,false,,3,0
H+25+11,25,11,-257.69,5.903,oceanic_basalt,none,,false,false,,3,0
H+26+11,26,11,-113.6,6.636,oceanic_basalt,none,,false,false,,3,0
H+27+11,27,11,57.6,7.439,rift_volcanics,rift,overdeep_basin,true,false,,3,1
H+28+11,28,11,262.87,7.742,rift_volcanics,rift,overdeep_basin;outwash,true,false,,3,1
H+29+11,29,11,481.62,8.421,rift_volcanics,rift,u_valley;overdeep_basin;outwash,true,false,,3,1
H+30+11,30,11,723.14,8.051,rift_volcanics,rift,u_valley;outwash,true,false,,3,1
H+31+11,31,11,588.76,4.479,basin_sediment,none,overdeep_basin;outwash,true,true,evaporite_host,3,1
H+32+11,32,11,588.76,0.0,basin_sediment,none,overdeep_basin;outwash,true,true,evaporite_host,3,1
H+33+11,33,11,588.76,0.0,basin_sediment,none,overdeep_basin;outwash,true,true,evaporite_host,3,1
H+34+11,34,11,588.76,0.0,basin_sediment,none,overdeep_basin;outwash,true,true,evaporite_host,3,1
H+35+11,35,11,588.76,0.0,basin_sediment,none,outwash,true,true,evaporite_host,3,1
H+36+11,36,11,588.76,5.216,basin_sediment,none,outwash,true,true,evaporite_host,3,1
H+37+11,37,11,723.99,7.954,rift_volcanics,rift,outwash,true,false,,3,1
H+38+11,38,11,485.38,11.762,rift_volcanics,rift,outwash,true,false,,3,1
H+39+11,39,11,273.82,11.337,rift_volcanics,rift,outwash,true,false,,3,1
H+40+11,40,11,-59.74,15.557,oceanic_basalt,none,,false,false,,3,0
H+41+11,41,11,-227.97,10.071,oceanic_basalt,none,,false,false,,3,0
H+42+11,42,11,-353.94,8.233,oceanic_basalt,none,,false,false,,3,0
H+43+11,43,11,-271.86,3.337,oceanic_basalt,none,,false,false,,3,0
H+44+11,44,11,-285.86,3.739,oceanic_basalt,none,,false,false,,3,0
H+45+11,45,11,-300.26,3.762,oceanic_basalt,none,,false,false,,3,0
H+46+11,46,11,-305.44,3.564,oceanic_basalt,none,,false,false,,3,0
H+47+11,47,11,-312.6,3.802,oceanic_basalt,none,,false,false,,3,0
H+48+11,48,11,-324.97,4.172,oceanic_basalt,none,,false,false,,3,0
H+49+11,49,11,-337.8,4.113,oceanic_basalt,none,,false,false,,3,0
H+50+11,50,11,-340.83,3.837,oceanic_basalt,none,,false,false,,3,0
H+51+11,51,11,-345.74,4.001,oceanic_basalt,none,,false,false,,3,0
H+52+11,52,11,-343.52,3.852,oceanic_basalt,none,,false,false,,3,0
H+53+11,53,11,-343.43,3.612,oceanic_basalt,none,,false,false,,3,0
H+54+11,54,11,-343.02,3.514,oceanic_basalt,none,,false,false,,3,0
H+55+11,55,11,-349.44,3.666,oceanic_basalt,none,,false,false,,3,0
H+56+11,56,11,-347.35,3.677,oceanic_basalt,none,,false,false,,3,0
H+57+11,57,11,-356.23,4.082,oceanic_basalt,none,,false,false,,3,0
H+58+11,58,11,-356.76,4.1,oceanic_basalt,none,,false,false,,3,0
H+59+11,59,11,-348.91,3.809,oceanic_basalt,none,,false,false,,3,0
H+60+11,60,11,-348.54,3.639,oceanic_basalt,none,,false,false,,1,0
H+61+11,61,11,-349.95,2.357,oceanic_basalt,none,,false,false,,1,0
H+62+11,62,11,-345.02,2.793,oceanic_basalt,none,,false,false,,1,0
H+63+11,63,11,-343.82,3.051,oceanic_basalt,none,,false,false,,1,0
H+64+11,64,11,-354.35,3.402,oceanic_basalt,none,,false,false,,1,0
H+65+11,65,11,-360.77,3.228,oceanic_basalt,none,,false,false,,1,0
H+66+11,66,11,-356.56,3.155,oceanic_basalt,none,,false,false,,1,0
H+67+11,67,11,-350.78,3.21,oceanic_basalt,none,,false,false,,1,0
H+68+11,68,11,-350.44,3.27,oceanic_basalt,none,,false,false,,1,0
H+69+11,69,11,-349.37,3.234,oceanic_basalt,none,,false,false,,1,0
H+70+11,70,11,-341.22,2.655,oceanic_basalt,none,,false,false,,1,0
H+71+11,71,11,-342.27,2.713,oceanic_basalt,none,,false,false,,1,0
H+72+11,72,11,-342.23,8.207,oceanic_basalt,none,,false,false,,1,0
H+73+11,73,11,-336.8,8.026,oceanic_basalt,none,,false,false,,1,0
H+74+11,74,11,-337.66,7.987,oceanic_basalt,none,,false,false,,1,0
H+75+11,75,11,-98.05,7.987,oceanic_basalt,none,,false,false,,1,0
H+76+11,76,11,-101.48,5.809,oceanic_basalt,none,,false,false,,1,0
H+77+11,77,11,-105.41,0.261,oceanic_basalt,none,,false,false,,1,0
H+78+11,78,11,-107.68,0.238,oceanic_basalt,none,,false,false,,1,0
H+79+11,79,11,-109.02,0.208,oceanic_basalt,none,,false,false,,1,0
H+00+12,0,12,-82.93,0.124,oceanic_basalt,none,,false,false,,0,0
H+01+12,1,12,-79.2,4.389,oceanic_basalt,none,,false,false,,0,0
H+02+12,2,12,-75.4,4.516,oceanic_basalt,none,,false,false,,0,0
H+03+12,3,12,-204.25,4.518,oceanic_basalt,none,,false,false,,0,0
H+04+12,4,12,-80.94,4.308,oceanic_basalt,none,,false,false,,0,0
H+05+12,5,12,-210.16,4.308,oceanic_basalt,none,,false,false,,0,0
H+06+12,6,12,-209.72,6.636,oceanic_basalt,none,,false,false,,0,0
H+07+12,7,12,-71.33,4.613,oceanic_basalt,none,,false,false,,0,0
H+08+12,8,12,-67.33,3.2,oceanic_basalt,none,,false,false,,0,0
H+09+12,9,12,-76.14,2.989,oceanic_basalt,none,,false,false,,0,0
H+10+12,10,12,-85.42,2.709,oceanic_basalt,none,,false,false,,0,0
H+11+12,11,12,-88.11,2.91,oceanic_basalt,none,,false,false,,0,0
H+12+12,12,12,-85.25,3.42,oceanic_basalt,none,,false,false,,0,0
H+13+12,13,12,-96.94,3.298,oceanic_basalt,none,,false,false,,0,0
H+14+12,14,12,-112.3,3.053,oceanic_basalt,none,,false,false,,0,0
H+15+12,15,12,-115.65,7.377,oceanic_basalt,none,,false,false,,0,0
H+16+12,16,12,-263.88,7.664,oceanic_basalt,none,,false,false,,0,0
H+17+12,17,12,-278.08,2.957,oceanic_basalt,none,,false,false,,0,0
H+18+12,18,12,-287.45,2.773,oceanic_basalt,none,,false,false,,0,0
H+19+12,19,12,-295.39,2.631,oceanic_basalt,none,,false,false,,0,0
H+20+12,20,12,-255.34,3.763,oceanic_basalt,none,,false,false,,3,0
H+21+12,21,12,-263.08,4.021,oceanic_basalt,none,,false,false,,3,0
H+22+12,22,12,-276.22,4.197,oceanic_basalt,none,,false,false,,3,0
H+23+12,23,12,-280.58,3.994,oceanic_basalt,none,,false,false,,3,0
H+24+12,24,12,-262.13,3.772,oceanic_basalt,none,,false,false,,3,0
H+25+12,25,12,-160.08,5.389,oceanic_basalt,none,,false,false,,3,0
H+26+12,26,12,1.58,5.973,rift_volcanics,rift,overdeep_basin,true,false,,3,1
H+27+12,27,12,180.76,6.707,rift_volcanics,rift,overdeep_basin,true,false,,3,1
H+28+12,28,12,381.97,7.704,rift_volcanics,rift,overdeep_basin;outwash,true,false,,3,1
H+29+12,29,12,613.1,7.704,rift_volcanics,rift,outwash,true,false,,3,1
H+30+12,30,12,588.76,5.0,basin_sediment,none,overdeep_basin;outwash,true,true,evaporite_host,3,1
H+31+12,31,12,588.76,0.0,basin_sediment,none,overdeep_basin;outwash,true,true,evaporite_host,3,1
H+32+12,32,12,588.76,0.0,basin_sediment,none,overdeep_basin;outwash,true,true,evaporite_host,3,1
H+33+12,33,12,588.76,0.0,basin_sediment,none,overdeep_basin;outwash,true,true,evaporite_host,3,1
H+34+12,34,12,588.76,0.0,basin_sediment,none,overdeep_basin;outwash,true,true,evaporite_host,3,1
H+35+12,35,12,588.76,0.0,basin_sediment,none,outwash,true,true,evaporite_host,3,1
H+36+12,36,12,588.76,8.316,basin_sediment,none,u_valley;outwash,true,true,evaporite_host,3,1
H+37+12,37,12,838.24,11.762,rift_volcanics,rift,outwash,true,false,,3,1
H+38+12,38,12,613.93,11.337,rift_volcanics,rift,outwash,true,false,,3,1
H+39+12,39,12,406.97,15.557,rift_volcanics,rift,outwash,true,false,,3,1
H+40+12,40,12,74.16,15.483,rift_volcanics,rift,u_valley,true,false,volcanic_host,3,1
H+41+12,41,12,-106.95,10.237,oceanic_basalt,none,,false,false,,3,0
H+42+12,42,12,-253.64,9.022,oceanic_basalt,none,,false,false,,3,0
H+43+12,43,12,-173.68,3.739,oceanic_basalt,none,,false,false,,3,0
H+44+12,44,12,-187.4,3.925,oceanic_basalt,none,,false,false,,3,0
H+45+12,45,12,-198.73,3.69,oceanic_basalt,none,,false,false,,3,0
H+46+12,46,12,-198.53,3.802,oceanic_basalt,none,,false,false,,3,0
H+47+12,47,12,-199.82,4.172,oceanic_basalt,none,,false,false,,3,0
H+48+12,48,12,-214.42,4.113,oceanic_basalt,none,,false,false,,3,0
H+49+12,49,12,-227.51,4.17,oceanic_basalt,none,,false,false,,3,0
H+50+12,50,12,-225.72,4.025,oceanic_basalt,none,,false,false,,3,0
H+51+12,51,12,-227.95,3.926,oceanic_basalt,none,,false,false,,3,0
H+52+12,52,12,-235.08,4.041,oceanic_basalt,none,,false,false,,3,0
H+53+12,53,12,-237.6,3.902,oceanic_basalt,none,,false,false,,3,0
H+54+12,54,12,-239.47,3.697,oceanic_basalt,none,,false,false,,3,0
H+55+12,55,12,-244.54,3.865,oceanic_basalt,none,,false,false,,3,0
H+56+12,56,12,-237.05,3.972,oceanic_basalt,none,,false,false,,3,0
H+57+12,57,12,-233.77,4.1,oceanic_basalt,none,,false,false,,3,0
H+58+12,58,12,-234.65,4.07,oceanic_basalt,none,,false,false,,3,0
H+59+12,59,12,-239.36,3.912,oceanic_basalt,none,,false,false,,3,0
H+60+12,60,12,-280.12,5.093,oceanic_basalt,none,,false,false,,1,0
H+61+12,61,12,-279.25,2.553,oceanic_basalt,none,,false,false,,1,0
H+62+12,62,12,-261.24,2.793,oceanic_basalt,none,,false,false,,1,0
H+63+12,63,12,-252.29,3.402,oceanic_basalt,none,,false,false,,1,0
H+64+12,64,12,-263.94,3.228,oceanic_basalt,none,,false,false,,1,0
H+65+12,65,12,-271.79,3.21,oceanic_basalt,none,,false,false,,1,0
H+66+12,66,12,-261.91,3.155,oceanic_basalt,none,,false,false,,1,0
H+67+12,67,12,-254.47,3.21,oceanic_basalt,none,,false,false,,1,0
H+68+12,68,12,-252.34,3.27,oceanic_basalt,none,,false,false,,1,0
H+69+12,69,12,-261.57,2.958,oceanic_basalt,none,,false,false,,1,0
H+70+12,70,12,-266.94,2.874,oceanic_basalt,none,,false,false,,1,0
H+71+12,71,12,-260.87,2.713,oceanic_basalt,none,,false,false,,1,0
H+72+12,72,12,-262.14,2.67,oceanic_basalt,none,,false,false,,1,0
H+73+12,73,12,-262.81,2.709,oceanic_basalt,none,,false,false,,1,0
H+74+12,74,12,-266.31,5.609,oceanic_basalt,none,,false,false,,1,0
H+75+12,75,12,-275.75,5.939,oceanic_basalt,none,,false,false,,1,0
H+76+12,76,12,-97.58,5.939,oceanic_basalt,none,,false,false,,1,0
H+77+12,77,12,-100.77,2.717,oceanic_basalt,none,,false,false,,1,0
H+78+12,78,12,-102.77,0.208,oceanic_basalt,none,,false,false,,1,0
H+79+12,79,12,-105.34,0.224,oceanic_basalt,none,,false,false,,1,0
H+00+13,0,13,-80.61,0.127,oceanic_basalt,none,,false,false,,0,0
H+01+13,1,13,-76.78,4.307,oceanic_basalt,none,,false,false,,0,0
H+02+13,2,13,-205.99,4.405,oceanic_basalt,none,,false,false,,0,0
H+03+13,3,13,-154.48,2.451,oceanic_basalt,none,,false,false,,0,0
H+04+13,4,13,-150.04,2.303,oceanic_basalt,none,,false,false,,0,0
H+05+13,5,13,-139.65,4.3,oceanic_basalt,none,,false,false,,0,0
H+06+13,6,13,-10.65,6.636,oceanic_basalt,none,,false,false,,0,0
H+07+13,7,13,3.51,2.494,coastal_sediment,none,none,false,false,,0,1
H+08+13,8,13,0.92,2.569,coastal_sediment,none,none,false,false,,0,1
H+09+13,9,13,-5.7,2.657,oceanic_basalt,none,,false,false,,0,0
H+10+13,10,13,-9.79,2.61,oceanic_basalt,none,,false,false,,0,0
H+11+13,11,13,-12.78,2.511,oceanic_basalt,none,,false,false,,0,0
H+12+13,12,13,-6.67,3.009,oceanic_basalt,none,,false,false,,0,0
H+13+13,13,13,-20.73,3.053,oceanic_basalt,none,,false,false,,0,0
H+14+13,14,13,-32.27,2.779,oceanic_basalt,none,,false,false,,0,0
H+15+13,15,13,-33.96,7.664,oceanic_basalt,none,,false,false,,0,0
H+16+13,16,13,-189.36,5.18,oceanic_basalt,none,,false,false,,0,0
H+17+13,17,13,-204.27,3.178,oceanic_basalt,none,,false,false,,0,0
H+18+13,18,13,-216.46,2.981,oceanic_basalt,none,,false,false,,0,0
H+19+13,19,13,-226.16,2.927,oceanic_basalt,none,,false,false,,0,0
H+20+13,20,13,-142.45,4.021,oceanic_basalt,none,,false,false,,3,0
H+21+13,21,13,-150.33,4.197,oceanic_basalt,none,,false,false,,3,0
H+22+13,22,13,-160.76,4.449,oceanic_basalt,none,,false,false,,3,0
H+23+13,23,13,-164.21,4.485,oceanic_basalt,none,,false,false,,3,0
H+24+13,24,13,-148.96,3.844,oceanic_basalt,none,,false,false,,3,0
H+25+13,25,13,-42.16,5.335,oceanic_basalt,none,,false,false,,3,0
H+26+13,26,13,117.9,6.323,rift_volcanics,rift,overdeep_basin,true,false,,3,1
H+27+13,27,13,307.61,6.871,rift_volcanics,rift,overdeep_basin;outwash,true,false,,3,1
H+28+13,28,13,513.74,7.501,rift_volcanics,rift,overdeep_basin;outwash,true,false,,3,1
H+29+13,29,13,738.76,7.501,rift_volcanics,rift,outwash,true,false,,3,1
H+30+13,30,13,588.76,5.0,basin_sediment,none,overdeep_basin;outwash,true,true,evaporite_host,3,1
H+31+13,31,13,588.76,0.0,basin_sediment,none,overdeep_basin;outwash,true,true,evaporite_host,3,1
H+32+13,32,13,588.76,0.0,basin_sediment,none,overdeep_basin;outwash,true,true,evaporite_host,3,1
H+33+13,33,13,588.76,0.0,basin_sediment,none,overdeep_basin;outwash,true,true,evaporite_host,3,1
H+34+13,34,13,588.76,0.0,basin_sediment,none,overdeep_basin;outwash,true,true,evaporite_host,3,1
H+35+13,35,13,588.76,0.0,basin_sediment,none,overdeep_basin;outwash,true,true,evaporite_host,3,1
H+36+13,36,13,588.76,8.316,basin_sediment,none,u_valley;outwash,true,true,evaporite_host,3,1
H+37+13,37,13,588.76,8.316,basin_sediment,none,u_valley;outwash,true,true,evaporite_host,3,1
H+38+13,38,13,616.01,6.968,rift_volcanics,rift,outwash,true,false,,3,1
H+39+13,39,13,538.65,15.483,rift_volcanics,rift,outwash,true,false,,3,1
H+40+13,40,13,200.15,11.284,rift_volcanics,rift,u_valley;outwash,true,false,,3,1
H+41+13,41,13,17.02,10.258,rift_volcanics,rift,u_valley;overdeep_basin,true,false,,3,1
H+42+13,42,13,-139.74,13.573,oceanic_basalt,none,,false,false,,3,0
H+43+13,43,13,-69.65,5.767,oceanic_basalt,none,,false,false,,3,0
H+44+13,44,13,-88.03,3.896,oceanic_basalt,none,,false,false,,3,0
H+45+13,45,13,-93.83,3.654,oceanic_basalt,none,,false,false,,3,0
H+46+13,46,13,-93.04,3.628,oceanic_basalt,none,,false,false,,3,0
H+47+13,47,13,-95.45,3.965,oceanic_basalt,none,,false,false,,3,0
H+48+13,48,13,-102.4,4.17,oceanic_basalt,none,,false,false,,3,0
H+49+13,49,13,-104.96,4.085,oceanic_basalt,none,,false,false,,3,0
H+50+13,50,13,-111.8,3.901,oceanic_basalt,none,,false,false,,3,0
H+51+13,51,13,-113.85,4.041,oceanic_basalt,none,,false,false,,3,0
H+52+13,52,13,-120.54,4.059,oceanic_basalt,none,,false,false,,3,0
H+53+13,53,13,-128.55,4.281,oceanic_basalt,none,,false,false,,3,0
H+54+13,54,13,-132.05,4.162,oceanic_basalt,none,,false,false,,3,0
H+55+13,55,13,-128.58,3.865,oceanic_basalt,none,,false,false,,3,0
H+56+13,56,13,-127.13,3.768,oceanic_basalt,none,,false,false,,3,0
H+57+13,57,13,-123.58,3.842,oceanic_basalt,none,,false,false,,3,0
H+58+13,58,13,-122.0,3.912,oceanic_basalt,none,,false,false,,3,0
H+59+13,59,13,-127.34,5.093,oceanic_basalt,none,,false,false,,3,0
H+60+13,60,13,-210.09,6.498,oceanic_basalt,none,,false,false,,1,0
H+61+13,61,13,-202.65,2.746,oceanic_basalt,none,,false,false,,1,0
H+62+13,62,13,-181.23,2.691,oceanic_basalt,none,,false,false,,1,0
H+63+13,63,13,-171.24,3.09,oceanic_basalt,none,,false,false,,1,0
H+64+13,64,13,-175.49,3.21,oceanic_basalt,none,,false,false,,1,0
H+65+13,65,13,-184.32,3.072,oceanic_basalt,none,,false,false,,1,0
H+66+13,66,13,-180.52,2.945,oceanic_basalt,none,,false,false,,1,0
H+67+13,67,13,-176.74,2.591,oceanic_basalt,none,,false,false,,1,0
H+68+13,68,13,-172.81,2.958,oceanic_basalt,none,,false,false,,1,0
H+69+13,69,13,-180.72,2.874,oceanic_basalt,none,,false,false,,1,0
H+70+13,70,13,-190.14,2.641,oceanic_basalt,none,,false,false,,1,0
H+71+13,71,13,-185.62,2.55,oceanic_basalt,none,,false,false,,1,0
H+72+13,72,13,-185.89,2.564,oceanic_basalt,none,,false,false,,1,0
H+73+13,73,13,-181.54,2.826,oceanic_basalt,none,,false,false,,1,0
H+74+13,74,13,-185.3,3.015,oceanic_basalt,none,,false,false,,1,0
H+75+13,75,13,-191.02,3.115,oceanic_basalt,none,,false,false,,1,0
H+76+13,76,13,-182.27,2.856,oceanic_basalt,none,,false,false,,1,0
H+77+13,77,13,-96.58,2.856,oceanic_basalt,none,,false,false,,1,0
H+78+13,78,13,-98.63,0.224,oceanic_basalt,none,,false,false,,1,0
H+79+13,79,13,-101.42,0.194,oceanic_basalt,none,,false,false,,1,0
H+00+14,0,14,-77.01,0.12,oceanic_basalt,none,,false,false,,0,0
H+01+14,1,14,-73.84,4.405,oceanic_basalt,none,,false,false,,0,0
H+02+14,2,14,-204.14,6.106,oceanic_basalt,none,,false,false,,0,0
H+03+14,3,14,-93.38,3.692,oceanic_basalt,none,,false,false,,0,0
H+04+14,4,14,-90.47,2.092,oceanic_basalt,none,,false,false,,0,0
H+05+14,5,14,-83.16,6.243,oceanic_basalt,none,,false,false,,0,0
H+06+14,6,14,49.15,4.41,coastal_sediment,none,none,false,false,,0,1
H+07+14,7,14,56.42,2.038,coastal_sediment,none,none,false,false,,0,1
H+08+14,8,14,57.83,2.118,coastal_sediment,none,none,false,false,,0,1
H+09+14,9,14,57.67,2.249,coastal_sediment,none,none,false,false,,0,1
H+10+14,10,14,61.52,2.476,coastal_sediment,none,none,false,false,,0,1
H+11+14,11,14,58.66,2.603,craton_granite_gneiss,none,none,false,false,,0,1
H+12+14,12,14,55.76,2.904,craton_granite_gneiss,none,none,false,false,,0,1
H+13+14,13,14,43.34,2.833,craton_granite_gneiss,none,none,false,false,,0,1
H+14+14,14,14,37.89,4.712,craton_granite_gneiss,none,none,false,false,,0,1
H+15+14,15,14,-103.47,4.712,oceanic_basalt,none,,false,false,,0,0
H+16+14,16,14,-108.92,3.178,oceanic_basalt,none,,false,false,,0,0
H+17+14,17,14,-127.04,2.981,oceanic_basalt,none,,false,false,,0,0
H+18+14,18,14,-138.35,2.927,oceanic_basalt,none,,false,false,,0,0
H+19+14,19,14,-151.44,3.889,oceanic_basalt,none,,false,false,,0,0
H+20+14,20,14,-34.76,4.457,oceanic_basalt,none,,false,false,,3,0
H+21+14,21,14,-27.29,4.449,oceanic_basalt,none,,false,false,,3,0
H+22+14,22,14,-29.65,4.485,oceanic_basalt,none,,false,false,,3,0
H+23+14,23,14,-34.45,4.325,oceanic_basalt,none,,false,false,,3,0
H+24+14,24,14,-33.63,4.228,oceanic_basalt,none,,false,false,,3,0
H+25+14,25,14,76.72,5.261,rift_volcanics,rift,overdeep_basin,true,false,,3,1
H+26+14,26,14,234.55,6.697,rift_volcanics,rift,overdeep_basin;outwash,true,false,,3,1
H+27+14,27,14,435.45,6.697,rift_volcanics,rift,overdeep_basin;outwash,true,false,,3,1
H+28+14,28,14,635.96,6.684,rift_volcanics,rift,outwash,true,false,,3,1
H+29+14,29,14,588.76,6.044,basin_sediment,none,overdeep_basin;outwash,true,true,evaporite_host,3,1
H+30+14,30,14,588.76,0.0,basin_sediment,none,overdeep_basin;outwash,true,true,evaporite_host,3,1
H+31+14,31,14,588.76,0.0,basin_sediment,none,overdeep_basin;outwash,true,true,evaporite_host,3,1
H+32+14,32,14,588.76,0.0,basin_sediment,none,overdeep_basin;outwash,true,true,evaporite_host,3,1
H+33+14,33,14,588.76,0.0,basin_sediment,none,overdeep_basin;outwash,true,true,evaporite_host,3,1
H+34+14,34,14,588.76,0.0,basin_sediment,none,overdeep_basin;outwash,true,true,evaporite_host,3,1
H+35+14,35,14,588.76,0.0,basin_sediment,none,overdeep_basin;outwash,true,true,evaporite_host,3,1
H+36+14,36,14,588.76,0.0,basin_sediment,none,overdeep_basin;outwash,true,true,evaporite_host,3,1
H+37+14,37,14,588.76,4.911,basin_sediment,none,overdeep_basin;outwash,true,true,evaporite_host,3,1
H+38+14,38,14,736.1,7.088,rift_volcanics,rift,outwash,true,false,,3,1
H+39+14,39,14,523.45,11.381,rift_volcanics,rift,u_valley;overdeep_basin;outwash,true,false,volcanic_host,3,1
H+40+14,40,14,324.75,10.865,rift_volcanics,rift,u_valley;outwash,true,false,,3,1
H+41+14,41,14,267.46,13.573,rift_volcanics,rift,outwash,true,false,,3,1
H+42+14,42,14,103.35,9.649,rift_volcanics,rift,none,false,false,,3,1
H+43+14,43,14,28.86,6.31,rift_volcanics,rift,none,false,false,,3,1
H+44+14,44,14,12.15,4.437,rift_volcanics,rift,none,false,false,,3,1
H+45+14,45,14,15.8,3.873,rift_volcanics,rift,none,false,false,,3,1
H+46+14,46,14,9.52,3.639,rift_volcanics,rift,none,false,false,,3,1
H+47+14,47,14,-1.02,3.914,oceanic_basalt,none,,false,false,,3,0
H+48+14,48,14,2.14,3.805,rift_volcanics,rift,none,false,false,,3,1
H+49+14,49,14,5.2,3.9,rift_volcanics,rift,none,false,false,,3,1
H+50+14,50,14,5.22,3.969,rift_volcanics,rift,none,false,false,,3,1
H+51+14,51,14,1.24,4.059,rift_volcanics,rift,none,false,false,,3,1
H+52+14,52,14,-0.11,4.281,oceanic_basalt,none,,false,false,,3,0
H+53+14,53,14,-7.19,4.217,oceanic_basalt,none,,false,false,,3,0
H+54+14,54,14,-16.26,4.225,oceanic_basalt,none,,false,false,,3,0
H+55+14,55,14,-14.31,3.945,oceanic_basalt,none,,false,false,,3,0
H+56+14,56,14,-14.08,4.131,oceanic_basalt,none,,false,false,,3,0
H+57+14,57,14,-8.31,4.024,oceanic_basalt,none,,false,false,,3,0
H+58+14,58,14,-13.15,4.185,oceanic_basalt,none,,false,false,,3,0
H+59+14,59,14,-15.15,6.498,oceanic_basalt,none,,false,false,,3,0
H+60+14,60,14,-141.13,8.057,oceanic_basalt,none,,false,false,,1,0
H+61+14,61,14,-120.27,2.746,oceanic_basalt,none,,false,false,,1,0
H+62+14,62,14,-100.5,2.691,oceanic_basalt,none,,false,false,,1,0
H+63+14,63,14,-97.68,2.594,oceanic_basalt,none,,false,false,,1,0
H+64+14,64,14,-99.16,2.839,oceanic_basalt,none,,false,false,,1,0
H+65+14,65,14,-92.16,3.072,oceanic_basalt,none,,false,false,,1,0
H+66+14,66,14,-105.31,2.776,oceanic_basalt,none,,false,false,,1,0
H+67+14,67,14,-106.22,2.584,oceanic_basalt,none,,false,false,,1,0
H+68+14,68,14,-102.58,2.604,oceanic_basalt,none,,false,false,,1,0
H+69+14,69,14,-110.9,2.641,oceanic_basalt,none,,false,false,,1,0
H+70+14,70,14,-114.59,2.518,oceanic_basalt,none,,false,false,,1,0
H+71+14,71,14,-110.72,2.505,oceanic_basalt,none,,false,false,,1,0
H+72+14,72,14,-111.74,2.472,oceanic_basalt,none,,false,false,,1,0
H+73+14,73,14,-107.32,2.599,oceanic_basalt,none,,false,false,,1,0
H+74+14,74,14,-109.23,2.726,oceanic_basalt,none,,false,false,,1,0
H+75+14,75,14,-111.55,2.649,oceanic_basalt,none,,false,false,,1,0
H+76+14,76,14,-105.74,2.551,oceanic_basalt,none,,false,false,,1,0
H+77+14,77,14,-102.96,2.714,oceanic_basalt,none,,false,false,,1,0
H+78+14,78,14,-95.6,2.661,oceanic_basalt,none,,false,false,,1,0
H+79+14,79,14,-97.85,2.736,oceanic_basalt,none,,false,false,,1,0
H+00+15,0,15,-74.67,0.151,oceanic_basalt,none,,false,false,,0,0
H+01+15,1,15,-70.13,6.277,oceanic_basalt,none,,false,false,,0,0
H+02+15,2,15,-20.97,6.106,oceanic_basalt,none,,false,false,,0,0
H+03+15,3,15,-27.7,4.886,oceanic_basalt,none,,false,false,,0,0
H+04+15,4,15,-28.41,4.418,oceanic_basalt,none,,false,false,,0,0
H+05+15,5,15,104.12,6.243,coastal_sediment,none,none,false,false,,0,1
H+06+15,6,15,113.2,2.135,coastal_sediment,none,none,false,false,,0,1
H+07+15,7,15,117.57,2.038,coastal_sediment,none,none,false,false,,0,1
H+08+15,8,15,118.83,2.039,coastal_sediment,none,none,false,false,,0,1
H+09+15,9,15,120.23,2.085,coastal_sediment,none,none,false,false,,0,1
H+10+15,10,15,129.06,4.95,coastal_sediment,none,none,false,false,,0,1
H+11+15,11,15,-19.44,4.95,oceanic_basalt,none,,false,false,,0,0
H+12+15,12,15,-31.36,2.904,oceanic_basalt,none,,false,false,,0,0
H+13+15,13,15,-41.67,2.833,oceanic_basalt,none,,false,false,,0,0
H+14+15,14,15,-49.17,2.902,oceanic_basalt,none,,false,false,,0,0
H+15+15,15,15,-46.63,2.076,oceanic_basalt,none,,false,false,,0,0
H+16+15,16,15,-43.28,2.792,oceanic_basalt,none,,false,false,,0,0
H+17+15,17,15,-51.94,2.881,oceanic_basalt,none,,false,false,,0,0
H+18+15,18,15,-57.33,3.137,oceanic_basalt,none,,false,false,,0,0
H+19+15,19,15,-62.63,5.386,oceanic_basalt,none,,false,false,,0,0
H+20+15,20,15,98.95,5.386,rift_volcanics,rift,overdeep_basin,true,false,,3,1
H+21+15,21,15,95.74,4.179,rift_volcanics,rift,overdeep_basin,true,false,,3,1
H+22+15,22,15,94.64,4.303,rift_volcanics,rift,overdeep_basin,true,false,,3,1
H+23+15,23,15,88.19,4.088,rift_volcanics,rift,overdeep_basin,true,false,,3,1
H+24+15,24,15,93.2,4.228,rift_volcanics,rift,overdeep_basin,true,false,,3,1
H+25+15,25,15,206.06,5.598,rift_volcanics,rift,overdeep_basin;outwash,true,false,,3,1
H+26+15,26,15,374.0,6.465,rift_volcanics,rift,overdeep_basin;outwash,true,false,,3,1
H+27+15,27,15,567.93,6.738,rift_volcanics,rift,overdeep_basin;outwash,true,false,,3,1
H+28+15,28,15,770.07,6.738,rift_volcanics,rift,outwash,true,false,,3,1
H+29+15,29,15,588.76,6.044,basin_sediment,none,overdeep_basin;outwash,true,true,evaporite_host,3,1
H+30+15,30,15,588.76,0.0,basin_sediment,none,overdeep_basin;outwash,true,true,evaporite_host,3,1
H+31+15,31,15,588.76,0.0,basin_sediment,none,overdeep_basin;outwash,true,true,evaporite_host,3,1
H+32+15,32,15,588.76,0.0,basin_sediment,none,overdeep_basin;outwash,true,true,evaporite_host,3,1
H+33+15,33,15,588.76,0.0,basin_sediment,none,overdeep_basin;outwash,true,true,evaporite_host,3,1
H+34+15,34,15,588.76,0.0,basin_sediment,none,overdeep_basin;outwash,true,true,evaporite_host,3,1
H+35+15,35,15,588.76,0.0,basin_sediment,none,overdeep_basin;outwash,true,true,evaporite_host,3,1
H+36+15,36,15,588.76,0.0,basin_sediment,none,overdeep_basin;outwash,true,true,evaporite_host,3,1
H+37+15,37,15,588.76,9.204,basin_sediment,none,u_valley;overdeep_basin;outwash,true,true,evaporite_host,3,1
H+38+15,38,15,864.88,11.381,rift_volcanics,rift,u_valley;outwash,true,false,,3,1
H+39+15,39,15,650.69,10.865,rift_volcanics,rift,u_valley;outwash,true,false,,3,1
H+40+15,40,15,451.25,8.323,rift_volcanics,rift,u_valley;overdeep_basin;outwash,true,false,,3,1
H+41+15,41,15,392.81,9.649,rift_volcanics,rift,outwash,true,false,,3,1
H+42+15,42,15,218.16,7.355,rift_volcanics,rift,outwash,true,false,,3,1
H+43+15,43,15,145.27,4.437,rift_volcanics,rift,none,false,false,,3,1
H+44+15,44,15,131.98,3.994,rift_volcanics,rift,none,false,false,,3,1
H+45+15,45,15,118.69,3.639,rift_volcanics,rift,none,false,false,,3,1
H+46+15,46,15,116.39,3.914,rift_volcanics,rift,none,false,false,,3,1
H+47+15,47,15,112.98,3.8,rift_volcanics,rift,none,false,false,,3,1
H+48+15,48,15,116.28,3.805,rift_volcanics,rift,none,false,false,volcanic_host,3,1
H+49+15,49,15,120.48,3.843,rift_volcanics,rift,none,false,false,,3,1
H+50+15,50,15,119.25,3.934,rift_volcanics,rift,none,false,false,,3,1
H+51+15,51,15,122.29,4.08,rift_volcanics,rift,none,false,false,volcanic_host,3,1
H+52+15,52,15,119.33,4.217,rift_volcanics,rift,none,false,false,volcanic_host,3,1
H+53+15,53,15,110.49,4.225,rift_volcanics,rift,none,false,false,,3,1
H+54+15,54,15,102.42,3.956,rift_volcanics,rift,none,false,false,,3,1
H+55+15,55,15,104.04,3.945,rift_volcanics,rift,none,false,false,,3,1
H+56+15,56,15,109.85,4.131,rift_volcanics,rift,none,false,false,,3,1
H+57+15,57,15,112.41,4.185,rift_volcanics,rift,none,false,false,,3,1
H+58+15,58,15,107.38,4.084,rift_volcanics,rift,none,false,false,,3,1
H+59+15,59,15,100.59,8.057,rift_volcanics,rift,none,false,false,,3,1
H+60+15,60,15,-70.33,7.678,oceanic_basalt,none,,false,false,,1,0
H+61+15,61,15,-48.56,2.39,oceanic_basalt,none,,false,false,,1,0
H+62+15,62,15,-29.91,2.353,oceanic_basalt,none,,false,false,,1,0
H+63+15,63,15,-22.44,2.557,oceanic_basalt,none,,false,false,,1,0
H+64+15,64,15,-24.19,2.499,oceanic_basalt,none,,false,false,,1,0
H+65+15,65,15,-22.02,2.776,oceanic_basalt,none,,false,false,,1,0
H+66+15,66,15,-28.71,2.584,oceanic_basalt,none,,false,false,,1,0
H+67+15,67,15,-36.91,2.31,oceanic_basalt,none,,false,false,,1,0
H+68+15,68,15,-41.57,2.311,oceanic_basalt,none,,false,false,,1,0
H+69+15,69,15,-45.22,2.312,oceanic_basalt,none,,false,false,,1,0
H+70+15,70,15,-41.62,2.432,oceanic_basalt,none,,false,false,,1,0
H+71+15,71,15,-41.97,2.326,oceanic_basalt,none,,false,false,,1,0
H+72+15,72,15,-38.19,2.452,oceanic_basalt,none,,false,false,,1,0
H+73+15,73,15,-33.46,2.526,oceanic_basalt,none,,false,false,,1,0
H+74+15,74,15,-37.88,2.455,oceanic_basalt,none,,false,false,,1,0
H+75+15,75,15,-43.97,2.253,oceanic_basalt,none,,false,false,,1,0
H+76+15,76,15,-34.78,2.365,oceanic_basalt,none,,false,false,,1,0
H+77+15,77,15,-21.55,2.714,oceanic_basalt,none,,false,false,,1,0
H+78+15,78,15,-15.77,2.736,oceanic_basalt,none,,false,false,,1,0
H+79+15,79,15,-93.56,4.091,oceanic_basalt,none,,false,false,,1,0
H+00+16,0,16,-72.96,6.371,oceanic_basalt,none,,false,false,,0,0
H+01+16,1,16,118.17,6.371,coastal_sediment,none,none,false,false,,0,1
H+02+16,2,16,118.88,4.886,coastal_sediment,none,none,false,false,,0,1
H+03+16,3,16,-23.16,4.735,oceanic_basalt,none,,false,false,,0,0
H+04+16,4,16,-22.84,4.889,oceanic_basalt,none,,false,false,,0,0
H+05+16,5,16,123.84,4.889,coastal_sediment,none,none,false,false,,0,1
H+06+16,6,16,134.39,0.707,coastal_sediment,none,none,false,false,,0,1
H+07+16,7,16,129.29,0.391,coastal_sediment,none,none,false,false,,0,1
H+08+16,8,16,131.18,0.485,coastal_sediment,none,none,false,false,,0,1
H+09+16,9,16,130.67,4.95,coastal_sediment,none,none,false,false,,0,1
H+10+16,10,16,-13.41,4.803,oceanic_basalt,none,,false,false,,0,0
H+11+16,11,16,-24.19,0.762,oceanic_basalt,none,,false,false,,0,0
H+12+16,12,16,-28.86,1.198,oceanic_basalt,none,,false,false,,0,0
H+13+16,13,16,-40.35,1.087,oceanic_basalt,none,,false,false,,0,0
H+14+16,14,16,-48.02,0.832,oceanic_basalt,none,,false,false,,0,0
H+15+16,15,16,-39.04,0.928,oceanic_basalt,none,,false,false,,0,0
H+16+16,16,16,-30.13,0.834,oceanic_basalt,none,,false,false,,0,0
H+17+16,17,16,-31.62,0.857,oceanic_basalt,none,,false,false,,0,0
H+18+16,18,16,-33.6,0.967,oceanic_basalt,none,,false,false,,0,0
H+19+16,19,16,-29.33,6.099,oceanic_basalt,none,,false,false,,0,0
H+20+16,20,16,153.63,6.099,craton_granite_gneiss,none,overdeep_basin,true,false,,0,1
H+21+16,21,16,155.44,2.027,craton_granite_gneiss,none,overdeep_basin,true,false,,0,1
H+22+16,22,16,153.23,2.168,craton_granite_gneiss,none,overdeep_basin,true,false,,0,1
H+23+16,23,16,150.63,2.081,craton_granite_gneiss,none,overdeep_basin,true,false,,0,1
H+24+16,24,16,154.88,3.534,suture_metamorphic,collision,overdeep_basin,true,false,,0,1
H+25+16,25,16,260.9,5.658,suture_metamorphic,collision,overdeep_basin;outwash,true,false,,0,1
H+26+16,26,16,430.64,6.361,suture_metamorphic,collision,overdeep_basin;outwash,true,false,,0,1
H+27+16,27,16,621.48,6.361,suture_metamorphic,collision,outwash,true,false,,0,1
H+28+16,28,16,588.76,6.044,basin_sediment,none,overdeep_basin;outwash,true,true,evaporite_host,0,1
H+29+16,29,16,588.76,0.0,basin_sediment,none,overdeep_basin;outwash,true,true,evaporite_host,0,1
H+30+16,30,16,588.76,0.0,basin_sediment,none,overdeep_basin;outwash,true,true,evaporite_host,0,1
H+31+16,31,16,588.76,0.0,basin_sediment,none,overdeep_basin;outwash,true,true,evaporite_host,0,1
H+32+16,32,16,588.76,0.0,basin_sediment,none,overdeep_basin;outwash,true,true,evaporite_host,0,1
H+33+16,33,16,588.76,0.0,basin_sediment,none,overdeep_basin;outwash,true,true,evaporite_host,1,1
H+34+16,34,16,588.76,0.0,basin_sediment,none,overdeep_basin;outwash,true,true,evaporite_host,1,1
H+35+16,35,16,588.76,0.0,basin_sediment,none,overdeep_basin;outwash,true,true,evaporite_host,1,1
H+36+16,36,16,588.76,0.0,basin_sediment,none,overdeep_basin;outwash,true,true,evaporite_host,1,1
H+37+16,37,16,588.76,9.204,basin_sediment,none,u_valley;overdeep_basin;outwash,true,true,evaporite_host,1,1
H+38+16,38,16,588.76,9.204,basin_sediment,none,u_valley;overdeep_basin;outwash,true,true,evaporite_host,1,1
H+39+16,39,16,700.93,8.323,suture_metamorphic,collision,u_valley;outwash,true,false,,1,1
H+40+16,40,16,496.93,6.8,suture_metamorphic,collision,overdeep_basin;outwash,true,false,,1,1
H+41+16,41,16,438.8,7.355,suture_metamorphic,collision,outwash,true,false,,1,1
H+42+16,42,16,273.89,5.497,suture_metamorphic,collision,outwash,true,false,,1,1
H+43+16,43,16,201.15,2.425,craton_granite_gneiss,none,outwash,true,false,,1,1
H+44+16,44,16,184.86,2.206,craton_granite_gneiss,none,none,false,false,,1,1
H+45+16,45,16,174.31,1.931,craton_granite_gneiss,none,none,false,false,,1,1
H+46+16,46,16,163.04,1.669,craton_granite_gneiss,none,none,false,false,,1,1
H+47+16,47,16,163.52,1.685,craton_granite_gneiss,none,none,false,false,,1,1
H+48+16,48,16,160.67,1.48,craton_granite_gneiss,none,none,false,false,,1,1
H+49+16,49,16,166.77,1.605,craton_granite_gneiss,none,none,false,false,,1,1
H+50+16,50,16,170.21,1.699,craton_granite_gneiss,none,none,false,false,greenstone_metals,1,1
H+51+16,51,16,168.48,1.638,craton_granite_gneiss,none,none,false,false,,1,1
H+52+16,52,16,170.41,1.998,craton_granite_gneiss,none,none,false,false,,1,1
H+53+16,53,16,163.85,2.048,craton_granite_gneiss,none,none,false,false,,1,1
H+54+16,54,16,153.8,1.713,craton_granite_gneiss,none,none,false,false,,1,1
H+55+16,55,16,159.3,1.842,craton_granite_gneiss,none,none,false,false,,1,1
H+56+16,56,16,159.88,1.668,craton_granite_gneiss,none,none,false,false,,1,1
H+57+16,57,16,165.75,1.946,craton_granite_gneiss,none,none,false,false,,1,1
H+58+16,58,16,166.75,2.205,craton_granite_gneiss,none,none,false,false,,1,1
H+59+16,59,16,160.0,7.678,craton_granite_gneiss,none,none,false,false,,1,1
H+60+16,60,16,-32.89,6.43,oceanic_basalt,none,,false,false,,1,0
H+61+16,61,16,-21.75,0.894,oceanic_basalt,none,,false,false,,1,0
H+62+16,62,16,-9.73,0.673,oceanic_basalt,none,,false,false,,1,0
H+63+16,63,16,-8.56,0.521,oceanic_basalt,none,,false,false,,1,0
H+64+16,64,16,-8.33,0.529,oceanic_basalt,none,,false,false,,1,0
H+65+16,65,16,-9.33,0.646,oceanic_basalt,none,,false,false,,1,0
H+66+16,66,16,-14.13,0.759,oceanic_basalt,none,,false,false,,1,0
H+67+16,67,16,-18.6,0.766,oceanic_basalt,none,,false,false,,1,0
H+68+16,68,16,-22.71,0.75,oceanic_basalt,none,,false,false,,1,0
H+69+16,69,16,-21.87,0.778,oceanic_basalt,none,,false,false,,1,0
H+70+16,70,16,-21.23,0.691,oceanic_basalt,none,,false,false,,1,0
H+71+16,71,16,-19.68,0.743,oceanic_basalt,none,,false,false,,1,0
H+72+16,72,16,-16.51,0.723,oceanic_basalt,none,,false,false,,1,0
H+73+16,73,16,-11.56,0.877,oceanic_basalt,none,,false,false,,1,0
H+74+16,74,16,-9.51,1.149,oceanic_basalt,none,,false,false,,1,0
H+75+16,75,16,-10.23,1.125,oceanic_basalt,none,,false,false,,1,0
H+76+16,76,16,3.4,1.273,coastal_sediment,none,none,false,false,,1,1
H+77+16,77,16,22.09,1.455,coastal_sediment,none,none,false,false,,1,1
H+78+16,78,16,24.99,3.952,coastal_sediment,none,none,false,false,,1,1
H+79+16,79,16,29.16,4.091,coastal_sediment,none,none,false,false,,1,1
H+00+17,0,17,-71.22,6.313,oceanic_basalt,none,,false,false,,0,0
H+01+17,1,17,105.69,5.897,coastal_sediment,none,none,false,false,,0,1
H+02+17,2,17,97.89,4.686,coastal_sediment,none,none,false,false,,0,1
H+03+17,3,17,-42.7,4.778,oceanic_basalt,none,,false,false,,0,0
H+04+17,4,17,100.63,5.157,coastal_sediment,none,none,false,false,,0,1
H+05+17,5,17,124.35,1.436,coastal_sediment,none,none,false,false,,0,1
H+06+17,6,17,134.9,1.262,coastal_sediment,none,none,false,false,,0,1
H+07+17,7,17,120.02,0.574,coastal_sediment,none,none,false,false,,0,1
H+08+17,8,17,116.64,5.004,coastal_sediment,none,none,false,false,,0,1
H+09+17,9,17,-17.84,4.95,oceanic_basalt,none,,false,false,,0,0
H+10+17,10,17,-32.3,0.676,oceanic_basalt,none,,false,false,,0,0
H+11+17,11,17,-47.05,0.762,oceanic_basalt,none,,false,false,,0,0
H+12+17,12,17,-64.8,1.198,oceanic_basalt,none,,false,false,,0,0
H+13+17,13,17,-72.97,1.087,oceanic_basalt,none,,false,false,,0,0
H+14+17,14,17,-66.9,0.928,oceanic_basalt,none,,false,false,,0,0
H+15+17,15,17,-55.14,0.834,oceanic_basalt,none,,false,false,,0,0
H+16+17,16,17,-46.73,0.553,oceanic_basalt,none,,false,false,,0,0
H+17+17,17,17,-46.62,0.5,oceanic_basalt,none,,false,false,,0,0
H+18+17,18,17,-37.98,0.421,oceanic_basalt,none,,false,false,,0,0
H+19+17,19,17,-25.36,5.966,oceanic_basalt,none,,false,false,,0,0
H+20+17,20,17,117.41,4.759,craton_granite_gneiss,none,overdeep_basin,true,false,,0,1
H+21+17,21,17,117.92,1.251,craton_granite_gneiss,none,overdeep_basin,true,false,,0,1
H+22+17,22,17,153.74,2.318,craton_granite_gneiss,none,overdeep_basin,true,false,,0,1
H+23+17,23,17,151.14,2.215,craton_granite_gneiss,none,overdeep_basin,true,false,,0,1
H+24+17,24,17,155.39,3.534,suture_metamorphic,collision,overdeep_basin,true,false,,0,1
H+25+17,25,17,261.41,5.658,suture_metamorphic,collision,overdeep_basin;outwash,true,false,limestone_karst,0,1
H+26+17,26,17,431.15,6.361,suture_metamorphic,collision,overdeep_basin;outwash,true,false,,0,1
H+27+17,27,17,621.99,6.361,suture_metamorphic,collision,outwash,true,false,,0,1
H+28+17,28,17,588.76,1.125,basin_sediment,none,overdeep_basin;outwash,true,true,evaporite_host,0,1
H+29+17,29,17,588.76,0.0,basin_sediment,none,overdeep_basin;outwash,true,true,evaporite_host,0,1
H+30+17,30,17,588.76,0.0,basin_sediment,none,overdeep_basin;outwash,true,true,evaporite_host,0,1
H+31+17,31,17,588.76,0.0,basin_sediment,none,overdeep_basin;outwash,true,true,evaporite_host,0,1
H+32+17,32,17,588.76,0.0,basin_sediment,none,overdeep_basin;outwash,true,true,evaporite_host,0,1
H+33+17,33,17,588.76,0.0,basin_sediment,none,overdeep_basin;outwash,true,true,evaporite_host,1,1
H+34+17,34,17,588.76,0.0,basin_sediment,none,overdeep_basin;outwash,true,true,evaporite_host,1,1
H+35+17,35,17,588.76,0.0,basin_sediment,none,overdeep_basin;outwash,true,true,evaporite_host,1,1
H+36+17,36,17,588.76,0.0,basin_sediment,none,overdeep_basin;outwash,true,true,evaporite_host,1,1
H+37+17,37,17,588.76,0.0,basin_sediment,none,overdeep_basin;outwash,true,true,evaporite_host,1,1
H+38+17,38,17,588.76,7.307,basin_sediment,none,overdeep_basin;outwash,true,true,evaporite_host,1,1
H+39+17,39,17,643.1,6.724,suture_metamorphic,collision,outwash,true,false,,1,1
H+40+17,40,17,441.39,6.724,suture_metamorphic,collision,overdeep_basin;outwash,true,false,limestone_karst,1,1
H+41+17,41,17,391.74,5.255,suture_metamorphic,collision,outwash,true,false,,1,1
H+42+17,42,17,234.08,5.255,suture_metamorphic,collision,outwash,true,false,,1,1
H+43+17,43,17,187.6,1.549,craton_granite_gneiss,none,none,false,false,,1,1
H+44+17,44,17,174.82,2.643,craton_granite_gneiss,none,none,false,false,,1,1
H+45+17,45,17,163.55,2.676,craton_granite_gneiss,none,none,false,false,,1,1
H+46+17,46,17,164.03,2.838,craton_granite_gneiss,none,none,false,false,,1,1
H+47+17,47,17,164.03,2.938,craton_granite_gneiss,none,none,false,false,,1,1
H+48+17,48,17,118.62,1.737,craton_granite_gneiss,none,none,false,false,,1,1
H+49+17,49,17,170.72,3.536,craton_granite_gneiss,none,none,false,false,,1,1
H+50+17,50,17,168.99,3.758,craton_granite_gneiss,none,none,false,false,,1,1
H+51+17,51,17,170.92,3.823,craton_granite_gneiss,none,none,false,false,,1,1
H+52+17,52,17,170.92,3.584,craton_granite_gneiss,none,none,false,false,,1,1
H+53+17,53,17,164.36,3.088,craton_granite_gneiss,none,none,false,false,,1,1
H+54+17,54,17,154.31,2.617,craton_granite_gneiss,none,none,false,false,,1,1
H+55+17,55,17,159.81,2.589,craton_granite_gneiss,none,none,false,false,,1,1
H+56+17,56,17,160.39,2.617,craton_granite_gneiss,none,none,false,false,,1,1
H+57+17,57,17,166.26,2.813,craton_granite_gneiss,none,none,false,false,,1,1
H+58+17,58,17,160.51,2.559,craton_granite_gneiss,none,none,false,false,,1,1
H+59+17,59,17,123.16,5.202,craton_granite_gneiss,none,none,false,false,,1,1
H+60+17,60,17,-30.93,5.136,oceanic_basalt,none,,false,false,,1,0
H+61+17,61,17,-29.7,0.666,oceanic_basalt,none,,false,false,,1,0
H+62+17,62,17,-19.34,0.737,oceanic_basalt,none,,false,false,,1,0
H+63+17,63,17,-19.31,0.536,oceanic_basalt,none,,false,false,,1,0
H+64+17,64,17,-19.24,0.488,oceanic_basalt,none,,false,false,,1,0
H+65+17,65,17,-22.99,0.543,oceanic_basalt,none,,false,false,,1,0
H+66+17,66,17,-31.09,0.565,oceanic_basalt,none,,false,false,,1,0
H+67+17,67,17,-30.57,0.494,oceanic_basalt,none,,false,false,,1,0
H+68+17,68,17,-27.43,0.588,oceanic_basalt,none,,false,false,,1,0
H+69+17,69,17,-22.06,0.532,oceanic_basalt,none,,false,false,,1,0
H+70+17,70,17,-21.3,0.485,oceanic_basalt,none,,false,false,,1,0
H+71+17,71,17,-18.49,0.465,oceanic_basalt,none,,false,false,,1,0
H+72+17,72,17,-14.97,0.467,oceanic_basalt,none,,false,false,,1,0
H+73+17,73,17,-3.66,0.693,oceanic_basalt,none,,false,false,,1,0
H+74+17,74,17,4.0,0.474,coastal_sediment,none,none,false,false,,1,1
H+75+17,75,17,9.54,0.659,coastal_sediment,none,none,false,false,,1,1
H+76+17,76,17,20.31,0.564,coastal_sediment,none,none,false,false,,1,1
H+77+17,77,17,34.01,0.457,coastal_sediment,none,none,false,false,,1,1
H+78+17,78,17,41.32,0.544,coastal_sediment,none,none,false,false,,1,1
H+79+17,79,17,51.8,0.755,coastal_sediment,none,none,false,false,,1,1
H+00+18,0,18,99.07,5.677,coastal_sediment,none,none,false,false,,0,1
H+01+18,1,18,98.4,0.399,coastal_sediment,none,none,false,false,,0,1
H+02+18,2,18,86.42,4.683,coastal_sediment,none,none,false,false,,0,1
H+03+18,3,18,-54.06,5.157,oceanic_basalt,none,,false,false,,0,0
H+04+18,4,18,81.26,4.511,coastal_sediment,none,none,false,false,,0,1
H+05+18,5,18,97.03,1.262,coastal_sediment,none,none,false,false,,0,1
H+06+18,6,18,103.04,1.062,coastal_sediment,none,none,false,false,,0,1
H+07+18,7,18,102.81,4.543,coastal_sediment,none,none,false,false,,0,1
H+08+18,8,18,-33.49,5.004,oceanic_basalt,none,,false,false,,0,0
H+09+18,9,18,-38.99,0.718,oceanic_basalt,none,,false,false,,0,0
H+10+18,10,18,-52.57,0.956,oceanic_basalt,none,,false,false,,0,0
H+11+18,11,18,-66.75,0.657,oceanic_basalt,none,,false,false,,0,0
H+12+18,12,18,-83.84,0.635,oceanic_basalt,none,,false,false,,0,0
H+13+18,13,18,-83.45,0.552,oceanic_basalt,none,,false,false,,0,0
H+14+18,14,18,-77.67,0.751,oceanic_basalt,none,,false,false,,0,0
H+15+18,15,18,-62.59,0.571,oceanic_basalt,none,,false,false,,0,0
H+16+18,16,18,-49.1,0.57,oceanic_basalt,none,,false,false,,0,0
H+17+18,17,18,-45.9,0.34,oceanic_basalt,none,,false,false,,0,0
H+18+18,18,18,-37.13,4.608,oceanic_basalt,none,,false,false,,0,0
H+19+18,19,18,-21.07,4.616,oceanic_basalt,none,,false,false,,0,0
H+20+18,20,18,83.68,3.492,craton_granite_gneiss,none,none,false,false,,0,1
H+21+18,21,18,84.19,3.134,craton_granite_gneiss,none,none,false,false,,0,1
H+22+18,22,18,84.7,3.07,craton_granite_gneiss,none,overdeep_basin,true,false,,0,1
H+23+18,23,18,151.65,2.232,craton_granite_gneiss,none,overdeep_basin,true,false,,0,1
H+24+18,24,18,155.9,3.534,suture_metamorphic,collision,overdeep_basin,true,false,,0,1
H+25+18,25,18,261.92,5.658,suture_metamorphic,collision,overdeep_basin;outwash,true,false,,0,1
H+26+18,26,18,431.66,6.361,suture_metamorphic,collision,overdeep_basin;outwash,true,false,,0,1
H+27+18,27,18,622.5,6.361,suture_metamorphic,collision,outwash,true,false,,0,1
H+28+18,28,18,588.76,1.142,basin_sediment,none,overdeep_basin;outwash,true,true,evaporite_host,0,1
H+29+18,29,18,588.76,0.0,basin_sediment,none,overdeep_basin;outwash,true,true,evaporite_host,0,1
H+30+18,30,18,588.76,0.0,basin_sediment,none,overdeep_basin;outwash,true,true,evaporite_host,0,1
H+31+18,31,18,588.76,0.0,basin_sediment,none,overdeep_basin;outwash,true,true,evaporite_host,0,1
H+32+18,32,18,588.76,0.0,basin_sediment,none,overdeep_basin;outwash,true,true,evaporite_host,0,1
H+33+18,33,18,588.76,0.0,basin_sediment,none,overdeep_basin;outwash,true,true,evaporite_host,1,1
H+34+18,34,18,588.76,0.0,basin_sediment,none,overdeep_basin;outwash,true,true,evaporite_host,1,1
H+35+18,35,18,588.76,0.0,basin_sediment,none,overdeep_basin;outwash,true,true,evaporite_host,1,1
H+36+18,36,18,588.76,0.0,basin_sediment,none,overdeep_basin;outwash,true,true,evaporite_host,1,1
H+37+18,37,18,588.76,7.307,basin_sediment,none,overdeep_basin;outwash,true,true,evaporite_host,1,1
H+38+18,38,18,807.98,7.313,suture_metamorphic,collision,outwash,true,false,,1,1
H+39+18,39,18,588.6,7.313,suture_metamorphic,collision,overdeep_basin;outwash,true,false,,1,1
H+40+18,40,18,390.75,6.595,suture_metamorphic,collision,overdeep_basin;outwash,true,false,,1,1
H+41+18,41,18,346.64,5.88,suture_metamorphic,collision,outwash,true,false,,1,1
H+42+18,42,18,187.09,5.318,suture_metamorphic,collision,none,false,false,,1,1
H+43+18,43,18,151.17,2.431,craton_granite_gneiss,none,none,false,false,,1,1
H+44+18,44,18,95.53,2.643,craton_granite_gneiss,none,none,false,false,,1,1
H+45+18,45,18,83.28,2.692,craton_granite_gneiss,none,none,false,false,,1,1
H+46+18,46,18,78.88,2.838,craton_granite_gneiss,none,none,false,false,,1,1
H+47+18,47,18,75.89,2.938,craton_granite_gneiss,none,none,false,false,,1,1
H+48+18,48,18,68.85,3.396,craton_granite_gneiss,none,none,false,false,,1,1
H+49+18,49,18,64.63,3.536,craton_granite_gneiss,none,none,false,false,,1,1
H+50+18,50,18,56.24,3.823,craton_granite_gneiss,none,none,false,false,,1,1
H+51+18,51,18,63.4,3.584,craton_granite_gneiss,none,none,false,false,,1,1
H+52+18,52,18,71.73,3.306,craton_granite_gneiss,none,none,false,false,,1,1
H+53+18,53,18,75.8,2.952,craton_granite_gneiss,none,none,false,false,,1,1
H+54+18,54,18,82.14,2.589,craton_granite_gneiss,none,none,false,false,,1,1
H+55+18,55,18,86.81,2.453,craton_granite_gneiss,none,none,false,false,,1,1
H+56+18,56,18,81.88,2.813,craton_granite_gneiss,none,none,false,false,,1,1
H+57+18,57,18,83.74,2.751,craton_granite_gneiss,none,none,false,false,,1,1
H+58+18,58,18,123.67,2.711,craton_granite_gneiss,none,none,false,false,,1,1
H+59+18,59,18,76.98,3.729,craton_granite_gneiss,none,none,false,false,,1,1
H+60+18,60,18,-34.9,3.729,oceanic_basalt,none,,false,false,,1,0
H+61+18,61,18,-41.46,0.737,oceanic_basalt,none,,false,false,,1,0
H+62+18,62,18,-35.41,0.869,oceanic_basalt,none,,false,false,,1,0
H+63+18,63,18,-33.21,0.942,oceanic_basalt,none,,false,false,,1,0
H+64+18,64,18,-33.89,0.668,oceanic_basalt,none,,false,false,,1,0
H+65+18,65,18,-39.28,0.6,oceanic_basalt,none,,false,false,,1,0
H+66+18,66,18,-45.39,0.644,oceanic_basalt,none,,false,false,,1,0
H+67+18,67,18,-45.08,0.654,oceanic_basalt,none,,false,false,,1,0
H+68+18,68,18,-38.01,0.847,oceanic_basalt,none,,false,false,,1,0
H+69+18,69,18,-35.86,0.673,oceanic_basalt,none,,false,false,,1,0
H+70+18,70,18,-32.45,0.689,oceanic_basalt,none,,false,false,,1,0
H+71+18,71,18,-28.97,0.722,oceanic_basalt,none,,false,false,,1,0
H+72+18,72,18,-24.45,0.718,oceanic_basalt,none,,false,false,,1,0
H+73+18,73,18,-4.51,1.059,oceanic_basalt,none,,false,false,,1,0
H+74+18,74,18,9.66,0.867,coastal_sediment,none,none,false,false,,1,1
H+75+18,75,18,21.25,0.483,coastal_sediment,none,none,false,false,,1,1
H+76+18,76,18,35.75,0.515,coastal_sediment,none,none,false,false,,1,1
H+77+18,77,18,44.82,0.36,coastal_sediment,none,none,false,false,,1,1
H+78+18,78,18,55.38,0.469,coastal_sediment,none,none,false,false,,1,1
H+79+18,79,18,65.84,0.468,coastal_sediment,none,none,false,false,,1,1
H+00+19,0,19,99.58,0.137,coastal_sediment,none,none,false,false,,0,1
H+01+19,1,19,95.48,0.318,coastal_sediment,none,none,false,false,,0,1
H+02+19,2,19,85.95,4.667,coastal_sediment,none,none,false,false,,0,1
H+03+19,3,19,74.97,4.301,coastal_sediment,none,none,false,false,,0,1
H+04+19,4,19,81.77,0.526,coastal_sediment,none,none,false,false,,0,1
H+05+19,5,19,97.54,0.526,coastal_sediment,none,none,false,false,,0,1
H+06+19,6,19,103.32,0.672,coastal_sediment,none,none,false,false,,0,1
H+07+19,7,19,83.17,4.323,coastal_sediment,none,none,false,false,,0,1
H+08+19,8,19,-46.53,4.323,oceanic_basalt,none,,false,false,,0,0
H+09+19,9,19,-60.51,0.718,oceanic_basalt,none,,false,false,,0,0
H+10+19,10,19,-81.26,0.956,oceanic_basalt,none,,false,false,,0,0
H+11+19,11,19,-84.76,0.6,oceanic_basalt,none,,false,false,,0,0
H+12+19,12,19,-84.51,0.215,oceanic_basalt,none,,false,false,,0,0
H+13+19,13,19,-86.36,0.29,oceanic_basalt,none,,false,false,,0,0
H+14+19,14,19,-79.71,0.571,oceanic_basalt,none,,false,false,,0,0
H+15+19,15,19,-66.19,0.748,oceanic_basalt,none,,false,false,,0,0
H+16+19,16,19,-43.76,0.748,oceanic_basalt,none,,false,false,,0,0
H+17+19,17,19,-35.69,4.683,oceanic_basalt,none,,false,false,,0,0
H+18+19,18,19,101.12,4.608,craton_granite_gneiss,none,none,false,false,,0,1
H+19+19,19,19,108.05,4.304,craton_granite_gneiss,none,none,false,false,,0,1
H+20+19,20,19,178.2,3.151,craton_granite_gneiss,none,none,false,false,,0,1
H+21+19,21,19,176.8,3.087,craton_granite_gneiss,none,none,false,false,,0,1
H+22+19,22,19,174.69,2.999,craton_granite_gneiss,none,none,false,false,,0,1
H+23+19,23,19,152.16,0.768,craton_granite_gneiss,none,none,false,false,,0,1
H+24+19,24,19,156.41,3.534,suture_metamorphic,collision,none,false,false,,0,1
H+25+19,25,19,262.43,5.658,suture_metamorphic,collision,overdeep_basin;outwash,true,false,,0,1
H+26+19,26,19,432.17,6.361,suture_metamorphic,collision,outwash,true,false,,0,1
H+27+19,27,19,623.01,6.361,suture_metamorphic,collision,outwash,true,false,,0,1
H+28+19,28,19,588.76,1.159,basin_sediment,none,overdeep_basin;outwash,true,true,evaporite_host,0,1
H+29+19,29,19,588.76,0.0,basin_sediment,none,outwash,true,true,evaporite_host,0,1
H+30+19,30,19,588.76,0.0,basin_sediment,none,outwash,true,true,evaporite_host,0,1
H+31+19,31,19,588.76,0.0,basin_sediment,none,overdeep_basin;outwash,true,true,evaporite_host,0,1
H+32+19,32,19,588.76,0.0,basin_sediment,none,overdeep_basin;outwash,true,true,evaporite_host,0,1
H+33+19,33,19,588.76,0.0,basin_sediment,none,overdeep_basin;outwash,true,true,evaporite_host,1,1
H+34+19,34,19,588.76,0.0,basin_sediment,none,overdeep_basin;outwash,true,true,evaporite_host,1,1
H+35+19,35,19,588.76,0.0,basin_sediment,none,overdeep_basin;outwash,true,true,evaporite_host,1,1
H+36+19,36,19,588.76,0.0,basin_sediment,none,overdeep_basin;outwash,true,true,evaporite_host,1,1
H+37+19,37,19,588.76,7.307,basin_sediment,none,overdeep_basin;outwash,true,true,evaporite_host,1,1
H+38+19,38,19,758.13,7.242,suture_metamorphic,collision,outwash,true,false,,1,1
H+39+19,39,19,540.86,7.242,suture_metamorphic,collision,overdeep_basin;outwash,true,false,,1,1
H+40+19,40,19,342.62,6.608,suture_metamorphic,collision,overdeep_basin;outwash,true,false,,1,1
H+41+19,41,19,170.25,5.88,suture_metamorphic,collision,none,false,false,,1,1
H+42+19,42,19,150.66,5.305,suture_metamorphic,collision,none,false,false,,1,1
H+43+19,43,19,78.25,2.892,craton_granite_gneiss,none,none,false,false,,1,1
H+44+19,44,19,52.63,1.43,craton_granite_gneiss,none,none,false,false,,1,1
H+45+19,45,19,42.62,1.355,craton_granite_gneiss,none,none,false,false,,1,1
H+46+19,46,19,36.93,1.7,craton_granite_gneiss,none,none,false,false,,1,1
H+47+19,47,19,36.08,1.672,craton_granite_gneiss,none,none,false,false,,1,1
H+48+19,48,19,23.9,1.499,craton_granite_gneiss,none,none,false,false,,1,1
H+49+19,49,19,3.6,2.035,craton_granite_gneiss,none,none,false,false,,1,1
H+50+19,50,19,0.33,2.102,craton_granite_gneiss,none,none,false,false,,1,1
H+51+19,51,19,6.52,2.174,craton_granite_gneiss,none,none,false,false,,1,1
H+52+19,52,19,17.13,1.956,craton_granite_gneiss,none,none,false,false,,1,1
H+53+19,53,19,24.7,6.052,craton_granite_gneiss,none,none,false,false,,1,1
H+54+19,54,19,25.08,6.19,craton_granite_gneiss,none,none,false,false,,1,1
H+55+19,55,19,31.02,6.388,craton_granite_gneiss,none,none,false,false,,1,1
H+56+19,56,19,32.58,6.234,craton_granite_gneiss,none,none,false,false,,1,1
H+57+19,57,19,43.91,6.271,craton_granite_gneiss,none,none,false,false,,1,1
H+58+19,58,19,42.35,5.905,craton_granite_gneiss,none,none,false,false,,1,1
H+59+19,59,19,28.51,2.359,craton_granite_gneiss,none,none,false,false,,1,1
H+60+19,60,19,-42.27,2.359,oceanic_basalt,none,,false,false,,1,0
H+61+19,61,19,-54.98,0.652,oceanic_basalt,none,,false,false,,1,0
H+62+19,62,19,-61.48,0.942,oceanic_basalt,none,,false,false,,1,0
H+63+19,63,19,-53.93,0.691,oceanic_basalt,none,,false,false,,1,0
H+64+19,64,19,-48.76,0.734,oceanic_basalt,none,,false,false,,1,0
H+65+19,65,19,-57.28,0.6,oceanic_basalt,none,,false,false,,1,0
H+66+19,66,19,-64.7,0.654,oceanic_basalt,none,,false,false,,1,0
H+67+19,67,19,-63.41,0.847,oceanic_basalt,none,,false,false,,1,0
H+68+19,68,19,-56.05,0.673,oceanic_basalt,none,,false,false,,1,0
H+69+19,69,19,-53.13,0.689,oceanic_basalt,none,,false,false,,1,0
H+70+19,70,19,-50.64,0.722,oceanic_basalt,none,,false,false,,1,0
H+71+19,71,19,-46.0,0.718,oceanic_basalt,none,,false,false,,1,0
H+72+19,72,19,-36.29,1.059,oceanic_basalt,none,,false,false,,1,0
H+73+19,73,19,-16.34,0.886,oceanic_basalt,none,,false,false,,1,0
H+74+19,74,19,9.58,0.963,coastal_sediment,none,none,false,false,,1,1
H+75+19,75,19,32.59,0.767,coastal_sediment,none,none,false,false,,1,1
H+76+19,76,19,44.46,0.396,coastal_sediment,none,none,false,false,,1,1
H+77+19,77,19,48.53,0.316,coastal_sediment,none,none,false,false,,1,1
H+78+19,78,19,58.01,0.402,coastal_sediment,none,none,false,false,,1,1
H+79+19,79,19,70.08,0.402,coastal_sediment,none,none,false,false,,1,1
H+00+20,0,20,100.09,0.454,coastal_sediment,none,none,false,false,,0,1
H+01+20,1,20,86.46,0.454,coastal_sediment,none,none,false,false,,0,1
H+02+20,2,20,75.48,0.366,coastal_sediment,none,none,false,false,,0,1
H+03+20,3,20,75.48,0.227,coastal_sediment,none,none,false,false,,0,1
H+04+20,4,20,82.28,0.718,coastal_sediment,none,none,false,false,,0,1
H+05+20,5,20,103.83,0.718,coastal_sediment,none,none,false,false,,0,1
H+06+20,6,20,83.68,0.672,coastal_sediment,none,none,false,false,,0,1
H+07+20,7,20,67.27,4.328,coastal_sediment,none,none,false,false,,0,1
H+08+20,8,20,-62.57,4.328,oceanic_basalt,none,,false,false,,0,0
H+09+20,9,20,-81.15,4.849,oceanic_basalt,none,,false,false,,0,0
H+10+20,10,20,-93.04,5.077,oceanic_basalt,none,,false,false,,0,0
H+11+20,11,20,-90.98,5.205,oceanic_basalt,none,,false,false,,0,0
H+12+20,12,20,-88.03,5.21,oceanic_basalt,none,,false,false,,0,0
H+13+20,13,20,-80.27,5.194,oceanic_basalt,none,,false,false,,0,0
H+14+20,14,20,-73.47,4.968,oceanic_basalt,none,,false,false,,0,0
H+15+20,15,20,-55.19,4.503,oceanic_basalt,none,,false,false,,0,0
H+16+20,16,20,-40.97,4.86,oceanic_basalt,none,,false,false,,0,0
H+17+20,17,20,104.81,4.86,craton_granite_gneiss,none,none,false,false,,0,1
H+18+20,18,20,111.1,0.332,craton_granite_gneiss,none,none,false,false,,0,1
H+19+20,19,20,108.56,2.338,craton_granite_gneiss,none,none,false,false,,0,1
H+20+20,20,20,178.71,2.338,craton_granite_gneiss,none,none,false,false,,0,1
H+21+20,21,20,177.31,0.087,craton_granite_gneiss,none,none,false,false,,0,1
H+22+20,22,20,175.2,0.768,craton_granite_gneiss,none,none,false,false,,0,1
H+23+20,23,20,152.67,0.768,craton_granite_gneiss,none,none,false,false,,0,1
H+24+20,24,20,158.2,3.863,suture_metamorphic,collision,none,false,false,,0,1
H+25+20,25,20,274.1,5.286,suture_metamorphic,collision,outwash,true,false,,0,1
H+26+20,26,20,432.68,6.361,suture_metamorphic,collision,outwash,true,false,,0,1
H+27+20,27,20,623.52,6.361,suture_metamorphic,collision,outwash,true,false,,0,1
H+28+20,28,20,588.76,1.176,basin_sediment,none,outwash,true,true,evaporite_host,0,1
H+29+20,29,20,588.76,0.0,basin_sediment,none,outwash,true,true,evaporite_host,0,1
H+30+20,30,20,588.76,0.0,basin_sediment,none,outwash,true,true,evaporite_host,0,1
H+31+20,31,20,588.76,0.0,basin_sediment,none,overdeep_basin;outwash,true,true,evaporite_host,0,1
H+32+20,32,20,588.76,0.0,basin_sediment,none,overdeep_basin;outwash,true,true,evaporite_host,0,1
H+33+20,33,20,588.76,0.0,basin_sediment,none,overdeep_basin;outwash,true,true,evaporite_host,1,1
H+34+20,34,20,588.76,0.0,basin_sediment,none,overdeep_basin;outwash,true,true,evaporite_host,1,1
H+35+20,35,20,588.76,0.0,basin_sediment,none,overdeep_basin;outwash,true,true,evaporite_host,1,1
H+36+20,36,20,588.76,0.0,basin_sediment,none,overdeep_basin;outwash,true,true,evaporite_host,1,1
H+37+20,37,20,588.76,5.646,basin_sediment,none,overdeep_basin;outwash,true,true,evaporite_host,1,1
H+38+20,38,20,709.71,7.29,suture_metamorphic,collision,outwash,true,false,,1,1
H+39+20,39,20,491.02,7.29,suture_metamorphic,collision,overdeep_basin;outwash,true,false,,1,1
H+40+20,40,20,298.47,10.855,suture_metamorphic,collision,u_valley;overdeep_basin;outwash,true,false,,1,1
H+41+20,41,20,132.3,10.057,suture_metamorphic,collision,u_valley;overdeep_basin,true,false,,1,1
H+42+20,42,20,-8.5,8.896,oceanic_basalt,none,,false,false,,1,0
H+43+20,43,20,51.81,2.287,craton_granite_gneiss,none,none,false,false,,1,1
H+44+20,44,20,52.32,1.632,craton_granite_gneiss,none,none,false,false,greenstone_metals,1,1
H+45+20,45,20,3.37,3.179,craton_granite_gneiss,none,none,false,false,,1,1
H+46+20,46,20,-14.07,3.713,oceanic_basalt,none,,false,false,,1,0
H+47+20,47,20,-5.43,3.385,oceanic_basalt,none,,false,false,,1,0
H+48+20,48,20,-10.59,3.528,oceanic_basalt,none,,false,false,,1,0
H+49+20,49,20,-28.02,4.091,oceanic_basalt,none,,false,false,,1,0
H+50+20,50,20,-40.48,4.506,oceanic_basalt,none,,false,false,,1,0
H+51+20,51,20,-40.94,4.54,oceanic_basalt,none,,false,false,,1,0
H+52+20,52,20,-31.94,4.27,oceanic_basalt,none,,false,false,,1,0
H+53+20,53,20,-156.87,8.475,oceanic_basalt,none,,false,false,,1,0
H+54+20,54,20,-160.63,8.648,oceanic_basalt,none,,false,false,,1,0
H+55+20,55,20,-154.43,8.441,oceanic_basalt,none,,false,false,,1,0
H+56+20,56,20,-144.22,6.271,oceanic_basalt,none,,false,false,,1,0
H+57+20,57,20,-134.81,5.957,oceanic_basalt,none,,false,false,,1,0
H+58+20,58,20,-0.62,4.473,oceanic_basalt,none,,false,false,,1,0
H+59+20,59,20,-10.06,1.371,oceanic_basalt,none,,false,false,,1,0
H+60+20,60,20,-51.18,1.371,oceanic_basalt,none,,false,false,,1,0
H+61+20,61,20,-61.45,0.387,oceanic_basalt,none,,false,false,,1,0
H+62+20,62,20,-73.06,0.638,oceanic_basalt,none,,false,false,,1,0
H+63+20,63,20,-70.78,0.734,oceanic_basalt,none,,false,false,,1,0
H+64+20,64,20,-66.89,0.604,oceanic_basalt,none,,false,false,,1,0
H+65+20,65,20,-67.14,0.679,oceanic_basalt,none,,false,false,,1,0
H+66+20,66,20,-73.89,0.455,oceanic_basalt,none,,false,false,,1,0
H+67+20,67,20,-74.87,0.627,oceanic_basalt,none,,false,false,,1,0
H+68+20,68,20,-67.29,0.494,oceanic_basalt,none,,false,false,,1,0
H+69+20,69,20,-63.16,0.417,oceanic_basalt,none,,false,false,,1,0
H+70+20,70,20,-64.31,0.611,oceanic_basalt,none,,false,false,,1,0
H+71+20,71,20,-58.43,0.738,oceanic_basalt,none,,false,false,,1,0
H+72+20,72,20,-42.91,0.886,oceanic_basalt,none,,false,false,,1,0
H+73+20,73,20,-19.31,0.99,oceanic_basalt,none,,false,false,,1,0
H+74+20,74,20,10.4,0.99,coastal_sediment,none,none,false,false,,1,1
H+75+20,75,20,38.27,0.929,coastal_sediment,none,none,false,false,,1,1
H+76+20,76,20,48.42,0.751,coastal_sediment,none,none,false,false,,1,1
H+77+20,77,20,48.93,0.417,coastal_sediment,none,none,false,false,,1,1
H+78+20,78,20,58.52,0.627,coastal_sediment,none,none,false,false,,1,1
H+79+20,79,20,73.54,0.713,coastal_sediment,none,none,false,false,,1,1
H+00+21,0,21,86.97,0.437,coastal_sediment,none,none,false,false,,0,1
H+01+21,1,21,75.87,0.37,coastal_sediment,none,none,false,false,,0,1
H+02+21,2,21,75.99,0.017,coastal_sediment,none,none,false,false,,0,1
H+03+21,3,21,75.99,0.227,coastal_sediment,none,none,false,false,,0,1
H+04+21,4,21,82.79,0.701,coastal_sediment,none,none,false,false,,0,1
H+05+21,5,21,84.19,0.655,coastal_sediment,none,none,false,false,,0,1
H+06+21,6,21,67.78,0.547,coastal_sediment,none,none,false,false,,0,1
H+07+21,7,21,57.97,4.018,craton_granite_gneiss,none,none,false,false,,0,1
H+08+21,8,21,64.33,4.849,craton_granite_gneiss,none,none,false,false,,0,1
H+09+21,9,21,59.26,5.077,craton_granite_gneiss,none,none,false,false,,0,1
H+10+21,10,21,56.62,4.989,craton_granite_gneiss,none,none,false,false,,0,1
H+11+21,11,21,65.19,5.205,craton_granite_gneiss,none,none,false,false,,0,1
H+12+21,12,21,68.26,5.21,craton_granite_gneiss,none,none,false,false,,0,1
H+13+21,13,21,75.56,5.194,craton_granite_gneiss,none,none,false,false,,0,1
H+14+21,14,21,72.37,4.861,craton_granite_gneiss,none,none,false,false,,0,1
H+15+21,15,21,79.91,4.503,craton_granite_gneiss,none,none,false,false,,0,1
H+16+21,16,21,96.63,4.587,craton_granite_gneiss,none,none,false,false,,0,1
H+17+21,17,21,105.32,0.29,craton_granite_gneiss,none,none,false,false,,0,1
H+18+21,18,21,111.61,0.209,craton_granite_gneiss,none,none,false,false,,0,1
H+19+21,19,21,109.07,2.338,craton_granite_gneiss,none,none,false,false,,0,1
H+20+21,20,21,179.22,2.338,craton_granite_gneiss,none,none,false,false,,0,1
H+21+21,21,21,177.82,0.087,craton_granite_gneiss,none,none,false,false,,0,1
H+22+21,22,21,175.71,0.768,craton_granite_gneiss,none,none,false,false,,0,1
H+23+21,23,21,153.18,0.768,craton_granite_gneiss,none,none,false,false,,0,1
H+24+21,24,21,158.71,3.863,suture_metamorphic,collision,none,false,false,,0,1
H+25+21,25,21,274.61,5.286,suture_metamorphic,collision,none,false,false,,0,1
H+26+21,26,21,433.19,6.361,suture_metamorphic,collision,none,false,false,,0,1
H+27+21,27,21,624.03,6.361,suture_metamorphic,collision,none,false,false,limestone_karst,0,1
H+28+21,28,21,588.76,1.193,basin_sediment,none,none,false,true,evaporite_host,0,1
H+29+21,29,21,588.76,0.0,basin_sediment,none,outwash,true,true,evaporite_host,0,1
H+30+21,30,21,588.76,0.0,basin_sediment,none,outwash,true,true,evaporite_host,0,1
H+31+21,31,21,588.76,0.0,basin_sediment,none,outwash,true,true,evaporite_host,0,1
H+32+21,32,21,588.76,0.0,basin_sediment,none,overdeep_basin;outwash,true,true,evaporite_host,0,1
H+33+21,33,21,588.76,0.0,basin_sediment,none,overdeep_basin;outwash,true,true,evaporite_host,1,1
H+34+21,34,21,588.76,0.0,basin_sediment,none,overdeep_basin;outwash,true,true,evaporite_host,1,1
H+35+21,35,21,588.76,0.0,basin_sediment,none,overdeep_basin;outwash,true,true,evaporite_host,1,1
H+36+21,36,21,588.76,0.0,basin_sediment,none,overdeep_basin;outwash,true,true,evaporite_host,1,1
H+37+21,37,21,588.76,4.032,basin_sediment,none,overdeep_basin;outwash,true,true,evaporite_host,1,1
H+38+21,38,21,673.98,6.099,suture_metamorphic,collision,outwash,true,false,limestone_karst,1,1
H+39+21,39,21,624.1,10.855,suture_metamorphic,collision,none,false,false,,1,1
H+40+21,40,21,434.0,10.057,suture_metamorphic,collision,none,false,false,,1,1
H+41+21,41,21,258.37,8.896,suture_metamorphic,collision,none,false,false,,1,1
H+42+21,42,21,120.43,4.72,suture_metamorphic,collision,none,false,false,,1,1
H+43+21,43,21,52.32,2.287,craton_granite_gneiss,none,none,false,false,,1,1
H+44+21,44,21,98.75,3.179,craton_granite_gneiss,none,none,false,false,,1,1
H+45+21,45,21,97.32,16.381,craton_granite_gneiss,none,none,false,false,,1,1
H+46+21,46,21,96.13,16.421,craton_granite_gneiss,none,none,false,false,,1,1
H+47+21,47,21,95.25,16.45,craton_granite_gneiss,none,none,false,false,,1,1
H+48+21,48,21,94.7,16.469,craton_granite_gneiss,none,none,false,false,,1,1
H+49+21,49,21,94.52,16.475,craton_granite_gneiss,none,none,false,false,,1,1
H+50+21,50,21,94.72,16.468,craton_granite_gneiss,none,none,false,false,,1,1
H+51+21,51,21,95.28,16.449,craton_granite_gneiss,none,none,false,false,,1,1
H+52+21,52,21,96.18,16.419,craton_granite_gneiss,none,none,false,false,,1,1
H+53+21,53,21,97.37,16.379,craton_granite_gneiss,none,none,false,false,,1,1
H+54+21,54,21,98.8,16.332,craton_granite_gneiss,none,none,false,false,,1,1
H+55+21,55,21,-38.12,4.564,oceanic_basalt,none,,false,false,,1,0
H+56+21,56,21,-28.04,4.187,oceanic_basalt,none,,false,false,,1,0
H+57+21,57,21,-17.34,3.916,oceanic_basalt,none,,false,false,,1,0
H+58+21,58,21,-21.97,4.059,oceanic_basalt,none,,false,false,,1,0
H+59+21,59,21,-31.16,0.703,oceanic_basalt,none,,false,false,,1,0
H+60+21,60,21,-50.72,0.652,oceanic_basalt,none,,false,false,,1,0
H+61+21,61,21,-65.21,0.483,oceanic_basalt,none,,false,false,,1,0
H+62+21,62,21,-69.87,0.398,oceanic_basalt,none,,false,false,,1,0
H+63+21,63,21,-77.51,0.488,oceanic_basalt,none,,false,false,,1,0
H+64+21,64,21,-79.32,0.414,oceanic_basalt,none,,false,false,,1,0
H+65+21,65,21,-87.53,0.679,oceanic_basalt,none,,false,false,,1,0
H+66+21,66,21,-81.61,0.257,oceanic_basalt,none,,false,false,,1,0
H+67+21,67,21,-82.12,0.494,oceanic_basalt,none,,false,false,,1,0
H+68+21,68,21,-71.66,0.441,oceanic_basalt,none,,false,false,,1,0
H+69+21,69,21,-67.87,0.379,oceanic_basalt,none,,false,false,,1,0
H+70+21,70,21,-69.63,0.38,oceanic_basalt,none,,false,false,,1,0
H+71+21,71,21,-58.25,0.617,oceanic_basalt,none,,false,false,,1,0
H+72+21,72,21,-39.73,0.908,oceanic_basalt,none,,false,false,,1,0
H+73+21,73,21,-12.49,0.908,oceanic_basalt,none,,false,false,,1,0
H+74+21,74,21,12.36,0.864,coastal_sediment,none,none,false,false,,1,1
H+75+21,75,21,25.9,0.751,coastal_sediment,none,none,false,false,,1,1
H+76+21,76,21,36.42,0.594,coastal_sediment,none,none,false,false,,1,1
H+77+21,77,21,39.72,0.627,coastal_sediment,none,none,false,false,,1,1
H+78+21,78,21,52.15,0.73,coastal_sediment,none,none,false,false,,1,1
H+79+21,79,21,74.05,0.998,coastal_sediment,none,none,false,false,,1,1
H+00+22,0,22,76.38,0.353,coastal_sediment,none,none,false,false,,0,1
H+01+22,1,22,76.5,0.021,coastal_sediment,none,none,false,false,,0,1
H+02+22,2,22,76.5,0.017,coastal_sediment,none,none,false,false,,0,1
H+03+22,3,22,76.5,0.273,coastal_sediment,none,none,false,false,,0,1
H+04+22,4,22,84.7,0.547,coastal_sediment,none,none,false,false,,0,1
H+05+22,5,22,68.29,0.547,coastal_sediment,none,none,false,false,,0,1
H+06+22,6,22,58.48,0.327,coastal_sediment,none,none,false,false,,0,1
H+07+22,7,22,64.84,0.229,craton_granite_gneiss,none,none,false,false,,0,1
H+08+22,8,22,64.84,0.186,craton_granite_gneiss,none,none,false,false,,0,1
H+09+22,9,22,64.1,0.249,craton_granite_gneiss,none,none,false,false,,0,1
H+10+22,10,22,64.9,0.276,craton_granite_gneiss,none,none,false,false,,0,1
H+11+22,11,22,70.88,0.202,craton_granite_gneiss,none,none,false,false,,0,1
H+12+22,12,22,74.62,0.219,craton_granite_gneiss,none,none,false,false,,0,1
H+13+22,13,22,76.87,0.532,craton_granite_gneiss,none,none,false,false,,0,1
H+14+22,14,22,80.81,0.401,craton_granite_gneiss,none,none,false,false,,0,1
H+15+22,15,22,88.51,0.288,craton_granite_gneiss,none,none,false,false,,0,1
H+16+22,16,22,97.14,0.381,craton_granite_gneiss,none,none,false,false,greenstone_metals,0,1
H+17+22,17,22,108.58,0.381,craton_granite_gneiss,none,none,false,false,,0,1
H+18+22,18,22,112.12,0.142,craton_granite_gneiss,none,none,false,false,,0,1
H+19+22,19,22,109.58,2.338,craton_granite_gneiss,none,none,false,false,,0,1
H+20+22,20,22,179.73,2.338,craton_granite_gneiss,none,none,false,false,,0,1
H+21+22,21,22,178.33,0.087,craton_granite_gneiss,none,none,false,false,,0,1
H+22+22,22,22,176.22,0.768,craton_granite_gneiss,none,none,false,false,,0,1
H+23+22,23,22,153.69,0.768,craton_granite_gneiss,none,none,false,false,greenstone_metals,0,1
H+24+22,24,22,159.22,3.863,suture_metamorphic,collision,none,false,false,,0,1
H+25+22,25,22,275.12,5.286,suture_metamorphic,collision,none,false,false,,0,1
H+26+22,26,22,433.7,6.361,suture_metamorphic,collision,none,false,false,,0,1
H+27+22,27,22,624.54,6.361,suture_metamorphic,collision,none,false,false,,0,1
H+28+22,28,22,588.76,1.21,basin_sediment,none,moraine,true,true,evaporite_host,0,1
H+29+22,29,22,588.76,0.0,basin_sediment,none,outwash,true,true,evaporite_host,0,1
H+30+22,30,22,588.76,0.0,basin_sediment,none,outwash,true,true,evaporite_host,0,1
H+31+22,31,22,588.76,0.0,basin_sediment,none,outwash,true,true,evaporite_host,0,1
H+32+22,32,22,588.76,0.0,basin_sediment,none,overdeep_basin;outwash,true,true,evaporite_host,0,1
H+33+22,33,22,588.76,0.0,basin_sediment,none,overdeep_basin;outwash,true,true,evaporite_host,1,1
H+34+22,34,22,588.76,0.0,basin_sediment,none,overdeep_basin;outwash,true,true,evaporite_host,1,1
H+35+22,35,22,588.76,0.0,basin_sediment,none,overdeep_basin;outwash,true,true,evaporite_host,1,1
H+36+22,36,22,588.76,0.0,basin_sediment,none,overdeep_basin;outwash,true,true,evaporite_host,1,1
H+37+22,37,22,588.76,2.841,basin_sediment,none,overdeep_basin;outwash,true,true,evaporite_host,1,1
H+38+22,38,22,588.76,2.841,basin_sediment,none,overdeep_basin;outwash,true,true,evaporite_host,1,1
H+39+22,39,22,618.84,6.327,suture_metamorphic,collision,none,false,false,,1,1
H+40+22,40,22,429.02,6.327,suture_metamorphic,collision,none,false,false,,1,1
H+41+22,41,22,262.02,5.567,craton_granite_gneiss,collision,none,false,false,,1,1
H+42+22,42,22,120.94,4.703,craton_granite_gneiss,collision,none,false,false,,1,1
H+43+22,43,22,95.25,16.45,craton_granite_gneiss,none,none,false,false,,1,1
H+44+22,44,22,97.83,16.364,craton_granite_gneiss,none,none,false,false,,1,1
H+45+22,45,22,588.76,17.399,basin_sediment,none,none,false,true,evaporite_host,1,1
H+46+22,46,22,588.76,17.404,basin_sediment,none,none,false,true,evaporite_host,1,1
H+47+22,47,22,588.76,17.408,basin_sediment,none,none,false,true,evaporite_host,1,1
H+48+22,48,22,588.76,17.41,basin_sediment,none,none,false,true,evaporite_host,1,1
H+49+22,49,22,588.76,17.411,basin_sediment,none,none,false,true,evaporite_host,1,1
H+50+22,50,22,588.76,17.411,basin_sediment,none,none,false,true,evaporite_host,1,1
H+51+22,51,22,588.76,17.41,basin_sediment,none,none,false,true,evaporite_host,1,1
H+52+22,52,22,588.76,17.408,basin_sediment,none,none,false,true,evaporite_host,1,1
H+53+22,53,22,588.76,17.404,basin_sediment,none,none,false,true,evaporite_host,1,1
H+54+22,54,22,93.23,16.518,craton_granite_gneiss,none,none,false,false,,1,1
H+55+22,55,22,95.32,16.448,craton_granite_gneiss,none,none,false,false,,1,1
H+56+22,56,22,97.57,16.373,craton_granite_gneiss,none,none,false,false,,1,1
H+57+22,57,22,99.8,16.299,craton_granite_gneiss,none,none,false,false,,1,1
H+58+22,58,22,-30.36,4.339,oceanic_basalt,none,,false,false,,1,0
H+59+22,59,22,-43.54,4.729,oceanic_basalt,none,,false,false,,1,0
H+60+22,60,22,-54.54,0.367,oceanic_basalt,none,,false,false,,1,0
H+61+22,61,22,-57.94,0.398,oceanic_basalt,none,,false,false,,1,0
H+62+22,62,22,-62.86,0.488,oceanic_basalt,none,,false,false,,1,0
H+63+22,63,22,-72.38,0.339,oceanic_basalt,none,,false,false,,1,0
H+64+22,64,22,-82.56,0.38,oceanic_basalt,none,,false,false,,1,0
H+65+22,65,22,-84.67,0.147,oceanic_basalt,none,,false,false,,1,0
H+66+22,66,22,-82.1,0.106,oceanic_basalt,none,,false,false,,1,0
H+67+22,67,22,-84.87,0.441,oceanic_basalt,none,,false,false,,1,0
H+68+22,68,22,-79.23,0.611,oceanic_basalt,none,,false,false,,1,0
H+69+22,69,22,-60.9,0.611,oceanic_basalt,none,,false,false,,1,0
H+70+22,70,22,-59.55,0.336,oceanic_basalt,none,,false,false,,1,0
H+71+22,71,22,-49.57,0.682,oceanic_basalt,none,,false,false,,1,0
H+72+22,72,22,-29.11,0.742,oceanic_basalt,none,,false,false,,1,0
H+73+22,73,22,-6.85,0.742,oceanic_basalt,none,,false,false,,1,0
H+74+22,74,22,7.48,0.614,coastal_sediment,none,none,false,false,,1,1
H+75+22,75,22,18.59,0.594,coastal_sediment,none,none,false,false,,1,1
H+76+22,76,22,29.46,0.425,coastal_sediment,none,none,false,false,,1,1
H+77+22,77,22,38.4,0.459,coastal_sediment,none,none,false,false,,1,1
H+78+22,78,22,44.1,0.998,coastal_sediment,none,none,false,false,,1,1
H+79+22,79,22,55.36,0.743,coastal_sediment,none,none,false,false,,1,1
H+00+23,0,23,77.01,0.021,coastal_sediment,none,none,false,false,,0,1
H+01+23,1,23,77.01,0.017,coastal_sediment,none,none,false,false,,0,1
H+02+23,2,23,77.01,0.017,coastal_sediment,none,none,false,false,,0,1
H+03+23,3,23,77.01,0.274,coastal_sediment,none,none,false,false,,0,1
H+04+23,4,23,68.8,0.53,coastal_sediment,none,none,false,false,,0,1
H+05+23,5,23,58.99,0.327,coastal_sediment,none,none,false,false,,0,1
H+06+23,6,23,65.35,0.229,coastal_sediment,none,none,false,false,,0,1
H+07+23,7,23,65.35,0.017,craton_granite_gneiss,none,none,false,false,,0,1
H+08+23,8,23,65.35,0.042,craton_granite_gneiss,none,none,false,false,,0,1
H+09+23,9,23,64.61,0.269,craton_granite_gneiss,none,none,false,false,,0,1
H+10+23,10,23,72.0,0.355,craton_granite_gneiss,none,none,false,false,,0,1
H+11+23,11,23,76.95,0.34,craton_granite_gneiss,none,none,false,false,,0,1
H+12+23,12,23,81.2,0.388,craton_granite_gneiss,none,none,false,false,,0,1
H+13+23,13,23,92.84,0.532,craton_granite_gneiss,none,none,false,false,,0,1
H+14+23,14,23,91.51,0.665,craton_granite_gneiss,none,none,false,false,,0,1
H+15+23,15,23,96.76,0.929,craton_granite_gneiss,none,none,false,false,,0,1
H+16+23,16,23,106.15,0.687,craton_granite_gneiss,none,none,false,false,,0,1
H+17+23,17,23,115.34,0.573,craton_granite_gneiss,none,none,false,false,,0,1
H+18+23,18,23,116.38,0.538,craton_granite_gneiss,none,none,false,false,,0,1
H+19+23,19,23,110.09,2.338,craton_granite_gneiss,none,none,false,false,,0,1
H+20+23,20,23,180.24,2.338,craton_granite_gneiss,none,none,false,false,,0,1
H+21+23,21,23,178.84,0.087,craton_granite_gneiss,none,none,false,false,,0,1
H+22+23,22,23,176.73,0.768,craton_granite_gneiss,none,none,false,false,,0,1
H+23+23,23,23,154.2,0.768,craton_granite_gneiss,none,none,false,false,,0,1
H+24+23,24,23,159.73,3.863,suture_metamorphic,collision,none,false,false,,0,1
H+25+23,25,23,275.63,5.286,suture_metamorphic,collision,none,false,false,,0,1
H+26+23,26,23,434.21,6.361,suture_metamorphic,collision,none,false,false,,0,1
H+27+23,27,23,625.05,44.865,suture_metamorphic,collision,none,false,false,,0,1
H+28+23,28,23,588.76,46.075,basin_sediment,none,none,false,true,evaporite_host,0,1
H+29+23,29,23,588.76,0.0,basin_sediment,none,moraine,true,true,evaporite_host,0,1
H+30+23,30,23,588.76,0.0,basin_sediment,none,outwash,true,true,evaporite_host,0,1
H+31+23,31,23,588.76,0.0,basin_sediment,none,outwash,true,true,evaporite_host,0,1
H+32+23,32,23,588.76,0.0,basin_sediment,none,overdeep_basin;outwash,true,true,evaporite_host,0,1
H+33+23,33,23,588.76,0.0,basin_sediment,none,overdeep_basin;outwash,true,true,evaporite_host,1,1
H+34+23,34,23,588.76,0.0,basin_sediment,none,overdeep_basin;outwash,true,true,evaporite_host,1,1
H+35+23,35,23,588.76,0.0,basin_sediment,none,overdeep_basin;outwash,true,true,evaporite_host,1,1
H+36+23,36,23,588.76,0.0,basin_sediment,none,overdeep_basin;outwash,true,true,evaporite_host,1,1
H+37+23,37,23,588.76,0.0,basin_sediment,none,overdeep_basin;outwash,true,true,evaporite_host,1,1
H+38+23,38,23,588.76,1.003,basin_sediment,none,overdeep_basin;outwash,true,true,evaporite_host,1,1
H+39+23,39,23,618.18,6.756,suture_metamorphic,collision,none,false,false,,1,1
H+40+23,40,23,415.49,6.756,craton_granite_gneiss,collision,none,false,false,,1,1
H+41+23,41,23,235.09,6.013,craton_granite_gneiss,collision,none,false,false,,1,1
H+42+23,42,23,121.45,15.577,craton_granite_gneiss,collision,none,false,false,,1,1
H+43+23,43,23,588.76,17.401,basin_sediment,none,none,false,true,evaporite_host,1,1
H+44+23,44,23,588.76,17.409,basin_sediment,none,none,false,true,evaporite_host,1,1
H+45+23,45,23,66.8,17.399,basin_sediment,none,none,false,true,evaporite_host,1,1
H+46+23,46,23,66.64,17.404,basin_sediment,none,none,false,true,evaporite_host,1,1
H+47+23,47,23,66.53,17.408,basin_sediment,none,none,false,true,evaporite_host,1,1
H+48+23,48,23,66.45,17.41,basin_sediment,none,none,false,true,evaporite_host,1,1
H+49+23,49,23,66.43,17.411,basin_sediment,none,none,false,true,evaporite_host,1,1
H+50+23,50,23,66.46,17.41,basin_sediment,none,none,false,true,evaporite_host,1,1
H+51+23,51,23,66.53,17.408,basin_sediment,none,none,false,true,evaporite_host,1,1
H+52+23,52,23,66.65,17.404,basin_sediment,none,none,false,true,evaporite_host,1,1
H+53+23,53,23,66.8,17.399,basin_sediment,none,none,false,true,evaporite_host,1,1
H+54+23,54,23,588.76,17.416,basin_sediment,none,none,false,true,evaporite_host,1,1
H+55+23,55,23,588.76,17.409,basin_sediment,none,none,false,true,evaporite_host,1,1
H+56+23,56,23,588.76,17.4,basin_sediment,none,none,false,true,evaporite_host,1,1
H+57+23,57,23,95.46,16.443,craton_granite_gneiss,none,none,false,false,,1,1
H+58+23,58,23,98.34,16.347,craton_granite_gneiss,none,none,false,false,,1,1
H+59+23,59,23,-53.73,5.069,oceanic_basalt,none,,false,false,,1,0
H+60+23,60,23,-62.77,5.352,oceanic_basalt,none,,false,false,,1,0
H+61+23,61,23,-61.75,0.26,oceanic_basalt,none,,false,false,,1,0
H+62+23,62,23,-63.71,0.294,oceanic_basalt,none,,false,false,,1,0
H+63+23,63,23,-71.16,0.38,oceanic_basalt,none,,false,false,,1,0
H+64+23,64,23,-80.24,0.303,oceanic_basalt,none,,false,false,,1,0
H+65+23,65,23,-85.28,0.454,oceanic_basalt,none,,false,false,,1,0
H+66+23,66,23,-83.95,0.379,oceanic_basalt,none,,false,false,,1,0
H+67+23,67,23,-82.44,0.395,oceanic_basalt,none,,false,false,,1,0
H+68+23,68,23,-75.72,0.608,oceanic_basalt,none,,false,false,,1,0
H+69+23,69,23,-57.47,0.608,oceanic_basalt,none,,false,false,,1,0
H+70+23,70,23,-52.99,0.385,oceanic_basalt,none,,false,false,,1,0
H+71+23,71,23,-41.45,0.656,oceanic_basalt,none,,false,false,,1,0
H+72+23,72,23,-21.77,0.656,oceanic_basalt,none,,false,false,,1,0
H+73+23,73,23,-3.16,0.806,oceanic_basalt,none,,false,false,,1,0
H+74+23,74,23,8.87,0.533,coastal_sediment,none,none,false,false,,1,1
H+75+23,75,23,16.72,0.503,coastal_sediment,none,none,false,false,,1,1
H+76+23,76,23,31.82,0.503,coastal_sediment,none,none,false,false,,1,1
H+77+23,77,23,32.33,0.392,coastal_sediment,none,none,false,false,,1,1
H+78+23,78,23,33.06,0.743,coastal_sediment,none,none,false,false,,1,1
H+79+23,79,23,46.5,0.482,coastal_sediment,none,none,false,false,,1,1
H+00+24,0,24,77.52,0.017,coastal_sediment,none,none,false,false,,0,1
H+01+24,1,24,77.52,0.017,coastal_sediment,none,none,false,false,,0,1
H+02+24,2,24,77.52,0.274,coastal_sediment,none,none,false,false,,0,1
H+03+24,3,24,69.31,0.327,coastal_sediment,none,none,false,false,,0,1
H+04+24,4,24,59.5,0.327,coastal_sediment,none,none,false,false,,0,1
H+05+24,5,24,65.86,0.229,coastal_sediment,none,none,false,false,,0,1
H+06+24,6,24,65.86,0.017,craton_granite_gneiss,none,none,false,false,,0,1
H+07+24,7,24,65.86,0.017,craton_granite_gneiss,none,none,false,false,,0,1
H+08+24,8,24,65.86,0.227,craton_granite_gneiss,none,none,false,false,,0,1
H+09+24,9,24,72.67,0.432,craton_granite_gneiss,none,none,false,false,,0,1
H+10+24,10,24,82.66,0.469,craton_granite_gneiss,none,none,false,false,greenstone_metals,0,1
H+11+24,11,24,87.14,0.69,craton_granite_gneiss,none,none,false,false,,0,1
H+12+24,12,24,90.21,0.587,craton_granite_gneiss,none,none,false,false,,0,1
H+13+24,13,24,103.91,0.478,craton_granite_gneiss,none,none,false,false,,0,1
H+14+24,14,24,111.47,0.718,craton_granite_gneiss,none,none,false,false,,0,1
H+15+24,15,24,124.63,0.929,craton_granite_gneiss,none,none,false,false,,0,1
H+16+24,16,24,126.75,0.743,craton_granite_gneiss,none,none,false,false,,0,1
H+17+24,17,24,132.52,0.573,craton_granite_gneiss,none,none,false,false,,0,1
H+18+24,18,24,127.62,0.629,craton_granite_gneiss,none,none,false,false,,0,1
H+19+24,19,24,111.6,2.305,craton_granite_gneiss,none,none,false,false,,0,1
H+20+24,20,24,180.75,2.305,craton_granite_gneiss,none,none,false,false,,0,1
H+21+24,21,24,179.35,0.087,craton_granite_gneiss,none,none,false,false,,0,1
H+22+24,22,24,177.24,0.768,craton_granite_gneiss,none,none,false,false,,0,1
H+23+24,23,24,154.71,0.768,craton_granite_gneiss,none,none,false,false,,0,1
H+24+24,24,24,160.24,3.863,suture_metamorphic,collision,none,false,false,,0,1
H+25+24,25,24,276.14,5.286,suture_metamorphic,collision,none,false,false,,0,1
H+26+24,26,24,434.72,51.209,suture_metamorphic,collision,none,false,false,,0,1
H+27+24,27,24,1971.0,51.209,suture_metamorphic,collision,none,false,false,,0,1
H+28+24,28,24,588.76,46.075,basin_sediment,none,none,false,true,evaporite_host,0,1
H+29+24,29,24,588.76,0.0,basin_sediment,none,moraine,true,true,evaporite_host,0,1
H+30+24,30,24,588.76,0.0,basin_sediment,none,none,false,true,evaporite_host,0,1
H+31+24,31,24,588.76,0.0,basin_sediment,none,none,false,true,evaporite_host,0,1
H+32+24,32,24,588.76,0.0,basin_sediment,none,overdeep_basin,true,true,evaporite_host,0,1
H+33+24,33,24,588.76,0.0,basin_sediment,none,overdeep_basin,true,true,evaporite_host,1,1
H+34+24,34,24,588.76,0.0,basin_sediment,none,overdeep_basin,true,true,evaporite_host,1,1
H+35+24,35,24,588.76,0.0,basin_sediment,none,overdeep_basin,true,true,evaporite_host,1,1
H+36+24,36,24,588.76,0.0,basin_sediment,none,overdeep_basin,true,true,evaporite_host,1,1
H+37+24,37,24,588.76,0.0,basin_sediment,none,overdeep_basin,true,true,evaporite_host,1,1
H+38+24,38,24,588.76,2.225,basin_sediment,none,overdeep_basin,true,true,evaporite_host,1,1
H+39+24,39,24,598.28,7.072,craton_granite_gneiss,collision,none,false,false,,1,1
H+40+24,40,24,386.1,7.072,craton_granite_gneiss,collision,none,false,false,,1,1
H+41+24,41,24,214.38,12.479,craton_granite_gneiss,collision,none,false,false,,1,1
H+42+24,42,24,588.76,17.404,basin_sediment,none,none,false,true,evaporite_host,1,1
H+43+24,43,24,66.74,17.401,basin_sediment,none,none,false,true,evaporite_host,1,1
H+44+24,44,24,66.49,17.409,basin_sediment,none,none,false,true,evaporite_host,1,1
H+45+24,45,24,66.26,0.018,basin_sediment,none,none,false,true,evaporite_host,1,1
H+46+24,46,24,66.08,0.019,basin_sediment,none,none,false,true,evaporite_host,1,1
H+47+24,47,24,65.94,0.019,basin_sediment,none,none,false,true,evaporite_host,1,1
H+48+24,48,24,65.85,0.02,basin_sediment,none,none,false,true,evaporite_host,1,1
H+49+24,49,24,65.83,0.021,basin_sediment,none,none,false,true,evaporite_host,1,1
H+50+24,50,24,65.86,0.022,basin_sediment,none,none,false,true,evaporite_host,1,1
H+51+24,51,24,65.95,0.023,basin_sediment,none,none,false,true,evaporite_host,1,1
H+52+24,52,24,66.09,0.024,basin_sediment,none,none,false,true,evaporite_host,1,1
H+53+24,53,24,66.27,17.416,basin_sediment,none,none,false,true,evaporite_host,1,1
H+54+24,54,24,66.49,17.409,basin_sediment,none,none,false,true,evaporite_host,1,1
H+55+24,55,24,66.75,17.4,basin_sediment,none,none,false,true,evaporite_host,1,1
H+56+24,56,24,588.76,17.414,basin_sediment,none,none,false,true,evaporite_host,1,1
H+57+24,57,24,588.76,17.404,basin_sediment,none,none,false,true,evaporite_host,1,1
H+58+24,58,24,94.44,16.477,craton_granite_gneiss,none,none,false,false,,1,1
H+59+24,59,24,97.78,16.366,craton_granite_gneiss,none,none,false,false,,1,1
H+60+24,60,24,-68.5,5.559,oceanic_basalt,none,,false,false,,1,0
H+61+24,61,24,-69.54,5.594,oceanic_basalt,none,,false,false,,1,0
H+62+24,62,24,-72.52,0.294,oceanic_basalt,none,,false,false,,1,0
H+63+24,63,24,-73.01,0.241,oceanic_basalt,none,,false,false,,1,0
H+64+24,64,24,-71.65,0.454,oceanic_basalt,none,,false,false,,1,0
H+65+24,65,24,-72.57,0.424,oceanic_basalt,none,,false,false,,1,0
H+66+24,66,24,-76.85,0.415,oceanic_basalt,none,,false,false,,1,0
H+67+24,67,24,-70.6,0.435,oceanic_basalt,none,,false,false,,1,0
H+68+24,68,24,-59.1,0.554,oceanic_basalt,none,,false,false,,1,0
H+69+24,69,24,-49.66,0.315,oceanic_basalt,none,,false,false,,1,0
H+70+24,70,24,-48.85,0.278,oceanic_basalt,none,,false,false,,1,0
H+71+24,71,24,-40.5,0.624,oceanic_basalt,none,,false,false,,1,0
H+72+24,72,24,-27.33,0.806,oceanic_basalt,none,,false,false,,1,0
H+73+24,73,24,-7.12,0.739,oceanic_basalt,none,,false,false,,1,0
H+74+24,74,24,9.24,0.657,coastal_sediment,none,none,false,false,,1,1
H+75+24,75,24,21.52,0.57,coastal_sediment,none,none,false,false,,1,1
H+76+24,76,24,28.37,0.543,coastal_sediment,none,none,false,false,,1,1
H+77+24,77,24,28.88,0.194,coastal_sediment,none,none,false,false,,1,1
H+78+24,78,24,32.06,0.482,coastal_sediment,none,none,false,false,,1,1
H+79+24,79,24,42.51,0.348,coastal_sediment,none,none,false,false,,1,1
H+00+25,0,25,78.03,0.017,coastal_sediment,none,none,false,false,,0,1
H+01+25,1,25,78.03,0.274,coastal_sediment,none,none,false,false,,0,1
H+02+25,2,25,69.82,0.327,coastal_sediment,none,none,false,false,,0,1
H+03+25,3,25,60.01,0.327,coastal_sediment,none,none,false,false,,0,1
H+04+25,4,25,66.37,0.229,coastal_sediment,none,none,false,false,,0,1
H+05+25,5,25,66.37,0.017,coastal_sediment,none,none,false,false,,0,1
H+06+25,6,25,66.37,0.017,craton_granite_gneiss,none,none,false,false,,0,1
H+07+25,7,25,66.37,0.017,craton_granite_gneiss,none,none,false,false,,0,1
H+08+25,8,25,65.88,0.658,craton_granite_gneiss,none,none,false,false,,0,1
H+09+25,9,25,85.62,0.658,craton_granite_gneiss,none,none,false,false,,0,1
H+10+25,10,25,96.73,0.578,craton_granite_gneiss,none,none,false,false,,0,1
H+11+25,11,25,107.83,0.69,craton_granite_gneiss,none,none,false,false,,0,1
H+12+25,12,25,107.07,0.562,craton_granite_gneiss,none,none,false,false,,0,1
H+13+25,13,25,118.26,0.689,craton_granite_gneiss,none,none,false,false,,0,1
H+14+25,14,25,133.01,0.718,craton_granite_gneiss,none,none,false,false,,0,1
H+15+25,15,25,146.64,0.734,craton_granite_gneiss,none,none,false,false,,0,1
H+16+25,16,25,149.04,0.743,craton_granite_gneiss,none,none,false,false,,0,1
H+17+25,17,25,146.49,0.629,craton_granite_gneiss,none,none,false,false,,0,1
H+18+25,18,25,135.34,0.791,craton_granite_gneiss,none,none,false,false,,0,1
H+19+25,19,25,111.75,2.317,craton_granite_gneiss,none,none,false,false,,0,1
H+20+25,20,25,181.26,2.317,craton_granite_gneiss,none,none,false,false,greenstone_metals,0,1
H+21+25,21,25,179.86,0.087,craton_granite_gneiss,none,none,false,false,,0,1
H+22+25,22,25,177.75,0.768,craton_granite_gneiss,none,none,false,false,,0,1
H+23+25,23,25,155.22,0.768,craton_granite_gneiss,none,none,false,false,,0,1
H+24+25,24,25,160.75,3.863,suture_metamorphic,collision,none,false,false,,0,1
H+25+25,25,25,276.65,5.286,suture_metamorphic,collision,none,false,false,,0,1
H+26+25,26,25,435.23,51.192,suture_metamorphic,collision,none,false,false,,0,1
H+27+25,27,25,1947.53,50.41,suture_metamorphic,collision,none,false,false,,0,1
H+28+25,28,25,588.76,45.292,basin_sediment,none,none,false,true,evaporite_host,0,1
H+29+25,29,25,588.76,0.0,basin_sediment,none,moraine,true,true,evaporite_host,0,1
H+30+25,30,25,588.76,0.0,basin_sediment,none,none,false,true,evaporite_host,0,1
H+31+25,31,25,588.76,0.0,basin_sediment,none,none,false,true,evaporite_host,0,1
H+32+25,32,25,588.76,0.0,basin_sediment,none,overdeep_basin,true,true,evaporite_host,0,1
H+33+25,33,25,588.76,0.0,basin_sediment,none,overdeep_basin,true,true,evaporite_host,1,1
H+34+25,34,25,588.76,0.0,basin_sediment,none,overdeep_basin,true,true,evaporite_host,1,1
H+35+25,35,25,588.76,0.0,basin_sediment,none,overdeep_basin,true,true,evaporite_host,1,1
H+36+25,36,25,588.76,0.0,basin_sediment,none,overdeep_basin,true,true,evaporite_host,1,1
H+37+25,37,25,588.76,2.225,basin_sediment,none,overdeep_basin,true,true,evaporite_host,1,1
H+38+25,38,25,655.51,2.429,craton_granite_gneiss,collision,none,false,false,greenstone_metals,1,1
H+39+25,39,25,582.62,6.942,craton_granite_gneiss,collision,none,false,false,,1,1
H+40+25,40,25,374.37,7.146,craton_granite_gneiss,collision,none,false,false,,1,1
H+41+25,41,25,588.76,17.404,basin_sediment,none,none,false,true,evaporite_host,1,1
H+42+25,42,25,66.63,17.404,basin_sediment,none,none,false,true,evaporite_host,1,1
H+43+25,43,25,66.32,0.014,basin_sediment,none,none,false,true,evaporite_host,1,1
H+44+25,44,25,66.03,0.015,basin_sediment,none,none,false,true,evaporite_host,1,1
H+45+25,45,25,65.76,0.017,basin_sediment,none,none,false,true,evaporite_host,1,1
H+46+25,46,25,65.54,0.018,basin_sediment,none,none,false,true,evaporite_host,1,1
H+47+25,47,25,65.37,0.019,basin_sediment,none,none,false,true,evaporite_host,1,1
H+48+25,48,25,65.26,0.02,basin_sediment,none,none,false,true,evaporite_host,1,1
H+49+25,49,25,65.22,0.021,basin_sediment,none,none,false,true,evaporite_host,1,1
H+50+25,50,25,65.26,0.023,basin_sediment,none,none,false,true,evaporite_host,1,1
H+51+25,51,25,65.37,0.024,basin_sediment,none,none,false,true,evaporite_host,1,1
H+52+25,52,25,65.55,0.024,basin_sediment,none,none,false,true,evaporite_host,1,1
H+53+25,53,25,65.77,0.024,basin_sediment,none,none,false,true,evaporite_host,1,1
H+54+25,54,25,66.04,0.024,basin_sediment,none,none,false,true,evaporite_host,1,1
H+55+25,55,25,66.33,17.414,basin_sediment,none,none,false,true,evaporite_host,1,1
H+56+25,56,25,66.64,17.404,basin_sediment,none,none,false,true,evaporite_host,1,1
H+57+25,57,25,588.76,17.415,basin_sediment,none,none,false,true,evaporite_host,1,1
H+58+25,58,25,588.76,17.403,basin_sediment,none,none,false,true,evaporite_host,1,1
H+59+25,59,25,94.66,16.47,craton_granite_gneiss,none,none,false,false,,1,1
H+60+25,60,25,98.28,5.608,craton_granite_gneiss,none,none,false,false,,1,1
H+61+25,61,25,-69.95,5.655,oceanic_basalt,none,,false,false,,1,0
H+62+25,62,25,-72.06,5.725,oceanic_basalt,none,,false,false,,1,0
H+63+25,63,25,-72.82,0.686,oceanic_basalt,none,,false,false,,1,0
H+64+25,64,25,-69.05,0.561,oceanic_basalt,none,,false,false,,1,0
H+65+25,65,25,-64.4,0.415,oceanic_basalt,none,,false,false,,1,0
H+66+25,66,25,-68.65,0.37,oceanic_basalt,none,,false,false,,1,0
H+67+25,67,25,-57.54,0.501,oceanic_basalt,none,,false,false,,1,0
H+68+25,68,25,-42.52,0.553,oceanic_basalt,none,,false,false,,1,0
H+69+25,69,25,-44.48,0.527,oceanic_basalt,none,,false,false,,1,0
H+70+25,70,25,-42.87,0.473,oceanic_basalt,none,,false,false,,1,0
H+71+25,71,25,-36.29,0.299,oceanic_basalt,none,,false,false,,1,0
H+72+25,72,25,-29.29,0.739,oceanic_basalt,none,,false,false,,1,0
H+73+25,73,25,-10.49,0.657,oceanic_basalt,none,,false,false,,1,0
H+74+25,74,25,4.41,0.57,coastal_sediment,none,none,false,false,,1,1
H+75+25,75,25,12.07,0.543,coastal_sediment,none,none,false,false,,1,1
H+76+25,76,25,26.69,0.717,coastal_sediment,none,none,false,false,,1,1
H+77+25,77,25,23.07,0.355,coastal_sediment,none,none,false,false,,1,1
H+78+25,78,25,33.73,0.397,coastal_sediment,none,none,false,false,,1,1
H+79+25,79,25,45.65,0.397,coastal_sediment,none,none,false,false,,1,1
H+00+26,0,26,78.54,0.274,coastal_sediment,none,none,false,false,,0,1
H+01+26,1,26,70.33,0.327,coastal_sediment,none,none,false,false,,0,1
H+02+26,2,26,60.52,0.327,coastal_sediment,none,none,false,false,,0,1
H+03+26,3,26,66.88,0.229,coastal_sediment,none,none,false,false,,0,1
H+04+26,4,26,66.88,0.017,coastal_sediment,none,none,false,false,,0,1
H+05+26,5,26,66.88,0.017,craton_granite_gneiss,none,none,false,false,,0,1
H+06+26,6,26,66.88,0.15,craton_granite_gneiss,none,none,false,false,,0,1
H+07+26,7,26,66.39,0.425,craton_granite_gneiss,none,none,false,false,,0,1
H+08+26,8,26,78.62,0.508,craton_granite_gneiss,none,none,false,false,,0,1
H+09+26,9,26,93.87,0.674,craton_granite_gneiss,none,none,false,false,,0,1
H+10+26,10,26,114.08,0.674,craton_granite_gneiss,none,none,false,false,,0,1
H+11+26,11,26,123.07,0.535,craton_granite_gneiss,none,none,false,false,,0,1
H+12+26,12,26,123.86,0.692,craton_granite_gneiss,none,none,false,false,,0,1
H+13+26,13,26,138.94,0.689,craton_granite_gneiss,none,none,false,false,,0,1
H+14+26,14,26,151.05,0.601,craton_granite_gneiss,none,none,false,false,,0,1
H+15+26,15,26,157.99,0.378,craton_granite_gneiss,none,none,false,false,,0,1
H+16+26,16,26,152.21,0.468,craton_granite_gneiss,none,none,false,false,,0,1
H+17+26,17,26,147.0,0.45,craton_granite_gneiss,none,none,false,false,,0,1
H+18+26,18,26,135.85,0.803,craton_granite_gneiss,none,none,false,false,,0,1
H+19+26,19,26,117.11,2.155,craton_granite_gneiss,none,none,false,false,,0,1
H+20+26,20,26,181.77,2.155,craton_granite_gneiss,none,none,false,false,,0,1
H+21+26,21,26,180.37,0.087,craton_granite_gneiss,none,none,false,false,greenstone_metals,0,1
H+22+26,22,26,178.26,0.768,craton_granite_gneiss,none,none,false,false,,0,1
H+23+26,23,26,155.73,0.768,craton_granite_gneiss,none,none,false,false,,0,1
H+24+26,24,26,161.26,3.863,suture_metamorphic,collision,none,false,false,,0,1
H+25+26,25,26,277.16,5.286,suture_metamorphic,collision,none,false,false,limestone_karst,0,1
H+26+26,26,26,435.74,50.393,suture_metamorphic,collision,none,false,false,,0,1
H+27+26,27,26,1934.26,49.951,suture_metamorphic,collision,none,false,false,,0,1
H+28+26,28,26,588.76,44.85,basin_sediment,none,none,false,true,evaporite_host,0,1
H+29+26,29,26,588.76,0.0,basin_sediment,none,moraine,true,true,evaporite_host,0,1
H+30+26,30,26,588.76,0.0,basin_sediment,none,none,false,true,evaporite_host,0,1
H+31+26,31,26,588.76,0.0,basin_sediment,none,none,false,true,evaporite_host,0,1
H+32+26,32,26,588.76,0.0,basin_sediment,none,none,false,true,evaporite_host,0,1
H+33+26,33,26,588.76,0.0,basin_sediment,none,overdeep_basin,true,true,evaporite_host,1,1
H+34+26,34,26,588.76,0.0,basin_sediment,none,overdeep_basin,true,true,evaporite_host,1,1
H+35+26,35,26,588.76,0.0,basin_sediment,none,overdeep_basin,true,true,evaporite_host,1,1
H+36+26,36,26,588.76,0.0,basin_sediment,none,overdeep_basin,true,true,evaporite_host,1,1
H+37+26,37,26,588.76,2.225,basin_sediment,none,overdeep_basin,true,true,evaporite_host,1,1
H+38+26,38,26,649.97,2.257,craton_granite_gneiss,collision,none,false,false,,1,1
H+39+26,39,26,582.26,6.929,craton_granite_gneiss,collision,none,false,false,,1,1
H+40+26,40,26,588.76,17.403,basin_sediment,none,none,false,true,evaporite_host,1,1
H+41+26,41,26,66.67,17.403,basin_sediment,none,none,false,true,evaporite_host,1,1
H+42+26,42,26,66.31,0.012,basin_sediment,none,none,false,true,evaporite_host,1,1
H+43+26,43,26,65.96,0.012,basin_sediment,none,none,false,true,evaporite_host,1,1
H+44+26,44,26,65.63,0.013,basin_sediment,none,none,false,true,evaporite_host,1,1
H+45+26,45,26,65.32,0.015,basin_sediment,none,none,false,true,evaporite_host,1,1
H+46+26,46,26,65.04,0.017,basin_sediment,none,none,false,true,evaporite_host,1,1
H+47+26,47,26,64.82,0.018,basin_sediment,none,none,false,true,evaporite_host,1,1
H+48+26,48,26,64.67,0.02,basin_sediment,none,none,false,true,evaporite_host,1,1
H+49+26,49,26,64.62,0.022,basin_sediment,none,none,false,true,evaporite_host,1,1
H+50+26,50,26,64.67,0.023,basin_sediment,none,none,false,true,evaporite_host,1,1
H+51+26,51,26,64.83,0.024,basin_sediment,none,none,false,true,evaporite_host,1,1
H+52+26,52,26,65.06,0.024,basin_sediment,none,none,false,true,evaporite_host,1,1
H+53+26,53,26,65.33,0.023,basin_sediment,none,none,false,true,evaporite_host,1,1
H+54+26,54,26,65.64,0.023,basin_sediment,none,none,false,true,evaporite_host,1,1
H+55+26,55,26,65.98,0.022,basin_sediment,none,none,false,true,evaporite_host,1,1
H+56+26,56,26,66.32,17.415,basin_sediment,none,none,false,true,evaporite_host,1,1
H+57+26,57,26,66.68,17.403,basin_sediment,none,none,false,true,evaporite_host,1,1
H+58+26,58,26,588.76,17.409,basin_sediment,none,none,false,true,evaporite_host,1,1
H+59+26,59,26,98.79,16.332,craton_granite_gneiss,none,none,false,false,,1,1
H+60+26,60,26,96.08,16.423,craton_granite_gneiss,none,none,false,false,,1,1
H+61+26,61,26,99.7,5.725,craton_granite_gneiss,none,none,false,false,,1,1
H+62+26,62,26,-58.63,5.278,oceanic_basalt,none,,false,false,,1,0
H+63+26,63,26,-52.23,0.686,oceanic_basalt,none,,false,false,,1,0
H+64+26,64,26,-52.51,0.551,oceanic_basalt,none,,false,false,,1,0
H+65+26,65,26,-60.2,0.282,oceanic_basalt,none,,false,false,,1,0
H+66+26,66,26,-61.16,0.331,oceanic_basalt,none,,false,false,,1,0
H+67+26,67,26,-51.23,0.588,oceanic_basalt,none,,false,false,,1,0
H+68+26,68,26,-33.59,0.816,oceanic_basalt,none,,false,false,,1,0
H+69+26,69,26,-28.66,0.527,oceanic_basalt,none,,false,false,,1,0
H+70+26,70,26,-32.51,0.345,oceanic_basalt,none,,false,false,,1,0
H+71+26,71,26,-28.04,0.275,oceanic_basalt,none,,false,false,,1,0
H+72+26,72,26,-23.61,0.437,oceanic_basalt,none,,false,false,,1,0
H+73+26,73,26,-10.84,0.508,oceanic_basalt,none,,false,false,,1,0
H+74+26,74,26,2.74,0.497,coastal_sediment,none,none,false,false,,1,1
H+75+26,75,26,5.18,0.717,coastal_sediment,none,none,false,false,,1,1
H+76+26,76,26,21.75,0.552,coastal_sediment,none,none,false,false,,1,1
H+77+26,77,26,28.7,0.548,coastal_sediment,none,none,false,false,,1,1
H+78+26,78,26,45.14,0.548,coastal_sediment,none,none,false,false,,1,1
H+79+26,79,26,45.59,0.017,coastal_sediment,none,none,false,false,,1,1
H+00+27,0,27,70.84,0.459,coastal_sediment,none,none,false,false,,0,1
H+01+27,1,27,66.85,0.326,coastal_sediment,none,none,false,false,,0,1
H+02+27,2,27,67.39,0.278,coastal_sediment,none,none,false,false,,0,1
H+03+27,3,27,67.39,0.278,coastal_sediment,none,none,false,false,,0,1
H+04+27,4,27,67.39,0.195,craton_granite_gneiss,none,none,false,false,,0,1
H+05+27,5,27,67.39,0.55,craton_granite_gneiss,none,none,false,false,,0,1
H+06+27,6,27,71.37,0.927,craton_granite_gneiss,none,none,false,false,,0,1
H+07+27,7,27,79.13,0.949,craton_granite_gneiss,none,none,false,false,,0,1
H+08+27,8,27,91.96,0.533,craton_granite_gneiss,none,none,false,false,,0,1
H+09+27,9,27,107.94,0.789,craton_granite_gneiss,none,none,false,false,,0,1
H+10+27,10,27,131.61,0.789,craton_granite_gneiss,none,none,false,false,,0,1
H+11+27,11,27,139.12,0.535,craton_granite_gneiss,none,none,false,false,,0,1
H+12+27,12,27,144.61,0.692,craton_granite_gneiss,none,none,false,false,,0,1
H+13+27,13,27,149.76,0.508,craton_granite_gneiss,none,none,false,false,,0,1
H+14+27,14,27,165.0,0.508,craton_granite_gneiss,none,none,false,false,,0,1
H+15+27,15,27,166.26,0.468,craton_granite_gneiss,none,none,false,false,,0,1
H+16+27,16,27,160.49,0.568,craton_granite_gneiss,none,none,false,false,,0,1
H+17+27,17,27,147.51,0.913,craton_granite_gneiss,none,none,false,false,,0,1
H+18+27,18,27,136.36,0.642,craton_granite_gneiss,none,none,false,false,,0,1
H+19+27,19,27,121.29,2.033,craton_granite_gneiss,none,none,false,false,,0,1
H+20+27,20,27,182.28,2.033,craton_granite_gneiss,none,none,false,false,,0,1
H+21+27,21,27,180.88,0.087,craton_granite_gneiss,none,none,false,false,,0,1
H+22+27,22,27,178.77,0.768,craton_granite_gneiss,none,none,false,false,,0,1
H+23+27,23,27,156.24,0.768,craton_granite_gneiss,none,none,false,false,,0,1
H+24+27,24,27,161.77,3.863,suture_metamorphic,collision,none,false,false,,0,1
H+25+27,25,27,277.67,55.236,suture_metamorphic,collision,none,false,false,,0,1
H+26+27,26,27,1934.76,55.236,suture_metamorphic,collision,none,false,false,limestone_karst,0,1
H+27+27,27,27,588.76,44.867,basin_sediment,none,none,false,true,evaporite_host,0,1
H+28+27,28,27,588.76,0.0,basin_sediment,none,none,false,true,evaporite_host,0,1
H+29+27,29,27,588.76,0.0,basin_sediment,none,moraine,true,true,evaporite_host,0,1
H+30+27,30,27,588.76,0.0,basin_sediment,none,none,false,true,evaporite_host,0,1
H+31+27,31,27,588.76,0.0,basin_sediment,none,none,false,true,evaporite_host,0,1
H+32+27,32,27,588.76,0.0,basin_sediment,none,none,false,true,evaporite_host,0,1
H+33+27,33,27,588.76,0.0,basin_sediment,none,none,false,true,evaporite_host,1,1
H+34+27,34,27,588.76,0.0,basin_sediment,none,overdeep_basin,true,true,evaporite_host,1,1
H+35+27,35,27,588.76,0.0,basin_sediment,none,overdeep_basin,true,true,evaporite_host,1,1
H+36+27,36,27,588.76,0.0,basin_sediment,none,overdeep_basin,true,true,evaporite_host,1,1
H+37+27,37,27,588.76,2.324,basin_sediment,none,overdeep_basin,true,true,evaporite_host,1,1
H+38+27,38,27,658.47,2.54,craton_granite_gneiss,collision,none,false,false,,1,1
H+39+27,39,27,586.34,2.567,craton_granite_gneiss,collision,none,false,false,,1,1
H+40+27,40,27,588.76,17.41,basin_sediment,none,none,false,true,evaporite_host,1,1
H+41+27,41,27,66.47,17.41,basin_sediment,none,none,false,true,evaporite_host,1,1
H+42+27,42,27,66.09,0.013,basin_sediment,none,none,false,true,evaporite_host,1,1
H+43+27,43,27,65.71,0.013,basin_sediment,none,none,false,true,evaporite_host,1,1
H+44+27,44,27,65.34,0.012,basin_sediment,none,none,false,true,evaporite_host,1,1
H+45+27,45,27,64.98,0.012,basin_sediment,none,none,false,true,evaporite_host,1,1
H+46+27,46,27,64.64,0.014,basin_sediment,none,none,false,true,evaporite_host,1,1
H+47+27,47,27,64.33,0.016,basin_sediment,none,none,false,true,evaporite_host,1,1
H+48+27,48,27,64.1,0.019,basin_sediment,none,none,false,true,evaporite_host,1,1
H+49+27,49,27,64.01,0.022,basin_sediment,none,none,false,true,evaporite_host,1,1
H+50+27,50,27,64.11,0.024,basin_sediment,none,none,false,true,evaporite_host,1,1
H+51+27,51,27,64.34,0.024,basin_sediment,none,none,false,true,evaporite_host,1,1
H+52+27,52,27,64.65,0.023,basin_sediment,none,none,false,true,evaporite_host,1,1
H+53+27,53,27,64.99,0.022,basin_sediment,none,none,false,true,evaporite_host,1,1
H+54+27,54,27,65.35,0.021,basin_sediment,none,none,false,true,evaporite_host,1,1
H+55+27,55,27,65.72,0.02,basin_sediment,none,none,false,true,evaporite_host,1,1
H+56+27,56,27,66.1,0.019,basin_sediment,none,none,false,true,evaporite_host,1,1
H+57+27,57,27,66.48,17.409,basin_sediment,none,none,false,true,evaporite_host,1,1
H+58+27,58,27,588.76,17.412,basin_sediment,none,none,false,true,evaporite_host,1,1
H+59+27,59,27,588.76,17.399,basin_sediment,none,none,false,true,evaporite_host,1,1
H+60+27,60,27,100.21,16.285,craton_granite_gneiss,none,none,false,false,greenstone_metals,1,1
H+61+27,61,27,98.48,5.237,craton_granite_gneiss,none,none,false,false,,1,1
H+62+27,62,27,-51.7,5.006,oceanic_basalt,none,,false,false,,1,0
H+63+27,63,27,-47.4,0.17,oceanic_basalt,none,,false,false,,1,0
H+64+27,64,27,-52.41,0.297,oceanic_basalt,none,,false,false,,1,0
H+65+27,65,27,-61.32,0.297,oceanic_basalt,none,,false,false,,1,0
H+66+27,66,27,-63.66,0.414,oceanic_basalt,none,,false,false,,1,0
H+67+27,67,27,-58.06,0.816,oceanic_basalt,none,,false,false,,1,0
H+68+27,68,27,-38.84,0.808,oceanic_basalt,none,,false,false,,1,0
H+69+27,69,27,-25.85,0.509,oceanic_basalt,none,,false,false,,1,0
H+70+27,70,27,-27.77,0.27,oceanic_basalt,none,,false,false,,1,0
H+71+27,71,27,-28.7,0.239,oceanic_basalt,none,,false,false,,1,0
H+72+27,72,27,-23.46,0.421,oceanic_basalt,none,,false,false,,1,0
H+73+27,73,27,-12.15,0.518,oceanic_basalt,none,,false,false,,1,0
H+74+27,74,27,3.37,0.669,coastal_sediment,none,none,false,false,,1,1
H+75+27,75,27,6.29,0.641,coastal_sediment,none,none,false,false,,1,1
H+76+27,76,27,25.53,0.641,coastal_sediment,none,none,false,false,,1,1
H+77+27,77,27,44.63,0.636,coastal_sediment,none,none,false,false,,1,1
H+78+27,78,27,45.08,0.072,coastal_sediment,none,none,false,false,,1,1
H+79+27,79,27,45.9,0.027,coastal_sediment,none,none,false,false,,1,1
H+00+28,0,28,57.08,0.459,coastal_sediment,none,none,false,false,,0,1
H+01+28,1,28,62.06,0.41,coastal_sediment,none,none,false,false,,0,1
H+02+28,2,28,59.05,0.283,coastal_sediment,none,none,false,false,,0,1
H+03+28,3,28,67.56,0.283,coastal_sediment,none,none,false,false,,0,1
H+04+28,4,28,73.24,0.355,craton_granite_gneiss,none,none,false,false,,0,1
H+05+28,5,28,83.88,0.55,craton_granite_gneiss,none,none,false,false,,0,1
H+06+28,6,28,99.19,0.927,craton_granite_gneiss,none,none,false,false,,0,1
H+07+28,7,28,107.6,0.949,craton_granite_gneiss,none,none,false,false,,0,1
H+08+28,8,28,104.41,0.583,craton_granite_gneiss,none,none,false,false,,0,1
H+09+28,9,28,121.9,0.718,craton_granite_gneiss,none,none,false,false,,0,1
H+10+28,10,28,143.45,0.718,craton_granite_gneiss,none,none,false,false,,0,1
H+11+28,11,28,154.51,0.513,craton_granite_gneiss,none,none,false,false,,0,1
H+12+28,12,28,157.59,0.432,craton_granite_gneiss,none,none,false,false,,0,1
H+13+28,13,28,159.89,0.416,craton_granite_gneiss,none,none,false,false,,0,1
H+14+28,14,28,169.41,0.317,craton_granite_gneiss,none,none,false,false,,0,1
H+15+28,15,28,177.52,0.568,craton_granite_gneiss,none,none,false,false,,0,1
H+16+28,16,28,174.91,0.913,craton_granite_gneiss,none,none,false,false,,0,1
H+17+28,17,28,151.5,0.797,craton_granite_gneiss,none,none,false,false,greenstone_metals,0,1
H+18+28,18,28,138.12,0.602,craton_granite_gneiss,none,none,false,false,,0,1
H+19+28,19,28,137.99,1.493,craton_granite_gneiss,none,none,false,false,,0,1
H+20+28,20,28,182.79,1.493,craton_granite_gneiss,none,none,false,false,,0,1
H+21+28,21,28,181.39,0.087,craton_granite_gneiss,none,none,false,false,,0,1
H+22+28,22,28,179.28,0.768,craton_granite_gneiss,none,none,false,false,,0,1
H+23+28,23,28,156.75,0.768,craton_granite_gneiss,none,none,false,false,,0,1
H+24+28,24,28,162.28,3.863,suture_metamorphic,collision,none,false,false,,0,1
H+25+28,25,28,278.18,55.219,suture_metamorphic,collision,none,false,false,,0,1
H+26+28,26,28,1928.54,55.012,suture_metamorphic,collision,none,false,false,,0,1
H+27+28,27,28,588.76,44.916,basin_sediment,none,none,false,true,evaporite_host,0,1
H+28+28,28,28,588.76,0.0,basin_sediment,none,none,false,true,evaporite_host,0,1
H+29+28,29,28,588.76,0.0,basin_sediment,none,moraine,true,true,evaporite_host,0,1
H+30+28,30,28,588.76,0.0,basin_sediment,none,none,false,true,evaporite_host,0,1
H+31+28,31,28,588.76,0.0,basin_sediment,none,none,false,true,evaporite_host,0,1
H+32+28,32,28,588.76,0.0,basin_sediment,none,none,false,true,evaporite_host,0,1
H+33+28,33,28,588.76,0.0,basin_sediment,none,none,false,true,evaporite_host,1,1
H+34+28,34,28,588.76,0.0,basin_sediment,none,overdeep_basin,true,true,evaporite_host,1,1
H+35+28,35,28,588.76,0.0,basin_sediment,none,overdeep_basin,true,true,evaporite_host,1,1
H+36+28,36,28,588.76,0.0,basin_sediment,none,overdeep_basin,true,true,evaporite_host,1,1
H+37+28,37,28,588.76,2.486,basin_sediment,none,overdeep_basin,true,true,evaporite_host,1,1
H+38+28,38,28,663.34,2.567,craton_granite_gneiss,collision,none,false,false,,1,1
H+39+28,39,28,588.76,17.4,basin_sediment,none,none,false,true,evaporite_host,1,1
H+40+28,40,28,66.77,17.4,basin_sediment,none,none,false,true,evaporite_host,1,1
H+41+28,41,28,66.37,0.014,basin_sediment,none,none,false,true,evaporite_host,1,1
H+42+28,42,28,65.98,0.014,basin_sediment,none,none,false,true,evaporite_host,1,1
H+43+28,43,28,65.58,0.014,basin_sediment,none,none,false,true,evaporite_host,1,1
H+44+28,44,28,65.19,0.014,basin_sediment,none,none,false,true,evaporite_host,1,1
H+45+28,45,28,64.8,0.014,basin_sediment,none,none,false,true,evaporite_host,1,1
H+46+28,46,28,64.41,0.014,basin_sediment,none,none,false,true,evaporite_host,1,1
H+47+28,47,28,64.02,0.015,basin_sediment,none,none,false,true,evaporite_host,1,1
H+48+28,48,28,63.64,0.015,basin_sediment,none,none,false,true,evaporite_host,1,1
H+49+28,49,28,63.41,0.023,basin_sediment,none,none,false,true,evaporite_host,1,1
H+50+28,50,28,63.66,0.023,basin_sediment,none,none,false,true,evaporite_host,1,1
H+51+28,51,28,64.03,0.021,basin_sediment,none,none,false,true,evaporite_host,1,1
H+52+28,52,28,64.42,0.019,basin_sediment,none,none,false,true,evaporite_host,1,1
H+53+28,53,28,64.81,0.018,basin_sediment,none,none,false,true,evaporite_host,1,1
H+54+28,54,28,65.21,0.017,basin_sediment,none,none,false,true,evaporite_host,1,1
H+55+28,55,28,65.6,0.017,basin_sediment,none,none,false,true,evaporite_host,1,1
H+56+28,56,28,65.99,0.016,basin_sediment,none,none,false,true,evaporite_host,1,1
H+57+28,57,28,66.39,17.412,basin_sediment,none,none,false,true,evaporite_host,1,1
H+58+28,58,28,66.78,17.399,basin_sediment,none,none,false,true,evaporite_host,1,1
H+59+28,59,28,588.76,17.399,basin_sediment,none,none,false,true,evaporite_host,1,1
H+60+28,60,28,98.99,16.326,craton_granite_gneiss,none,none,false,false,,1,1
H+61+28,61,28,97.88,4.986,craton_granite_gneiss,none,none,false,false,,1,1
H+62+28,62,28,-48.33,4.878,oceanic_basalt,none,,false,false,,1,0
H+63+28,63,28,-52.0,0.375,oceanic_basalt,none,,false,false,,1,0
H+64+28,64,28,-54.43,0.456,oceanic_basalt,none,,false,false,,1,0
H+65+28,65,28,-61.66,0.546,oceanic_basalt,none,,false,false,,1,0
H+66+28,66,28,-66.89,0.314,oceanic_basalt,none,,false,false,,1,0
H+67+28,67,28,-63.08,0.808,oceanic_basalt,none,,false,false,,1,0
H+68+28,68,28,-41.11,0.732,oceanic_basalt,none,,false,false,,1,0
H+69+28,69,28,-30.21,0.391,oceanic_basalt,none,,false,false,,1,0
H+70+28,70,28,-35.87,0.27,oceanic_basalt,none,,false,false,,1,0
H+71+28,71,28,-31.93,0.282,oceanic_basalt,none,,false,false,,1,0
H+72+28,72,28,-25.7,0.452,oceanic_basalt,none,,false,false,,1,0
H+73+28,73,28,-16.7,0.669,oceanic_basalt,none,,false,false,,1,0
H+74+28,74,28,-3.4,0.656,oceanic_basalt,none,,false,false,,1,0
H+75+28,75,28,8.3,0.716,coastal_sediment,none,none,false,false,,1,1
H+76+28,76,28,27.08,0.836,coastal_sediment,none,none,false,false,,1,1
H+77+28,77,28,42.9,0.848,coastal_sediment,none,none,false,false,,1,1
H+78+28,78,28,45.39,0.329,coastal_sediment,none,none,false,false,,1,1
H+79+28,79,28,45.9,0.417,coastal_sediment,none,none,false,false,,1,1
H+00+29,0,29,49.75,0.41,coastal_sediment,none,none,false,false,,0,1
H+01+29,1,29,57.85,0.614,coastal_sediment,none,none,false,false,,0,1
H+02+29,2,29,67.05,0.657,coastal_sediment,none,none,false,false,,0,1
H+03+29,3,29,69.78,0.453,coastal_sediment,none,none,false,false,,0,1
H+04+29,4,29,83.37,0.51,craton_granite_gneiss,none,none,false,false,,0,1
H+05+29,5,29,98.68,0.51,craton_granite_gneiss,none,none,false,false,,0,1
H+06+29,6,29,107.09,0.28,craton_granite_gneiss,none,none,false,false,,0,1
H+07+29,7,29,113.61,0.307,craton_granite_gneiss,none,none,false,false,,0,1
H+08+29,8,29,114.64,0.438,craton_granite_gneiss,none,none,false,false,greenstone_metals,0,1
H+09+29,9,29,127.79,0.542,craton_granite_gneiss,none,none,false,false,,0,1
H+10+29,10,29,144.06,0.656,craton_granite_gneiss,none,none,false,false,,0,1
H+11+29,11,29,163.74,0.656,craton_granite_gneiss,none,none,false,false,,0,1
H+12+29,12,29,169.8,0.407,craton_granite_gneiss,none,none,false,false,,0,1
H+13+29,13,29,172.38,0.416,craton_granite_gneiss,none,none,false,false,,0,1
H+14+29,14,29,169.92,0.27,craton_granite_gneiss,none,none,false,false,,0,1
H+15+29,15,29,178.03,0.27,craton_granite_gneiss,none,none,false,false,,0,1
H+16+29,16,29,175.42,0.797,craton_granite_gneiss,none,none,false,false,,0,1
H+17+29,17,29,156.17,0.659,craton_granite_gneiss,none,none,false,false,,0,1
H+18+29,18,29,144.39,0.443,craton_granite_gneiss,none,none,false,false,,0,1
H+19+29,19,29,142.69,1.354,craton_granite_gneiss,none,none,false,false,,0,1
H+20+29,20,29,183.3,1.354,craton_granite_gneiss,none,none,false,false,,0,1
H+21+29,21,29,181.9,0.087,craton_granite_gneiss,none,none,false,false,,0,1
H+22+29,22,29,179.79,0.768,craton_granite_gneiss,none,none,false,false,,0,1
H+23+29,23,29,157.26,0.768,craton_granite_gneiss,none,none,false,false,,0,1
H+24+29,24,29,162.79,3.863,suture_metamorphic,collision,none,false,false,,0,1
H+25+29,25,29,278.69,55.252,suture_metamorphic,collision,none,false,false,,0,1
H+26+29,26,29,1936.25,55.252,suture_metamorphic,collision,none,false,false,,0,1
H+27+29,27,29,588.76,44.916,basin_sediment,none,none,false,true,evaporite_host,0,1
H+28+29,28,29,588.76,0.0,basin_sediment,none,none,false,true,evaporite_host,0,1
H+29+29,29,29,588.76,0.0,basin_sediment,none,moraine,true,true,evaporite_host,0,1
H+30+29,30,29,588.76,0.0,basin_sediment,none,none,false,true,evaporite_host,0,1
H+31+29,31,29,588.76,0.0,basin_sediment,none,none,false,true,evaporite_host,0,1
H+32+29,32,29,588.76,0.0,basin_sediment,none,none,false,true,evaporite_host,0,1
H+33+29,33,29,588.76,0.0,basin_sediment,none,none,false,true,evaporite_host,1,1
H+34+29,34,29,588.76,0.0,basin_sediment,none,none,false,true,evaporite_host,1,1
H+35+29,35,29,588.76,0.0,basin_sediment,none,overdeep_basin,true,true,evaporite_host,1,1
H+36+29,36,29,588.76,0.0,basin_sediment,none,overdeep_basin,true,true,evaporite_host,1,1
H+37+29,37,29,588.76,2.486,basin_sediment,none,overdeep_basin,true,true,evaporite_host,1,1
H+38+29,38,29,588.76,2.486,basin_sediment,none,overdeep_basin,true,true,evaporite_host,1,1
H+39+29,39,29,588.76,17.4,basin_sediment,none,none,false,true,evaporite_host,1,1
H+40+29,40,29,66.79,17.399,basin_sediment,none,none,false,true,evaporite_host,1,1
H+41+29,41,29,66.39,17.412,basin_sediment,none,none,false,true,evaporite_host,1,1
H+42+29,42,29,66.0,0.017,basin_sediment,none,none,false,true,evaporite_host,1,1
H+43+29,43,29,65.61,0.018,basin_sediment,none,none,false,true,evaporite_host,1,1
H+44+29,44,29,65.22,0.019,basin_sediment,none,none,false,true,evaporite_host,1,1
H+45+29,45,29,64.84,0.02,basin_sediment,none,none,false,true,evaporite_host,1,1
H+46+29,46,29,64.46,0.021,basin_sediment,none,none,false,true,evaporite_host,1,1
H+47+29,47,29,64.1,0.022,basin_sediment,none,none,false,true,evaporite_host,1,1
H+48+29,48,29,63.78,0.024,basin_sediment,none,none,false,true,evaporite_host,1,1
H+49+29,49,29,63.62,0.023,basin_sediment,none,none,false,true,evaporite_host,1,1
H+50+29,50,29,63.79,0.017,basin_sediment,none,none,false,true,evaporite_host,1,1
H+51+29,51,29,64.11,0.013,basin_sediment,none,none,false,true,evaporite_host,1,1
H+52+29,52,29,64.47,0.013,basin_sediment,none,none,false,true,evaporite_host,1,1
H+53+29,53,29,64.85,0.013,basin_sediment,none,none,false,true,evaporite_host,1,1
H+54+29,54,29,65.24,0.013,basin_sediment,none,none,false,true,evaporite_host,1,1
H+55+29,55,29,65.63,0.013,basin_sediment,none,none,false,true,evaporite_host,1,1
H+56+29,56,29,66.02,0.013,basin_sediment,none,none,false,true,evaporite_host,1,1
H+57+29,57,29,66.41,0.013,basin_sediment,none,none,false,true,evaporite_host,1,1
H+58+29,58,29,66.8,17.399,basin_sediment,none,none,false,true,evaporite_host,1,1
H+59+29,59,29,588.76,17.399,basin_sediment,none,none,false,true,evaporite_host,1,1
H+60+29,60,29,98.39,16.346,craton_granite_gneiss,none,none,false,false,,1,1
H+61+29,61,29,98.01,4.928,craton_granite_gneiss,none,none,false,false,,1,1
H+62+29,62,29,-49.82,4.956,oceanic_basalt,none,,false,false,,1,0
H+63+29,63,29,-40.74,0.456,oceanic_basalt,none,,false,false,,1,0
H+64+29,64,29,-45.28,0.559,oceanic_basalt,none,,false,false,,1,0
H+65+29,65,29,-57.47,0.6,oceanic_basalt,none,,false,false,,1,0
H+66+29,66,29,-60.52,0.517,oceanic_basalt,none,,false,false,,1,0
H+67+29,67,29,-56.91,0.527,oceanic_basalt,none,,false,false,,1,0
H+68+29,68,29,-41.96,0.499,oceanic_basalt,none,,false,false,,1,0
H+69+29,69,29,-36.88,0.356,oceanic_basalt,none,,false,false,,1,0
H+70+29,70,29,-39.58,0.266,oceanic_basalt,none,,false,false,,1,0
H+71+29,71,29,-33.31,0.456,oceanic_basalt,none,,false,false,,1,0
H+72+29,72,29,-22.32,0.367,oceanic_basalt,none,,false,false,,1,0
H+73+29,73,29,-23.08,0.656,oceanic_basalt,none,,false,false,,1,0
H+74+29,74,29,-13.18,0.716,oceanic_basalt,none,,false,false,,1,0
H+75+29,75,29,2.0,0.836,coastal_sediment,none,none,false,false,,1,1
H+76+29,76,29,17.46,0.848,coastal_sediment,none,none,false,false,,1,1
H+77+29,77,29,35.52,0.996,coastal_sediment,none,none,false,false,,1,1
H+78+29,78,29,47.41,0.715,coastal_sediment,none,none,false,false,,1,1
H+79+29,79,29,58.41,0.625,coastal_sediment,none,none,false,false,,1,1
H+00+30,0,30,39.43,0.614,coastal_sediment,none,none,false,false,,0,1
H+01+30,1,30,47.33,0.7,coastal_sediment,none,none,false,false,,0,1
H+02+30,2,30,68.26,0.754,coastal_sediment,none,none,false,false,,0,1
H+03+30,3,30,82.86,0.555,coastal_sediment,none,none,false,false,,0,1
H+04+30,4,30,98.17,0.51,craton_granite_gneiss,none,none,false,false,,0,1
H+05+30,5,30,106.58,0.28,craton_granite_gneiss,none,none,false,false,,0,1
H+06+30,6,30,113.1,0.269,craton_granite_gneiss,none,none,false,false,,0,1
H+07+30,7,30,114.13,0.21,craton_granite_gneiss,none,none,false,false,,0,1
H+08+30,8,30,120.44,0.44,craton_granite_gneiss,none,none,false,false,,0,1
H+09+30,9,30,133.62,0.44,craton_granite_gneiss,none,none,false,false,,0,1
H+10+30,10,30,145.74,0.617,craton_granite_gneiss,none,none,false,false,,0,1
H+11+30,11,30,164.25,0.787,craton_granite_gneiss,none,none,false,false,,0,1
H+12+30,12,30,170.31,0.202,craton_granite_gneiss,none,none,false,false,,0,1
H+13+30,13,30,172.89,0.099,craton_granite_gneiss,none,none,false,false,,0,1
H+14+30,14,30,170.43,0.27,craton_granite_gneiss,none,none,false,false,,0,1
H+15+30,15,30,178.54,0.27,craton_granite_gneiss,none,none,false,false,,0,1
H+16+30,16,30,175.93,0.659,craton_granite_gneiss,none,none,false,false,,0,1
H+17+30,17,30,157.68,0.625,craton_granite_gneiss,none,none,false,false,,0,1
H+18+30,18,30,151.15,0.282,craton_granite_gneiss,none,none,false,false,,0,1
H+19+30,19,30,143.51,1.343,craton_granite_gneiss,none,none,false,false,,0,1
H+20+30,20,30,183.81,1.343,craton_granite_gneiss,none,none,false,false,,0,1
H+21+30,21,30,182.41,0.087,craton_granite_gneiss,none,none,false,false,,0,1
H+22+30,22,30,180.3,0.768,craton_granite_gneiss,none,none,false,false,,0,1
H+23+30,23,30,157.77,0.768,craton_granite_gneiss,none,none,false,false,,0,1
H+24+30,24,30,163.3,3.863,suture_metamorphic,collision,none,false,false,limestone_karst,0,1
H+25+30,25,30,279.2,55.235,suture_metamorphic,collision,none,false,false,,0,1
H+26+30,26,30,1933.78,55.153,suture_metamorphic,collision,none,false,false,,0,1
H+27+30,27,30,588.76,44.834,basin_sediment,none,none,false,true,evaporite_host,0,1
H+28+30,28,30,588.76,0.0,basin_sediment,none,none,false,true,evaporite_host,0,1
H+29+30,29,30,588.76,0.0,basin_sediment,none,moraine,true,true,evaporite_host,0,1
H+30+30,30,30,588.76,0.0,basin_sediment,none,none,false,true,evaporite_host,0,1
H+31+30,31,30,588.76,0.0,basin_sediment,none,none,false,true,evaporite_host,0,1
H+32+30,32,30,588.76,0.0,basin_sediment,none,none,false,true,evaporite_host,0,1
H+33+30,33,30,588.76,0.0,basin_sediment,none,none,false,true,evaporite_host,1,1
H+34+30,34,30,588.76,0.0,basin_sediment,none,none,false,true,evaporite_host,1,1
H+35+30,35,30,588.76,0.0,basin_sediment,none,none,false,true,evaporite_host,1,1
H+36+30,36,30,588.76,0.0,basin_sediment,none,none,false,true,evaporite_host,1,1
H+37+30,37,30,588.76,0.0,basin_sediment,none,none,false,true,evaporite_host,1,1
H+38+30,38,30,588.76,0.0,basin_sediment,none,none,false,true,evaporite_host,1,1
H+39+30,39,30,588.76,17.399,basin_sediment,none,none,false,true,evaporite_host,1,1
H+40+30,40,30,588.76,17.412,basin_sediment,none,none,false,true,evaporite_host,1,1
H+41+30,41,30,66.53,17.408,basin_sediment,none,none,false,true,evaporite_host,1,1
H+42+30,42,30,66.15,0.02,basin_sediment,none,none,false,true,evaporite_host,1,1
H+43+30,43,30,65.79,0.021,basin_sediment,none,none,false,true,evaporite_host,1,1
H+44+30,44,30,65.43,0.022,basin_sediment,none,none,false,true,evaporite_host,1,1
H+45+30,45,30,65.09,0.023,basin_sediment,none,none,false,true,evaporite_host,1,1
H+46+30,46,30,64.77,0.023,basin_sediment,none,none,false,true,evaporite_host,1,1
H+47+30,47,30,64.49,0.024,basin_sediment,none,none,false,true,evaporite_host,1,1
H+48+30,48,30,64.3,0.024,basin_sediment,none,none,false,true,evaporite_host,1,1
H+49+30,49,30,64.23,0.022,basin_sediment,none,none,false,true,evaporite_host,1,1
H+50+30,50,30,64.31,0.019,basin_sediment,none,none,false,true,evaporite_host,1,1
H+51+30,51,30,64.5,0.017,basin_sediment,none,none,false,true,evaporite_host,1,1
H+52+30,52,30,64.78,0.015,basin_sediment,none,none,false,true,evaporite_host,1,1
H+53+30,53,30,65.1,0.013,basin_sediment,none,none,false,true,evaporite_host,1,1
H+54+30,54,30,65.44,0.012,basin_sediment,none,none,false,true,evaporite_host,1,1
H+55+30,55,30,65.8,0.012,basin_sediment,none,none,false,true,evaporite_host,1,1
H+56+30,56,30,66.17,0.012,basin_sediment,none,none,false,true,evaporite_host,1,1
H+57+30,57,30,66.54,17.407,basin_sediment,none,none,false,true,evaporite_host,1,1
H+58+30,58,30,588.76,17.407,basin_sediment,none,none,false,true,evaporite_host,1,1
H+59+30,59,30,98.9,16.329,craton_granite_gneiss,none,none,false,false,,1,1
H+60+30,60,30,98.52,0.057,craton_granite_gneiss,none,none,false,false,,1,1
H+61+30,61,30,98.86,4.956,craton_granite_gneiss,none,none,false,false,,1,1
H+62+30,62,30,-37.01,4.529,oceanic_basalt,none,,false,false,,1,0
H+63+30,63,30,-28.5,0.559,oceanic_basalt,none,,false,false,,1,0
H+64+30,64,30,-39.46,0.6,oceanic_basalt,none,,false,false,,1,0
H+65+30,65,30,-45.02,0.517,oceanic_basalt,none,,false,false,,1,0
H+66+30,66,30,-45.56,0.647,oceanic_basalt,none,,false,false,,1,0
H+67+30,67,30,-45.66,0.65,oceanic_basalt,none,,false,false,,1,0
H+68+30,68,30,-45.97,0.542,oceanic_basalt,none,,false,false,,1,0
H+69+30,69,30,-47.58,0.466,oceanic_basalt,none,,false,false,,1,0
H+70+30,70,30,-46.99,0.578,oceanic_basalt,none,,false,false,,1,0
H+71+30,71,30,-29.65,0.578,oceanic_basalt,none,,false,false,,1,0
H+72+30,72,30,-26.34,0.41,oceanic_basalt,none,,false,false,,1,0
H+73+30,73,30,-22.02,0.546,oceanic_basalt,none,,false,false,,1,0
H+74+30,74,30,-5.64,0.546,oceanic_basalt,none,,false,false,,1,0
H+75+30,75,30,1.34,0.537,coastal_sediment,none,none,false,false,,1,1
H+76+30,76,30,5.63,0.996,coastal_sediment,none,none,false,false,,1,1
H+77+30,77,30,25.95,0.715,coastal_sediment,none,none,false,false,,1,1
H+78+30,78,30,39.65,0.873,coastal_sediment,none,none,false,false,,1,1
H+79+30,79,30,65.85,0.873,coastal_sediment,none,none,false,false,,1,1
H+00+31,0,31,26.32,0.7,coastal_sediment,none,none,false,false,,0,1
H+01+31,1,31,45.64,0.754,coastal_sediment,none,none,false,false,,0,1
H+02+31,2,31,66.22,1.059,coastal_sediment,none,none,false,false,,0,1
H+03+31,3,31,84.86,1.105,coastal_sediment,none,none,false,false,,0,1
H+04+31,4,31,100.06,0.94,craton_granite_gneiss,none,none,false,false,,0,1
H+05+31,5,31,105.05,0.724,craton_granite_gneiss,none,none,false,false,,0,1
H+06+31,6,31,113.62,0.841,craton_granite_gneiss,none,none,false,false,,0,1
H+07+31,7,31,119.93,0.55,craton_granite_gneiss,none,none,false,false,,0,1
H+08+31,8,31,129.87,0.377,craton_granite_gneiss,none,none,false,false,,0,1
H+09+31,9,31,141.18,0.431,craton_granite_gneiss,none,none,false,false,greenstone_metals,0,1
H+10+31,10,31,140.65,0.804,craton_granite_gneiss,none,none,false,false,,0,1
H+11+31,11,31,164.76,1.066,craton_granite_gneiss,none,none,false,false,,0,1
H+12+31,12,31,170.82,1.105,craton_granite_gneiss,none,none,false,false,,0,1
H+13+31,13,31,173.4,0.93,craton_granite_gneiss,none,none,false,false,,0,1
H+14+31,14,31,170.94,0.27,craton_granite_gneiss,none,none,false,false,,0,1
H+15+31,15,31,179.05,0.27,craton_granite_gneiss,none,none,false,false,greenstone_metals,0,1
H+16+31,16,31,176.44,0.625,craton_granite_gneiss,none,none,false,false,,0,1
H+17+31,17,31,158.19,0.625,craton_granite_gneiss,none,none,false,false,,0,1
H+18+31,18,31,151.66,0.272,craton_granite_gneiss,none,none,false,false,,0,1
H+19+31,19,31,144.02,1.343,craton_granite_gneiss,none,none,false,false,,0,1
H+20+31,20,31,184.32,1.343,craton_granite_gneiss,none,none,false,false,,0,1
H+21+31,21,31,182.92,0.087,craton_granite_gneiss,none,none,false,false,,0,1
H+22+31,22,31,180.81,0.768,craton_granite_gneiss,none,none,false,false,,0,1
H+23+31,23,31,158.28,14.469,craton_granite_gneiss,none,none,false,false,,0,1
H+24+31,24,31,163.81,59.016,suture_metamorphic,collision,none,false,false,,0,1
H+25+31,25,31,1934.28,59.016,suture_metamorphic,collision,none,false,false,limestone_karst,0,1
H+26+31,26,31,588.76,44.851,basin_sediment,none,none,false,true,evaporite_host,0,1
H+27+31,27,31,588.76,0.0,basin_sediment,none,none,false,true,evaporite_host,0,1
H+28+31,28,31,588.76,0.0,basin_sediment,none,none,false,true,evaporite_host,0,1
H+29+31,29,31,588.76,0.0,basin_sediment,none,moraine,true,true,evaporite_host,0,1
H+30+31,30,31,588.76,0.0,basin_sediment,none,none,false,true,evaporite_host,0,1
H+31+31,31,31,588.76,0.0,basin_sediment,none,none,false,true,evaporite_host,0,1
H+32+31,32,31,588.76,0.0,basin_sediment,none,none,false,true,evaporite_host,0,1
H+33+31,33,31,588.76,0.0,basin_sediment,none,none,false,true,evaporite_host,1,1
H+34+31,34,31,588.76,0.0,basin_sediment,none,none,false,true,evaporite_host,1,1
H+35+31,35,31,588.76,0.0,basin_sediment,none,none,false,true,evaporite_host,1,1
H+36+31,36,31,588.76,0.0,basin_sediment,none,none,false,true,evaporite_host,1,1
H+37+31,37,31,588.76,0.0,basin_sediment,none,none,false,true,evaporite_host,1,1
H+38+31,38,31,588.76,0.0,basin_sediment,none,none,false,true,evaporite_host,1,1
H+39+31,39,31,588.76,0.0,basin_sediment,none,none,false,true,evaporite_host,1,1
H+40+31,40,31,588.76,17.408,basin_sediment,none,none,false,true,evaporite_host,1,1
H+41+31,41,31,66.76,17.4,basin_sediment,none,none,false,true,evaporite_host,1,1
H+42+31,42,31,66.41,17.412,basin_sediment,none,none,false,true,evaporite_host,1,1
H+43+31,43,31,66.08,0.023,basin_sediment,none,none,false,true,evaporite_host,1,1
H+44+31,44,31,65.76,0.023,basin_sediment,none,none,false,true,evaporite_host,1,1
H+45+31,45,31,65.47,0.024,basin_sediment,none,none,false,true,evaporite_host,1,1
H+46+31,46,31,65.22,0.024,basin_sediment,none,none,false,true,evaporite_host,1,1
H+47+31,47,31,65.01,0.024,basin_sediment,none,none,false,true,evaporite_host,1,1
H+48+31,48,31,64.88,0.023,basin_sediment,none,none,false,true,evaporite_host,1,1
H+49+31,49,31,64.83,0.021,basin_sediment,none,none,false,true,evaporite_host,1,1
H+50+31,50,31,64.88,0.02,basin_sediment,none,none,false,true,evaporite_host,1,1
H+51+31,51,31,65.02,0.019,basin_sediment,none,none,false,true,evaporite_host,1,1
H+52+31,52,31,65.23,0.017,basin_sediment,none,none,false,true,evaporite_host,1,1
H+53+31,53,31,65.48,0.016,basin_sediment,none,none,false,true,evaporite_host,1,1
H+54+31,54,31,65.78,0.014,basin_sediment,none,none,false,true,evaporite_host,1,1
H+55+31,55,31,66.09,0.013,basin_sediment,none,none,false,true,evaporite_host,1,1
H+56+31,56,31,66.43,0.012,basin_sediment,none,none,false,true,evaporite_host,1,1
H+57+31,57,31,66.77,17.399,basin_sediment,none,none,false,true,evaporite_host,1,1
H+58+31,58,31,588.76,17.399,basin_sediment,none,none,false,true,evaporite_host,1,1
H+59+31,59,31,97.32,16.381,craton_granite_gneiss,none,none,false,false,,1,1
H+60+31,60,31,96.81,4.27,craton_granite_gneiss,none,none,false,false,greenstone_metals,1,1
H+61+31,61,31,-31.29,4.348,oceanic_basalt,none,,false,false,,1,0
H+62+31,62,31,-23.37,0.455,oceanic_basalt,none,,false,false,,1,0
H+63+31,63,31,-23.81,0.522,oceanic_basalt,none,,false,false,,1,0
H+64+31,64,31,-31.15,0.507,oceanic_basalt,none,,false,false,,1,0
H+65+31,65,31,-36.24,0.52,oceanic_basalt,none,,false,false,,1,0
H+66+31,66,31,-26.15,0.65,oceanic_basalt,none,,false,false,,1,0
H+67+31,67,31,-29.7,0.542,oceanic_basalt,none,,false,false,,1,0
H+68+31,68,31,-33.59,0.505,oceanic_basalt,none,,false,false,,1,0
H+69+31,69,31,-38.07,0.444,oceanic_basalt,none,,false,false,,1,0
H+70+31,70,31,-42.94,0.443,oceanic_basalt,none,,false,false,,1,0
H+71+31,71,31,-38.63,0.603,oceanic_basalt,none,,false,false,,1,0
H+72+31,72,31,-20.55,0.603,oceanic_basalt,none,,false,false,,1,0
H+73+31,73,31,-7.12,0.496,oceanic_basalt,none,,false,false,,1,0
H+74+31,74,31,1.51,0.569,coastal_sediment,none,none,false,false,,1,1
H+75+31,75,31,15.52,0.472,coastal_sediment,none,none,false,false,,1,1
H+76+31,76,31,19.44,0.46,coastal_sediment,none,none,false,false,,1,1
H+77+31,77,31,31.28,0.395,coastal_sediment,none,none,false,false,,1,1
H+78+31,78,31,42.6,0.785,coastal_sediment,none,none,false,false,,1,1
H+79+31,79,31,66.16,0.785,coastal_sediment,none,none,false,false,,1,1
H+00+32,0,32,25.81,0.661,coastal_sediment,none,none,false,false,,0,1
H+01+32,1,32,34.45,1.059,coastal_sediment,none,none,false,false,,0,1
H+02+32,2,32,51.71,1.179,coastal_sediment,none,none,false,false,,0,1
H+03+32,3,32,71.87,1.551,coastal_sediment,none,none,false,false,,0,1
H+04+32,4,32,83.31,1.215,craton_granite_gneiss,none,none,false,false,,0,1
H+05+32,5,32,88.38,0.918,craton_granite_gneiss,none,none,false,false,,0,1
H+06+32,6,32,103.43,0.906,craton_granite_gneiss,none,none,false,false,,0,1
H+07+32,7,32,119.07,0.881,craton_granite_gneiss,none,none,false,false,,0,1
H+08+32,8,32,128.26,0.431,craton_granite_gneiss,none,none,false,false,,0,1
H+09+32,9,32,132.42,0.414,craton_granite_gneiss,none,none,false,false,,0,1
H+10+32,10,32,132.78,1.066,craton_granite_gneiss,none,none,false,false,,0,1
H+11+32,11,32,137.68,1.105,craton_granite_gneiss,none,none,false,false,,0,1
H+12+32,12,32,145.5,0.947,craton_granite_gneiss,none,none,false,false,,0,1
H+13+32,13,32,173.91,1.3,craton_granite_gneiss,none,none,false,false,,0,1
H+14+32,14,32,171.45,1.185,craton_granite_gneiss,none,none,false,false,,0,1
H+15+32,15,32,179.56,1.489,craton_granite_gneiss,none,none,false,false,,0,1
H+16+32,16,32,176.95,1.402,craton_granite_gneiss,none,none,false,false,greenstone_metals,0,1
H+17+32,17,32,158.7,0.625,craton_granite_gneiss,none,none,false,false,,0,1
H+18+32,18,32,152.17,0.272,craton_granite_gneiss,none,none,false,false,greenstone_metals,0,1
H+19+32,19,32,144.53,3.165,craton_granite_gneiss,none,none,false,false,,0,1
H+20+32,20,32,184.83,5.695,craton_granite_gneiss,none,none,false,false,,0,1
H+21+32,21,32,183.43,9.653,craton_granite_gneiss,none,none,false,false,,0,1
H+22+32,22,32,181.32,13.702,craton_granite_gneiss,none,none,false,false,,0,1
H+23+32,23,32,592.36,14.469,craton_granite_gneiss,none,none,false,false,,0,1
H+24+32,24,32,164.32,58.999,suture_metamorphic,collision,none,false,false,,0,1
H+25+32,25,32,1927.66,58.778,suture_metamorphic,collision,none,false,false,,0,1
H+26+32,26,32,588.76,44.63,basin_sediment,none,none,false,true,evaporite_host,0,1
H+27+32,27,32,588.76,0.0,basin_sediment,none,none,false,true,evaporite_host,0,1
H+28+32,28,32,588.76,0.0,basin_sediment,none,none,false,true,evaporite_host,0,1
H+29+32,29,32,588.76,0.0,basin_sediment,none,moraine,true,true,evaporite_host,0,1
H+30+32,30,32,588.76,0.0,basin_sediment,none,none,false,true,evaporite_host,0,1
H+31+32,31,32,588.76,0.0,basin_sediment,none,none,false,true,evaporite_host,0,1
H+32+32,32,32,588.76,0.0,basin_sediment,none,none,false,true,evaporite_host,0,1
H+33+32,33,32,588.76,0.0,basin_sediment,none,none,false,true,evaporite_host,1,1
H+34+32,34,32,588.76,0.0,basin_sediment,none,none,false,true,evaporite_host,1,1
H+35+32,35,32,588.76,0.0,basin_sediment,none,none,false,true,evaporite_host,1,1
H+36+32,36,32,588.76,0.0,basin_sediment,none,none,false,true,evaporite_host,1,1
H+37+32,37,32,588.76,0.0,basin_sediment,none,none,false,true,evaporite_host,1,1
H+38+32,38,32,588.76,0.0,basin_sediment,none,none,false,true,evaporite_host,1,1
H+39+32,39,32,588.76,0.0,basin_sediment,none,none,false,true,evaporite_host,1,1
H+40+32,40,32,588.76,17.4,basin_sediment,none,none,false,true,evaporite_host,1,1
H+41+32,41,32,588.76,17.412,basin_sediment,none,none,false,true,evaporite_host,1,1
H+42+32,42,32,66.76,17.4,basin_sediment,none,none,false,true,evaporite_host,1,1
H+43+32,43,32,66.46,17.41,basin_sediment,none,none,false,true,evaporite_host,1,1
H+44+32,44,32,66.18,17.419,basin_sediment,none,none,false,true,evaporite_host,1,1
H+45+32,45,32,65.94,0.024,basin_sediment,none,none,false,true,evaporite_host,1,1
H+46+32,46,32,65.73,0.024,basin_sediment,none,none,false,true,evaporite_host,1,1
H+47+32,47,32,65.57,0.024,basin_sediment,none,none,false,true,evaporite_host,1,1
H+48+32,48,32,65.47,0.023,basin_sediment,none,none,false,true,evaporite_host,1,1
H+49+32,49,32,65.44,0.021,basin_sediment,none,none,false,true,evaporite_host,1,1
H+50+32,50,32,65.48,0.02,basin_sediment,none,none,false,true,evaporite_host,1,1
H+51+32,51,32,65.58,0.019,basin_sediment,none,none,false,true,evaporite_host,1,1
H+52+32,52,32,65.74,0.018,basin_sediment,none,none,false,true,evaporite_host,1,1
H+53+32,53,32,65.95,0.017,basin_sediment,none,none,false,true,evaporite_host,1,1
H+54+32,54,32,66.2,0.016,basin_sediment,none,none,false,true,evaporite_host,1,1
H+55+32,55,32,66.47,17.41,basin_sediment,none,none,false,true,evaporite_host,1,1
H+56+32,56,32,66.77,17.4,basin_sediment,none,none,false,true,evaporite_host,1,1
H+57+32,57,32,588.76,17.4,basin_sediment,none,none,false,true,evaporite_host,1,1
H+58+32,58,32,97.83,16.364,craton_granite_gneiss,none,none,false,false,,1,1
H+59+32,59,32,97.32,0.071,craton_granite_gneiss,none,none,false,false,,1,1
H+60+32,60,32,99.16,4.348,craton_granite_gneiss,none,none,false,false,,1,1
H+61+32,61,32,-28.31,4.249,oceanic_basalt,none,,false,false,,1,0
H+62+32,62,32,-14.32,0.466,oceanic_basalt,none,,false,false,,1,0
H+63+32,63,32,-15.95,0.507,oceanic_basalt,none,,false,false,,1,0
H+64+32,64,32,-20.64,0.588,oceanic_basalt,none,,false,false,,1,0
H+65+32,65,32,-24.15,0.675,oceanic_basalt,none,,false,false,,1,0
H+66+32,66,32,-18.35,0.378,oceanic_basalt,none,,false,false,,1,0
H+67+32,67,32,-18.42,0.505,oceanic_basalt,none,,false,false,,1,0
H+68+32,68,32,-24.75,0.576,oceanic_basalt,none,,false,false,,1,0
H+69+32,69,32,-31.02,0.442,oceanic_basalt,none,,false,false,,1,0
H+70+32,70,32,-31.4,0.443,oceanic_basalt,none,,false,false,,1,0
H+71+32,71,32,-22.9,0.524,oceanic_basalt,none,,false,false,,1,0
H+72+32,72,32,-14.1,0.556,oceanic_basalt,none,,false,false,,1,0
H+73+32,73,32,2.59,0.556,coastal_sediment,none,none,false,false,,1,1
H+74+32,74,32,18.57,0.569,coastal_sediment,none,none,false,false,,1,1
H+75+32,75,32,20.59,0.196,coastal_sediment,none,none,false,false,,1,1
H+76+32,76,32,26.48,0.286,coastal_sediment,none,none,false,false,,1,1
H+77+32,77,32,35.05,0.553,coastal_sediment,none,none,false,false,,1,1
H+78+32,78,32,51.64,0.58,coastal_sediment,none,none,false,false,,1,1
H+79+32,79,32,66.67,0.585,coastal_sediment,none,none,false,false,,1,1
H+00+33,0,33,23.86,0.538,coastal_sediment,none,none,false,false,,0,1
H+01+33,1,33,16.34,1.179,coastal_sediment,none,none,false,false,,0,1
H+02+33,2,33,25.35,1.551,coastal_sediment,none,none,false,false,,0,1
H+03+33,3,33,46.86,1.215,coastal_sediment,none,none,false,false,,0,1
H+04+33,4,33,60.83,1.001,craton_granite_gneiss,none,none,false,false,,0,1
H+05+33,5,33,76.24,1.264,craton_granite_gneiss,none,none,false,false,,0,1
H+06+33,6,33,92.64,0.881,craton_granite_gneiss,none,none,false,false,,0,1
H+07+33,7,33,116.28,1.119,craton_granite_gneiss,none,none,false,false,,0,1
H+08+33,8,33,119.98,0.414,craton_granite_gneiss,none,none,false,false,,0,1
H+09+33,9,33,120.09,0.423,craton_granite_gneiss,none,none,false,false,,0,1
H+10+33,10,33,120.29,0.58,craton_granite_gneiss,none,none,false,false,,0,1
H+11+33,11,33,127.2,0.61,craton_granite_gneiss,none,none,false,false,,0,1
H+12+33,12,33,134.89,1.3,craton_granite_gneiss,none,none,false,false,,0,1
H+13+33,13,33,135.9,1.267,craton_granite_gneiss,none,none,false,false,,0,1
H+14+33,14,33,138.02,1.385,craton_granite_gneiss,none,none,false,false,,0,1
H+15+33,15,33,134.89,1.489,craton_granite_gneiss,none,none,false,false,,0,1
H+16+33,16,33,177.46,1.682,craton_granite_gneiss,none,none,false,false,,0,1
H+17+33,17,33,151.86,0.853,craton_granite_gneiss,none,none,false,false,,0,1
H+18+33,18,33,147.15,3.077,craton_granite_gneiss,none,none,false,false,,0,1
H+19+33,19,33,239.47,3.874,craton_granite_gneiss,none,none,false,false,,0,1
H+20+33,20,33,355.68,5.742,craton_granite_gneiss,none,none,false,false,greenstone_metals,0,1
H+21+33,21,33,473.03,9.724,craton_granite_gneiss,none,none,false,false,,0,1
H+22+33,22,33,591.85,13.685,craton_granite_gneiss,none,none,false,false,,0,1
H+23+33,23,33,724.21,18.663,craton_granite_gneiss,none,none,false,false,,0,1
H+24+33,24,33,856.69,35.699,suture_metamorphic,collision,none,false,false,limestone_karst,0,1
H+25+33,25,33,588.76,44.63,basin_sediment,none,none,false,true,evaporite_host,0,1
H+26+33,26,33,588.76,0.0,basin_sediment,none,none,false,true,evaporite_host,0,1
H+27+33,27,33,588.76,0.0,basin_sediment,none,none,false,true,evaporite_host,0,1
H+28+33,28,33,588.76,0.0,basin_sediment,none,none,false,true,evaporite_host,0,1
H+29+33,29,33,588.76,0.0,basin_sediment,none,moraine,true,true,evaporite_host,0,1
H+30+33,30,33,588.76,0.0,basin_sediment,none,none,false,true,evaporite_host,0,1
H+31+33,31,33,588.76,0.0,basin_sediment,none,none,false,true,evaporite_host,0,1
H+32+33,32,33,588.76,0.0,basin_sediment,none,none,false,true,evaporite_host,0,1
H+33+33,33,33,588.76,0.0,basin_sediment,none,none,false,true,evaporite_host,1,1
H+34+33,34,33,588.76,0.0,basin_sediment,none,none,false,true,evaporite_host,1,1
H+35+33,35,33,588.76,0.0,basin_sediment,none,none,false,true,evaporite_host,1,1
H+36+33,36,33,588.76,0.0,basin_sediment,none,none,false,true,evaporite_host,1,1
H+37+33,37,33,588.76,0.0,basin_sediment,none,none,false,true,evaporite_host,1,1
H+38+33,38,33,588.76,0.0,basin_sediment,none,none,false,true,evaporite_host,1,1
H+39+33,39,33,588.76,0.0,basin_sediment,none,none,false,true,evaporite_host,1,1
H+40+33,40,33,588.76,0.0,basin_sediment,none,none,false,true,evaporite_host,1,1
H+41+33,41,33,588.76,17.4,basin_sediment,none,none,false,true,evaporite_host,1,1
H+42+33,42,33,588.76,17.41,basin_sediment,none,none,false,true,evaporite_host,1,1
H+43+33,43,33,588.76,17.419,basin_sediment,none,none,false,true,evaporite_host,1,1
H+44+33,44,33,66.66,17.403,basin_sediment,none,none,false,true,evaporite_host,1,1
H+45+33,45,33,66.45,17.41,basin_sediment,none,none,false,true,evaporite_host,1,1
H+46+33,46,33,66.28,17.416,basin_sediment,none,none,false,true,evaporite_host,1,1
H+47+33,47,33,66.15,17.42,basin_sediment,none,none,false,true,evaporite_host,1,1
H+48+33,48,33,66.07,0.022,basin_sediment,none,none,false,true,evaporite_host,1,1
H+49+33,49,33,66.04,0.021,basin_sediment,none,none,false,true,evaporite_host,1,1
H+50+33,50,33,66.07,0.02,basin_sediment,none,none,false,true,evaporite_host,1,1
H+51+33,51,33,66.15,0.02,basin_sediment,none,none,false,true,evaporite_host,1,1
H+52+33,52,33,66.29,17.416,basin_sediment,none,none,false,true,evaporite_host,1,1
H+53+33,53,33,66.46,17.41,basin_sediment,none,none,false,true,evaporite_host,1,1
H+54+33,54,33,66.67,17.403,basin_sediment,none,none,false,true,evaporite_host,1,1
H+55+33,55,33,588.76,17.41,basin_sediment,none,none,false,true,evaporite_host,1,1
H+56+33,56,33,588.76,17.4,basin_sediment,none,none,false,true,evaporite_host,1,1
H+57+33,57,33,99.97,16.293,craton_granite_gneiss,none,none,false,false,,1,1
H+58+33,58,33,99.46,0.071,craton_granite_gneiss,none,none,false,false,,1,1
H+59+33,59,33,98.95,4.191,craton_granite_gneiss,none,none,false,false,,1,1
H+60+33,60,33,-26.78,4.198,oceanic_basalt,none,,false,false,,1,0
H+61+33,61,33,-15.42,0.7,oceanic_basalt,none,,false,false,,1,0
H+62+33,62,33,-1.96,0.466,oceanic_basalt,none,,false,false,,1,0
H+63+33,63,33,-3.0,0.696,oceanic_basalt,none,,false,false,,1,0
H+64+33,64,33,-3.91,0.802,oceanic_basalt,none,,false,false,,1,0
H+65+33,65,33,-8.26,0.947,oceanic_basalt,none,,false,false,,1,0
H+66+33,66,33,-8.83,0.832,oceanic_basalt,none,,false,false,,1,0
H+67+33,67,33,-7.46,0.576,oceanic_basalt,none,,false,false,,1,0
H+68+33,68,33,-17.75,0.51,oceanic_basalt,none,,false,false,,1,0
H+69+33,69,33,-20.24,0.906,oceanic_basalt,none,,false,false,,1,0
H+70+33,70,33,-18.11,0.835,oceanic_basalt,none,,false,false,,1,0
H+71+33,71,33,-7.78,0.67,oceanic_basalt,none,,false,false,,1,0
H+72+33,72,33,-2.81,0.504,oceanic_basalt,none,,false,false,,1,0
H+73+33,73,33,4.86,0.475,coastal_sediment,none,none,false,false,,1,1
H+74+33,74,33,19.11,0.475,coastal_sediment,none,none,false,false,,1,1
H+75+33,75,33,19.62,0.229,coastal_sediment,none,none,false,false,,1,1
H+76+33,76,33,24.23,0.361,coastal_sediment,none,none,false,false,,1,1
H+77+33,77,33,34.23,0.58,coastal_sediment,none,none,false,false,,1,1
H+78+33,78,33,49.13,0.585,coastal_sediment,none,none,false,false,,1,1
H+79+33,79,33,63.16,0.468,coastal_sediment,none,none,false,false,,1,1
H+00+34,0,34,7.72,0.538,coastal_sediment,none,none,false,false,,0,1
H+01+34,1,34,10.25,0.503,coastal_sediment,none,none,false,false,,0,1
H+02+34,2,34,19.93,0.897,coastal_sediment,none,none,false,false,,0,1
H+03+34,3,34,30.81,1.001,coastal_sediment,none,none,false,false,,0,1
H+04+34,4,34,38.32,1.264,craton_granite_gneiss,none,none,false,false,,0,1
H+05+34,5,34,67.73,1.189,craton_granite_gneiss,none,none,false,false,,0,1
H+06+34,6,34,82.7,1.119,craton_granite_gneiss,none,none,false,false,,0,1
H+07+34,7,34,110.76,1.164,craton_granite_gneiss,none,none,false,false,,0,1
H+08+34,8,34,115.89,0.715,craton_granite_gneiss,none,none,false,false,,0,1
H+09+34,9,34,115.85,0.454,craton_granite_gneiss,none,none,false,false,,0,1
H+10+34,10,34,109.31,0.596,craton_granite_gneiss,none,none,false,false,,0,1
H+11+34,11,34,122.51,0.694,craton_granite_gneiss,none,none,false,false,,0,1
H+12+34,12,34,124.47,0.393,craton_granite_gneiss,none,none,false,false,,0,1
H+13+34,13,34,127.08,0.457,craton_granite_gneiss,none,none,false,false,,0,1
H+14+34,14,34,130.7,0.577,craton_granite_gneiss,none,none,false,false,,0,1
H+15+34,15,34,128.73,1.624,craton_granite_gneiss,none,none,false,false,,0,1
H+16+34,16,34,127.01,1.682,craton_granite_gneiss,none,none,false,false,,0,1
H+17+34,17,34,143.73,3.174,craton_granite_gneiss,none,none,false,false,,0,1
H+18+34,18,34,238.96,3.874,craton_granite_gneiss,none,none,false,false,,0,1
H+19+34,19,34,355.17,3.912,craton_granite_gneiss,none,none,false,false,,0,1
H+20+34,20,34,472.52,3.961,craton_granite_gneiss,none,none,false,false,,0,1
H+21+34,21,34,591.34,3.961,craton_granite_gneiss,none,none,false,false,,0,1
H+22+34,22,34,588.76,4.515,basin_sediment,none,none,false,true,evaporite_host,0,1
H+23+34,23,34,588.76,8.931,basin_sediment,none,none,false,true,evaporite_host,0,1
H+24+34,24,34,588.76,8.931,basin_sediment,none,none,false,true,evaporite_host,0,1
H+25+34,25,34,588.76,0.0,basin_sediment,none,none,false,true,evaporite_host,0,1
H+26+34,26,34,588.76,0.0,basin_sediment,none,none,false,true,evaporite_host,0,1
H+27+34,27,34,588.76,0.0,basin_sediment,none,none,false,true,evaporite_host,0,1
H+28+34,28,34,588.76,0.0,basin_sediment,none,none,false,true,evaporite_host,0,1
H+29+34,29,34,588.76,0.0,basin_sediment,none,moraine,true,true,evaporite_host,0,1
H+30+34,30,34,588.76,0.0,basin_sediment,none,none,false,true,evaporite_host,0,1
H+31+34,31,34,588.76,0.0,basin_sediment,none,none,false,true,evaporite_host,0,1
H+32+34,32,34,588.76,0.0,basin_sediment,none,none,false,true,evaporite_host,0,1
H+33+34,33,34,588.76,0.0,basin_sediment,none,none,false,true,evaporite_host,1,1
H+34+34,34,34,588.76,0.0,basin_sediment,none,none,false,true,evaporite_host,1,1
H+35+34,35,34,588.76,0.0,basin_sediment,none,none,false,true,evaporite_host,1,1
H+36+34,36,34,588.76,0.0,basin_sediment,none,none,false,true,evaporite_host,1,1
H+37+34,37,34,588.76,0.0,basin_sediment,none,none,false,true,evaporite_host,1,1
H+38+34,38,34,588.76,0.0,basin_sediment,none,none,false,true,evaporite_host,1,1
H+39+34,39,34,588.76,0.0,basin_sediment,none,none,false,true,evaporite_host,1,1
H+40+34,40,34,588.76,0.0,basin_sediment,none,none,false,true,evaporite_host,1,1
H+41+34,41,34,588.76,8.12,basin_sediment,none,none,false,true,evaporite_host,1,1
H+42+34,42,34,832.35,22.779,craton_granite_gneiss,collision,none,false,false,,1,1
H+43+34,43,34,588.76,17.403,basin_sediment,none,none,false,true,evaporite_host,1,1
H+44+34,44,34,588.76,17.41,basin_sediment,none,none,false,true,evaporite_host,1,1
H+45+34,45,34,588.76,17.416,basin_sediment,none,none,false,true,evaporite_host,1,1
H+46+34,46,34,588.76,17.42,basin_sediment,none,none,false,true,evaporite_host,1,1
H+47+34,47,34,66.74,17.401,basin_sediment,none,none,false,true,evaporite_host,1,1
H+48+34,48,34,66.67,17.403,basin_sediment,none,none,false,true,evaporite_host,1,1
H+49+34,49,34,66.65,17.404,basin_sediment,none,none,false,true,evaporite_host,1,1
H+50+34,50,34,66.67,17.403,basin_sediment,none,none,false,true,evaporite_host,1,1
H+51+34,51,34,66.74,17.401,basin_sediment,none,none,false,true,evaporite_host,1,1
H+52+34,52,34,588.76,17.416,basin_sediment,none,none,false,true,evaporite_host,1,1
H+53+34,53,34,588.76,17.41,basin_sediment,none,none,false,true,evaporite_host,1,1
H+54+34,54,34,588.76,17.403,basin_sediment,none,none,false,true,evaporite_host,1,1
H+55+34,55,34,101.21,16.252,craton_granite_gneiss,none,none,false,false,,1,1
H+56+34,56,34,100.7,16.269,craton_granite_gneiss,none,none,false,false,,1,1
H+57+34,57,34,100.19,0.024,craton_granite_gneiss,none,none,false,false,,1,1
H+58+34,58,34,99.68,3.446,craton_granite_gneiss,none,none,false,false,,1,1
H+59+34,59,34,-3.71,3.446,oceanic_basalt,none,,false,false,,1,0
H+60+34,60,34,-7.37,0.86,oceanic_basalt,none,,false,false,,1,0
H+61+34,61,34,5.58,0.7,craton_granite_gneiss,none,none,false,false,,1,1
H+62+34,62,34,11.01,0.467,craton_granite_gneiss,none,none,false,false,,1,1
H+63+34,63,34,17.89,0.727,craton_granite_gneiss,none,none,false,false,,1,1
H+64+34,64,34,20.15,0.947,craton_granite_gneiss,none,none,false,false,,1,1
H+65+34,65,34,16.14,0.832,craton_granite_gneiss,none,none,false,false,,1,1
H+66+34,66,34,1.28,1.103,craton_granite_gneiss,none,none,false,false,,1,1
H+67+34,67,34,-4.47,0.443,oceanic_basalt,none,,false,false,,1,0
H+68+34,68,34,-2.44,0.593,oceanic_basalt,none,,false,false,,1,0
H+69+34,69,34,6.95,0.906,craton_granite_gneiss,none,none,false,false,,1,1
H+70+34,70,34,3.84,1.033,craton_granite_gneiss,none,none,false,false,,1,1
H+71+34,71,34,12.32,0.75,craton_granite_gneiss,none,none,false,false,,1,1
H+72+34,72,34,11.25,0.469,craton_granite_gneiss,none,none,false,false,,1,1
H+73+34,73,34,13.69,0.431,coastal_sediment,none,none,false,false,,1,1
H+74+34,74,34,24.43,0.358,coastal_sediment,none,none,false,false,,1,1
H+75+34,75,34,26.36,0.241,coastal_sediment,none,none,false,false,,1,1
H+76+34,76,34,28.25,0.265,coastal_sediment,none,none,false,false,,1,1
H+77+34,77,34,36.21,0.52,coastal_sediment,none,none,false,false,,1,1
H+78+34,78,34,51.82,0.605,coastal_sediment,none,none,false,false,,1,1
H+79+34,79,34,69.98,0.605,coastal_sediment,none,none,false,false,,1,1
H+00+35,0,35,-1.16,0.38,oceanic_basalt,none,,false,false,,0,0
H+01+35,1,35,3.84,0.537,coastal_sediment,none,none,false,false,,0,1
H+02+35,2,35,12.99,0.594,coastal_sediment,none,none,false,false,,0,1
H+03+35,3,35,25.05,0.524,coastal_sediment,none,none,false,false,,0,1
H+04+35,4,35,32.06,1.189,coastal_sediment,none,none,false,false,,0,1
H+05+35,5,35,56.17,0.884,craton_granite_gneiss,none,none,false,false,,0,1
H+06+35,6,35,75.84,1.164,craton_granite_gneiss,none,none,false,false,,0,1
H+07+35,7,35,94.43,0.715,craton_granite_gneiss,none,none,false,false,,0,1
H+08+35,8,35,102.93,0.653,craton_granite_gneiss,none,none,false,false,,0,1
H+09+35,9,35,102.25,0.63,craton_granite_gneiss,none,none,false,false,,0,1
H+10+35,10,35,101.68,0.694,craton_granite_gneiss,none,none,false,false,,0,1
H+11+35,11,35,112.68,0.465,craton_granite_gneiss,none,none,false,false,,0,1
H+12+35,12,35,116.83,0.54,craton_granite_gneiss,none,none,false,false,,0,1
H+13+35,13,35,113.38,0.577,craton_granite_gneiss,none,none,false,false,,0,1
H+14+35,14,35,113.72,0.566,craton_granite_gneiss,none,none,false,false,,0,1
H+15+35,15,35,106.59,1.221,craton_granite_gneiss,none,none,false,false,,0,1
H+16+35,16,35,143.22,3.174,craton_granite_gneiss,none,none,false,false,,0,1
H+17+35,17,35,238.45,3.874,craton_granite_gneiss,none,none,false,false,,0,1
H+18+35,18,35,354.66,3.912,craton_granite_gneiss,none,none,false,false,,0,1
H+19+35,19,35,472.01,3.961,craton_granite_gneiss,none,none,false,false,,0,1
H+20+35,20,35,590.83,3.961,craton_granite_gneiss,none,none,false,false,,0,1
H+21+35,21,35,588.76,0.086,basin_sediment,none,none,false,true,evaporite_host,0,1
H+22+35,22,35,588.76,0.0,basin_sediment,none,none,false,true,evaporite_host,0,1
H+23+35,23,35,588.76,0.0,basin_sediment,none,none,false,true,evaporite_host,0,1
H+24+35,24,35,588.76,0.0,basin_sediment,none,none,false,true,evaporite_host,0,1
H+25+35,25,35,588.76,0.0,basin_sediment,none,none,false,true,evaporite_host,0,1
H+26+35,26,35,588.76,0.0,basin_sediment,none,none,false,true,evaporite_host,0,1
H+27+35,27,35,588.76,0.0,basin_sediment,none,none,false,true,evaporite_host,0,1
H+28+35,28,35,588.76,0.0,basin_sediment,none,none,false,true,evaporite_host,0,1
H+29+35,29,35,588.76,0.0,basin_sediment,none,moraine,true,true,evaporite_host,0,1
H+30+35,30,35,588.76,0.0,basin_sediment,none,none,false,true,evaporite_host,0,1
H+31+35,31,35,588.76,0.0,basin_sediment,none,none,false,true,evaporite_host,0,1
H+32+35,32,35,588.76,0.0,basin_sediment,none,none,false,true,evaporite_host,0,1
H+33+35,33,35,588.76,0.0,basin_sediment,none,none,false,true,evaporite_host,1,1
H+34+35,34,35,588.76,0.0,basin_sediment,none,none,false,true,evaporite_host,1,1
H+35+35,35,35,588.76,0.0,basin_sediment,none,none,false,true,evaporite_host,1,1
H+36+35,36,35,588.76,0.0,basin_sediment,none,none,false,true,evaporite_host,1,1
H+37+35,37,35,588.76,0.0,basin_sediment,none,none,false,true,evaporite_host,1,1
H+38+35,38,35,588.76,0.0,basin_sediment,none,none,false,true,evaporite_host,1,1
H+39+35,39,35,588.76,0.0,basin_sediment,none,none,false,true,evaporite_host,1,1
H+40+35,40,35,588.76,8.12,basin_sediment,none,none,false,true,evaporite_host,1,1
H+41+35,41,35,832.35,22.779,suture_metamorphic,collision,none,false,false,,1,1
H+42+35,42,35,148.99,22.779,craton_granite_gneiss,collision,none,false,false,,1,1
H+43+35,43,35,107.84,16.031,craton_granite_gneiss,none,none,false,false,,1,1
H+44+35,44,35,107.33,16.048,craton_granite_gneiss,none,none,false,false,,1,1
H+45+35,45,35,106.82,16.065,craton_granite_gneiss,none,none,false,false,,1,1
H+46+35,46,35,588.76,17.401,basin_sediment,none,none,false,true,evaporite_host,1,1
H+47+35,47,35,588.76,17.403,basin_sediment,none,none,false,true,evaporite_host,1,1
H+48+35,48,35,588.76,17.404,basin_sediment,none,none,false,true,evaporite_host,1,1
H+49+35,49,35,588.76,17.404,basin_sediment,none,none,false,true,evaporite_host,1,1
H+50+35,50,35,588.76,17.403,basin_sediment,none,none,false,true,evaporite_host,1,1
H+51+35,51,35,588.76,17.401,basin_sediment,none,none,false,true,evaporite_host,1,1
H+52+35,52,35,102.74,16.201,craton_granite_gneiss,none,none,false,false,,1,1
H+53+35,53,35,102.23,16.218,craton_granite_gneiss,none,none,false,false,,1,1
H+54+35,54,35,101.72,16.235,craton_granite_gneiss,none,none,false,false,,1,1
H+55+35,55,35,101.21,0.017,craton_granite_gneiss,none,none,false,false,,1,1
H+56+35,56,35,100.7,0.017,craton_granite_gneiss,none,none,false,false,,1,1
H+57+35,57,35,100.19,3.034,craton_granite_gneiss,none,none,false,false,,1,1
H+58+35,58,35,9.17,3.034,craton_granite_gneiss,none,none,false,false,,1,1
H+59+35,59,35,11.4,0.626,craton_granite_gneiss,none,none,false,false,,1,1
H+60+35,60,35,18.42,0.86,craton_granite_gneiss,none,none,false,false,,1,1
H+61+35,61,35,17.65,1.205,craton_granite_gneiss,none,none,false,false,greenstone_metals,1,1
H+62+35,62,35,20.2,1.941,craton_granite_gneiss,none,none,false,false,,1,1
H+63+35,63,35,26.62,2.353,craton_granite_gneiss,none,none,false,false,,1,1
H+64+35,64,35,32.29,2.535,craton_granite_gneiss,none,none,false,false,,1,1
H+65+35,65,35,34.37,2.494,craton_granite_gneiss,none,none,false,false,greenstone_metals,1,1
H+66+35,66,35,7.03,3.405,craton_granite_gneiss,none,none,false,false,,1,1
H+67+35,67,35,-4.92,3.103,oceanic_basalt,none,,false,false,,1,0
H+68+35,68,35,2.61,2.291,craton_granite_gneiss,none,none,false,false,,1,1
H+69+35,69,35,22.07,1.315,craton_granite_gneiss,none,none,false,false,,1,1
H+70+35,70,35,34.82,1.033,craton_granite_gneiss,none,none,false,false,,1,1
H+71+35,71,35,23.66,0.565,craton_granite_gneiss,none,none,false,false,,1,1
H+72+35,72,35,19.58,0.663,craton_granite_gneiss,none,none,false,false,,1,1
H+73+35,73,35,26.62,0.431,coastal_sediment,none,none,false,false,,1,1
H+74+35,74,35,33.59,0.305,coastal_sediment,none,none,false,false,,1,1
H+75+35,75,35,26.87,0.3,coastal_sediment,none,none,false,false,,1,1
H+76+35,76,35,28.76,0.328,coastal_sediment,none,none,false,false,,1,1
H+77+35,77,35,38.6,1.076,coastal_sediment,none,none,false,false,,1,1
H+78+35,78,35,66.49,0.93,coastal_sediment,none,none,false,false,,1,1
H+79+35,79,35,69.47,0.116,coastal_sediment,none,none,false,false,,1,1
H+00+36,0,36,-6.26,0.359,oceanic_basalt,none,,false,false,,0,0
H+01+36,1,36,4.5,0.359,coastal_sediment,none,none,false,false,,0,1
H+02+36,2,36,9.32,0.524,coastal_sediment,none,none,false,false,,0,1
H+03+36,3,36,24.43,0.504,coastal_sediment,none,none,false,false,,0,1
H+04+36,4,36,37.96,0.618,coastal_sediment,none,none,false,false,,0,1
H+05+36,5,36,56.5,0.645,craton_granite_gneiss,none,none,false,false,,0,1
H+06+36,6,36,73.47,0.699,craton_granite_gneiss,none,none,false,false,greenstone_metals,0,1
H+07+36,7,36,85.64,0.624,craton_granite_gneiss,none,none,false,false,,0,1
H+08+36,8,36,83.35,0.653,craton_granite_gneiss,none,none,false,false,,0,1
H+09+36,9,36,92.77,0.637,craton_granite_gneiss,none,none,false,false,,0,1
H+10+36,10,36,98.74,0.518,craton_granite_gneiss,none,none,false,false,,0,1
H+11+36,11,36,101.97,0.495,craton_granite_gneiss,none,none,false,false,,0,1
H+12+36,12,36,100.63,0.54,craton_granite_gneiss,none,none,false,false,,0,1
H+13+36,13,36,99.72,0.518,craton_granite_gneiss,none,none,false,false,,0,1
H+14+36,14,36,101.0,1.39,craton_granite_gneiss,none,none,false,false,,0,1
H+15+36,15,36,142.71,3.174,craton_granite_gneiss,none,none,false,false,,0,1
H+16+36,16,36,237.94,3.874,craton_granite_gneiss,none,none,false,false,,0,1
H+17+36,17,36,354.15,3.912,craton_granite_gneiss,none,none,false,false,,0,1
H+18+36,18,36,471.5,3.961,craton_granite_gneiss,none,none,false,false,,0,1
H+19+36,19,36,590.32,3.961,craton_granite_gneiss,none,none,false,false,,0,1
H+20+36,20,36,588.76,0.069,basin_sediment,none,none,false,true,evaporite_host,0,1
H+21+36,21,36,588.76,0.0,basin_sediment,none,none,false,true,evaporite_host,0,1
H+22+36,22,36,588.76,0.0,basin_sediment,none,none,false,true,evaporite_host,0,1
H+23+36,23,36,588.76,0.0,basin_sediment,none,none,false,true,evaporite_host,0,1
H+24+36,24,36,588.76,0.0,basin_sediment,none,none,false,true,evaporite_host,0,1
H+25+36,25,36,588.76,0.0,basin_sediment,none,none,false,true,evaporite_host,0,1
H+26+36,26,36,588.76,0.0,basin_sediment,none,none,false,true,evaporite_host,0,1
H+27+36,27,36,588.76,4.465,basin_sediment,none,none,false,true,evaporite_host,0,1
H+28+36,28,36,588.76,52.419,basin_sediment,none,none,false,true,evaporite_host,0,1
H+29+36,29,36,588.76,52.419,basin_sediment,none,u_valley;moraine,true,true,evaporite_host,0,1
H+30+36,30,36,588.76,0.0,basin_sediment,none,none,false,true,evaporite_host,0,1
H+31+36,31,36,588.76,0.0,basin_sediment,none,none,false,true,evaporite_host,0,1
H+32+36,32,36,588.76,0.0,basin_sediment,none,none,false,true,evaporite_host,0,1
H+33+36,33,36,588.76,0.0,basin_sediment,none,none,false,true,evaporite_host,1,1
H+34+36,34,36,588.76,0.0,basin_sediment,none,none,false,true,evaporite_host,1,1
H+35+36,35,36,588.76,0.0,basin_sediment,none,none,false,true,evaporite_host,1,1
H+36+36,36,36,588.76,0.0,basin_sediment,none,none,false,true,evaporite_host,1,1
H+37+36,37,36,588.76,0.0,basin_sediment,none,none,false,true,evaporite_host,1,1
H+38+36,38,36,588.76,0.0,basin_sediment,none,none,false,true,evaporite_host,1,1
H+39+36,39,36,588.76,8.12,basin_sediment,none,none,false,true,evaporite_host,1,1
H+40+36,40,36,832.35,18.774,suture_metamorphic,collision,none,false,false,,1,1
H+41+36,41,36,269.13,18.791,suture_metamorphic,collision,none,false,false,,1,1
H+42+36,42,36,144.14,4.166,suture_metamorphic,collision,none,false,false,,1,1
H+43+36,43,36,107.33,1.227,craton_granite_gneiss,none,none,false,false,,1,1
H+44+36,44,36,106.82,0.017,craton_granite_gneiss,none,none,false,false,,1,1
H+45+36,45,36,106.31,16.082,craton_granite_gneiss,none,none,false,false,,1,1
H+46+36,46,36,105.8,16.099,craton_granite_gneiss,none,none,false,false,,1,1
H+47+36,47,36,105.29,16.116,craton_granite_gneiss,none,none,false,false,,1,1
H+48+36,48,36,104.78,16.133,craton_granite_gneiss,none,none,false,false,,1,1
H+49+36,49,36,104.27,16.15,craton_granite_gneiss,none,none,false,false,,1,1
H+50+36,50,36,103.76,16.167,craton_granite_gneiss,none,none,false,false,,1,1
H+51+36,51,36,103.25,16.184,craton_granite_gneiss,none,none,false,false,,1,1
H+52+36,52,36,102.74,0.017,craton_granite_gneiss,none,none,false,false,,1,1
H+53+36,53,36,102.23,0.017,craton_granite_gneiss,none,none,false,false,,1,1
H+54+36,54,36,101.72,0.017,craton_granite_gneiss,none,none,false,false,,1,1
H+55+36,55,36,101.21,0.017,craton_granite_gneiss,none,none,false,false,,1,1
H+56+36,56,36,100.7,2.579,craton_granite_gneiss,none,none,false,false,,1,1
H+57+36,57,36,23.34,2.579,craton_granite_gneiss,none,none,false,false,greenstone_metals,1,1
H+58+36,58,36,25.07,1.514,craton_granite_gneiss,none,none,false,false,,1,1
H+59+36,59,36,28.6,2.504,craton_granite_gneiss,none,none,false,false,,1,1
H+60+36,60,36,29.66,3.54,craton_granite_gneiss,none,none,false,false,,1,1
H+61+36,61,36,53.8,3.911,arc_andesite_volcanic,arc,none,false,false,,2,1
H+62+36,62,36,78.42,4.111,arc_andesite_volcanic,arc,none,false,false,,2,1
H+63+36,63,36,97.2,4.183,arc_andesite_volcanic,arc,none,false,false,,2,1
H+64+36,64,36,108.33,3.949,arc_andesite_volcanic,arc,none,false,false,,2,1
H+65+36,65,36,109.18,3.92,arc_andesite_volcanic,arc,none,false,false,,2,1
H+66+36,66,36,88.17,4.439,arc_andesite_volcanic,arc,none,false,false,,2,1
H+67+36,67,36,71.33,4.767,arc_andesite_volcanic,arc,none,false,false,,2,1
H+68+36,68,36,61.52,4.861,arc_andesite_volcanic,arc,none,false,false,,2,1
H+69+36,69,36,48.44,5.145,arc_andesite_volcanic,arc,none,false,false,,2,1
H+70+36,70,36,40.61,4.917,craton_granite_gneiss,none,none,false,false,,1,1
H+71+36,71,36,39.48,3.789,craton_granite_gneiss,none,none,false,false,,1,1
H+72+36,72,36,24.42,2.745,craton_granite_gneiss,none,none,false,false,,1,1
H+73+36,73,36,27.01,0.769,coastal_sediment,none,none,false,false,,1,1
H+74+36,74,36,35.89,0.3,coastal_sediment,none,none,false,false,,1,1
H+75+36,75,36,31.9,0.168,coastal_sediment,none,none,false,false,,1,1
H+76+36,76,36,35.11,3.1,coastal_sediment,none,none,false,false,,1,1
H+77+36,77,36,70.88,1.908,coastal_sediment,none,none,false,false,,1,1
H+78+36,78,36,65.98,0.163,coastal_sediment,none,none,false,false,,1,1
H+79+36,79,36,69.27,0.127,coastal_sediment,none,none,false,false,,1,1
H+00+37,0,37,-1.58,0.281,oceanic_basalt,none,,false,false,,0,0
H+01+37,1,37,6.84,0.281,coastal_sediment,none,none,false,false,,0,1
H+02+37,2,37,14.26,0.339,coastal_sediment,none,none,false,false,,0,1
H+03+37,3,37,24.18,0.871,coastal_sediment,none,none,false,false,,0,1
H+04+37,4,37,41.52,0.578,coastal_sediment,none,none,false,false,,0,1
H+05+37,5,37,54.18,0.643,coastal_sediment,none,none,false,false,,0,1
H+06+37,6,37,66.92,0.624,coastal_sediment,none,none,false,false,,0,1
H+07+37,7,37,69.89,0.525,craton_granite_gneiss,none,none,false,false,,0,1
H+08+37,8,37,73.66,0.637,craton_granite_gneiss,none,none,false,false,,0,1
H+09+37,9,37,83.22,0.518,craton_granite_gneiss,none,none,false,false,,0,1
H+10+37,10,37,88.25,0.548,craton_granite_gneiss,none,none,false,false,,0,1
H+11+37,11,37,92.19,0.491,craton_granite_gneiss,none,none,false,false,,0,1
H+12+37,12,37,87.47,0.439,craton_granite_gneiss,none,none,false,false,,0,1
H+13+37,13,37,84.18,1.934,craton_granite_gneiss,none,none,false,false,,0,1
H+14+37,14,37,142.2,3.174,craton_granite_gneiss,none,none,false,false,,0,1
H+15+37,15,37,237.43,3.874,hotspot_basalt,hotspot,none,false,false,,4,1
H+16+37,16,37,353.64,3.912,hotspot_basalt,hotspot,none,false,false,,4,1
H+17+37,17,37,470.99,3.961,hotspot_basalt,hotspot,none,false,false,,4,1
H+18+37,18,37,589.81,3.961,hotspot_basalt,hotspot,none,false,false,,4,1
H+19+37,19,37,588.76,0.052,basin_sediment,none,none,false,true,evaporite_host,4,1
H+20+37,20,37,588.76,0.0,basin_sediment,none,none,false,true,evaporite_host,4,1
H+21+37,21,37,588.76,0.0,basin_sediment,none,none,false,true,evaporite_host,0,1
H+22+37,22,37,588.76,0.0,basin_sediment,none,none,false,true,evaporite_host,0,1
H+23+37,23,37,588.76,0.0,basin_sediment,none,none,false,true,evaporite_host,0,1
H+24+37,24,37,588.76,0.0,basin_sediment,none,none,false,true,evaporite_host,0,1
H+25+37,25,37,588.76,0.0,basin_sediment,none,none,false,true,evaporite_host,0,1
H+26+37,26,37,588.76,4.465,basin_sediment,none,none,false,true,evaporite_host,0,1
H+27+37,27,37,722.71,47.954,suture_metamorphic,collision,none,false,false,,0,1
H+28+37,28,37,2161.32,52.527,suture_metamorphic,collision,none,false,false,,0,1
H+29+37,29,37,588.76,52.419,basin_sediment,none,u_valley;moraine,true,true,evaporite_host,0,1
H+30+37,30,37,588.76,0.0,basin_sediment,none,none,false,true,evaporite_host,0,1
H+31+37,31,37,588.76,0.0,basin_sediment,none,none,false,true,evaporite_host,0,1
H+32+37,32,37,588.76,0.0,basin_sediment,none,none,false,true,evaporite_host,0,1
H+33+37,33,37,588.76,0.0,basin_sediment,none,none,false,true,evaporite_host,0,1
H+34+37,34,37,588.76,0.0,basin_sediment,none,none,false,true,evaporite_host,1,1
H+35+37,35,37,588.76,0.0,basin_sediment,none,none,false,true,evaporite_host,1,1
H+36+37,36,37,588.76,0.0,basin_sediment,none,none,false,true,evaporite_host,1,1
H+37+37,37,37,588.76,0.0,basin_sediment,none,none,false,true,evaporite_host,1,1
H+38+37,38,37,588.76,0.0,basin_sediment,none,none,false,true,evaporite_host,1,1
H+39+37,39,37,588.76,8.137,basin_sediment,none,none,false,true,evaporite_host,1,1
H+40+37,40,37,832.85,19.113,suture_metamorphic,collision,none,false,false,,1,1
H+41+37,41,37,259.45,19.113,suture_metamorphic,collision,none,false,false,,1,1
H+42+37,42,37,132.12,4.404,suture_metamorphic,collision,none,false,false,,1,1
H+43+37,43,37,107.33,1.023,craton_granite_gneiss,none,none,false,false,,1,1
H+44+37,44,37,106.82,0.017,craton_granite_gneiss,none,none,false,false,,1,1
H+45+37,45,37,106.31,0.017,craton_granite_gneiss,none,none,false,false,,1,1
H+46+37,46,37,105.8,0.017,craton_granite_gneiss,none,none,false,false,,1,1
H+47+37,47,37,105.29,0.017,craton_granite_gneiss,none,none,false,false,,1,1
H+48+37,48,37,104.78,0.017,craton_granite_gneiss,none,none,false,false,,1,1
H+49+37,49,37,104.27,0.017,craton_granite_gneiss,none,none,false,false,,1,1
H+50+37,50,37,103.76,0.017,craton_granite_gneiss,none,none,false,false,,1,1
H+51+37,51,37,103.25,0.017,craton_granite_gneiss,none,none,false,false,,1,1
H+52+37,52,37,102.74,0.017,craton_granite_gneiss,none,none,false,false,,1,1
H+53+37,53,37,102.23,0.017,craton_granite_gneiss,none,none,false,false,,1,1
H+54+37,54,37,101.72,0.017,craton_granite_gneiss,none,none,false,false,,1,1
H+55+37,55,37,101.21,2.017,craton_granite_gneiss,none,none,false,false,,1,1
H+56+37,56,37,40.69,2.017,craton_granite_gneiss,none,none,false,false,,1,1
H+57+37,57,37,37.47,3.6,craton_granite_gneiss,none,none,false,false,,1,1
H+58+37,58,37,70.48,4.165,arc_andesite_volcanic,arc,none,false,false,,2,1
H+59+37,59,37,103.73,4.598,arc_andesite_volcanic,arc,none,false,false,,2,1
H+60+37,60,37,135.86,4.861,arc_andesite_volcanic,arc,none,false,false,,2,1
H+61+37,61,37,171.13,4.87,arc_andesite_volcanic,arc,none,false,false,,2,1
H+62+37,62,37,201.75,4.497,arc_andesite_volcanic,arc,none,false,false,,2,1
H+63+37,63,37,222.7,4.183,arc_andesite_volcanic,arc,none,false,false,volcanic_host,2,1
H+64+37,64,37,226.79,3.949,arc_andesite_volcanic,arc,none,false,false,,2,1
H+65+37,65,37,221.35,4.439,arc_andesite_volcanic,arc,none,false,false,,2,1
H+66+37,66,37,214.34,4.767,arc_andesite_volcanic,arc,none,false,false,,2,1
H+67+37,67,37,207.34,4.861,arc_andesite_volcanic,arc,none,false,false,,2,1
H+68+37,68,37,202.8,5.145,arc_andesite_volcanic,arc,none,false,false,,2,1
H+69+37,69,37,188.13,4.917,arc_andesite_volcanic,arc,none,false,false,,2,1
H+70+37,70,37,153.16,5.602,arc_andesite_volcanic,arc,none,false,false,,2,1
H+71+37,71,37,106.76,6.101,arc_andesite_volcanic,arc,none,false,false,,2,1
H+72+37,72,37,50.07,5.84,arc_andesite_volcanic,arc,none,false,false,,2,1
H+73+37,73,37,30.44,3.977,coastal_sediment,none,none,false,false,,1,1
H+74+37,74,37,36.4,1.692,coastal_sediment,none,none,false,false,,1,1
H+75+37,75,37,32.41,5.203,coastal_sediment,none,none,false,false,,1,1
H+76+37,76,37,128.11,3.19,coastal_sediment,none,none,false,false,,1,1
H+77+37,77,37,70.37,1.925,coastal_sediment,none,none,false,false,,1,1
H+78+37,78,37,65.47,0.163,coastal_sediment,none,none,false,false,,1,1
H+79+37,79,37,68.76,0.127,coastal_sediment,none,none,false,false,,1,1
H+00+38,0,38,5.27,0.441,coastal_sediment,none,none,false,false,,0,1
H+01+38,1,38,9.44,1.094,coastal_sediment,none,none,false,false,,0,1
H+02+38,2,38,20.24,1.002,coastal_sediment,none,none,false,false,,0,1
H+03+38,3,38,50.3,1.002,coastal_sediment,none,none,false,false,,0,1
H+04+38,4,38,55.6,0.469,coastal_sediment,none,none,false,false,,0,1
H+05+38,5,38,54.95,0.399,coastal_sediment,none,none,false,false,,0,1
H+06+38,6,38,59.64,0.342,coastal_sediment,none,none,false,false,,0,1
H+07+38,7,38,69.23,0.32,coastal_sediment,none,none,false,false,,0,1
H+08+38,8,38,70.03,0.44,craton_granite_gneiss,none,none,false,false,,0,1
H+09+38,9,38,71.81,0.548,craton_granite_gneiss,none,none,false,false,,0,1
H+10+38,10,38,77.45,0.622,craton_granite_gneiss,none,none,false,false,,0,1
H+11+38,11,38,81.95,0.627,craton_granite_gneiss,none,none,false,false,,0,1
H+12+38,12,38,74.35,2.245,craton_granite_gneiss,none,none,false,false,,0,1
H+13+38,13,38,141.69,3.174,hotspot_basalt,hotspot,none,false,false,,4,1
H+14+38,14,38,236.92,3.874,hotspot_basalt,hotspot,none,false,false,,4,1
H+15+38,15,38,353.13,3.912,hotspot_basalt,hotspot,none,false,false,,4,1
H+16+38,16,38,470.48,3.961,hotspot_basalt,hotspot,none,false,false,,4,1
H+17+38,17,38,589.3,3.961,hotspot_basalt,hotspot,none,false,false,,4,1
H+18+38,18,38,588.76,0.035,basin_sediment,none,none,false,true,evaporite_host,4,1
H+19+38,19,38,588.76,0.0,basin_sediment,none,none,false,true,evaporite_host,4,1
H+20+38,20,38,588.76,0.0,basin_sediment,none,none,false,true,evaporite_host,4,1
H+21+38,21,38,588.76,0.0,basin_sediment,none,none,false,true,evaporite_host,4,1
H+22+38,22,38,588.76,0.0,basin_sediment,none,none,false,true,evaporite_host,4,1
H+23+38,23,38,588.76,0.0,basin_sediment,none,none,false,true,evaporite_host,0,1
H+24+38,24,38,588.76,0.0,basin_sediment,none,none,false,true,evaporite_host,0,1
H+25+38,25,38,588.76,4.448,basin_sediment,none,none,false,true,evaporite_host,0,1
H+26+38,26,38,722.2,4.573,suture_metamorphic,collision,none,false,false,,0,1
H+27+38,27,38,585.52,52.527,suture_metamorphic,collision,none,false,false,,0,1
H+28+38,28,38,772.18,46.305,suture_metamorphic,collision,none,false,false,,0,1
H+29+38,29,38,588.76,6.114,basin_sediment,none,moraine,true,true,evaporite_host,0,1
H+30+38,30,38,588.76,0.0,basin_sediment,none,none,false,true,evaporite_host,0,1
H+31+38,31,38,588.76,0.0,basin_sediment,none,none,false,true,evaporite_host,0,1
H+32+38,32,38,588.76,0.0,basin_sediment,none,none,false,true,evaporite_host,0,1
H+33+38,33,38,588.76,0.0,basin_sediment,none,none,false,true,evaporite_host,0,1
H+34+38,34,38,588.76,0.0,basin_sediment,none,none,false,true,evaporite_host,1,1
H+35+38,35,38,588.76,0.0,basin_sediment,none,none,false,true,evaporite_host,1,1
H+36+38,36,38,588.76,0.0,basin_sediment,none,none,false,true,evaporite_host,1,1
H+37+38,37,38,588.76,0.0,basin_sediment,none,none,false,true,evaporite_host,1,1
H+38+38,38,38,588.76,8.137,basin_sediment,none,u_valley,true,true,evaporite_host,1,1
H+39+38,39,38,832.86,13.39,suture_metamorphic,collision,none,false,false,,1,1
H+40+38,40,38,431.16,13.407,suture_metamorphic,collision,none,false,false,,1,1
H+41+38,41,38,264.24,5.564,suture_metamorphic,collision,none,false,false,,1,1
H+42+38,42,38,138.02,4.207,suture_metamorphic,collision,none,false,false,,1,1
H+43+38,43,38,107.33,1.023,craton_granite_gneiss,none,none,false,false,,1,1
H+44+38,44,38,106.82,0.017,craton_granite_gneiss,none,none,false,false,,1,1
H+45+38,45,38,106.31,0.017,craton_granite_gneiss,none,none,false,false,,1,1
H+46+38,46,38,105.8,0.017,craton_granite_gneiss,none,none,false,false,,1,1
H+47+38,47,38,105.29,0.017,craton_granite_gneiss,none,none,false,false,,1,1
H+48+38,48,38,104.78,0.017,craton_granite_gneiss,none,none,false,false,,1,1
H+49+38,49,38,104.27,0.017,craton_granite_gneiss,none,none,false,false,,1,1
H+50+38,50,38,103.76,0.017,craton_granite_gneiss,none,none,false,false,,1,1
H+51+38,51,38,103.25,0.017,craton_granite_gneiss,none,none,false,false,greenstone_metals,1,1
H+52+38,52,38,102.74,0.017,craton_granite_gneiss,none,none,false,false,,1,1
H+53+38,53,38,102.23,0.017,craton_granite_gneiss,none,none,false,false,,1,1
H+54+38,54,38,101.72,1.45,craton_granite_gneiss,none,none,false,false,,1,1
H+55+38,55,38,58.2,2.387,craton_granite_gneiss,none,none,false,false,,1,1
H+56+38,56,38,84.82,3.878,arc_andesite_volcanic,arc,none,false,false,,2,1
H+57+38,57,38,145.46,4.218,arc_andesite_volcanic,arc,none,false,false,,2,1
H+58+38,58,38,195.42,4.524,arc_andesite_volcanic,arc,none,false,false,,2,1
H+59+38,59,38,241.68,4.917,arc_andesite_volcanic,arc,none,false,false,,2,1
H+60+38,60,38,281.71,5.174,arc_andesite_volcanic,arc,none,false,false,,2,1
H+61+38,61,38,317.24,5.19,arc_andesite_volcanic,arc,none,false,false,,2,1
H+62+38,62,38,336.67,4.542,arc_andesite_volcanic,arc,none,false,false,,2,1
H+63+38,63,38,336.05,4.414,arc_andesite_volcanic,arc,none,false,false,,2,1
H+64+38,64,38,330.12,3.89,arc_andesite_volcanic,arc,none,false,false,,2,1
H+65+38,65,38,324.5,3.672,arc_andesite_volcanic,arc,none,false,false,,2,1
H+66+38,66,38,325.13,3.926,arc_andesite_volcanic,arc,none,false,false,,2,1
H+67+38,67,38,327.5,4.157,arc_andesite_volcanic,arc,none,false,false,,2,1
H+68+38,68,38,330.71,4.753,arc_andesite_volcanic,arc,none,false,false,,2,1
H+69+38,69,38,321.21,5.602,arc_andesite_volcanic,arc,none,false,false,,2,1
H+70+38,70,38,289.8,6.101,arc_andesite_volcanic,arc,none,false,false,,2,1
H+71+38,71,38,225.26,6.433,arc_andesite_volcanic,arc,none,false,false,,2,1
H+72+38,72,38,149.75,6.405,arc_andesite_volcanic,arc,none,false,false,,2,1
H+73+38,73,38,87.16,5.381,arc_andesite_volcanic,arc,none,false,false,,2,1
H+74+38,74,38,36.91,7.391,arc_andesite_volcanic,arc,none,false,false,,2,1
H+75+38,75,38,188.52,5.203,coastal_sediment,none,none,false,false,,1,1
H+76+38,76,38,127.6,2.03,coastal_sediment,none,none,false,false,,1,1
H+77+38,77,38,69.86,1.925,coastal_sediment,none,none,false,false,,1,1
H+78+38,78,38,64.96,0.163,coastal_sediment,none,none,false,false,,1,1
H+79+38,79,38,68.25,0.127,coastal_sediment,none,none,false,false,,1,1
H+00+39,0,39,18.51,0.792,coastal_sediment,none,none,false,false,,0,1
H+01+39,1,39,42.26,1.094,coastal_sediment,none,none,false,false,,0,1
H+02+39,2,39,49.79,0.985,coastal_sediment,none,none,false,false,,0,1
H+03+39,3,39,55.09,0.177,coastal_sediment,none,none,false,false,,0,1
H+04+39,4,39,54.44,0.156,coastal_sediment,none,none,false,false,,0,1
H+05+39,5,39,59.13,0.32,coastal_sediment,none,none,false,false,,0,1
H+06+39,6,39,68.72,0.32,coastal_sediment,none,none,false,false,,0,1
H+07+39,7,39,69.52,0.155,coastal_sediment,none,none,false,false,,0,1
H+08+39,8,39,65.39,0.237,coastal_sediment,none,none,false,false,,0,1
H+09+39,9,39,58.79,0.622,craton_granite_gneiss,none,none,false,false,,0,1
H+10+39,10,39,63.13,0.647,craton_granite_gneiss,none,none,false,false,,0,1
H+11+39,11,39,65.44,2.525,craton_granite_gneiss,none,none,false,false,,0,1
H+12+39,12,39,141.18,3.174,hotspot_basalt,hotspot,none,false,false,,4,1
H+13+39,13,39,236.41,3.874,hotspot_basalt,hotspot,none,false,false,,4,1
H+14+39,14,39,352.62,3.912,hotspot_basalt,hotspot,none,false,false,,4,1
H+15+39,15,39,469.97,3.961,hotspot_basalt,hotspot,none,false,false,,4,1
H+16+39,16,39,588.79,4.395,hotspot_basalt,hotspot,none,false,false,,4,1
H+17+39,17,39,588.76,4.396,basin_sediment,none,none,false,true,evaporite_host,4,1
H+18+39,18,39,588.76,0.0,basin_sediment,none,none,false,true,evaporite_host,4,1
H+19+39,19,39,588.76,0.0,basin_sediment,none,none,false,true,evaporite_host,4,1
H+20+39,20,39,588.76,0.0,basin_sediment,none,none,false,true,evaporite_host,4,1
H+21+39,21,39,588.76,0.0,basin_sediment,none,none,false,true,evaporite_host,4,1
H+22+39,22,39,588.76,0.0,basin_sediment,none,none,false,true,evaporite_host,4,1
H+23+39,23,39,588.76,0.0,basin_sediment,none,none,false,true,evaporite_host,4,1
H+24+39,24,39,588.76,4.431,basin_sediment,none,none,false,true,evaporite_host,0,1
H+25+39,25,39,721.69,4.573,suture_metamorphic,collision,none,false,false,,0,1
H+26+39,26,39,585.01,4.573,suture_metamorphic,collision,none,false,false,,0,1
H+27+39,27,39,565.12,6.902,suture_metamorphic,collision,none,false,false,limestone_karst,0,1
H+28+39,28,39,769.09,6.799,suture_metamorphic,collision,none,false,false,,0,1
H+29+39,29,39,588.76,6.011,basin_sediment,none,moraine,true,true,evaporite_host,0,1
H+30+39,30,39,588.76,0.0,basin_sediment,none,none,false,true,evaporite_host,0,1
H+31+39,31,39,588.76,0.0,basin_sediment,none,none,false,true,evaporite_host,0,1
H+32+39,32,39,588.76,0.0,basin_sediment,none,none,false,true,evaporite_host,0,1
H+33+39,33,39,588.76,0.0,basin_sediment,none,none,false,true,evaporite_host,0,1
H+34+39,34,39,588.76,0.0,basin_sediment,none,none,false,true,evaporite_host,1,1
H+35+39,35,39,588.76,0.0,basin_sediment,none,none,false,true,evaporite_host,1,1
H+36+39,36,39,588.76,0.0,basin_sediment,none,none,false,true,evaporite_host,1,1
H+37+39,37,39,588.76,0.0,basin_sediment,none,none,false,true,evaporite_host,1,1
H+38+39,38,39,588.76,8.153,basin_sediment,none,u_valley,true,true,evaporite_host,1,1
H+39+39,39,39,833.36,36.098,suture_metamorphic,collision,none,false,false,,1,1
H+40+39,40,39,429.67,49.554,suture_metamorphic,collision,none,false,false,,1,1
H+41+39,41,39,263.58,5.536,suture_metamorphic,collision,none,false,false,,1,1
H+42+39,42,39,134.53,4.302,suture_metamorphic,collision,none,false,false,,1,1
H+43+39,43,39,107.33,0.907,craton_granite_gneiss,none,none,false,false,,1,1
H+44+39,44,39,106.82,0.017,craton_granite_gneiss,none,none,false,false,,1,1
H+45+39,45,39,106.31,0.017,craton_granite_gneiss,none,none,false,false,,1,1
H+46+39,46,39,105.8,0.017,craton_granite_gneiss,none,none,false,false,,1,1
H+47+39,47,39,105.29,0.017,craton_granite_gneiss,none,none,false,false,,1,1
H+48+39,48,39,104.78,0.017,craton_granite_gneiss,none,none,false,false,,1,1
H+49+39,49,39,104.27,0.017,craton_granite_gneiss,none,none,false,false,greenstone_metals,1,1
H+50+39,50,39,103.76,0.017,craton_granite_gneiss,none,none,false,false,greenstone_metals,1,1
H+51+39,51,39,103.25,0.017,craton_granite_gneiss,none,none,false,false,,1,1
H+52+39,52,39,102.74,0.017,craton_granite_gneiss,none,none,false,false,greenstone_metals,1,1
H+53+39,53,39,102.23,1.45,craton_granite_gneiss,none,none,false,false,,1,1
H+54+39,54,39,58.71,2.532,craton_granite_gneiss,none,none,false,false,,1,1
H+55+39,55,39,129.82,3.428,arc_andesite_volcanic,arc,none,false,false,,2,1
H+56+39,56,39,201.17,3.897,arc_andesite_volcanic,arc,none,false,false,,2,1
H+57+39,57,39,271.99,4.218,arc_andesite_volcanic,arc,none,false,false,,2,1
H+58+39,58,39,331.14,4.524,arc_andesite_volcanic,arc,none,false,false,,2,1
H+59+39,59,39,389.19,4.917,arc_andesite_volcanic,arc,none,false,false,,2,1
H+60+39,60,39,436.93,5.174,arc_andesite_volcanic,arc,none,false,false,,2,1
H+61+39,61,39,472.93,5.19,arc_andesite_volcanic,arc,none,false,false,,2,1
H+62+39,62,39,468.48,4.584,arc_andesite_volcanic,arc,none,false,false,,2,1
H+63+39,63,39,446.82,5.078,arc_andesite_volcanic,arc,none,false,false,,2,1
H+64+39,64,39,425.06,4.323,arc_andesite_volcanic,arc,none,false,false,,2,1
H+65+39,65,39,413.97,3.465,arc_andesite_volcanic,arc,none,false,false,,2,1
H+66+39,66,39,422.23,3.237,arc_andesite_volcanic,arc,none,false,false,,2,1
H+67+39,67,39,432.26,3.492,arc_andesite_volcanic,arc,none,false,false,,2,1
H+68+39,68,39,444.99,4.126,arc_andesite_volcanic,arc,none,false,false,,2,1
H+69+39,69,39,442.86,5.102,arc_andesite_volcanic,arc,none,false,false,,2,1
H+70+39,70,39,418.25,6.433,arc_andesite_volcanic,arc,none,false,false,,2,1
H+71+39,71,39,341.89,6.405,arc_andesite_volcanic,arc,none,false,false,,2,1
H+72+39,72,39,248.6,6.792,arc_andesite_volcanic,arc,none,false,false,,2,1
H+73+39,73,39,171.17,5.881,arc_andesite_volcanic,arc,none,false,false,,2,1
H+74+39,74,39,258.63,7.391,arc_andesite_volcanic,arc,none,false,false,,2,1
H+75+39,75,39,188.01,2.354,arc_andesite_volcanic,arc,none,false,false,,2,1
H+76+39,76,39,127.09,2.03,coastal_sediment,none,none,false,false,,1,1
H+77+39,77,39,69.35,1.925,coastal_sediment,none,none,false,false,,1,1
H+78+39,78,39,64.45,0.163,coastal_sediment,none,none,false,false,,1,1
H+79+39,79,39,66.31,0.271,coastal_sediment,none,none,false,false,,1,1
H+00+40,0,40,41.75,4.304,coastal_sediment,none,none,false,false,,0,1
H+01+40,1,40,49.28,4.554,coastal_sediment,none,none,false,false,,0,1
H+02+40,2,40,54.58,0.529,coastal_sediment,none,none,false,false,,0,1
H+03+40,3,40,53.93,0.264,coastal_sediment,none,none,false,false,,0,1
H+04+40,4,40,58.62,0.32,coastal_sediment,none,none,false,false,,0,1
H+05+40,5,40,68.21,0.32,coastal_sediment,none,none,false,false,,0,1
H+06+40,6,40,69.01,0.155,coastal_sediment,none,none,false,false,,0,1
H+07+40,7,40,64.88,0.237,coastal_sediment,none,none,false,false,,0,1
H+08+40,8,40,58.28,0.237,coastal_sediment,none,none,false,false,,0,1
H+09+40,9,40,53.86,0.396,coastal_sediment,none,none,false,false,,0,1
H+10+40,10,40,43.71,2.38,craton_granite_gneiss,none,none,false,false,,0,1
H+11+40,11,40,115.13,3.818,hotspot_basalt,hotspot,none,false,false,,4,1
H+12+40,12,40,229.66,4.082,hotspot_basalt,hotspot,none,false,false,,4,1
H+13+40,13,40,352.11,4.082,hotspot_basalt,hotspot,none,false,false,,4,1
H+14+40,14,40,469.46,3.961,hotspot_basalt,hotspot,none,false,false,,4,1
H+15+40,15,40,588.28,4.412,hotspot_basalt,hotspot,none,false,false,,4,1
H+16+40,16,40,720.64,4.412,hotspot_basalt,hotspot,none,false,false,,4,1
H+17+40,17,40,588.76,4.396,basin_sediment,none,none,false,true,evaporite_host,4,1
H+18+40,18,40,588.76,0.0,basin_sediment,none,none,false,true,evaporite_host,4,1
H+19+40,19,40,588.76,0.0,basin_sediment,none,none,false,true,evaporite_host,4,1
H+20+40,20,40,588.76,0.0,basin_sediment,none,none,false,true,evaporite_host,4,1
H+21+40,21,40,588.76,0.0,basin_sediment,none,none,false,true,evaporite_host,4,1
H+22+40,22,40,588.76,0.0,basin_sediment,none,none,false,true,evaporite_host,4,1
H+23+40,23,40,588.76,4.414,basin_sediment,none,none,false,true,evaporite_host,4,1
H+24+40,24,40,721.18,4.573,hotspot_basalt,hotspot,none,false,false,,4,1
H+25+40,25,40,584.5,4.573,suture_metamorphic,collision,none,false,false,,0,1
H+26+40,26,40,458.82,4.206,suture_metamorphic,collision,none,false,false,,0,1
H+27+40,27,40,570.48,6.62,suture_metamorphic,collision,none,false,false,,0,1
H+28+40,28,40,765.82,6.511,suture_metamorphic,collision,none,false,false,,0,1
H+29+40,29,40,588.76,6.303,basin_sediment,none,moraine,true,true,evaporite_host,0,1
H+30+40,30,40,588.76,0.0,basin_sediment,none,none,false,true,evaporite_host,0,1
H+31+40,31,40,588.76,0.0,basin_sediment,none,none,false,true,evaporite_host,0,1
H+32+40,32,40,588.76,0.0,basin_sediment,none,none,false,true,evaporite_host,0,1
H+33+40,33,40,588.76,0.0,basin_sediment,none,none,false,true,evaporite_host,0,1
H+34+40,34,40,588.76,0.0,basin_sediment,none,none,false,true,evaporite_host,1,1
H+35+40,35,40,588.76,0.0,basin_sediment,none,none,false,true,evaporite_host,1,1
H+36+40,36,40,588.76,0.0,basin_sediment,none,none,false,true,evaporite_host,1,1
H+37+40,37,40,588.76,0.0,basin_sediment,none,none,false,true,evaporite_host,1,1
H+38+40,38,40,588.76,44.251,basin_sediment,none,u_valley,true,true,evaporite_host,1,1
H+39+40,39,40,1916.29,49.867,suture_metamorphic,collision,none,false,false,,1,1
H+40+40,40,40,420.28,49.867,suture_metamorphic,collision,none,false,false,,1,1
H+41+40,41,40,253.28,54.811,suture_metamorphic,collision,none,false,false,,1,1
H+42+40,42,40,112.47,4.694,suture_metamorphic,collision,none,false,false,limestone_karst,1,1
H+43+40,43,40,107.33,0.171,craton_granite_gneiss,none,none,false,false,,1,1
H+44+40,44,40,106.82,0.017,craton_granite_gneiss,none,none,false,false,,1,1
H+45+40,45,40,106.31,0.017,craton_granite_gneiss,none,none,false,false,greenstone_metals,1,1
H+46+40,46,40,105.8,0.017,craton_granite_gneiss,none,none,false,false,,1,1
H+47+40,47,40,105.29,0.017,craton_granite_gneiss,none,none,false,false,,1,1
H+48+40,48,40,104.78,0.017,craton_granite_gneiss,none,none,false,false,,1,1
H+49+40,49,40,104.27,0.017,craton_granite_gneiss,none,none,false,false,,1,1
H+50+40,50,40,103.76,0.017,craton_granite_gneiss,none,none,false,false,,1,1
H+51+40,51,40,103.25,0.017,craton_granite_gneiss,none,none,false,false,,1,1
H+52+40,52,40,102.74,1.45,craton_granite_gneiss,none,none,false,false,,1,1
H+53+40,53,40,59.22,2.532,craton_granite_gneiss,none,none,false,false,,1,1
H+54+40,54,40,134.69,3.282,arc_andesite_volcanic,arc,none,false,false,,2,1
H+55+40,55,40,232.65,3.428,arc_andesite_volcanic,arc,none,false,false,,2,1
H+56+40,56,40,318.1,3.897,arc_andesite_volcanic,arc,none,false,false,,2,1
H+57+40,57,40,394.21,4.074,arc_andesite_volcanic,arc,none,false,false,,2,1
H+58+40,58,40,465.41,4.476,arc_andesite_volcanic,arc,none,false,false,,2,1
H+59+40,59,40,527.07,4.596,arc_andesite_volcanic,arc,none,false,false,,2,1
H+60+40,60,40,581.62,4.823,arc_andesite_volcanic,arc,none,false,false,,2,1
H+61+40,61,40,606.01,4.584,arc_andesite_volcanic,arc,none,false,false,,2,1
H+62+40,62,40,599.16,5.078,arc_andesite_volcanic,arc,none,false,false,,2,1
H+63+40,63,40,554.74,4.885,arc_andesite_volcanic,arc,none,false,false,,2,1
H+64+40,64,40,517.92,4.627,arc_andesite_volcanic,arc,none,false,false,,2,1
H+65+40,65,40,508.55,3.574,arc_andesite_volcanic,arc,none,false,false,,2,1
H+66+40,66,40,512.2,3.12,arc_andesite_volcanic,arc,none,false,false,,2,1
H+67+40,67,40,531.97,3.324,arc_andesite_volcanic,arc,none,false,false,,2,1
H+68+40,68,40,552.91,3.668,arc_andesite_volcanic,arc,none,false,false,volcanic_host,2,1
H+69+40,69,40,557.93,4.656,arc_andesite_volcanic,arc,none,false,false,,2,1
H+70+40,70,40,530.79,6.297,arc_andesite_volcanic,arc,none,false,false,,2,1
H+71+40,71,40,452.36,6.792,arc_andesite_volcanic,arc,none,false,false,,2,1
H+72+40,72,40,347.6,6.396,arc_andesite_volcanic,arc,none,false,false,,2,1
H+73+40,73,40,340.55,5.646,arc_andesite_volcanic,arc,none,false,false,,2,1
H+74+40,74,40,258.12,2.748,arc_andesite_volcanic,arc,none,false,false,,2,1
H+75+40,75,40,187.5,2.354,arc_andesite_volcanic,arc,none,false,false,,2,1
H+76+40,76,40,126.58,2.03,arc_andesite_volcanic,arc,none,false,false,,2,1
H+77+40,77,40,68.84,1.925,coastal_sediment,none,none,false,false,,1,1
H+78+40,78,40,63.94,0.192,coastal_sediment,none,none,false,false,,1,1
H+79+40,79,40,58.17,4.515,coastal_sediment,none,none,false,false,,1,1
H+00+41,0,41,-87.35,4.554,oceanic_basalt,none,,false,false,,0,0
H+01+41,1,41,38.71,4.342,coastal_sediment,none,none,false,false,,0,1
H+02+41,2,41,46.02,4.442,coastal_sediment,none,none,false,false,,0,1
H+03+41,3,41,52.12,0.457,coastal_sediment,none,none,false,false,,0,1
H+04+41,4,41,60.46,0.55,coastal_sediment,none,none,false,false,,0,1
H+05+41,5,41,68.5,0.589,coastal_sediment,none,none,false,false,,0,1
H+06+41,6,41,64.37,0.237,coastal_sediment,none,none,false,false,,0,1
H+07+41,7,41,57.77,0.271,coastal_sediment,none,none,false,false,,0,1
H+08+41,8,41,53.35,0.406,coastal_sediment,none,none,false,false,,0,1
H+09+41,9,41,41.99,0.535,coastal_sediment,none,none,false,false,,0,1
H+10+41,10,41,58.03,3.584,hotspot_basalt,hotspot,none,false,false,,4,1
H+11+41,11,41,165.56,4.402,hotspot_basalt,hotspot,none,false,false,,4,1
H+12+41,12,41,297.63,4.843,hotspot_basalt,hotspot,none,false,false,,4,1
H+13+41,13,41,442.92,4.843,hotspot_basalt,hotspot,none,false,false,volcanic_host,4,1
H+14+41,14,41,587.77,4.828,hotspot_basalt,hotspot,none,false,false,,4,1
H+15+41,15,41,720.13,4.412,hotspot_basalt,hotspot,none,false,false,,4,1
H+16+41,16,41,588.76,4.396,basin_sediment,none,none,false,true,evaporite_host,4,1
H+17+41,17,41,588.76,0.0,basin_sediment,none,none,false,true,evaporite_host,4,1
H+18+41,18,41,588.76,0.0,basin_sediment,none,none,false,true,evaporite_host,4,1
H+19+41,19,41,588.76,0.0,basin_sediment,none,none,false,true,evaporite_host,4,1
H+20+41,20,41,588.76,0.0,basin_sediment,none,none,false,true,evaporite_host,4,1
H+21+41,21,41,588.76,0.0,basin_sediment,none,none,false,true,evaporite_host,4,1
H+22+41,22,41,588.76,4.397,basin_sediment,none,none,false,true,evaporite_host,4,1
H+23+41,23,41,720.67,4.573,hotspot_basalt,hotspot,none,false,false,,4,1
H+24+41,24,41,583.99,4.573,hotspot_basalt,hotspot,none,false,false,,4,1
H+25+41,25,41,458.31,4.206,hotspot_basalt,hotspot,none,false,false,,4,1
H+26+41,26,41,398.31,6.174,suture_metamorphic,collision,none,false,false,,0,1
H+27+41,27,41,583.53,6.477,suture_metamorphic,collision,none,false,false,,0,1
H+28+41,28,41,777.85,6.477,suture_metamorphic,collision,none,false,false,,0,1
H+29+41,29,41,588.76,6.84,basin_sediment,none,outwash,true,true,evaporite_host,0,1
H+30+41,30,41,588.76,0.0,basin_sediment,none,none,false,true,evaporite_host,0,1
H+31+41,31,41,588.76,0.0,basin_sediment,none,none,false,true,evaporite_host,0,1
H+32+41,32,41,588.76,0.0,basin_sediment,none,none,false,true,evaporite_host,0,1
H+33+41,33,41,588.76,0.0,basin_sediment,none,none,false,true,evaporite_host,0,1
H+34+41,34,41,588.76,0.0,basin_sediment,none,none,false,true,evaporite_host,1,1
H+35+41,35,41,588.76,0.0,basin_sediment,none,none,false,true,evaporite_host,1,1
H+36+41,36,41,588.76,0.0,basin_sediment,none,none,false,true,evaporite_host,1,1
H+37+41,37,41,588.76,0.0,basin_sediment,none,none,false,true,evaporite_host,1,1
H+38+41,38,41,588.76,44.251,basin_sediment,none,u_valley,true,true,evaporite_host,1,1
H+39+41,39,41,1905.94,49.522,suture_metamorphic,collision,none,false,false,,1,1
H+40+41,40,41,1897.6,55.238,suture_metamorphic,collision,none,false,false,,1,1
H+41+41,41,41,240.46,55.252,suture_metamorphic,collision,none,false,false,limestone_karst,1,1
H+42+41,42,41,112.21,4.275,suture_metamorphic,collision,none,false,false,,1,1
H+43+41,43,41,107.33,0.163,craton_granite_gneiss,none,none,false,false,,1,1
H+44+41,44,41,106.82,0.017,craton_granite_gneiss,none,none,false,false,,1,1
H+45+41,45,41,106.31,0.017,craton_granite_gneiss,none,none,false,false,,1,1
H+46+41,46,41,105.8,0.017,craton_granite_gneiss,none,none,false,false,,1,1
H+47+41,47,41,105.29,0.017,craton_granite_gneiss,none,none,false,false,greenstone_metals,1,1
H+48+41,48,41,104.78,0.017,craton_granite_gneiss,none,none,false,false,,1,1
H+49+41,49,41,104.27,0.017,craton_granite_gneiss,none,none,false,false,,1,1
H+50+41,50,41,103.76,0.017,craton_granite_gneiss,none,none,false,false,,1,1
H+51+41,51,41,103.25,1.45,craton_granite_gneiss,none,none,false,false,,1,1
H+52+41,52,41,59.73,2.532,craton_granite_gneiss,none,none,false,false,,1,1
H+53+41,53,41,135.2,3.282,arc_andesite_volcanic,arc,none,false,false,,2,1
H+54+41,54,41,233.16,3.282,arc_andesite_volcanic,arc,none,false,false,,2,1
H+55+41,55,41,329.38,3.224,arc_andesite_volcanic,arc,none,false,false,,2,1
H+56+41,56,41,422.17,3.469,arc_andesite_volcanic,arc,none,false,false,,2,1
H+57+41,57,41,497.96,3.458,arc_andesite_volcanic,arc,none,false,false,,2,1
H+58+41,58,41,570.03,3.487,arc_andesite_volcanic,arc,none,false,false,,2,1
H+59+41,59,41,636.45,3.646,arc_andesite_volcanic,arc,none,false,false,,2,1
H+60+41,60,41,686.33,3.49,arc_andesite_volcanic,arc,none,false,false,,2,1
H+61+41,61,41,714.74,3.853,arc_andesite_volcanic,arc,none,false,false,,2,1
H+62+41,62,41,701.31,4.885,arc_andesite_volcanic,arc,none,false,false,volcanic_host,2,1
H+63+41,63,41,656.71,4.627,arc_andesite_volcanic,arc,none,false,false,,2,1
H+64+41,64,41,615.77,4.7,arc_andesite_volcanic,arc,none,false,false,,2,1
H+65+41,65,41,600.55,4.055,arc_andesite_volcanic,arc,none,false,false,volcanic_host,2,1
H+66+41,66,41,605.8,3.569,arc_andesite_volcanic,arc,none,false,false,,2,1
H+67+41,67,41,627.99,3.201,arc_andesite_volcanic,arc,none,false,false,,2,1
H+68+41,68,41,647.26,3.145,arc_andesite_volcanic,arc,none,false,false,,2,1
H+69+41,69,41,650.13,3.978,arc_andesite_volcanic,arc,none,false,false,,2,1
H+70+41,70,41,607.34,5.166,arc_andesite_volcanic,arc,none,false,false,,2,1
H+71+41,71,41,539.49,6.396,arc_andesite_volcanic,arc,none,false,false,,2,1
H+72+41,72,41,435.76,5.227,arc_andesite_volcanic,arc,none,false,false,,2,1
H+73+41,73,41,340.04,5.796,arc_andesite_volcanic,arc,none,false,false,,2,1
H+74+41,74,41,257.61,5.616,arc_andesite_volcanic,arc,none,false,false,,2,1
H+75+41,75,41,186.99,4.817,arc_andesite_volcanic,arc,none,false,false,,2,1
H+76+41,76,41,126.07,4.054,arc_andesite_volcanic,arc,none,false,false,volcanic_host,2,1
H+77+41,77,41,68.33,3.665,arc_andesite_volcanic,arc,none,false,false,,2,1
H+78+41,78,41,63.43,4.69,coastal_sediment,none,none,false,false,,1,1
H+79+41,79,41,-77.27,4.943,oceanic_basalt,none,,false,false,,1,0
H+00+42,0,42,-91.54,4.342,oceanic_basalt,none,,false,false,,0,0
H+01+42,1,42,-87.23,4.442,oceanic_basalt,none,,false,false,,0,0
H+02+42,2,42,38.41,4.287,coastal_sediment,none,none,false,false,,0,1
H+03+42,3,42,43.96,0.55,coastal_sediment,none,none,false,false,,0,1
H+04+42,4,42,50.83,0.589,coastal_sediment,none,none,false,false,,0,1
H+05+42,5,42,63.86,0.654,coastal_sediment,none,none,false,false,,0,1
H+06+42,6,42,57.26,0.271,coastal_sediment,none,none,false,false,,0,1
H+07+42,7,42,49.64,0.374,coastal_sediment,none,none,false,false,,0,1
H+08+42,8,42,41.17,0.406,coastal_sediment,none,none,false,false,,0,1
H+09+42,9,42,39.14,1.165,coastal_sediment,none,none,false,false,,0,1
H+10+42,10,42,74.09,3.953,hotspot_basalt,hotspot,none,false,false,,4,1
H+11+42,11,42,192.69,4.737,hotspot_basalt,hotspot,none,false,false,,4,1
H+12+42,12,42,334.79,5.138,hotspot_basalt,hotspot,none,false,false,,4,1
H+13+42,13,42,487.44,5.641,hotspot_basalt,hotspot,none,false,false,,4,1
H+14+42,14,42,642.42,5.579,hotspot_basalt,hotspot,none,false,false,,4,1
H+15+42,15,42,588.76,7.285,basin_sediment,none,none,false,true,evaporite_host,4,1
H+16+42,16,42,588.76,7.285,basin_sediment,none,none,false,true,evaporite_host,4,1
H+17+42,17,42,588.76,0.0,basin_sediment,none,none,false,true,evaporite_host,4,1
H+18+42,18,42,588.76,0.0,basin_sediment,none,none,false,true,evaporite_host,4,1
H+19+42,19,42,588.76,0.0,basin_sediment,none,none,false,true,evaporite_host,4,1
H+20+42,20,42,588.76,0.0,basin_sediment,none,none,false,true,evaporite_host,4,1
H+21+42,21,42,588.76,4.38,basin_sediment,none,none,false,true,evaporite_host,4,1
H+22+42,22,42,720.16,4.573,hotspot_basalt,hotspot,none,false,false,,4,1
H+23+42,23,42,583.48,4.573,hotspot_basalt,hotspot,none,false,false,,4,1
H+24+42,24,42,457.8,4.206,hotspot_basalt,hotspot,none,false,false,,4,1
H+25+42,25,42,338.13,4.006,hotspot_basalt,hotspot,none,false,false,,4,1
H+26+42,26,42,397.99,6.301,suture_metamorphic,collision,none,false,false,,0,1
H+27+42,27,42,587.02,6.898,suture_metamorphic,collision,none,false,false,,0,1
H+28+42,28,42,793.95,7.061,suture_metamorphic,collision,none,false,false,,0,1
H+29+42,29,42,588.76,6.84,basin_sediment,none,outwash,true,true,evaporite_host,0,1
H+30+42,30,42,588.76,0.0,basin_sediment,none,none,false,true,evaporite_host,0,1
H+31+42,31,42,588.76,0.0,basin_sediment,none,none,false,true,evaporite_host,0,1
H+32+42,32,42,588.76,0.0,basin_sediment,none,none,false,true,evaporite_host,0,1
H+33+42,33,42,588.76,0.0,basin_sediment,none,none,false,true,evaporite_host,0,1
H+34+42,34,42,588.76,0.0,basin_sediment,none,none,false,true,evaporite_host,1,1
H+35+42,35,42,588.76,0.0,basin_sediment,none,none,false,true,evaporite_host,1,1
H+36+42,36,42,588.76,0.0,basin_sediment,none,none,false,true,evaporite_host,1,1
H+37+42,37,42,588.76,0.0,basin_sediment,none,none,false,true,evaporite_host,1,1
H+38+42,38,42,588.76,43.906,basin_sediment,none,u_valley,true,true,evaporite_host,1,1
H+39+42,39,42,588.76,43.906,basin_sediment,none,none,false,true,evaporite_host,1,1
H+40+42,40,42,1898.01,55.383,suture_metamorphic,collision,none,false,false,,1,1
H+41+42,41,42,236.51,55.51,suture_metamorphic,collision,none,false,false,limestone_karst,1,1
H+42+42,42,42,108.47,4.728,suture_metamorphic,collision,none,false,false,,1,1
H+43+42,43,42,107.33,0.436,craton_granite_gneiss,none,none,false,false,,1,1
H+44+42,44,42,106.82,0.017,craton_granite_gneiss,none,none,false,false,,1,1
H+45+42,45,42,106.31,0.017,craton_granite_gneiss,none,none,false,false,,1,1
H+46+42,46,42,105.8,0.017,craton_granite_gneiss,none,none,false,false,,1,1
H+47+42,47,42,105.29,0.017,craton_granite_gneiss,none,none,false,false,,1,1
H+48+42,48,42,104.78,0.017,craton_granite_gneiss,none,none,false,false,,1,1
H+49+42,49,42,104.27,0.017,craton_granite_gneiss,none,none,false,false,,1,1
H+50+42,50,42,103.76,1.45,craton_granite_gneiss,none,none,false,false,,1,1
H+51+42,51,42,60.24,2.532,craton_granite_gneiss,none,none,false,false,,1,1
H+52+42,52,42,135.71,3.282,arc_andesite_volcanic,arc,none,false,false,,2,1
H+53+42,53,42,233.67,3.282,arc_andesite_volcanic,arc,none,false,false,,2,1
H+54+42,54,42,329.89,3.224,arc_andesite_volcanic,arc,none,false,false,,2,1
H+55+42,55,42,422.68,3.11,arc_andesite_volcanic,arc,none,false,false,,2,1
H+56+42,56,42,498.47,2.543,arc_andesite_volcanic,arc,none,false,false,,2,1
H+57+42,57,42,570.54,2.419,arc_andesite_volcanic,arc,none,false,false,volcanic_host,2,1
H+58+42,58,42,636.96,2.231,arc_andesite_volcanic,arc,none,false,false,,2,1
H+59+42,59,42,693.99,1.918,arc_andesite_volcanic,arc,none,false,false,,2,1
H+60+42,60,42,750.14,2.127,arc_andesite_volcanic,arc,none,false,false,,2,1
H+61+42,61,42,786.95,2.855,arc_andesite_volcanic,arc,none,false,false,,2,1
H+62+42,62,42,785.72,4.3,arc_andesite_volcanic,arc,none,false,false,,2,1
H+63+42,63,42,756.79,4.7,arc_andesite_volcanic,arc,none,false,false,,2,1
H+64+42,64,42,722.19,4.159,arc_andesite_volcanic,arc,none,false,false,,2,1
H+65+42,65,42,708.84,4.132,arc_andesite_volcanic,arc,none,false,false,,2,1
H+66+42,66,42,712.86,3.687,arc_andesite_volcanic,arc,none,false,false,,2,1
H+67+42,67,42,717.0,3.139,arc_andesite_volcanic,arc,none,false,false,,2,1
H+68+42,68,42,711.27,2.61,arc_andesite_volcanic,arc,none,false,false,,2,1
H+69+42,69,42,696.93,2.986,arc_andesite_volcanic,arc,none,false,false,,2,1
H+70+42,70,42,657.99,3.95,arc_andesite_volcanic,arc,none,false,false,,2,1
H+71+42,71,42,592.58,5.227,arc_andesite_volcanic,arc,none,false,false,,2,1
H+72+42,72,42,513.93,5.796,arc_andesite_volcanic,arc,none,false,false,volcanic_host,2,1
H+73+42,73,42,426.08,5.616,arc_andesite_volcanic,arc,none,false,false,,2,1
H+74+42,74,42,331.5,5.378,arc_andesite_volcanic,arc,none,false,false,,2,1
H+75+42,75,42,247.68,5.319,arc_andesite_volcanic,arc,none,false,false,,2,1
H+76+42,76,42,178.27,4.403,arc_andesite_volcanic,arc,none,false,false,,2,1
H+77+42,77,42,119.39,3.653,arc_andesite_volcanic,arc,none,false,false,,2,1
H+78+42,78,42,71.01,4.982,coastal_sediment,none,none,false,false,,1,1
H+79+42,79,42,-78.45,4.982,oceanic_basalt,none,,false,false,,1,0
H+00+43,0,43,-95.57,0.278,oceanic_basalt,none,,false,false,,0,0
H+01+43,1,43,-90.19,4.296,oceanic_basalt,none,,false,false,,0,0
H+02+43,2,43,38.69,4.414,coastal_sediment,none,none,false,false,,0,1
H+03+43,3,43,39.34,4.28,coastal_sediment,none,none,false,false,,0,1
H+04+43,4,43,44.24,0.654,coastal_sediment,none,none,false,false,,0,1
H+05+43,5,43,49.42,0.481,coastal_sediment,none,none,false,false,,0,1
H+06+43,6,43,49.13,0.374,coastal_sediment,none,none,false,false,,0,1
H+07+43,7,43,38.41,0.374,coastal_sediment,none,none,false,false,,0,1
H+08+43,8,43,32.13,0.301,coastal_sediment,none,none,false,false,,0,1
H+09+43,9,43,26.66,1.581,coastal_sediment,none,none,false,false,,0,1
H+10+43,10,43,62.92,4.325,hotspot_basalt,hotspot,none,false,false,,4,1
H+11+43,11,43,180.66,5.138,hotspot_basalt,hotspot,none,false,false,,4,1
H+12+43,12,43,318.21,5.973,hotspot_basalt,hotspot,none,false,false,volcanic_host,4,1
H+13+43,13,43,475.05,7.185,hotspot_basalt,hotspot,none,false,false,,4,1
H+14+43,14,43,639.37,7.983,hotspot_basalt,hotspot,none,false,false,,4,1
H+15+43,15,43,807.31,8.417,hotspot_basalt,hotspot,none,false,false,,4,1
H+16+43,16,43,588.76,7.285,basin_sediment,none,none,false,true,evaporite_host,4,1
H+17+43,17,43,588.76,7.252,basin_sediment,none,none,false,true,evaporite_host,4,1
H+18+43,18,43,588.76,0.0,basin_sediment,none,none,false,true,evaporite_host,4,1
H+19+43,19,43,588.76,0.0,basin_sediment,none,none,false,true,evaporite_host,4,1
H+20+43,20,43,588.76,4.363,basin_sediment,none,none,false,true,evaporite_host,4,1
H+21+43,21,43,719.65,4.573,hotspot_basalt,hotspot,none,false,false,,4,1
H+22+43,22,43,582.97,4.573,hotspot_basalt,hotspot,none,false,false,,4,1
H+23+43,23,43,457.29,4.206,hotspot_basalt,hotspot,none,false,false,,4,1
H+24+43,24,43,337.62,4.006,hotspot_basalt,hotspot,none,false,false,,4,1
H+25+43,25,43,256.13,4.729,hotspot_basalt,hotspot,none,false,false,,4,1
H+26+43,26,43,391.42,6.52,suture_metamorphic,collision,none,false,false,,0,1
H+27+43,27,43,582.12,7.061,suture_metamorphic,collision,none,false,false,,0,1
H+28+43,28,43,784.17,7.355,suture_metamorphic,collision,none,false,false,,0,1
H+29+43,29,43,588.76,6.514,basin_sediment,none,outwash,true,true,evaporite_host,0,1
H+30+43,30,43,588.76,0.0,basin_sediment,none,none,false,true,evaporite_host,0,1
H+31+43,31,43,588.76,0.0,basin_sediment,none,none,false,true,evaporite_host,0,1
H+32+43,32,43,588.76,0.0,basin_sediment,none,none,false,true,evaporite_host,0,1
H+33+43,33,43,588.76,0.0,basin_sediment,none,none,false,true,evaporite_host,0,1
H+34+43,34,43,588.76,0.0,basin_sediment,none,none,false,true,evaporite_host,1,1
H+35+43,35,43,588.76,0.0,basin_sediment,none,none,false,true,evaporite_host,1,1
H+36+43,36,43,588.76,0.0,basin_sediment,none,none,false,true,evaporite_host,1,1
H+37+43,37,43,588.76,0.0,basin_sediment,none,none,false,true,evaporite_host,1,1
H+38+43,38,43,588.76,0.0,basin_sediment,none,none,false,true,evaporite_host,1,1
H+39+43,39,43,588.76,43.768,basin_sediment,none,none,false,true,evaporite_host,1,1
H+40+43,40,43,1901.81,55.51,suture_metamorphic,collision,none,false,false,,1,1
H+41+43,41,43,250.31,55.514,suture_metamorphic,collision,none,false,false,,1,1
H+42+43,42,43,120.41,4.903,suture_metamorphic,collision,none,false,false,,1,1
H+43+43,43,43,107.33,0.908,craton_granite_gneiss,none,none,false,false,,1,1
H+44+43,44,43,106.82,0.017,craton_granite_gneiss,none,none,false,false,,1,1
H+45+43,45,43,106.31,0.017,craton_granite_gneiss,none,none,false,false,,1,1
H+46+43,46,43,105.8,0.017,craton_granite_gneiss,none,none,false,false,,1,1
H+47+43,47,43,105.29,0.017,craton_granite_gneiss,none,none,false,false,,1,1
H+48+43,48,43,104.78,0.017,craton_granite_gneiss,none,none,false,false,,1,1
H+49+43,49,43,104.27,1.45,craton_granite_gneiss,none,none,false,false,,1,1
H+50+43,50,43,60.75,2.532,craton_granite_gneiss,none,none,false,false,,1,1
H+51+43,51,43,136.22,3.282,craton_granite_gneiss,none,none,false,false,,1,1
H+52+43,52,43,234.18,3.282,arc_andesite_volcanic,arc,none,false,false,,2,1
H+53+43,53,43,330.4,3.224,arc_andesite_volcanic,arc,none,false,false,,2,1
H+54+43,54,43,423.19,3.11,arc_andesite_volcanic,arc,none,false,false,,2,1
H+55+43,55,43,498.98,2.543,arc_andesite_volcanic,arc,none,false,false,,2,1
H+56+43,56,43,571.05,2.419,arc_andesite_volcanic,arc,none,false,false,,2,1
H+57+43,57,43,637.47,2.231,arc_andesite_volcanic,arc,none,false,false,volcanic_host,2,1
H+58+43,58,43,694.5,1.918,arc_andesite_volcanic,arc,none,false,false,,2,1
H+59+43,59,43,750.65,1.889,arc_andesite_volcanic,arc,none,false,false,,2,1
H+60+43,60,43,787.46,1.436,arc_andesite_volcanic,arc,none,false,false,,2,1
H+61+43,61,43,830.05,1.478,arc_andesite_volcanic,arc,none,false,false,,2,1
H+62+43,62,43,847.76,3.033,arc_andesite_volcanic,arc,none,false,false,,2,1
H+63+43,63,43,846.96,4.159,arc_andesite_volcanic,arc,none,false,false,,2,1
H+64+43,64,43,832.78,4.132,arc_andesite_volcanic,arc,none,false,false,,2,1
H+65+43,65,43,823.47,3.821,arc_andesite_volcanic,arc,none,false,false,,2,1
H+66+43,66,43,811.18,4.04,arc_andesite_volcanic,arc,none,false,false,,2,1
H+67+43,67,43,789.58,3.915,arc_andesite_volcanic,arc,none,false,false,,2,1
H+68+43,68,43,755.34,3.443,arc_andesite_volcanic,arc,none,false,false,,2,1
H+69+43,69,43,715.71,2.655,arc_andesite_volcanic,arc,none,false,false,,2,1
H+70+43,70,43,666.96,2.48,arc_andesite_volcanic,arc,none,false,false,,2,1
H+71+43,71,43,614.56,3.354,arc_andesite_volcanic,arc,none,false,false,,2,1
H+72+43,72,43,559.93,4.462,arc_andesite_volcanic,arc,none,false,false,,2,1
H+73+43,73,43,492.84,5.378,arc_andesite_volcanic,arc,none,false,false,,2,1
H+74+43,74,43,407.26,5.319,arc_andesite_volcanic,arc,none,false,false,,2,1
H+75+43,75,43,310.37,5.329,arc_andesite_volcanic,arc,none,false,false,volcanic_host,2,1
H+76+43,76,43,228.99,4.6,arc_andesite_volcanic,arc,none,false,false,,2,1
H+77+43,77,43,155.21,7.85,arc_andesite_volcanic,arc,none,false,false,,2,1
H+78+43,78,43,-78.35,7.785,oceanic_basalt,none,,false,false,,2,0
H+79+43,79,43,-79.89,0.099,oceanic_basalt,none,,false,false,,1,0
H+00+44,0,44,-98.27,0.269,oceanic_basalt,none,,false,false,,0,0
H+01+44,1,44,-93.72,4.414,oceanic_basalt,none,,false,false,,0,0
H+02+44,2,44,-89.07,4.343,oceanic_basalt,none,,false,false,,0,0
H+03+44,3,44,41.23,4.471,coastal_sediment,none,none,false,false,,0,1
H+04+44,4,44,40.42,4.29,coastal_sediment,none,none,false,false,,0,1
H+05+44,5,44,43.35,0.741,coastal_sediment,none,none,false,false,,0,1
H+06+44,6,44,37.9,0.56,coastal_sediment,none,none,false,false,,0,1
H+07+44,7,44,31.62,0.308,coastal_sediment,none,none,false,false,,0,1
H+08+44,8,44,26.15,0.265,coastal_sediment,none,none,false,false,,0,1
H+09+44,9,44,34.09,0.961,coastal_sediment,none,none,false,false,,0,1
H+10+44,10,44,34.6,4.869,hotspot_basalt,hotspot,none,false,false,,4,1
H+11+44,11,44,139.04,5.973,hotspot_basalt,hotspot,none,false,false,volcanic_host,4,1
H+12+44,12,44,259.49,7.185,hotspot_basalt,hotspot,none,false,false,,4,1
H+13+44,13,44,399.87,7.983,hotspot_basalt,hotspot,none,false,false,,4,1
H+14+44,14,44,554.8,8.598,hotspot_basalt,hotspot,none,false,false,,4,1
H+15+44,15,44,686.57,9.193,hotspot_basalt,hotspot,none,false,false,,4,1
H+16+44,16,44,806.33,9.445,hotspot_basalt,hotspot,none,false,false,,4,1
H+17+44,17,44,588.76,7.252,basin_sediment,none,none,false,true,evaporite_host,4,1
H+18+44,18,44,588.76,2.812,basin_sediment,none,none,false,true,evaporite_host,4,1
H+19+44,19,44,588.76,4.346,basin_sediment,none,none,false,true,evaporite_host,4,1
H+20+44,20,44,719.14,5.235,hotspot_basalt,hotspot,none,false,false,,4,1
H+21+44,21,44,582.46,4.573,hotspot_basalt,hotspot,none,false,false,,4,1
H+22+44,22,44,456.78,4.206,hotspot_basalt,hotspot,none,false,false,,4,1
H+23+44,23,44,337.11,4.006,hotspot_basalt,hotspot,none,false,false,,4,1
H+24+44,24,44,229.07,3.618,hotspot_basalt,hotspot,none,false,false,,4,1
H+25+44,25,44,243.9,4.917,hotspot_basalt,hotspot,none,false,false,,4,1
H+26+44,26,44,385.65,6.549,suture_metamorphic,collision,none,false,false,,0,1
H+27+44,27,44,563.52,7.355,suture_metamorphic,collision,none,false,false,,0,1
H+28+44,28,44,770.29,7.232,suture_metamorphic,collision,none,false,false,,0,1
H+29+44,29,44,588.76,6.051,basin_sediment,none,outwash,true,true,evaporite_host,0,1
H+30+44,30,44,588.76,0.0,basin_sediment,none,none,false,true,evaporite_host,0,1
H+31+44,31,44,588.76,0.0,basin_sediment,none,none,false,true,evaporite_host,0,1
H+32+44,32,44,588.76,0.0,basin_sediment,none,none,false,true,evaporite_host,0,1
H+33+44,33,44,588.76,0.0,basin_sediment,none,none,false,true,evaporite_host,0,1
H+34+44,34,44,588.76,0.0,basin_sediment,none,none,false,true,evaporite_host,1,1
H+35+44,35,44,588.76,0.0,basin_sediment,none,none,false,true,evaporite_host,1,1
H+36+44,36,44,588.76,0.0,basin_sediment,none,none,false,true,evaporite_host,1,1
H+37+44,37,44,588.76,0.0,basin_sediment,none,none,false,true,evaporite_host,1,1
H+38+44,38,44,588.76,0.0,basin_sediment,none,overdeep_basin,true,true,evaporite_host,1,1
H+39+44,39,44,588.76,44.232,basin_sediment,none,none,false,true,evaporite_host,1,1
H+40+44,40,44,1915.73,55.514,suture_metamorphic,collision,none,false,false,,1,1
H+41+44,41,44,267.5,55.452,suture_metamorphic,collision,none,false,false,,1,1
H+42+44,42,44,134.57,4.988,suture_metamorphic,collision,none,false,false,,1,1
H+43+44,43,44,107.33,1.341,craton_granite_gneiss,none,none,false,false,,1,1
H+44+44,44,44,106.82,0.017,craton_granite_gneiss,none,none,false,false,,1,1
H+45+44,45,44,106.31,0.017,craton_granite_gneiss,none,none,false,false,,1,1
H+46+44,46,44,105.8,0.017,craton_granite_gneiss,none,none,false,false,,1,1
H+47+44,47,44,105.29,0.017,craton_granite_gneiss,none,none,false,false,,1,1
H+48+44,48,44,104.78,1.321,craton_granite_gneiss,none,none,false,false,,1,1
H+49+44,49,44,65.15,2.403,craton_granite_gneiss,none,none,false,false,,1,1
H+50+44,50,44,136.73,3.282,craton_granite_gneiss,none,none,false,false,,1,1
H+51+44,51,44,234.69,3.282,arc_andesite_volcanic,arc,none,false,false,,2,1
H+52+44,52,44,330.91,3.224,arc_andesite_volcanic,arc,none,false,false,,2,1
H+53+44,53,44,423.7,3.11,arc_andesite_volcanic,arc,none,false,false,,2,1
H+54+44,54,44,499.49,2.543,arc_andesite_volcanic,arc,none,false,false,,2,1
H+55+44,55,44,571.56,2.419,arc_andesite_volcanic,arc,none,false,false,,2,1
H+56+44,56,44,637.98,2.231,arc_andesite_volcanic,arc,none,false,false,,2,1
H+57+44,57,44,695.01,1.918,arc_andesite_volcanic,arc,none,false,false,,2,1
H+58+44,58,44,751.16,1.889,arc_andesite_volcanic,arc,none,false,false,,2,1
H+59+44,59,44,787.97,1.436,arc_andesite_volcanic,arc,none,false,false,,2,1
H+60+44,60,44,830.56,1.436,arc_andesite_volcanic,arc,none,false,false,,2,1
H+61+44,61,44,860.74,1.339,arc_andesite_volcanic,arc,none,false,false,,2,1
H+62+44,62,44,900.39,1.781,arc_andesite_volcanic,arc,none,false,false,,2,1
H+63+44,63,44,923.44,3.022,arc_andesite_volcanic,arc,none,false,false,,2,1
H+64+44,64,44,935.96,3.75,arc_andesite_volcanic,arc,none,false,false,,2,1
H+65+44,65,44,932.39,4.04,arc_andesite_volcanic,arc,none,false,false,,2,1
H+66+44,66,44,907.04,4.299,arc_andesite_volcanic,arc,none,false,false,volcanic_host,2,1
H+67+44,67,44,858.63,4.379,arc_andesite_volcanic,arc,none,false,false,,2,1
H+68+44,68,44,795.34,3.927,arc_andesite_volcanic,arc,none,false,false,,2,1
H+69+44,69,44,721.5,3.543,arc_andesite_volcanic,arc,none,false,false,,2,1
H+70+44,70,44,659.19,2.928,arc_andesite_volcanic,arc,none,false,false,,2,1
H+71+44,71,44,612.66,1.796,arc_andesite_volcanic,arc,none,false,false,,2,1
H+72+44,72,44,577.09,2.808,arc_andesite_volcanic,arc,none,false,false,,2,1
H+73+44,73,44,540.79,4.451,arc_andesite_volcanic,arc,none,false,false,,2,1
H+74+44,74,44,470.23,5.329,arc_andesite_volcanic,arc,none,false,false,,2,1
H+75+44,75,44,366.99,4.6,arc_andesite_volcanic,arc,none,false,false,,2,1
H+76+44,76,44,272.28,11.753,arc_andesite_volcanic,arc,none,false,false,,2,1
H+77+44,77,44,-80.31,13.027,oceanic_basalt,none,,false,false,,2,0
H+78+44,78,44,-82.22,9.753,oceanic_basalt,none,,false,false,,2,0
H+79+44,79,44,-82.85,0.152,oceanic_basalt,none,,false,false,,1,0
H+00+45,0,45,-99.18,0.182,oceanic_basalt,none,,false,false,,0,0
H+01+45,1,45,-95.63,0.218,oceanic_basalt,none,,false,false,,0,0
H+02+45,2,45,-92.91,4.471,oceanic_basalt,none,,false,false,,0,0
H+03+45,3,45,-88.28,4.317,oceanic_basalt,none,,false,false,,0,0
H+04+45,4,45,37.39,4.305,coastal_sediment,none,none,false,false,,0,1
H+05+45,5,45,21.1,3.628,coastal_sediment,none,none,false,false,,0,1
H+06+45,6,45,22.38,0.517,coastal_sediment,none,none,false,false,,0,1
H+07+45,7,45,25.64,0.265,coastal_sediment,none,none,false,false,,0,1
H+08+45,8,45,33.58,0.265,coastal_sediment,none,none,false,false,,0,1
H+09+45,9,45,34.09,0.313,coastal_sediment,none,none,false,false,,0,1
H+10+45,10,45,25.21,3.794,coastal_sediment,none,none,false,false,,0,1
H+11+45,11,45,71.09,6.28,hotspot_basalt,hotspot,none,false,false,,4,1
H+12+45,12,45,179.54,7.344,hotspot_basalt,hotspot,none,false,false,,4,1
H+13+45,13,45,296.87,8.598,hotspot_basalt,hotspot,none,false,false,,4,1
H+14+45,14,45,410.77,9.193,hotspot_basalt,hotspot,none,false,false,,4,1
H+15+45,15,45,522.98,9.445,hotspot_basalt,hotspot,none,false,false,,4,1
H+16+45,16,45,608.48,8.599,hotspot_basalt,hotspot,none,false,false,,4,1
H+17+45,17,45,662.85,8.221,hotspot_basalt,hotspot,none,false,false,,4,1
H+18+45,18,45,673.13,7.228,hotspot_basalt,hotspot,none,false,false,,4,1
H+19+45,19,45,637.25,6.302,hotspot_basalt,hotspot,none,false,false,,4,1
H+20+45,20,45,562.09,5.525,hotspot_basalt,hotspot,none,false,false,,4,1
H+21+45,21,45,456.27,4.784,hotspot_basalt,hotspot,none,false,false,,4,1
H+22+45,22,45,336.6,4.006,hotspot_basalt,hotspot,none,false,false,,4,1
H+23+45,23,45,228.56,3.618,hotspot_basalt,hotspot,none,false,false,,4,1
H+24+45,24,45,160.55,2.778,hotspot_basalt,hotspot,none,false,false,,4,1
H+25+45,25,45,236.0,4.993,suture_metamorphic,collision,none,false,false,,0,1
H+26+45,26,45,385.78,5.925,suture_metamorphic,collision,none,false,false,,0,1
H+27+45,27,45,553.32,7.232,suture_metamorphic,collision,none,false,false,,0,1
H+28+45,28,45,754.81,6.716,suture_metamorphic,collision,none,false,false,,0,1
H+29+45,29,45,588.76,5.619,basin_sediment,none,outwash,true,true,evaporite_host,0,1
H+30+45,30,45,588.76,0.0,basin_sediment,none,none,false,true,evaporite_host,0,1
H+31+45,31,45,588.76,0.0,basin_sediment,none,none,false,true,evaporite_host,0,1
H+32+45,32,45,588.76,0.0,basin_sediment,none,overdeep_basin,true,true,evaporite_host,0,1
H+33+45,33,45,588.76,0.0,basin_sediment,none,overdeep_basin,true,true,evaporite_host,0,1
H+34+45,34,45,588.76,0.0,basin_sediment,none,overdeep_basin,true,true,evaporite_host,1,1
H+35+45,35,45,588.76,0.0,basin_sediment,none,overdeep_basin,true,true,evaporite_host,1,1
H+36+45,36,45,588.76,0.0,basin_sediment,none,overdeep_basin,true,true,evaporite_host,1,1
H+37+45,37,45,588.76,0.0,basin_sediment,none,overdeep_basin,true,true,evaporite_host,1,1
H+38+45,38,45,588.76,0.0,basin_sediment,none,overdeep_basin,true,true,evaporite_host,1,1
H+39+45,39,45,588.76,44.744,basin_sediment,none,none,false,true,evaporite_host,1,1
H+40+45,40,45,1931.07,55.452,suture_metamorphic,collision,none,false,false,limestone_karst,1,1
H+41+45,41,45,284.22,55.415,suture_metamorphic,collision,none,false,false,,1,1
H+42+45,42,45,147.56,4.71,suture_metamorphic,collision,none,false,false,,1,1
H+43+45,43,45,107.33,1.59,craton_granite_gneiss,none,none,false,false,,1,1
H+44+45,44,45,106.82,0.12,craton_granite_gneiss,none,none,false,false,,1,1
H+45+45,45,45,106.31,0.137,craton_granite_gneiss,none,none,false,false,,1,1
H+46+45,46,45,105.8,0.192,craton_granite_gneiss,none,none,false,false,,1,1
H+47+45,47,45,105.29,0.439,craton_granite_gneiss,none,none,false,false,,1,1
H+48+45,48,45,92.13,1.521,craton_granite_gneiss,none,none,false,false,,1,1
H+49+45,49,45,137.24,3.282,craton_granite_gneiss,none,none,false,false,,1,1
H+50+45,50,45,235.2,3.282,craton_granite_gneiss,none,none,false,false,,1,1
H+51+45,51,45,331.42,3.224,arc_andesite_volcanic,arc,none,false,false,,2,1
H+52+45,52,45,424.21,3.11,arc_andesite_volcanic,arc,none,false,false,,2,1
H+53+45,53,45,500.0,2.543,arc_andesite_volcanic,arc,none,false,false,,2,1
H+54+45,54,45,572.07,2.419,arc_andesite_volcanic,arc,none,false,false,volcanic_host,2,1
H+55+45,55,45,638.49,2.231,arc_andesite_volcanic,arc,none,false,false,,2,1
H+56+45,56,45,695.52,1.918,arc_andesite_volcanic,arc,none,false,false,,2,1
H+57+45,57,45,751.67,1.889,arc_andesite_volcanic,arc,none,false,false,,2,1
H+58+45,58,45,788.48,1.436,arc_andesite_volcanic,arc,none,false,false,,2,1
H+59+45,59,45,831.07,1.436,arc_andesite_volcanic,arc,none,false,false,,2,1
H+60+45,60,45,861.25,1.339,arc_andesite_volcanic,arc,none,false,false,volcanic_host,2,1
H+61+45,61,45,900.9,1.625,arc_andesite_volcanic,arc,none,false,false,,2,1
H+62+45,62,45,949.13,1.708,arc_andesite_volcanic,arc,none,false,false,,2,1
H+63+45,63,45,999.87,2.548,arc_andesite_volcanic,arc,none,false,false,,2,1
H+64+45,64,45,1033.91,3.384,arc_andesite_volcanic,arc,none,false,false,,2,1
H+65+45,65,45,1036.0,4.299,arc_andesite_volcanic,arc,none,false,false,,2,1
H+66+45,66,45,990.02,4.379,arc_andesite_volcanic,arc,none,false,false,,2,1
H+67+45,67,45,913.16,4.076,arc_andesite_volcanic,arc,none,false,false,,2,1
H+68+45,68,45,827.8,4.152,arc_andesite_volcanic,arc,none,false,false,,2,1
H+69+45,69,45,747.02,4.068,arc_andesite_volcanic,arc,none,false,false,,2,1
H+70+45,70,45,666.54,4.005,arc_andesite_volcanic,arc,none,false,false,,2,1
H+71+45,71,45,622.54,3.006,arc_andesite_volcanic,arc,none,false,false,,2,1
H+72+45,72,45,604.73,2.131,arc_andesite_volcanic,arc,none,false,false,,2,1
H+73+45,73,45,565.84,3.187,arc_andesite_volcanic,arc,none,false,false,,2,1
H+74+45,74,45,497.86,4.362,arc_andesite_volcanic,arc,none,false,false,,2,1
H+75+45,75,45,407.23,4.498,arc_andesite_volcanic,arc,none,false,false,,2,1
H+76+45,76,45,310.51,13.027,arc_andesite_volcanic,arc,none,false,false,,2,1
H+77+45,77,45,210.37,9.869,arc_andesite_volcanic,arc,none,false,false,,2,1
H+78+45,78,45,-85.7,10.334,oceanic_basalt,none,,false,false,,2,0
H+79+45,79,45,-87.42,0.152,oceanic_basalt,none,,false,false,,1,0
H+00+46,0,46,-100.49,0.162,oceanic_basalt,none,,false,false,,0,0
H+01+46,1,46,-98.01,0.17,oceanic_basalt,none,,false,false,,0,0
H+02+46,2,46,-95.94,0.255,oceanic_basalt,none,,false,false,,0,0
H+03+46,3,46,-91.77,4.305,oceanic_basalt,none,,false,false,,0,0
H+04+46,4,46,-87.72,4.17,oceanic_basalt,none,,false,false,,0,0
H+05+46,5,46,21.87,3.789,coastal_sediment,none,none,false,false,,0,1
H+06+46,6,46,25.13,3.73,coastal_sediment,none,none,false,false,,0,1
H+07+46,7,46,33.07,0.265,coastal_sediment,none,none,false,false,,0,1
H+08+46,8,46,33.58,0.313,coastal_sediment,none,none,false,false,,0,1
H+09+46,9,46,24.7,0.313,coastal_sediment,none,none,false,false,,0,1
H+10+46,10,46,28.04,1.435,coastal_sediment,none,none,false,false,,0,1
H+11+46,11,46,31.15,4.946,coastal_sediment,none,none,false,false,,0,1
H+12+46,12,46,84.3,7.086,hotspot_basalt,hotspot,none,false,false,,4,1
H+13+46,13,46,174.88,7.863,hotspot_basalt,hotspot,none,false,false,,4,1
H+14+46,14,46,261.62,8.712,hotspot_basalt,hotspot,none,false,false,volcanic_host,4,1
H+15+46,15,46,350.52,8.599,hotspot_basalt,hotspot,none,false,false,,4,1
H+16+46,16,46,416.22,8.221,hotspot_basalt,hotspot,none,false,false,,4,1
H+17+46,17,46,456.28,7.228,hotspot_basalt,hotspot,none,false,false,,4,1
H+18+46,18,46,468.65,6.816,hotspot_basalt,hotspot,none,false,false,,4,1
H+19+46,19,46,448.18,6.302,hotspot_basalt,hotspot,none,false,false,,4,1
H+20+46,20,46,396.34,5.525,hotspot_basalt,hotspot,none,false,false,,4,1
H+21+46,21,46,312.74,4.784,hotspot_basalt,hotspot,none,false,false,,4,1
H+22+46,22,46,224.57,3.734,hotspot_basalt,hotspot,none,false,false,,4,1
H+23+46,23,46,143.55,2.834,hotspot_basalt,hotspot,none,false,false,,4,1
H+24+46,24,46,114.51,4.05,suture_metamorphic,collision,none,false,false,,0,1
H+25+46,25,46,226.95,5.294,suture_metamorphic,collision,none,false,false,,0,1
H+26+46,26,46,377.63,5.861,suture_metamorphic,collision,none,false,false,,0,1
H+27+46,27,46,553.48,6.795,suture_metamorphic,collision,none,false,false,,0,1
H+28+46,28,46,757.33,6.899,suture_metamorphic,collision,none,false,false,,0,1
H+29+46,29,46,588.76,5.619,basin_sediment,none,outwash,true,true,evaporite_host,0,1
H+30+46,30,46,588.76,0.0,basin_sediment,none,none,false,true,evaporite_host,0,1
H+31+46,31,46,588.76,0.0,basin_sediment,none,overdeep_basin,true,true,evaporite_host,0,1
H+32+46,32,46,588.76,0.0,basin_sediment,none,overdeep_basin,true,true,evaporite_host,0,1
H+33+46,33,46,588.76,0.0,basin_sediment,none,overdeep_basin,true,true,evaporite_host,0,1
H+34+46,34,46,588.76,0.0,basin_sediment,none,overdeep_basin,true,true,evaporite_host,1,1
H+35+46,35,46,588.76,0.0,basin_sediment,none,overdeep_basin,true,true,evaporite_host,1,1
H+36+46,36,46,588.76,0.0,basin_sediment,none,overdeep_basin,true,true,evaporite_host,1,1
H+37+46,37,46,588.76,0.0,basin_sediment,none,overdeep_basin,true,true,evaporite_host,1,1
H+38+46,38,46,588.76,0.0,basin_sediment,none,overdeep_basin,true,true,evaporite_host,1,1
H+39+46,39,46,588.76,45.264,basin_sediment,none,none,false,true,evaporite_host,1,1
H+40+46,40,46,1946.68,55.415,suture_metamorphic,collision,none,false,false,,1,1
H+41+46,41,46,288.86,55.484,suture_metamorphic,collision,none,false,false,,1,1
H+42+46,42,46,155.03,4.461,suture_metamorphic,collision,none,false,false,,1,1
H+43+46,43,46,108.76,1.647,craton_granite_gneiss,none,none,false,false,,1,1
H+44+46,44,46,110.42,0.215,craton_granite_gneiss,none,none,false,false,,1,1
H+45+46,45,46,107.2,0.679,craton_granite_gneiss,none,none,false,false,,1,1
H+46+46,46,46,111.56,0.534,craton_granite_gneiss,none,none,false,false,,1,1
H+47+46,47,46,108.49,0.992,craton_granite_gneiss,none,none,false,false,,1,1
H+48+46,48,46,137.75,3.282,craton_granite_gneiss,none,none,false,false,,1,1
H+49+46,49,46,235.71,3.282,craton_granite_gneiss,none,none,false,false,,1,1
H+50+46,50,46,331.93,3.224,craton_granite_gneiss,none,none,false,false,,1,1
H+51+46,51,46,424.72,3.11,arc_andesite_volcanic,arc,none,false,false,,2,1
H+52+46,52,46,500.51,2.543,arc_andesite_volcanic,arc,none,false,false,,2,1
H+53+46,53,46,572.58,2.419,arc_andesite_volcanic,arc,none,false,false,,2,1
H+54+46,54,46,639.0,2.231,arc_andesite_volcanic,arc,none,false,false,,2,1
H+55+46,55,46,696.03,1.918,arc_andesite_volcanic,arc,none,false,false,,2,1
H+56+46,56,46,752.18,1.889,arc_andesite_volcanic,arc,none,false,false,,2,1
H+57+46,57,46,788.99,1.436,arc_andesite_volcanic,arc,none,false,false,volcanic_host,2,1
H+58+46,58,46,831.57,3.548,arc_andesite_volcanic,arc,none,false,false,,2,1
H+59+46,59,46,861.76,4.554,arc_andesite_volcanic,arc,none,false,false,,2,1
H+60+46,60,46,901.41,4.268,arc_andesite_volcanic,arc,none,false,false,,2,1
H+61+46,61,46,949.64,3.786,arc_andesite_volcanic,arc,none,false,false,,2,1
H+62+46,62,46,1000.38,3.564,arc_andesite_volcanic,arc,none,false,false,,2,1
H+63+46,63,46,1036.16,2.793,arc_andesite_volcanic,arc,none,false,false,,2,1
H+64+46,64,46,1093.48,3.021,arc_andesite_volcanic,arc,none,false,false,,2,1
H+65+46,65,46,1114.44,4.147,arc_andesite_volcanic,arc,none,false,false,,2,1
H+66+46,66,46,1035.44,4.076,arc_andesite_volcanic,arc,none,false,false,,2,1
H+67+46,67,46,952.37,4.152,arc_andesite_volcanic,arc,none,false,false,,2,1
H+68+46,68,46,869.07,4.068,arc_andesite_volcanic,arc,none,false,false,,2,1
H+69+46,69,46,786.69,4.005,arc_andesite_volcanic,arc,none,false,false,,2,1
H+70+46,70,46,712.73,3.896,arc_andesite_volcanic,arc,none,false,false,,2,1
H+71+46,71,46,659.95,3.429,arc_andesite_volcanic,arc,none,false,false,,2,1
H+72+46,72,46,626.85,2.422,arc_andesite_volcanic,arc,none,false,false,,2,1
H+73+46,73,46,574.63,2.559,arc_andesite_volcanic,arc,none,false,false,,2,1
H+74+46,74,46,509.65,3.414,arc_andesite_volcanic,arc,none,false,false,,2,1
H+75+46,75,46,423.38,3.762,arc_andesite_volcanic,arc,none,false,false,,2,1
H+76+46,76,46,323.72,3.778,arc_andesite_volcanic,arc,none,false,false,,2,1
H+77+46,77,46,224.33,10.403,arc_andesite_volcanic,arc,none,false,false,,2,1
H+78+46,78,46,-87.75,10.403,oceanic_basalt,none,,false,false,,2,0
H+79+46,79,46,-90.78,0.113,oceanic_basalt,none,,false,false,,1,0
H+00+47,0,47,-102.95,0.165,oceanic_basalt,none,,false,false,,0,0
H+01+47,1,47,-100.58,0.192,oceanic_basalt,none,,false,false,,0,0
H+02+47,2,47,-98.3,0.218,oceanic_basalt,none,,false,false,,0,0
H+03+47,3,47,-95.94,0.274,oceanic_basalt,none,,false,false,,0,0
H+04+47,4,47,-91.8,3.789,oceanic_basalt,none,,false,false,,0,0
H+05+47,5,47,-86.79,3.978,oceanic_basalt,none,,false,false,,0,0
H+06+47,6,47,32.56,4.133,coastal_sediment,none,none,false,false,,0,1
H+07+47,7,47,33.07,0.313,coastal_sediment,none,none,false,false,,0,1
H+08+47,8,47,24.19,0.313,coastal_sediment,none,none,false,false,,0,1
H+09+47,9,47,27.53,0.111,coastal_sediment,none,none,false,false,,0,1
H+10+47,10,47,30.64,0.104,coastal_sediment,none,none,false,false,,0,1
H+11+47,11,47,30.11,1.806,coastal_sediment,none,none,false,false,,0,1
H+12+47,12,47,34.37,4.684,coastal_sediment,none,none,false,false,,0,1
H+13+47,13,47,59.72,6.73,hotspot_basalt,hotspot,none,false,false,,4,1
H+14+47,14,47,130.98,7.318,hotspot_basalt,hotspot,none,false,false,,4,1
H+15+47,15,47,197.8,7.28,hotspot_basalt,hotspot,none,false,false,,4,1
H+16+47,16,47,248.23,6.935,hotspot_basalt,hotspot,none,false,false,,4,1
H+17+47,17,47,273.53,6.504,hotspot_basalt,hotspot,none,false,false,,4,1
H+18+47,18,47,283.88,6.159,hotspot_basalt,hotspot,none,false,false,,4,1
H+19+47,19,47,276.48,5.723,hotspot_basalt,hotspot,none,false,false,,4,1
H+20+47,20,47,242.33,5.134,hotspot_basalt,hotspot,none,false,false,,4,1
H+21+47,21,47,182.34,4.347,hotspot_basalt,hotspot,none,false,false,,4,1
H+22+47,22,47,118.7,3.529,hotspot_basalt,hotspot,none,false,false,,4,1
H+23+47,23,47,101.58,1.399,craton_granite_gneiss,none,none,false,false,,0,1
H+24+47,24,47,111.12,3.861,suture_metamorphic,collision,none,false,false,,0,1
H+25+47,25,47,219.36,5.276,suture_metamorphic,collision,none,false,false,,0,1
H+26+47,26,47,376.32,5.905,suture_metamorphic,collision,none,false,false,,0,1
H+27+47,27,47,550.36,6.899,suture_metamorphic,collision,none,false,false,limestone_karst,0,1
H+28+47,28,47,751.13,6.872,suture_metamorphic,collision,none,false,false,,0,1
H+29+47,29,47,588.76,5.412,basin_sediment,none,outwash,true,true,evaporite_host,0,1
H+30+47,30,47,588.76,0.0,basin_sediment,none,none,false,true,evaporite_host,0,1
H+31+47,31,47,588.76,0.0,basin_sediment,none,overdeep_basin,true,true,evaporite_host,0,1
H+32+47,32,47,588.76,0.0,basin_sediment,none,overdeep_basin,true,true,evaporite_host,0,1
H+33+47,33,47,588.76,0.0,basin_sediment,none,overdeep_basin,true,true,evaporite_host,0,1
H+34+47,34,47,588.76,0.0,basin_sediment,none,overdeep_basin,true,true,evaporite_host,1,1
H+35+47,35,47,588.76,0.0,basin_sediment,none,overdeep_basin,true,true,evaporite_host,1,1
H+36+47,36,47,588.76,0.0,basin_sediment,none,overdeep_basin,true,true,evaporite_host,1,1
H+37+47,37,47,588.76,0.0,basin_sediment,none,overdeep_basin,true,true,evaporite_host,1,1
H+38+47,38,47,588.76,0.0,basin_sediment,none,overdeep_basin,true,true,evaporite_host,1,1
H+39+47,39,47,588.76,45.488,basin_sediment,none,none,false,true,evaporite_host,1,1
H+40+47,40,47,1953.39,55.605,suture_metamorphic,collision,none,false,false,,1,1
H+41+47,41,47,285.25,55.884,suture_metamorphic,collision,none,false,false,,1,1
H+42+47,42,47,158.18,4.496,suture_metamorphic,collision,none,false,false,,1,1
H+43+47,43,47,112.06,1.699,craton_granite_gneiss,none,none,false,false,,1,1
H+44+47,44,47,116.85,0.374,craton_granite_gneiss,none,none,false,false,greenstone_metals,1,1
H+45+47,45,47,127.57,0.679,craton_granite_gneiss,none,none,false,false,,1,1
H+46+47,46,47,124.55,0.536,craton_granite_gneiss,none,none,false,false,,1,1
H+47+47,47,47,138.26,3.282,craton_granite_gneiss,none,none,false,false,,1,1
H+48+47,48,47,236.22,3.282,craton_granite_gneiss,none,none,false,false,,1,1
H+49+47,49,47,332.44,3.224,craton_granite_gneiss,none,none,false,false,,1,1
H+50+47,50,47,425.23,3.11,craton_granite_gneiss,none,none,false,false,,1,1
H+51+47,51,47,501.02,2.543,arc_andesite_volcanic,arc,none,false,false,volcanic_host,2,1
H+52+47,52,47,573.09,2.419,arc_andesite_volcanic,arc,none,false,false,volcanic_host,2,1
H+53+47,53,47,639.51,9.647,arc_andesite_volcanic,arc,none,false,false,,2,1
H+54+47,54,47,696.54,11.548,arc_andesite_volcanic,arc,none,false,false,,2,1
H+55+47,55,47,752.69,10.659,arc_andesite_volcanic,arc,none,false,false,,2,1
H+56+47,56,47,789.5,8.962,arc_andesite_volcanic,arc,none,false,false,,2,1
H+57+47,57,47,832.08,7.731,arc_andesite_volcanic,arc,none,false,false,,2,1
H+58+47,58,47,725.15,4.554,arc_andesite_volcanic,arc,none,false,false,,2,1
H+59+47,59,47,773.36,4.268,arc_andesite_volcanic,arc,none,false,false,,2,1
H+60+47,60,47,836.06,3.786,arc_andesite_volcanic,arc,none,false,false,,2,1
H+61+47,61,47,893.47,3.564,arc_andesite_volcanic,arc,none,false,false,,2,1
H+62+47,62,47,952.38,3.349,arc_andesite_volcanic,arc,none,false,false,,2,1
H+63+47,63,47,1002.86,3.611,arc_andesite_volcanic,arc,none,false,false,,2,1
H+64+47,64,47,1028.27,3.46,arc_andesite_volcanic,arc,none,false,false,volcanic_host,2,1
H+65+47,65,47,1025.08,3.477,arc_andesite_volcanic,arc,none,false,false,,2,1
H+66+47,66,47,994.13,2.762,arc_andesite_volcanic,arc,none,false,false,,2,1
H+67+47,67,47,942.13,2.435,arc_andesite_volcanic,arc,none,false,false,,2,1
H+68+47,68,47,889.22,3.418,arc_andesite_volcanic,arc,none,false,false,,2,1
H+69+47,69,47,829.61,3.896,arc_andesite_volcanic,arc,none,false,false,,2,1
H+70+47,70,47,762.83,3.429,arc_andesite_volcanic,arc,none,false,false,,2,1
H+71+47,71,47,699.51,3.472,arc_andesite_volcanic,arc,none,false,false,,2,1
H+72+47,72,47,642.03,2.771,arc_andesite_volcanic,arc,none,false,false,,2,1
H+73+47,73,47,576.4,2.479,arc_andesite_volcanic,arc,none,false,false,,2,1
H+74+47,74,47,502.01,2.862,arc_andesite_volcanic,arc,none,false,false,,2,1
H+75+47,75,47,416.14,3.159,arc_andesite_volcanic,arc,none,false,false,,2,1
H+76+47,76,47,321.39,3.444,arc_andesite_volcanic,arc,none,false,false,,2,1
H+77+47,77,47,218.05,10.193,arc_andesite_volcanic,arc,none,false,false,,2,1
H+78+47,78,47,-87.4,10.182,oceanic_basalt,none,,false,false,,2,0
H+79+47,79,47,-93.36,0.199,oceanic_basalt,none,,false,false,,1,0
H+00+48,0,48,-106.35,0.192,oceanic_basalt,none,,false,false,,0,0
H+01+48,1,48,-103.03,0.158,oceanic_basalt,none,,false,false,,0,0
H+02+48,2,48,-100.87,0.202,oceanic_basalt,none,,false,false,,0,0
H+03+48,3,48,-98.82,0.234,oceanic_basalt,none,,false,false,,0,0
H+04+48,4,48,-95.95,0.305,oceanic_basalt,none,,false,false,,0,0
H+05+48,5,48,-91.43,4.133,oceanic_basalt,none,,false,false,,0,0
H+06+48,6,48,31.82,4.286,coastal_sediment,none,none,false,false,,0,1
H+07+48,7,48,23.68,3.868,coastal_sediment,none,none,false,false,,0,1
H+08+48,8,48,27.33,0.121,coastal_sediment,none,none,false,false,,0,1
H+09+48,9,48,30.13,0.141,coastal_sediment,none,none,false,false,,0,1
H+10+48,10,48,29.6,0.142,coastal_sediment,none,none,false,false,,0,1
H+11+48,11,48,33.86,0.206,coastal_sediment,none,none,false,false,,0,1
H+12+48,12,48,40.02,0.657,coastal_sediment,none,none,false,false,,0,1
H+13+48,13,48,45.23,2.858,coastal_sediment,none,none,false,false,,0,1
H+14+48,14,48,52.06,4.858,coastal_sediment,none,none,false,false,,0,1
H+15+48,15,48,65.26,6.099,hotspot_basalt,hotspot,none,false,false,,4,1
H+16+48,16,48,97.14,5.88,hotspot_basalt,hotspot,none,false,false,,4,1
H+17+48,17,48,114.55,5.644,hotspot_basalt,hotspot,none,false,false,,4,1
H+18+48,18,48,121.65,5.407,hotspot_basalt,hotspot,none,false,false,,4,1
H+19+48,19,48,115.12,5.379,hotspot_basalt,hotspot,none,false,false,,4,1
H+20+48,20,48,98.44,4.797,hotspot_basalt,hotspot,none,false,false,,4,1
H+21+48,21,48,102.13,2.674,craton_granite_gneiss,none,none,false,false,,0,1
H+22+48,22,48,101.06,0.588,craton_granite_gneiss,none,none,false,false,,0,1
H+23+48,23,48,94.65,0.549,craton_granite_gneiss,none,none,false,false,,0,1
H+24+48,24,48,106.77,3.753,suture_metamorphic,collision,none,false,false,,0,1
H+25+48,25,48,210.24,5.536,suture_metamorphic,collision,none,false,false,,0,1
H+26+48,26,48,369.06,6.044,suture_metamorphic,collision,none,false,false,,0,1
H+27+48,27,48,544.97,6.872,suture_metamorphic,collision,none,false,false,,0,1
H+28+48,28,48,749.75,7.37,suture_metamorphic,collision,none,false,false,limestone_karst,0,1
H+29+48,29,48,588.76,5.366,basin_sediment,none,outwash,true,true,evaporite_host,0,1
H+30+48,30,48,588.76,0.0,basin_sediment,none,none,false,true,evaporite_host,0,1
H+31+48,31,48,588.76,0.0,basin_sediment,none,overdeep_basin,true,true,evaporite_host,0,1
H+32+48,32,48,588.76,0.0,basin_sediment,none,overdeep_basin,true,true,evaporite_host,0,1
H+33+48,33,48,588.76,0.0,basin_sediment,none,overdeep_basin,true,true,evaporite_host,0,1
H+34+48,34,48,588.76,0.0,basin_sediment,none,overdeep_basin,true,true,evaporite_host,1,1
H+35+48,35,48,588.76,0.0,basin_sediment,none,overdeep_basin,true,true,evaporite_host,1,1
H+36+48,36,48,588.76,0.0,basin_sediment,none,overdeep_basin,true,true,evaporite_host,1,1
H+37+48,37,48,588.76,0.0,basin_sediment,none,overdeep_basin,true,true,evaporite_host,1,1
H+38+48,38,48,588.76,0.0,basin_sediment,none,overdeep_basin,true,true,evaporite_host,1,1
H+39+48,39,48,588.76,45.767,basin_sediment,none,none,false,true,evaporite_host,1,1
H+40+48,40,48,1961.76,55.884,suture_metamorphic,collision,none,false,false,,1,1
H+41+48,41,48,293.05,56.157,suture_metamorphic,collision,none,false,false,,1,1
H+42+48,42,48,163.04,4.722,suture_metamorphic,collision,none,false,false,,1,1
H+43+48,43,48,117.36,2.071,craton_granite_gneiss,none,none,false,false,,1,1
H+44+48,44,48,128.08,0.374,craton_granite_gneiss,none,none,false,false,,1,1
H+45+48,45,48,132.05,0.25,craton_granite_gneiss,none,none,false,false,greenstone_metals,1,1
H+46+48,46,48,138.77,3.282,craton_granite_gneiss,none,none,false,false,,1,1
H+47+48,47,48,236.73,3.282,craton_granite_gneiss,none,none,false,false,,1,1
H+48+48,48,48,332.95,3.224,craton_granite_gneiss,none,none,false,false,,1,1
H+49+48,49,48,425.74,3.11,craton_granite_gneiss,none,none,false,false,,1,1
H+50+48,50,48,501.53,2.543,craton_granite_gneiss,none,none,false,false,,1,1
H+51+48,51,48,573.6,13.353,arc_andesite_volcanic,arc,none,false,false,,2,1
H+52+48,52,48,640.02,15.567,arc_andesite_volcanic,arc,none,false,false,,2,1
H+53+48,53,48,350.1,11.548,arc_andesite_volcanic,arc,none,false,false,,2,1
H+54+48,54,48,432.93,10.659,arc_andesite_volcanic,arc,none,false,false,,2,1
H+55+48,55,48,520.63,8.962,arc_andesite_volcanic,arc,none,false,false,,2,1
H+56+48,56,48,600.15,7.731,arc_andesite_volcanic,arc,none,false,false,,2,1
H+57+48,57,48,661.84,5.675,arc_andesite_volcanic,arc,none,false,false,,2,1
H+58+48,58,48,705.87,2.394,arc_andesite_volcanic,arc,none,false,false,,2,1
H+59+48,59,48,748.65,2.914,arc_andesite_volcanic,arc,none,false,false,,2,1
H+60+48,60,48,802.39,3.144,arc_andesite_volcanic,arc,none,false,false,,2,1
H+61+48,61,48,851.9,3.554,arc_andesite_volcanic,arc,none,false,false,,2,1
H+62+48,62,48,894.52,3.654,arc_andesite_volcanic,arc,none,false,false,,2,1
H+63+48,63,48,924.48,3.763,arc_andesite_volcanic,arc,none,false,false,,2,1
H+64+48,64,48,928.6,3.322,arc_andesite_volcanic,arc,none,false,false,,2,1
H+65+48,65,48,920.77,3.477,arc_andesite_volcanic,arc,none,false,false,,2,1
H+66+48,66,48,911.28,3.005,arc_andesite_volcanic,arc,none,false,false,,2,1
H+67+48,67,48,904.43,2.721,arc_andesite_volcanic,arc,none,false,false,,2,1
H+68+48,68,48,888.71,1.97,arc_andesite_volcanic,arc,none,false,false,,2,1
H+69+48,69,48,860.82,3.267,arc_andesite_volcanic,arc,none,false,false,,2,1
H+70+48,70,48,803.67,3.472,arc_andesite_volcanic,arc,none,false,false,,2,1
H+71+48,71,48,725.15,2.858,arc_andesite_volcanic,arc,none,false,false,,2,1
H+72+48,72,48,648.31,2.752,arc_andesite_volcanic,arc,none,false,false,,2,1
H+73+48,73,48,565.77,2.91,arc_andesite_volcanic,arc,none,false,false,,2,1
H+74+48,74,48,478.46,2.91,arc_andesite_volcanic,arc,none,false,false,,2,1
H+75+48,75,48,395.07,2.903,arc_andesite_volcanic,arc,none,false,false,,2,1
H+76+48,76,48,307.97,12.825,arc_andesite_volcanic,arc,none,false,false,,2,1
H+77+48,77,48,-76.78,12.825,oceanic_basalt,none,,false,false,,2,0
H+78+48,78,48,-88.19,0.38,oceanic_basalt,none,,false,false,,2,0
H+79+48,79,48,-96.09,0.263,oceanic_basalt,none,,false,false,,1,0
H+00+49,0,49,-107.38,0.145,oceanic_basalt,none,,false,false,,0,0
H+01+49,1,49,-106.94,0.202,oceanic_basalt,none,,false,false,,0,0
H+02+49,2,49,-104.04,0.174,oceanic_basalt,none,,false,false,,0,0
H+03+49,3,49,-102.61,0.222,oceanic_basalt,none,,false,false,,0,0
H+04+49,4,49,-99.35,0.264,oceanic_basalt,none,,false,false,,0,0
H+05+49,5,49,-96.76,4.286,oceanic_basalt,none,,false,false,,0,0
H+06+49,6,49,-92.37,4.14,oceanic_basalt,none,,false,false,,0,0
H+07+49,7,49,26.82,4.073,coastal_sediment,none,none,false,false,,0,1
H+08+49,8,49,25.89,3.873,coastal_sediment,none,none,false,false,,0,1
H+09+49,9,49,29.14,0.108,coastal_sediment,none,none,false,false,,0,1
H+10+49,10,49,30.64,0.296,coastal_sediment,none,none,false,false,,0,1
H+11+49,11,49,39.51,0.296,coastal_sediment,none,none,false,false,,0,1
H+12+49,12,49,44.72,0.228,coastal_sediment,none,none,false,false,,0,1
H+13+49,13,49,51.55,0.359,coastal_sediment,none,none,false,false,,0,1
H+14+49,14,49,62.31,0.359,coastal_sediment,none,none,false,false,,0,1
H+15+49,15,49,60.06,1.236,coastal_sediment,none,none,false,false,,0,1
H+16+49,16,49,69.31,1.508,coastal_sediment,none,none,false,false,,0,1
H+17+49,17,49,72.96,1.623,coastal_sediment,none,none,false,false,,0,1
H+18+49,18,49,76.43,1.507,coastal_sediment,none,none,false,false,,0,1
H+19+49,19,49,81.32,1.127,coastal_sediment,none,none,false,false,,0,1
H+20+49,20,49,89.59,0.418,craton_granite_gneiss,none,none,false,false,,0,1
H+21+49,21,49,100.55,0.365,craton_granite_gneiss,none,none,false,false,,0,1
H+22+49,22,49,94.14,0.404,craton_granite_gneiss,none,none,false,false,,0,1
H+23+49,23,49,106.26,0.404,craton_granite_gneiss,none,none,false,false,,0,1
H+24+49,24,49,108.4,3.395,suture_metamorphic,collision,none,false,false,,0,1
H+25+49,25,49,204.73,5.478,suture_metamorphic,collision,none,false,false,,0,1
H+26+49,26,49,352.7,6.409,suture_metamorphic,collision,none,false,false,,0,1
H+27+49,27,49,528.65,7.37,suture_metamorphic,collision,none,false,false,,0,1
H+28+49,28,49,740.3,7.376,suture_metamorphic,collision,none,false,false,,0,1
H+29+49,29,49,588.76,5.051,basin_sediment,none,outwash,true,true,evaporite_host,0,1
H+30+49,30,49,588.76,0.0,basin_sediment,none,none,false,true,evaporite_host,0,1
H+31+49,31,49,588.76,0.0,basin_sediment,none,overdeep_basin,true,true,evaporite_host,0,1
H+32+49,32,49,588.76,0.0,basin_sediment,none,overdeep_basin,true,true,evaporite_host,0,1
H+33+49,33,49,588.76,0.0,basin_sediment,none,overdeep_basin,true,true,evaporite_host,0,1
H+34+49,34,49,588.76,0.0,basin_sediment,none,overdeep_basin,true,true,evaporite_host,1,1
H+35+49,35,49,588.76,0.0,basin_sediment,none,overdeep_basin,true,true,evaporite_host,1,1
H+36+49,36,49,588.76,0.0,basin_sediment,none,overdeep_basin,true,true,evaporite_host,1,1
H+37+49,37,49,588.76,0.0,basin_sediment,none,overdeep_basin,true,true,evaporite_host,1,1
H+38+49,38,49,588.76,0.0,basin_sediment,none,overdeep_basin,true,true,evaporite_host,1,1
H+39+49,39,49,588.76,46.3,basin_sediment,none,none,false,true,evaporite_host,1,1
H+40+49,40,49,1977.77,56.157,suture_metamorphic,collision,none,false,false,,1,1
H+41+49,41,49,304.7,56.141,suture_metamorphic,collision,none,false,false,,1,1
H+42+49,42,49,179.49,4.225,suture_metamorphic,collision,none,false,false,,1,1
H+43+49,43,49,131.88,1.787,craton_granite_gneiss,none,none,false,false,,1,1
H+44+49,44,49,135.65,0.252,craton_granite_gneiss,none,none,false,false,,1,1
H+45+49,45,49,139.28,3.282,craton_granite_gneiss,none,none,false,false,,1,1
H+46+49,46,49,237.24,3.282,craton_granite_gneiss,none,none,false,false,,1,1
H+47+49,47,49,333.46,3.224,craton_granite_gneiss,none,none,false,false,,1,1
H+48+49,48,49,426.25,3.11,craton_granite_gneiss,none,none,false,false,,1,1
H+49+49,49,49,502.04,10.749,craton_granite_gneiss,none,none,false,false,,1,1
H+50+49,50,49,574.11,13.37,craton_granite_gneiss,none,none,false,false,,1,1
H+51+49,51,49,173.01,15.567,craton_granite_gneiss,none,none,false,false,,1,1
H+52+49,52,49,251.53,12.95,arc_andesite_volcanic,arc,none,false,false,volcanic_host,2,1
H+53+49,53,49,342.6,4.669,arc_andesite_volcanic,arc,none,false,false,,2,1
H+54+49,54,49,429.71,4.354,arc_andesite_volcanic,arc,none,false,false,,2,1
H+55+49,55,49,519.04,3.977,arc_andesite_volcanic,arc,none,false,false,,2,1
H+56+49,56,49,581.15,3.258,arc_andesite_volcanic,arc,none,false,false,,2,1
H+57+49,57,49,634.06,3.051,arc_andesite_volcanic,arc,none,false,false,,2,1
H+58+49,58,49,670.25,3.079,arc_andesite_volcanic,arc,none,false,false,,2,1
H+59+49,59,49,708.07,3.48,arc_andesite_volcanic,arc,none,false,false,volcanic_host,2,1
H+60+49,60,49,745.28,3.615,arc_andesite_volcanic,arc,none,false,false,,2,1
H+61+49,61,49,784.91,3.686,arc_andesite_volcanic,arc,none,false,false,,2,1
H+62+49,62,49,811.6,3.763,arc_andesite_volcanic,arc,none,false,false,,2,1
H+63+49,63,49,829.81,3.293,arc_andesite_volcanic,arc,none,false,false,,2,1
H+64+49,64,49,832.18,3.214,arc_andesite_volcanic,arc,none,false,false,,2,1
H+65+49,65,49,821.13,3.321,arc_andesite_volcanic,arc,none,false,false,,2,1
H+66+49,66,49,822.79,2.95,arc_andesite_volcanic,arc,none,false,false,,2,1
H+67+49,67,49,841.34,3.496,arc_andesite_volcanic,arc,none,false,false,,2,1
H+68+49,68,49,860.31,3.289,arc_andesite_volcanic,arc,none,false,false,,2,1
H+69+49,69,49,853.79,2.111,arc_andesite_volcanic,arc,none,false,false,,2,1
H+70+49,70,49,810.89,2.959,arc_andesite_volcanic,arc,none,false,false,volcanic_host,2,1
H+71+49,71,49,722.11,3.052,arc_andesite_volcanic,arc,none,false,false,,2,1
H+72+49,72,49,630.56,3.336,arc_andesite_volcanic,arc,none,false,false,,2,1
H+73+49,73,49,530.47,3.336,arc_andesite_volcanic,arc,none,false,false,,2,1
H+74+49,74,49,437.71,3.092,arc_andesite_volcanic,arc,none,false,false,,2,1
H+75+49,75,49,352.33,2.846,arc_andesite_volcanic,arc,none,false,false,,2,1
H+76+49,76,49,272.62,11.704,arc_andesite_volcanic,arc,none,false,false,,2,1
H+77+49,77,49,-78.5,11.704,oceanic_basalt,none,,false,false,,2,0
H+78+49,78,49,-90.07,0.386,oceanic_basalt,none,,false,false,,2,0
H+79+49,79,49,-95.17,0.17,oceanic_basalt,none,,false,false,,1,0
H+00+50,0,50,-107.18,0.032,oceanic_basalt,none,,false,false,,0,0
H+01+50,1,50,-108.14,0.137,oceanic_basalt,none,,false,false,,0,0
H+02+50,2,50,-108.66,0.202,oceanic_basalt,none,,false,false,,0,0
H+03+50,3,50,-106.74,0.246,oceanic_basalt,none,,false,false,,0,0
H+04+50,4,50,-104.17,0.247,oceanic_basalt,none,,false,false,,0,0
H+05+50,5,50,-100.68,0.277,oceanic_basalt,none,,false,false,,0,0
H+06+50,6,50,-95.36,4.073,oceanic_basalt,none,,false,false,,0,0
H+07+50,7,50,-90.3,3.964,oceanic_basalt,none,,false,false,,0,0
H+08+50,8,50,28.63,4.094,coastal_sediment,none,none,false,false,,0,1
H+09+50,9,50,30.34,3.959,coastal_sediment,none,none,false,false,,0,1
H+10+50,10,50,39.0,0.289,coastal_sediment,none,none,false,false,,0,1
H+11+50,11,50,40.04,0.367,coastal_sediment,none,none,false,false,,0,1
H+12+50,12,50,51.04,0.367,coastal_sediment,none,none,false,false,,0,1
H+13+50,13,50,61.8,0.359,coastal_sediment,none,none,false,false,,0,1
H+14+50,14,50,59.55,0.308,coastal_sediment,none,none,false,false,,0,1
H+15+50,15,50,68.8,0.308,coastal_sediment,none,none,false,false,,0,1
H+16+50,16,50,70.36,0.18,coastal_sediment,none,none,false,false,,0,1
H+17+50,17,50,75.74,0.18,coastal_sediment,none,none,false,false,,0,1
H+18+50,18,50,80.81,0.281,coastal_sediment,none,none,false,false,,0,1
H+19+50,19,50,89.25,0.36,coastal_sediment,none,none,false,false,,0,1
H+20+50,20,50,100.04,0.36,craton_granite_gneiss,none,none,false,false,,0,1
H+21+50,21,50,93.63,0.404,craton_granite_gneiss,none,none,false,false,,0,1
H+22+50,22,50,105.75,0.404,craton_granite_gneiss,none,none,false,false,,0,1
H+23+50,23,50,107.89,0.071,craton_granite_gneiss,none,none,false,false,,0,1
H+24+50,24,50,106.71,3.267,suture_metamorphic,collision,none,false,false,,0,1
H+25+50,25,50,198.87,5.128,suture_metamorphic,collision,none,false,false,,0,1
H+26+50,26,50,342.88,6.192,suture_metamorphic,collision,none,false,false,,0,1
H+27+50,27,50,519.02,7.376,suture_metamorphic,collision,none,false,false,,0,1
H+28+50,28,50,732.02,7.1,suture_metamorphic,collision,none,false,false,,0,1
H+29+50,29,50,588.76,4.775,basin_sediment,none,outwash,true,true,evaporite_host,0,1
H+30+50,30,50,588.76,0.0,basin_sediment,none,overdeep_basin,true,true,evaporite_host,0,1
H+31+50,31,50,588.76,0.0,basin_sediment,none,overdeep_basin,true,true,evaporite_host,0,1
H+32+50,32,50,588.76,0.0,basin_sediment,none,overdeep_basin,true,true,evaporite_host,0,1
H+33+50,33,50,588.76,0.0,basin_sediment,none,overdeep_basin,true,true,evaporite_host,0,1
H+34+50,34,50,588.76,0.0,basin_sediment,none,overdeep_basin,true,true,evaporite_host,1,1
H+35+50,35,50,588.76,0.0,basin_sediment,none,overdeep_basin,true,true,evaporite_host,1,1
H+36+50,36,50,588.76,0.0,basin_sediment,none,overdeep_basin,true,true,evaporite_host,1,1
H+37+50,37,50,588.76,0.0,basin_sediment,none,overdeep_basin,true,true,evaporite_host,1,1
H+38+50,38,50,588.76,0.0,basin_sediment,none,overdeep_basin,true,true,evaporite_host,1,1
H+39+50,39,50,588.76,46.672,basin_sediment,none,none,false,true,evaporite_host,1,1
H+40+50,40,50,1988.92,56.141,suture_metamorphic,collision,none,false,false,,1,1
H+41+50,41,50,306.24,56.089,suture_metamorphic,collision,none,false,false,limestone_karst,1,1
H+42+50,42,50,185.5,4.136,suture_metamorphic,collision,none,false,false,,1,1
H+43+50,43,50,140.14,1.512,craton_granite_gneiss,none,none,false,false,,1,1
H+44+50,44,50,141.72,3.218,craton_granite_gneiss,none,none,false,false,,1,1
H+45+50,45,50,237.75,3.282,craton_granite_gneiss,none,none,false,false,,1,1
H+46+50,46,50,333.97,3.224,craton_granite_gneiss,none,none,false,false,,1,1
H+47+50,47,50,426.76,8.483,craton_granite_gneiss,none,none,false,false,,1,1
H+48+50,48,50,502.55,11.009,craton_granite_gneiss,none,none,false,false,,1,1
H+49+50,49,50,179.57,13.151,craton_granite_gneiss,none,none,false,false,,1,1
H+50+50,50,50,177.41,13.223,craton_granite_gneiss,none,none,false,false,,1,1
H+51+50,51,50,172.5,2.634,craton_granite_gneiss,none,none,false,false,,1,1
H+52+50,52,50,202.52,4.669,arc_andesite_volcanic,arc,none,false,false,,2,1
H+53+50,53,50,299.1,4.354,arc_andesite_volcanic,arc,none,false,false,,2,1
H+54+50,54,50,399.74,5.628,arc_andesite_volcanic,arc,none,false,false,,2,1
H+55+50,55,50,483.4,5.179,arc_andesite_volcanic,arc,none,false,false,,2,1
H+56+50,56,50,542.53,4.609,arc_andesite_volcanic,arc,none,false,false,,2,1
H+57+50,57,50,577.89,3.971,arc_andesite_volcanic,arc,none,false,false,,2,1
H+58+50,58,50,603.67,3.48,arc_andesite_volcanic,arc,none,false,false,,2,1
H+59+50,59,50,636.83,3.615,arc_andesite_volcanic,arc,none,false,false,,2,1
H+60+50,60,50,674.33,3.686,arc_andesite_volcanic,arc,none,false,false,,2,1
H+61+50,61,50,710.85,3.486,arc_andesite_volcanic,arc,none,false,false,,2,1
H+62+50,62,50,736.91,3.378,arc_andesite_volcanic,arc,none,false,false,volcanic_host,2,1
H+63+50,63,50,746.67,3.105,arc_andesite_volcanic,arc,none,false,false,,2,1
H+64+50,64,50,748.08,2.803,arc_andesite_volcanic,arc,none,false,false,,2,1
H+65+50,65,50,743.19,2.653,arc_andesite_volcanic,arc,none,false,false,volcanic_host,2,1
H+66+50,66,50,736.46,3.496,arc_andesite_volcanic,arc,none,false,false,,2,1
H+67+50,67,50,761.64,3.289,arc_andesite_volcanic,arc,none,false,false,,2,1
H+68+50,68,50,790.48,3.666,arc_andesite_volcanic,arc,none,false,false,,2,1
H+69+50,69,50,798.09,3.508,arc_andesite_volcanic,arc,none,false,false,,2,1
H+70+50,70,50,756.11,3.692,arc_andesite_volcanic,arc,none,false,false,,2,1
H+71+50,71,50,681.78,3.252,arc_andesite_volcanic,arc,none,false,false,,2,1
H+72+50,72,50,584.23,3.478,arc_andesite_volcanic,arc,none,false,false,,2,1
H+73+50,73,50,479.89,3.478,arc_andesite_volcanic,arc,none,false,false,,2,1
H+74+50,74,50,379.87,3.334,arc_andesite_volcanic,arc,none,false,false,,2,1
H+75+50,75,50,306.6,12.627,arc_andesite_volcanic,arc,none,false,false,,2,1
H+76+50,76,50,-72.2,12.627,oceanic_basalt,none,,false,false,,2,0
H+77+50,77,50,-84.53,0.411,oceanic_basalt,none,,false,false,,2,0
H+78+50,78,50,-96.66,0.404,oceanic_basalt,none,,false,false,,1,0
H+79+50,79,50,-96.91,0.058,oceanic_basalt,none,,false,false,,1,0
H+00+51,0,51,-107.74,0.083,oceanic_basalt,none,,false,false,,0,0
H+01+51,1,51,-108.96,0.05,oceanic_basalt,none,,false,false,,0,0
H+02+51,2,51,-109.62,0.096,oceanic_basalt,none,,false,false,,0,0
H+03+51,3,51,-110.2,0.201,oceanic_basalt,none,,false,false,,0,0
H+04+51,4,51,-108.73,0.268,oceanic_basalt,none,,false,false,,0,0
H+05+51,5,51,-103.77,0.28,oceanic_basalt,none,,false,false,,0,0
H+06+51,6,51,-98.68,0.309,oceanic_basalt,none,,false,false,,0,0
H+07+51,7,51,-94.19,4.094,oceanic_basalt,none,,false,false,,0,0
H+08+51,8,51,-88.42,4.091,oceanic_basalt,none,,false,false,,0,0
H+09+51,9,51,34.31,4.226,coastal_sediment,none,none,false,false,,0,1
H+10+51,10,51,35.28,4.158,coastal_sediment,none,none,false,false,,0,1
H+11+51,11,51,42.8,0.445,coastal_sediment,none,none,false,false,,0,1
H+12+51,12,51,51.38,0.679,coastal_sediment,none,none,false,false,,0,1
H+13+51,13,51,56.82,0.556,coastal_sediment,none,none,false,false,,0,1
H+14+51,14,51,68.29,0.441,coastal_sediment,none,none,false,false,,0,1
H+15+51,15,51,69.85,0.18,coastal_sediment,none,none,false,false,,0,1
H+16+51,16,51,75.23,0.18,coastal_sediment,none,none,false,false,,0,1
H+17+51,17,51,80.3,0.281,coastal_sediment,none,none,false,false,,0,1
H+18+51,18,51,88.74,0.36,coastal_sediment,none,none,false,false,,0,1
H+19+51,19,51,99.53,0.36,coastal_sediment,none,none,false,false,,0,1
H+20+51,20,51,93.12,0.404,coastal_sediment,none,none,false,false,,0,1
H+21+51,21,51,105.24,0.404,craton_granite_gneiss,none,none,false,false,,0,1
H+22+51,22,51,107.38,0.071,craton_granite_gneiss,none,none,false,false,,0,1
H+23+51,23,51,106.2,0.371,craton_granite_gneiss,none,none,false,false,,0,1
H+24+51,24,51,117.35,2.717,suture_metamorphic,collision,none,false,false,,0,1
H+25+51,25,51,194.85,4.934,suture_metamorphic,collision,none,false,false,limestone_karst,0,1
H+26+51,26,51,340.98,5.982,suture_metamorphic,collision,none,false,false,,0,1
H+27+51,27,51,520.43,7.053,suture_metamorphic,collision,none,false,false,,0,1
H+28+51,28,51,730.67,7.008,suture_metamorphic,collision,none,false,false,,0,1
H+29+51,29,51,588.76,4.764,basin_sediment,none,overdeep_basin;outwash,true,true,evaporite_host,0,1
H+30+51,30,51,588.76,0.0,basin_sediment,none,overdeep_basin,true,true,evaporite_host,0,1
H+31+51,31,51,588.76,0.0,basin_sediment,none,overdeep_basin,true,true,evaporite_host,0,1
H+32+51,32,51,588.76,0.0,basin_sediment,none,overdeep_basin,true,true,evaporite_host,0,1
H+33+51,33,51,588.76,0.0,basin_sediment,none,overdeep_basin,true,true,evaporite_host,0,1
H+34+51,34,51,588.76,0.0,basin_sediment,none,overdeep_basin,true,true,evaporite_host,1,1
H+35+51,35,51,588.76,0.0,basin_sediment,none,overdeep_basin,true,true,evaporite_host,1,1
H+36+51,36,51,588.76,0.0,basin_sediment,none,overdeep_basin,true,true,evaporite_host,1,1
H+37+51,37,51,588.76,0.0,basin_sediment,none,overdeep_basin,true,true,evaporite_host,1,1
H+38+51,38,51,588.76,0.0,basin_sediment,none,overdeep_basin,true,true,evaporite_host,1,1
H+39+51,39,51,588.76,46.672,basin_sediment,none,none,false,true,evaporite_host,1,1
H+40+51,40,51,1987.58,56.045,suture_metamorphic,collision,none,false,false,,1,1
H+41+51,41,51,309.57,55.934,suture_metamorphic,collision,none,false,false,,1,1
H+42+51,42,51,184.81,4.159,suture_metamorphic,collision,none,false,false,,1,1
H+43+51,43,51,144.63,3.138,craton_granite_gneiss,none,none,false,false,,1,1
H+44+51,44,51,238.26,3.224,craton_granite_gneiss,none,none,false,false,,1,1
H+45+51,45,51,334.48,5.39,craton_granite_gneiss,none,none,false,false,,1,1
H+46+51,46,51,427.27,8.5,craton_granite_gneiss,none,none,false,false,,1,1
H+47+51,47,51,172.28,11.009,craton_granite_gneiss,none,none,false,false,,1,1
H+48+51,48,51,177.02,10.851,craton_granite_gneiss,none,none,false,false,,1,1
H+49+51,49,51,179.06,0.085,craton_granite_gneiss,none,none,false,false,,1,1
H+50+51,50,51,176.9,0.222,craton_granite_gneiss,none,none,false,false,,1,1
H+51+51,51,51,170.24,1.076,craton_granite_gneiss,none,none,false,false,,1,1
H+52+51,52,51,169.73,4.312,craton_granite_gneiss,none,none,false,false,,1,1
H+53+51,53,51,230.9,5.628,arc_andesite_volcanic,arc,none,false,false,,2,1
H+54+51,54,51,328.03,5.311,arc_andesite_volcanic,arc,none,false,false,,2,1
H+55+51,55,51,404.26,5.434,arc_andesite_volcanic,arc,none,false,false,,2,1
H+56+51,56,51,458.77,4.884,arc_andesite_volcanic,arc,none,false,false,,2,1
H+57+51,57,51,500.98,4.563,arc_andesite_volcanic,arc,none,false,false,,2,1
H+58+51,58,51,535.22,4.022,arc_andesite_volcanic,arc,none,false,false,,2,1
H+59+51,59,51,573.79,3.901,arc_andesite_volcanic,arc,none,false,false,volcanic_host,2,1
H+60+51,60,51,606.27,3.745,arc_andesite_volcanic,arc,none,false,false,,2,1
H+61+51,61,51,635.57,3.753,arc_andesite_volcanic,arc,none,false,false,,2,1
H+62+51,62,51,653.53,3.405,arc_andesite_volcanic,arc,none,false,false,,2,1
H+63+51,63,51,670.74,3.147,arc_andesite_volcanic,arc,none,false,false,,2,1
H+64+51,64,51,679.4,2.755,arc_andesite_volcanic,arc,none,false,false,,2,1
H+65+51,65,51,677.07,2.204,arc_andesite_volcanic,arc,none,false,false,volcanic_host,2,1
H+66+51,66,51,670.05,3.053,arc_andesite_volcanic,arc,none,false,false,,2,1
H+67+51,67,51,680.5,3.666,arc_andesite_volcanic,arc,none,false,false,,2,1
H+68+51,68,51,693.45,3.488,arc_andesite_volcanic,arc,none,false,false,,2,1
H+69+51,69,51,692.85,4.248,arc_andesite_volcanic,arc,none,false,false,,2,1
H+70+51,70,51,645.35,3.989,arc_andesite_volcanic,arc,none,false,false,,2,1
H+71+51,71,51,591.03,3.813,arc_andesite_volcanic,arc,none,false,false,volcanic_host,2,1
H+72+51,72,51,507.18,3.019,arc_andesite_volcanic,arc,none,false,false,,2,1
H+73+51,73,51,416.61,3.019,arc_andesite_volcanic,arc,none,false,false,,2,1
H+74+51,74,51,332.86,2.792,arc_andesite_volcanic,arc,none,false,false,volcanic_host,2,1
H+75+51,75,51,255.02,11.199,arc_andesite_volcanic,arc,none,false,false,,2,1
H+76+51,76,51,-80.94,11.199,oceanic_basalt,none,,false,false,,2,0
H+77+51,77,51,-92.25,0.377,oceanic_basalt,none,,false,false,,2,0
H+78+51,78,51,-97.17,0.164,oceanic_basalt,none,,false,false,,1,0
H+79+51,79,51,-97.73,0.027,oceanic_basalt,none,,false,false,,1,0
H+00+52,0,52,-110.24,0.083,oceanic_basalt,none,,false,false,,0,0
H+01+52,1,52,-110.45,0.05,oceanic_basalt,none,,false,false,,0,0
H+02+52,2,52,-110.94,0.044,oceanic_basalt,none,,false,false,,0,0
H+03+52,3,52,-109.88,0.038,oceanic_basalt,none,,false,false,,0,0
H+04+52,4,52,-110.5,0.224,oceanic_basalt,none,,false,false,,0,0
H+05+52,5,52,-107.96,0.309,oceanic_basalt,none,,false,false,,0,0
H+06+52,6,52,-102.51,0.277,oceanic_basalt,none,,false,false,,0,0
H+07+52,7,52,-97.18,0.315,oceanic_basalt,none,,false,false,,0,0
H+08+52,8,52,-92.48,4.226,oceanic_basalt,none,,false,false,,0,0
H+09+52,9,52,-89.46,4.158,oceanic_basalt,none,,false,false,,0,0
H+10+52,10,52,29.45,4.129,coastal_sediment,none,none,false,false,,0,1
H+11+52,11,52,31.02,4.085,coastal_sediment,none,none,false,false,,0,1
H+12+52,12,52,40.14,4.305,coastal_sediment,none,none,false,false,,0,1
H+13+52,13,52,55.06,0.497,coastal_sediment,none,none,false,false,,0,1
H+14+52,14,52,68.21,0.438,coastal_sediment,none,none,false,false,,0,1
H+15+52,15,52,74.72,0.217,coastal_sediment,none,none,false,false,,0,1
H+16+52,16,52,79.79,0.281,coastal_sediment,none,none,false,false,,0,1
H+17+52,17,52,88.23,0.36,coastal_sediment,none,none,false,false,,0,1
H+18+52,18,52,99.02,0.36,coastal_sediment,none,none,false,false,,0,1
H+19+52,19,52,92.61,0.404,coastal_sediment,none,none,false,false,,0,1
H+20+52,20,52,104.73,0.404,coastal_sediment,none,none,false,false,,0,1
H+21+52,21,52,106.87,0.071,coastal_sediment,none,none,false,false,,0,1
H+22+52,22,52,105.69,0.371,coastal_sediment,none,none,false,false,,0,1
H+23+52,23,52,116.84,0.431,craton_granite_gneiss,none,none,false,false,greenstone_metals,0,1
H+24+52,24,52,104.42,3.014,suture_metamorphic,collision,none,false,false,,0,1
H+25+52,25,52,187.07,5.222,suture_metamorphic,collision,none,false,false,,0,1
H+26+52,26,52,343.72,6.025,suture_metamorphic,collision,none,false,false,,0,1
H+27+52,27,52,524.48,6.907,suture_metamorphic,collision,none,false,false,,0,1
H+28+52,28,52,731.69,6.907,suture_metamorphic,collision,none,false,false,,0,1
H+29+52,29,52,588.76,4.976,basin_sediment,none,overdeep_basin;outwash,true,true,evaporite_host,0,1
H+30+52,30,52,588.76,0.0,basin_sediment,none,overdeep_basin,true,true,evaporite_host,0,1
H+31+52,31,52,588.76,0.0,basin_sediment,none,overdeep_basin,true,true,evaporite_host,0,1
H+32+52,32,52,588.76,0.0,basin_sediment,none,overdeep_basin,true,true,evaporite_host,0,1
H+33+52,33,52,588.76,0.0,basin_sediment,none,overdeep_basin,true,true,evaporite_host,0,1
H+34+52,34,52,588.76,0.0,basin_sediment,none,overdeep_basin,true,true,evaporite_host,1,1
H+35+52,35,52,588.76,0.0,basin_sediment,none,overdeep_basin,true,true,evaporite_host,1,1
H+36+52,36,52,588.76,0.0,basin_sediment,none,overdeep_basin,true,true,evaporite_host,1,1
H+37+52,37,52,588.76,0.0,basin_sediment,none,overdeep_basin,true,true,evaporite_host,1,1
H+38+52,38,52,588.76,0.0,basin_sediment,none,overdeep_basin,true,true,evaporite_host,1,1
H+39+52,39,52,588.76,46.627,basin_sediment,none,none,false,true,evaporite_host,1,1
H+40+52,40,52,1980.5,55.741,suture_metamorphic,collision,none,false,false,,1,1
H+41+52,41,52,308.26,55.741,suture_metamorphic,collision,none,false,false,,1,1
H+42+52,42,52,186.27,4.238,suture_metamorphic,collision,none,false,false,,1,1
H+43+52,43,52,238.77,3.207,craton_granite_gneiss,none,none,false,false,,1,1
H+44+52,44,52,334.99,5.407,craton_granite_gneiss,none,none,false,false,,1,1
H+45+52,45,52,172.79,8.483,craton_granite_gneiss,none,none,false,false,,1,1
H+46+52,46,52,172.28,8.5,craton_granite_gneiss,none,none,false,false,,1,1
H+47+52,47,52,171.77,0.175,craton_granite_gneiss,none,none,false,false,,1,1
H+48+52,48,52,176.51,0.192,craton_granite_gneiss,none,none,false,false,,1,1
H+49+52,49,52,177.28,0.235,craton_granite_gneiss,none,none,false,false,,1,1
H+50+52,50,52,176.39,0.222,craton_granite_gneiss,none,none,false,false,,1,1
H+51+52,51,52,169.73,0.222,craton_granite_gneiss,none,none,false,false,,1,1
H+52+52,52,52,169.22,2.056,coastal_sediment,none,none,false,false,,1,1
H+53+52,53,52,168.71,5.311,coastal_sediment,none,none,false,false,,1,1
H+54+52,54,52,241.24,5.434,arc_andesite_volcanic,arc,none,false,false,,2,1
H+55+52,55,52,312.24,4.884,arc_andesite_volcanic,arc,none,false,false,volcanic_host,2,1
H+56+52,56,52,364.08,4.629,arc_andesite_volcanic,arc,none,false,false,,2,1
H+57+52,57,52,414.57,4.624,arc_andesite_volcanic,arc,none,false,false,,2,1
H+58+52,58,52,456.75,4.379,arc_andesite_volcanic,arc,none,false,false,,2,1
H+59+52,59,52,493.91,4.279,arc_andesite_volcanic,arc,none,false,false,,2,1
H+60+52,60,52,522.97,4.052,arc_andesite_volcanic,arc,none,false,false,volcanic_host,2,1
H+61+52,61,52,551.39,4.081,arc_andesite_volcanic,arc,none,false,false,,2,1
H+62+52,62,52,576.32,3.996,arc_andesite_volcanic,arc,none,false,false,,2,1
H+63+52,63,52,596.76,3.855,arc_andesite_volcanic,arc,none,false,false,,2,1
H+64+52,64,52,612.06,3.465,arc_andesite_volcanic,arc,none,false,false,,2,1
H+65+52,65,52,611.64,2.659,arc_andesite_volcanic,arc,none,false,false,,2,1
H+66+52,66,52,607.99,2.633,arc_andesite_volcanic,arc,none,false,false,,2,1
H+67+52,67,52,603.52,3.097,arc_andesite_volcanic,arc,none,false,false,,2,1
H+68+52,68,52,591.27,3.742,arc_andesite_volcanic,arc,none,false,false,,2,1
H+69+52,69,52,565.41,4.248,arc_andesite_volcanic,arc,none,false,false,,2,1
H+70+52,70,52,525.69,3.989,arc_andesite_volcanic,arc,none,false,false,,2,1
H+71+52,71,52,476.64,3.813,arc_andesite_volcanic,arc,none,false,false,,2,1
H+72+52,72,52,421.33,2.887,arc_andesite_volcanic,arc,none,false,false,,2,1
H+73+52,73,52,349.67,14.003,arc_andesite_volcanic,arc,none,false,false,,2,1
H+74+52,74,52,276.25,11.906,arc_andesite_volcanic,arc,none,false,false,,2,1
H+75+52,75,52,-80.94,11.906,oceanic_basalt,none,,false,false,,2,0
H+76+52,76,52,-90.9,0.332,oceanic_basalt,none,,false,false,,2,0
H+77+52,77,52,-96.01,0.17,oceanic_basalt,none,,false,false,,1,0
H+78+52,78,52,-97.51,0.052,oceanic_basalt,none,,false,false,,1,0
H+79+52,79,52,-97.34,0.013,oceanic_basalt,none,,false,false,,1,0
H+00+53,0,53,-110.55,0.066,oceanic_basalt,none,,false,false,,0,0
H+01+53,1,53,-110.5,0.064,oceanic_basalt,none,,false,false,,0,0
H+02+53,2,53,-110.92,0.074,oceanic_basalt,none,,false,false,,0,0
H+03+53,3,53,-109.17,0.058,oceanic_basalt,none,,false,false,,0,0
H+04+53,4,53,-109.49,0.051,oceanic_basalt,none,,false,false,,0,0
H+05+53,5,53,-110.09,0.253,oceanic_basalt,none,,false,false,,0,0
H+06+53,6,53,-106.63,0.315,oceanic_basalt,none,,false,false,,0,0
H+07+53,7,53,-100.78,0.277,oceanic_basalt,none,,false,false,,0,0
H+08+53,8,53,-97.17,0.257,oceanic_basalt,none,,false,false,,0,0
H+09+53,9,53,-94.41,4.129,oceanic_basalt,none,,false,false,,0,0
H+10+53,10,53,-91.55,4.085,oceanic_basalt,none,,false,false,,0,0
H+11+53,11,53,-89.0,4.437,oceanic_basalt,none,,false,false,,0,0
H+12+53,12,53,44.11,4.536,coastal_sediment,none,none,false,false,,0,1
H+13+53,13,53,58.89,4.826,coastal_sediment,none,none,false,false,,0,1
H+14+53,14,53,73.09,0.473,coastal_sediment,none,none,false,false,,0,1
H+15+53,15,53,79.28,0.281,coastal_sediment,none,none,false,false,,0,1
H+16+53,16,53,87.72,0.36,coastal_sediment,none,none,false,false,,0,1
H+17+53,17,53,98.51,0.36,coastal_sediment,none,none,false,false,,0,1
H+18+53,18,53,92.1,0.404,coastal_sediment,none,none,false,false,,0,1
H+19+53,19,53,104.22,0.404,coastal_sediment,none,none,false,false,,0,1
H+20+53,20,53,106.36,0.071,coastal_sediment,none,none,false,false,,0,1
H+21+53,21,53,105.18,0.371,coastal_sediment,none,none,false,false,,0,1
H+22+53,22,53,116.33,0.431,coastal_sediment,none,none,false,false,,0,1
H+23+53,23,53,103.91,0.431,coastal_sediment,none,none,false,false,,0,1
H+24+53,24,53,101.84,3.029,suture_metamorphic,collision,none,false,false,,0,1
H+25+53,25,53,192.73,5.223,suture_metamorphic,collision,none,false,false,,0,1
H+26+53,26,53,349.4,6.102,suture_metamorphic,collision,none,false,false,,0,1
H+27+53,27,53,532.47,6.852,suture_metamorphic,collision,none,false,false,,0,1
H+28+53,28,53,738.04,6.852,suture_metamorphic,collision,none,false,false,limestone_karst,0,1
H+29+53,29,53,588.76,5.661,basin_sediment,none,overdeep_basin;outwash,true,true,evaporite_host,0,1
H+30+53,30,53,588.76,0.0,basin_sediment,none,overdeep_basin,true,true,evaporite_host,0,1
H+31+53,31,53,588.76,0.0,basin_sediment,none,overdeep_basin,true,true,evaporite_host,0,1
H+32+53,32,53,588.76,0.0,basin_sediment,none,overdeep_basin,true,true,evaporite_host,0,1
H+33+53,33,53,588.76,0.0,basin_sediment,none,overdeep_basin,true,true,evaporite_host,1,1
H+34+53,34,53,588.76,0.0,basin_sediment,none,overdeep_basin,true,true,evaporite_host,1,1
H+35+53,35,53,588.76,0.0,basin_sediment,none,overdeep_basin,true,true,evaporite_host,1,1
H+36+53,36,53,588.76,0.0,basin_sediment,none,overdeep_basin,true,true,evaporite_host,1,1
H+37+53,37,53,588.76,0.0,basin_sediment,none,overdeep_basin,true,true,evaporite_host,1,1
H+38+53,38,53,588.76,0.0,basin_sediment,none,overdeep_basin,true,true,evaporite_host,1,1
H+39+53,39,53,588.76,46.391,basin_sediment,none,none,false,true,evaporite_host,1,1
H+40+53,40,53,1980.5,55.741,suture_metamorphic,collision,none,false,false,,1,1
H+41+53,41,53,313.4,55.587,suture_metamorphic,collision,none,false,false,,1,1
H+42+53,42,53,239.28,58.057,suture_metamorphic,collision,none,false,false,limestone_karst,1,1
H+43+53,43,53,173.3,5.39,craton_granite_gneiss,none,none,false,false,,1,1
H+44+53,44,53,172.79,5.407,craton_granite_gneiss,none,none,false,false,,1,1
H+45+53,45,53,172.28,0.017,craton_granite_gneiss,none,none,false,false,,1,1
H+46+53,46,53,171.77,0.017,craton_granite_gneiss,none,none,false,false,,1,1
H+47+53,47,53,171.26,0.175,craton_granite_gneiss,none,none,false,false,,1,1
H+48+53,48,53,170.75,0.218,craton_granite_gneiss,none,none,false,false,greenstone_metals,1,1
H+49+53,49,53,170.24,0.235,craton_granite_gneiss,none,none,false,false,,1,1
H+50+53,50,53,174.23,0.167,coastal_sediment,none,none,false,false,,1,1
H+51+53,51,53,169.22,0.167,coastal_sediment,none,none,false,false,,1,1
H+52+53,52,53,168.71,0.017,coastal_sediment,none,none,false,false,,1,1
H+53+53,53,53,168.2,2.435,coastal_sediment,none,none,false,false,,1,1
H+54+53,54,53,173.94,4.61,coastal_sediment,none,none,false,false,,1,1
H+55+53,55,53,225.22,4.629,arc_andesite_volcanic,arc,none,false,false,,2,1
H+56+53,56,53,275.85,4.624,arc_andesite_volcanic,arc,none,false,false,,2,1
H+57+53,57,53,325.39,4.379,arc_andesite_volcanic,arc,none,false,false,,2,1
H+58+53,58,53,365.55,4.279,arc_andesite_volcanic,arc,none,false,false,,2,1
H+59+53,59,53,401.4,4.233,arc_andesite_volcanic,arc,none,false,false,,2,1
H+60+53,60,53,428.95,4.16,arc_andesite_volcanic,arc,none,false,false,,2,1
H+61+53,61,53,456.44,4.101,arc_andesite_volcanic,arc,none,false,false,,2,1
H+62+53,62,53,481.1,3.989,arc_andesite_volcanic,arc,none,false,false,,2,1
H+63+53,63,53,508.1,4.194,arc_andesite_volcanic,arc,none,false,false,,2,1
H+64+53,64,53,531.85,4.143,arc_andesite_volcanic,arc,none,false,false,,2,1
H+65+53,65,53,535.2,3.359,arc_andesite_volcanic,arc,none,false,false,,2,1
H+66+53,66,53,529.01,3.177,arc_andesite_volcanic,arc,none,false,false,,2,1
H+67+53,67,53,510.6,3.251,arc_andesite_volcanic,arc,none,false,false,,2,1
H+68+53,68,53,479.02,3.742,arc_andesite_volcanic,arc,none,false,false,,2,1
H+69+53,69,53,447.73,3.923,arc_andesite_volcanic,arc,none,false,false,,2,1
H+70+53,70,53,411.46,3.808,arc_andesite_volcanic,arc,none,false,false,,2,1
H+71+53,71,53,373.37,14.553,arc_andesite_volcanic,arc,none,false,false,,2,1
H+72+53,72,53,334.73,13.564,arc_andesite_volcanic,arc,none,false,false,volcanic_host,2,1
H+73+53,73,53,-70.41,14.003,oceanic_basalt,none,,false,false,,2,0
H+74+53,74,53,-80.77,11.901,oceanic_basalt,none,,false,false,,2,0
H+75+53,75,53,-91.16,0.346,oceanic_basalt,none,,false,false,,2,0
H+76+53,76,53,-96.3,0.18,oceanic_basalt,none,,false,false,,1,0
H+77+53,77,53,-95.96,0.052,oceanic_basalt,none,,false,false,,1,0
H+78+53,78,53,-97.28,0.05,oceanic_basalt,none,,false,false,,1,0
H+79+53,79,53,-97.54,0.037,oceanic_basalt,none,,false,false,,1,0
H+00+54,0,54,-108.58,0.066,oceanic_basalt,none,,false,false,,0,0
H+01+54,1,54,-108.69,0.074,oceanic_basalt,none,,false,false,,0,0
H+02+54,2,54,-109.55,0.047,oceanic_basalt,none,,false,false,,0,0
H+03+54,3,54,-108.82,0.024,oceanic_basalt,none,,false,false,,0,0
H+04+54,4,54,-109.23,0.033,oceanic_basalt,none,,false,false,,0,0
H+05+54,5,54,-108.61,0.066,oceanic_basalt,none,,false,false,,0,0
H+06+54,6,54,-108.02,0.241,oceanic_basalt,none,,false,false,,0,0
H+07+54,7,54,-104.16,0.233,oceanic_basalt,none,,false,false,,0,0
H+08+54,8,54,-101.04,0.221,oceanic_basalt,none,,false,false,,0,0
H+09+54,9,54,-98.0,0.276,oceanic_basalt,none,,false,false,,0,0
H+10+54,10,54,-95.62,0.228,oceanic_basalt,none,,false,false,,0,0
H+11+54,11,54,-91.98,4.536,oceanic_basalt,none,,false,false,,0,0
H+12+54,12,54,-85.88,5.13,oceanic_basalt,none,,false,false,,0,0
H+13+54,13,54,68.01,5.201,coastal_sediment,none,none,false,false,,0,1
H+14+54,14,54,76.74,5.367,coastal_sediment,none,none,false,false,,0,1
H+15+54,15,54,87.21,0.36,coastal_sediment,none,none,false,false,,0,1
H+16+54,16,54,98.0,0.36,coastal_sediment,none,none,false,false,,0,1
H+17+54,17,54,91.59,0.404,coastal_sediment,none,none,false,false,,0,1
H+18+54,18,54,103.71,0.404,coastal_sediment,none,none,false,false,,0,1
H+19+54,19,54,105.85,0.071,coastal_sediment,none,none,false,false,,0,1
H+20+54,20,54,104.67,0.371,coastal_sediment,none,none,false,false,,0,1
H+21+54,21,54,115.82,0.431,coastal_sediment,none,none,false,false,,0,1
H+22+54,22,54,103.4,0.431,coastal_sediment,none,none,false,false,,0,1
H+23+54,23,54,101.33,0.327,coastal_sediment,none,none,false,false,,0,1
H+24+54,24,54,111.13,3.386,suture_metamorphic,collision,none,false,false,,0,1
H+25+54,25,54,212.7,5.027,suture_metamorphic,collision,none,false,false,,0,1
H+26+54,26,54,363.52,6.143,suture_metamorphic,collision,none,false,false,,0,1
H+27+54,27,54,547.8,7.026,suture_metamorphic,collision,none,false,false,,0,1
H+28+54,28,54,758.59,7.026,suture_metamorphic,collision,none,false,false,,0,1
H+29+54,29,54,588.76,6.192,basin_sediment,none,overdeep_basin;outwash,true,true,evaporite_host,0,1
H+30+54,30,54,588.76,0.0,basin_sediment,none,overdeep_basin,true,true,evaporite_host,0,1
H+31+54,31,54,588.76,0.0,basin_sediment,none,overdeep_basin,true,true,evaporite_host,0,1
H+32+54,32,54,588.76,0.0,basin_sediment,none,overdeep_basin,true,true,evaporite_host,0,1
H+33+54,33,54,588.76,0.0,basin_sediment,none,overdeep_basin,true,true,evaporite_host,1,1
H+34+54,34,54,588.76,0.0,basin_sediment,none,overdeep_basin,true,true,evaporite_host,1,1
H+35+54,35,54,588.76,0.0,basin_sediment,none,overdeep_basin,true,true,evaporite_host,1,1
H+36+54,36,54,588.76,0.0,basin_sediment,none,overdeep_basin,true,true,evaporite_host,1,1
H+37+54,37,54,588.76,0.0,basin_sediment,none,overdeep_basin,true,true,evaporite_host,1,1
H+38+54,38,54,588.76,0.0,basin_sediment,none,overdeep_basin,true,true,evaporite_host,1,1
H+39+54,39,54,588.76,46.392,basin_sediment,none,none,false,true,evaporite_host,1,1
H+40+54,40,54,1980.51,55.57,suture_metamorphic,collision,none,false,false,,1,1
H+41+54,41,54,1981.0,58.693,suture_metamorphic,collision,none,false,false,limestone_karst,1,1
H+42+54,42,54,220.2,58.693,suture_metamorphic,collision,none,false,false,,1,1
H+43+54,43,54,172.79,1.58,coastal_sediment,none,none,false,false,,1,1
H+44+54,44,54,172.28,0.017,coastal_sediment,none,none,false,false,,1,1
H+45+54,45,54,171.77,0.017,coastal_sediment,none,none,false,false,,1,1
H+46+54,46,54,171.26,0.017,coastal_sediment,none,none,false,false,,1,1
H+47+54,47,54,170.75,0.017,coastal_sediment,none,none,false,false,,1,1
H+48+54,48,54,170.24,0.017,coastal_sediment,none,none,false,false,,1,1
H+49+54,49,54,169.73,0.15,coastal_sediment,none,none,false,false,,1,1
H+50+54,50,54,169.22,0.167,coastal_sediment,none,none,false,false,,1,1
H+51+54,51,54,168.71,0.017,coastal_sediment,none,none,false,false,,1,1
H+52+54,52,54,168.2,0.017,coastal_sediment,none,none,false,false,,1,1
H+53+54,53,54,167.69,0.208,coastal_sediment,none,none,false,false,,1,1
H+54+54,54,54,173.43,1.726,coastal_sediment,none,none,false,false,,1,1
H+55+54,55,54,182.83,3.101,coastal_sediment,none,none,false,false,,1,1
H+56+54,56,54,206.98,3.947,arc_andesite_volcanic,arc,none,false,false,,2,1
H+57+54,57,54,245.28,4.009,arc_andesite_volcanic,arc,none,false,false,,2,1
H+58+54,58,54,274.42,4.233,arc_andesite_volcanic,arc,none,false,false,volcanic_host,2,1
H+59+54,59,54,304.13,4.16,arc_andesite_volcanic,arc,none,false,false,,2,1
H+60+54,60,54,333.42,4.101,arc_andesite_volcanic,arc,none,false,false,,2,1
H+61+54,61,54,361.43,4.119,arc_andesite_volcanic,arc,none,false,false,,2,1
H+62+54,62,54,382.28,4.194,arc_andesite_volcanic,arc,none,false,false,,2,1
H+63+54,63,54,407.57,4.274,arc_andesite_volcanic,arc,none,false,false,,2,1
H+64+54,64,54,434.44,4.539,arc_andesite_volcanic,arc,none,false,false,,2,1
H+65+54,65,54,444.17,4.031,arc_andesite_volcanic,arc,none,false,false,,2,1
H+66+54,66,54,433.71,3.62,arc_andesite_volcanic,arc,none,false,false,,2,1
H+67+54,67,54,413.08,3.382,arc_andesite_volcanic,arc,none,false,false,,2,1
H+68+54,68,54,378.12,14.749,arc_andesite_volcanic,arc,none,false,false,,2,1
H+69+54,69,54,343.04,13.683,arc_andesite_volcanic,arc,none,false,false,,2,1
H+70+54,70,54,315.04,12.884,arc_andesite_volcanic,arc,none,false,false,,2,1
H+71+54,71,54,-63.22,14.553,oceanic_basalt,none,,false,false,,2,0
H+72+54,72,54,-72.2,13.564,oceanic_basalt,none,,false,false,,2,0
H+73+54,73,54,-82.5,0.403,oceanic_basalt,none,,false,false,,2,0
H+74+54,74,54,-91.15,0.346,oceanic_basalt,none,,false,false,,2,0
H+75+54,75,54,-94.67,0.117,oceanic_basalt,none,,false,false,,1,0
H+76+54,76,54,-95.12,0.04,oceanic_basalt,none,,false,false,,1,0
H+77+54,77,54,-95.79,0.064,oceanic_basalt,none,,false,false,,1,0
H+78+54,78,54,-97.72,0.064,oceanic_basalt,none,,false,false,,1,0
H+79+54,79,54,-98.63,0.044,oceanic_basalt,none,,false,false,,1,0
H+00+55,0,55,-107.13,0.052,oceanic_basalt,none,,false,false,,0,0
H+01+55,1,55,-108.13,0.048,oceanic_basalt,none,,false,false,,0,0
H+02+55,2,55,-108.7,0.067,oceanic_basalt,none,,false,false,,0,0
H+03+55,3,55,-108.31,0.035,oceanic_basalt,none,,false,false,,0,0
H+04+55,4,55,-108.24,0.033,oceanic_basalt,none,,false,false,,0,0
H+05+55,5,55,-108.15,0.018,oceanic_basalt,none,,false,false,,0,0
H+06+55,6,55,-107.61,0.115,oceanic_basalt,none,,false,false,,0,0
H+07+55,7,55,-107.22,0.206,oceanic_basalt,none,,false,false,,0,0
H+08+55,8,55,-106.28,0.276,oceanic_basalt,none,,false,false,,0,0
H+09+55,9,55,-102.45,0.228,oceanic_basalt,none,,false,false,,0,0
H+10+55,10,55,-99.16,0.267,oceanic_basalt,none,,false,false,,0,0
H+11+55,11,55,-93.85,0.272,oceanic_basalt,none,,false,false,,0,0
H+12+55,12,55,-88.01,5.201,oceanic_basalt,none,,false,false,,0,0
H+13+55,13,55,-84.28,5.699,oceanic_basalt,none,,false,false,,0,0
H+14+55,14,55,86.7,5.849,coastal_sediment,none,none,false,false,,0,1
H+15+55,15,55,97.49,6.06,coastal_sediment,none,none,false,false,,0,1
H+16+55,16,55,91.08,5.812,coastal_sediment,none,none,false,false,,0,1
H+17+55,17,55,103.2,0.404,coastal_sediment,none,none,false,false,,0,1
H+18+55,18,55,105.34,0.071,coastal_sediment,none,none,false,false,,0,1
H+19+55,19,55,104.16,0.371,coastal_sediment,none,none,false,false,,0,1
H+20+55,20,55,115.31,0.431,coastal_sediment,none,none,false,false,,0,1
H+21+55,21,55,102.89,0.431,coastal_sediment,none,none,false,false,,0,1
H+22+55,22,55,100.82,0.224,coastal_sediment,none,none,false,false,,0,1
H+23+55,23,55,107.53,0.224,coastal_sediment,none,none,false,false,,0,1
H+24+55,24,55,112.38,3.374,suture_metamorphic,collision,none,false,false,,0,1
H+25+55,25,55,213.61,5.033,suture_metamorphic,collision,none,false,false,limestone_karst,0,1
H+26+55,26,55,364.59,6.479,suture_metamorphic,collision,none,false,false,,0,1
H+27+55,27,55,558.97,7.185,suture_metamorphic,collision,none,false,false,,0,1
H+28+55,28,55,774.53,7.375,suture_metamorphic,collision,none,false,false,,0,1
H+29+55,29,55,588.76,6.192,basin_sediment,none,overdeep_basin;outwash,true,true,evaporite_host,0,1
H+30+55,30,55,588.76,0.0,basin_sediment,none,overdeep_basin,true,true,evaporite_host,0,1
H+31+55,31,55,588.76,0.0,basin_sediment,none,overdeep_basin,true,true,evaporite_host,0,1
H+32+55,32,55,588.76,0.0,basin_sediment,none,overdeep_basin,true,true,evaporite_host,0,1
H+33+55,33,55,588.76,0.0,basin_sediment,none,overdeep_basin,true,true,evaporite_host,1,1
H+34+55,34,55,588.76,0.0,basin_sediment,none,overdeep_basin,true,true,evaporite_host,1,1
H+35+55,35,55,588.76,0.0,basin_sediment,none,overdeep_basin,true,true,evaporite_host,1,1
H+36+55,36,55,588.76,0.0,basin_sediment,none,overdeep_basin,true,true,evaporite_host,1,1
H+37+55,37,55,588.76,0.0,basin_sediment,none,overdeep_basin,true,true,evaporite_host,1,1
H+38+55,38,55,588.76,0.0,basin_sediment,none,overdeep_basin,true,true,evaporite_host,1,1
H+39+55,39,55,588.76,46.392,basin_sediment,none,none,false,true,evaporite_host,1,1
H+40+55,40,55,1980.5,54.684,suture_metamorphic,collision,none,false,false,,1,1
H+41+55,41,55,339.99,54.7,suture_metamorphic,collision,none,false,false,,1,1
H+42+55,42,55,219.69,4.01,suture_metamorphic,collision,none,false,false,,1,1
H+43+55,43,55,172.28,1.58,coastal_sediment,none,none,false,false,,1,1
H+44+55,44,55,171.77,0.017,coastal_sediment,none,none,false,false,,1,1
H+45+55,45,55,171.26,0.017,coastal_sediment,none,none,false,false,,1,1
H+46+55,46,55,170.75,0.017,coastal_sediment,none,none,false,false,,1,1
H+47+55,47,55,170.24,0.017,coastal_sediment,none,none,false,false,,1,1
H+48+55,48,55,169.73,0.017,coastal_sediment,none,none,false,false,,1,1
H+49+55,49,55,169.22,0.017,coastal_sediment,none,none,false,false,,1,1
H+50+55,50,55,168.71,0.017,coastal_sediment,none,none,false,false,,1,1
H+51+55,51,55,168.2,0.017,coastal_sediment,none,none,false,false,,1,1
H+52+55,52,55,167.69,0.017,coastal_sediment,none,none,false,false,,1,1
H+53+55,53,55,167.18,0.208,coastal_sediment,none,none,false,false,,1,1
H+54+55,54,55,172.92,0.33,coastal_sediment,none,none,false,false,,1,1
H+55+55,55,55,182.32,0.822,coastal_sediment,none,none,false,false,,1,1
H+56+55,56,55,175.05,2.341,coastal_sediment,none,none,false,false,,1,1
H+57+55,57,55,170.3,3.471,coastal_sediment,none,none,false,false,,1,1
H+58+55,58,55,186.87,3.909,arc_andesite_volcanic,arc,none,false,false,,2,1
H+59+55,59,55,217.87,3.852,arc_andesite_volcanic,arc,none,false,false,,2,1
H+60+55,60,55,237.86,4.119,arc_andesite_volcanic,arc,none,false,false,,2,1
H+61+55,61,55,261.51,4.026,arc_andesite_volcanic,arc,none,false,false,,2,1
H+62+55,62,55,279.35,4.274,arc_andesite_volcanic,arc,none,false,false,,2,1
H+63+55,63,55,298.26,4.539,arc_andesite_volcanic,arc,none,false,false,,2,1
H+64+55,64,55,323.24,4.411,arc_andesite_volcanic,arc,none,false,false,,2,1
H+65+55,65,55,334.86,4.432,arc_andesite_volcanic,arc,none,false,false,volcanic_host,2,1
H+66+55,66,55,325.11,13.088,arc_andesite_volcanic,arc,none,false,false,,2,1
H+67+55,67,55,311.62,12.74,arc_andesite_volcanic,arc,none,false,false,,2,1
H+68+55,68,55,-64.37,14.749,oceanic_basalt,none,,false,false,,2,0
H+69+55,69,55,-67.44,13.683,oceanic_basalt,none,,false,false,,2,0
H+70+55,70,55,-71.47,12.884,oceanic_basalt,none,,false,false,,2,0
H+71+55,71,55,-77.99,0.492,oceanic_basalt,none,,false,false,,2,0
H+72+55,72,55,-83.67,0.382,oceanic_basalt,none,,false,false,,2,0
H+73+55,73,55,-89.64,0.238,oceanic_basalt,none,,false,false,,1,0
H+74+55,74,55,-93.58,0.131,oceanic_basalt,none,,false,false,,1,0
H+75+55,75,55,-94.51,0.049,oceanic_basalt,none,,false,false,,1,0
H+76+55,76,55,-94.93,0.044,oceanic_basalt,none,,false,false,,1,0
H+77+55,77,55,-96.03,0.071,oceanic_basalt,none,,false,false,,1,0
H+78+55,78,55,-98.17,0.071,oceanic_basalt,none,,false,false,,1,0
H+79+55,79,55,-99.94,0.059,oceanic_basalt,none,,false,false,,1,0
H+00+56,0,56,-106.9,0.041,oceanic_basalt,none,,false,false,,0,0
H+01+56,1,56,-106.7,0.067,oceanic_basalt,none,,false,false,,0,0
H+02+56,2,56,-107.28,0.047,oceanic_basalt,none,,false,false,,0,0
H+03+56,3,56,-108.45,0.039,oceanic_basalt,none,,false,false,,0,0
H+04+56,4,56,-108.48,0.027,oceanic_basalt,none,,false,false,,0,0
H+05+56,5,56,-107.67,0.027,oceanic_basalt,none,,false,false,,0,0
H+06+56,6,56,-107.38,0.028,oceanic_basalt,none,,false,false,,0,0
H+07+56,7,56,-108.22,0.064,oceanic_basalt,none,,false,false,,0,0
H+08+56,8,56,-107.36,0.164,oceanic_basalt,none,,false,false,,0,0
H+09+56,9,56,-107.15,0.267,oceanic_basalt,none,,false,false,,0,0
H+10+56,10,56,-102.01,0.272,oceanic_basalt,none,,false,false,,0,0
H+11+56,11,56,-96.79,0.323,oceanic_basalt,none,,false,false,,0,0
H+12+56,12,56,-92.38,0.31,oceanic_basalt,none,,false,false,,0,0
H+13+56,13,56,-88.76,5.849,oceanic_basalt,none,,false,false,,0,0
H+14+56,14,56,-84.31,6.06,oceanic_basalt,none,,false,false,,0,0
H+15+56,15,56,-83.29,6.199,oceanic_basalt,none,,false,false,,0,0
H+16+56,16,56,102.69,6.381,coastal_sediment,none,none,false,false,,0,1
H+17+56,17,56,104.83,6.354,coastal_sediment,none,none,false,false,,0,1
H+18+56,18,56,103.65,6.183,coastal_sediment,none,none,false,false,,0,1
H+19+56,19,56,114.8,0.431,coastal_sediment,none,none,false,false,,0,1
H+20+56,20,56,102.38,0.431,coastal_sediment,none,none,false,false,,0,1
H+21+56,21,56,99.55,0.249,coastal_sediment,none,none,false,false,,0,1
H+22+56,22,56,107.02,0.249,coastal_sediment,none,none,false,false,,0,1
H+23+56,23,56,103.12,0.692,coastal_sediment,none,none,false,false,,0,1
H+24+56,24,56,123.88,2.995,suture_metamorphic,collision,none,false,false,,0,1
H+25+56,25,56,213.73,5.029,suture_metamorphic,collision,none,false,false,,0,1
H+26+56,26,56,361.59,6.579,suture_metamorphic,collision,none,false,false,,0,1
H+27+56,27,56,553.28,7.375,suture_metamorphic,collision,none,false,false,,0,1
H+28+56,28,56,769.92,7.442,suture_metamorphic,collision,none,false,false,,0,1
H+29+56,29,56,588.76,6.039,basin_sediment,none,overdeep_basin;outwash,true,true,evaporite_host,0,1
H+30+56,30,56,588.76,0.0,basin_sediment,none,overdeep_basin,true,true,evaporite_host,0,1
H+31+56,31,56,588.76,0.0,basin_sediment,none,overdeep_basin,true,true,evaporite_host,0,1
H+32+56,32,56,588.76,0.0,basin_sediment,none,overdeep_basin,true,true,evaporite_host,0,1
H+33+56,33,56,588.76,0.0,basin_sediment,none,overdeep_basin,true,true,evaporite_host,1,1
H+34+56,34,56,588.76,0.0,basin_sediment,none,overdeep_basin,true,true,evaporite_host,1,1
H+35+56,35,56,588.76,0.0,basin_sediment,none,overdeep_basin,true,true,evaporite_host,1,1
H+36+56,36,56,588.76,0.0,basin_sediment,none,overdeep_basin,true,true,evaporite_host,1,1
H+37+56,37,56,588.76,0.0,basin_sediment,none,overdeep_basin,true,true,evaporite_host,1,1
H+38+56,38,56,588.76,0.0,basin_sediment,none,overdeep_basin,true,true,evaporite_host,1,1
H+39+56,39,56,588.76,46.391,basin_sediment,none,none,false,true,evaporite_host,1,1
H+40+56,40,56,1980.49,54.7,suture_metamorphic,collision,none,false,false,,1,1
H+41+56,41,56,339.48,54.7,suture_metamorphic,collision,none,false,false,,1,1
H+42+56,42,56,219.18,4.01,suture_metamorphic,collision,none,false,false,,1,1
H+43+56,43,56,171.77,1.58,coastal_sediment,none,none,false,false,,1,1
H+44+56,44,56,171.26,0.017,coastal_sediment,none,none,false,false,,1,1
H+45+56,45,56,170.75,0.017,coastal_sediment,none,none,false,false,,1,1
H+46+56,46,56,170.24,0.017,coastal_sediment,none,none,false,false,,1,1
H+47+56,47,56,169.73,0.017,coastal_sediment,none,none,false,false,,1,1
H+48+56,48,56,169.22,0.017,coastal_sediment,none,none,false,false,,1,1
H+49+56,49,56,168.71,0.017,coastal_sediment,none,none,false,false,,1,1
H+50+56,50,56,168.2,0.017,coastal_sediment,none,none,false,false,,1,1
H+51+56,51,56,167.69,0.017,coastal_sediment,none,none,false,false,,1,1
H+52+56,52,56,167.18,0.017,coastal_sediment,none,none,false,false,,1,1
H+53+56,53,56,166.67,0.208,coastal_sediment,none,none,false,false,,1,1
H+54+56,54,56,169.65,0.422,coastal_sediment,none,none,false,false,,1,1
H+55+56,55,56,167.52,0.493,coastal_sediment,none,none,false,false,,1,1
H+56+56,56,56,175.68,0.309,coastal_sediment,none,none,false,false,,1,1
H+57+56,57,56,169.79,0.569,coastal_sediment,none,none,false,false,,1,1
H+58+56,58,56,157.45,2.014,coastal_sediment,none,none,false,false,,1,1
H+59+56,59,56,157.45,2.68,coastal_sediment,none,none,false,false,,1,1
H+60+56,60,56,161.61,3.33,arc_andesite_volcanic,arc,none,false,false,,2,1
H+61+56,61,56,171.64,3.59,arc_andesite_volcanic,arc,none,false,false,,2,1
H+62+56,62,56,180.28,3.933,arc_andesite_volcanic,arc,none,false,false,,2,1
H+63+56,63,56,190.92,4.411,arc_andesite_volcanic,arc,none,false,false,,2,1
H+64+56,64,56,201.89,9.006,arc_andesite_volcanic,arc,none,false,false,,2,1
H+65+56,65,56,211.29,9.361,arc_andesite_volcanic,arc,none,false,false,,2,1
H+66+56,66,56,-67.55,13.088,oceanic_basalt,none,,false,false,,2,0
H+67+56,67,56,-70.57,12.74,oceanic_basalt,none,,false,false,,2,0
H+68+56,68,56,-72.82,0.282,oceanic_basalt,none,,false,false,,2,0
H+69+56,69,56,-75.44,0.267,oceanic_basalt,none,,false,false,,2,0
H+70+56,70,56,-78.29,0.227,oceanic_basalt,none,,false,false,,1,0
H+71+56,71,56,-82.69,0.209,oceanic_basalt,none,,false,false,,1,0
H+72+56,72,56,-88.96,0.209,oceanic_basalt,none,,false,false,,1,0
H+73+56,73,56,-91.31,0.107,oceanic_basalt,none,,false,false,,1,0
H+74+56,74,56,-93.05,0.068,oceanic_basalt,none,,false,false,,1,0
H+75+56,75,56,-94.39,0.062,oceanic_basalt,none,,false,false,,1,0
H+76+56,76,56,-96.25,0.063,oceanic_basalt,none,,false,false,,1,0
H+77+56,77,56,-96.74,0.078,oceanic_basalt,none,,false,false,,1,0
H+78+56,78,56,-99.09,0.078,oceanic_basalt,none,,false,false,,1,0
H+79+56,79,56,-100.07,0.074,oceanic_basalt,none,,false,false,,1,0
H+00+57,0,57,-106.15,0.025,oceanic_basalt,none,,false,false,,0,0
H+01+57,1,57,-106.9,0.053,oceanic_basalt,none,,false,false,,0,0
H+02+57,2,57,-108.5,0.053,oceanic_basalt,none,,false,false,,0,0
H+03+57,3,57,-108.42,0.01,oceanic_basalt,none,,false,false,,0,0
H+04+57,4,57,-108.14,0.021,oceanic_basalt,none,,false,false,,0,0
H+05+57,5,57,-107.53,0.025,oceanic_basalt,none,,false,false,,0,0
H+06+57,6,57,-106.96,0.042,oceanic_basalt,none,,false,false,,0,0
H+07+57,7,57,-106.84,0.046,oceanic_basalt,none,,false,false,,0,0
H+08+57,8,57,-106.34,0.034,oceanic_basalt,none,,false,false,,0,0
H+09+57,9,57,-106.84,0.161,oceanic_basalt,none,,false,false,,0,0
H+10+57,10,57,-106.48,0.323,oceanic_basalt,none,,false,false,,0,0
H+11+57,11,57,-101.66,0.31,oceanic_basalt,none,,false,false,,0,0
H+12+57,12,57,-97.73,0.299,oceanic_basalt,none,,false,false,,0,0
H+13+57,13,57,-94.48,0.339,oceanic_basalt,none,,false,false,,0,0
H+14+57,14,57,-90.42,0.29,oceanic_basalt,none,,false,false,,0,0
H+15+57,15,57,-88.74,6.381,oceanic_basalt,none,,false,false,,0,0
H+16+57,16,57,-85.79,6.354,oceanic_basalt,none,,false,false,,0,0
H+17+57,17,57,-81.85,6.538,oceanic_basalt,none,,false,false,,0,0
H+18+57,18,57,114.29,6.698,coastal_sediment,none,none,false,false,,0,1
H+19+57,19,57,101.87,6.244,coastal_sediment,none,none,false,false,,0,1
H+20+57,20,57,96.25,5.981,coastal_sediment,none,none,false,false,,0,1
H+21+57,21,57,106.51,0.37,coastal_sediment,none,none,false,false,,0,1
H+22+57,22,57,101.08,0.198,coastal_sediment,none,none,false,false,,0,1
H+23+57,23,57,103.12,0.692,coastal_sediment,none,none,false,false,,0,1
H+24+57,24,57,118.03,3.32,suture_metamorphic,collision,none,false,false,,0,1
H+25+57,25,57,217.63,4.903,suture_metamorphic,collision,none,false,false,,0,1
H+26+57,26,57,364.71,6.286,suture_metamorphic,collision,none,false,false,,0,1
H+27+57,27,57,546.67,7.442,suture_metamorphic,collision,none,false,false,,0,1
H+28+57,28,57,760.17,7.481,suture_metamorphic,collision,none,false,false,,0,1
H+29+57,29,57,588.76,5.714,basin_sediment,none,overdeep_basin;outwash,true,true,evaporite_host,0,1
H+30+57,30,57,588.76,0.0,basin_sediment,none,overdeep_basin,true,true,evaporite_host,0,1
H+31+57,31,57,588.76,0.0,basin_sediment,none,overdeep_basin,true,true,evaporite_host,0,1
H+32+57,32,57,588.76,0.0,basin_sediment,none,overdeep_basin,true,true,evaporite_host,0,1
H+33+57,33,57,588.76,0.0,basin_sediment,none,overdeep_basin,true,true,evaporite_host,1,1
H+34+57,34,57,588.76,0.0,basin_sediment,none,overdeep_basin,true,true,evaporite_host,1,1
H+35+57,35,57,588.76,0.0,basin_sediment,none,overdeep_basin,true,true,evaporite_host,1,1
H+36+57,36,57,588.76,0.0,basin_sediment,none,overdeep_basin,true,true,evaporite_host,1,1
H+37+57,37,57,588.76,0.0,basin_sediment,none,overdeep_basin,true,true,evaporite_host,1,1
H+38+57,38,57,588.76,46.374,basin_sediment,none,u_valley;overdeep_basin,true,true,evaporite_host,1,1
H+39+57,39,57,1979.99,49.348,suture_metamorphic,collision,none,false,false,limestone_karst,1,1
H+40+57,40,57,499.56,49.365,suture_metamorphic,collision,none,false,false,,1,1
H+41+57,41,57,338.97,5.353,suture_metamorphic,collision,none,false,false,,1,1
H+42+57,42,57,218.67,4.01,suture_metamorphic,collision,none,false,false,,1,1
H+43+57,43,57,171.26,1.58,coastal_sediment,none,none,false,false,,1,1
H+44+57,44,57,170.75,0.017,coastal_sediment,none,none,false,false,,1,1
H+45+57,45,57,170.24,0.017,coastal_sediment,none,none,false,false,,1,1
H+46+57,46,57,169.73,0.017,coastal_sediment,none,none,false,false,,1,1
H+47+57,47,57,169.22,0.017,coastal_sediment,none,none,false,false,,1,1
H+48+57,48,57,168.71,0.017,coastal_sediment,none,none,false,false,,1,1
H+49+57,49,57,168.2,0.017,coastal_sediment,none,none,false,false,,1,1
H+50+57,50,57,167.69,0.017,coastal_sediment,none,none,false,false,,1,1
H+51+57,51,57,167.18,0.017,coastal_sediment,none,none,false,false,,1,1
H+52+57,52,57,166.67,0.017,coastal_sediment,none,none,false,false,,1,1
H+53+57,53,57,166.16,0.116,coastal_sediment,none,none,false,false,,1,1
H+54+57,54,57,165.65,0.133,coastal_sediment,none,none,false,false,,1,1
H+55+57,55,57,166.42,0.309,coastal_sediment,none,none,false,false,,1,1
H+56+57,56,57,172.5,0.233,coastal_sediment,none,none,false,false,,1,1
H+57+57,57,57,169.28,0.411,coastal_sediment,none,none,false,false,,1,1
H+58+57,58,57,156.94,7.542,coastal_sediment,none,none,false,false,,1,1
H+59+57,59,57,161.1,7.694,coastal_sediment,none,none,false,false,,1,1
H+60+57,60,57,163.26,7.807,coastal_sediment,none,none,false,false,,1,1
H+61+57,61,57,157.85,7.658,coastal_sediment,none,none,false,false,,1,1
H+62+57,62,57,150.23,7.434,coastal_sediment,none,none,false,false,,1,1
H+63+57,63,57,145.94,7.291,coastal_sediment,none,none,false,false,,1,1
H+64+57,64,57,-68.3,9.32,oceanic_basalt,none,,false,false,,1,0
H+65+57,65,57,-69.55,9.361,oceanic_basalt,none,,false,false,,1,0
H+66+57,66,57,-72.1,0.152,oceanic_basalt,none,,false,false,,1,0
H+67+57,67,57,-75.28,0.157,oceanic_basalt,none,,false,false,,1,0
H+68+57,68,57,-76.95,0.16,oceanic_basalt,none,,false,false,,1,0
H+69+57,69,57,-80.0,0.152,oceanic_basalt,none,,false,false,,1,0
H+70+57,70,57,-81.57,0.132,oceanic_basalt,none,,false,false,,1,0
H+71+57,71,57,-85.54,0.132,oceanic_basalt,none,,false,false,,1,0
H+72+57,72,57,-88.11,0.113,oceanic_basalt,none,,false,false,,1,0
H+73+57,73,57,-91.01,0.155,oceanic_basalt,none,,false,false,,1,0
H+74+57,74,57,-92.72,0.126,oceanic_basalt,none,,false,false,,1,0
H+75+57,75,57,-94.35,0.11,oceanic_basalt,none,,false,false,,1,0
H+76+57,76,57,-95.24,0.088,oceanic_basalt,none,,false,false,,1,0
H+77+57,77,57,-96.9,0.095,oceanic_basalt,none,,false,false,,1,0
H+78+57,78,57,-97.86,0.103,oceanic_basalt,none,,false,false,,1,0
H+79+57,79,57,-98.89,0.101,oceanic_basalt,none,,false,false,,1,0
H+00+58,0,58,-106.54,0.035,oceanic_basalt,none,,false,false,,0,0
H+01+58,1,58,-107.23,0.042,oceanic_basalt,none,,false,false,,0,0
H+02+58,2,58,-108.11,0.045,oceanic_basalt,none,,false,false,,0,0
H+03+58,3,58,-108.32,0.052,oceanic_basalt,none,,false,false,,0,0
H+04+58,4,58,-108.27,0.04,oceanic_basalt,none,,false,false,,0,0
H+05+58,5,58,-107.06,0.04,oceanic_basalt,none,,false,false,,0,0
H+06+58,6,58,-106.37,0.023,oceanic_basalt,none,,false,false,,0,0
H+07+58,7,58,-106.0,0.028,oceanic_basalt,none,,false,false,,0,0
H+08+58,8,58,-105.73,0.037,oceanic_basalt,none,,false,false,,0,0
H+09+58,9,58,-106.72,0.033,oceanic_basalt,none,,false,false,,0,0
H+10+58,10,58,-106.73,0.169,oceanic_basalt,none,,false,false,,0,0
H+11+58,11,58,-106.44,0.29,oceanic_basalt,none,,false,false,,0,0
H+12+58,12,58,-103.09,0.287,oceanic_basalt,none,,false,false,,0,0
H+13+58,13,58,-99.13,0.29,oceanic_basalt,none,,false,false,,0,0
H+14+58,14,58,-95.79,0.253,oceanic_basalt,none,,false,false,,0,0
H+15+58,15,58,-92.86,0.236,oceanic_basalt,none,,false,false,,0,0
H+16+58,16,58,-90.07,0.274,oceanic_basalt,none,,false,false,,0,0
H+17+58,17,58,-86.66,6.698,oceanic_basalt,none,,false,false,,0,0
H+18+58,18,58,-85.46,6.658,oceanic_basalt,none,,false,false,,0,0
H+19+58,19,58,-83.19,6.306,oceanic_basalt,none,,false,false,,0,0
H+20+58,20,58,106.0,6.569,coastal_sediment,none,none,false,false,,0,1
H+21+58,21,58,95.42,6.189,coastal_sediment,none,none,false,false,,0,1
H+22+58,22,58,101.31,6.3,coastal_sediment,none,none,false,false,,0,1
H+23+58,23,58,102.78,6.29,coastal_sediment,none,none,false,false,,0,1
H+24+58,24,58,107.84,3.66,suture_metamorphic,collision,none,false,false,,0,1
H+25+58,25,58,211.31,5.113,suture_metamorphic,collision,none,false,false,limestone_karst,0,1
H+26+58,26,58,358.49,6.273,suture_metamorphic,collision,none,false,false,,0,1
H+27+58,27,58,535.73,7.481,suture_metamorphic,collision,none,false,false,,0,1
H+28+58,28,58,747.41,7.207,suture_metamorphic,collision,none,false,false,,0,1
H+29+58,29,58,588.76,5.288,basin_sediment,none,overdeep_basin;outwash,true,true,evaporite_host,0,1
H+30+58,30,58,588.76,0.0,basin_sediment,none,overdeep_basin,true,true,evaporite_host,0,1
H+31+58,31,58,588.76,0.0,basin_sediment,none,overdeep_basin,true,true,evaporite_host,0,1
H+32+58,32,58,588.76,0.0,basin_sediment,none,overdeep_basin,true,true,evaporite_host,0,1
H+33+58,33,58,588.76,0.0,basin_sediment,none,overdeep_basin,true,true,evaporite_host,1,1
H+34+58,34,58,588.76,0.0,basin_sediment,none,overdeep_basin,true,true,evaporite_host,1,1
H+35+58,35,58,588.76,0.0,basin_sediment,none,overdeep_basin,true,true,evaporite_host,1,1
H+36+58,36,58,588.76,0.0,basin_sediment,none,overdeep_basin,true,true,evaporite_host,1,1
H+37+58,37,58,588.76,0.0,basin_sediment,none,overdeep_basin,true,true,evaporite_host,1,1
H+38+58,38,58,588.76,46.374,basin_sediment,none,u_valley;overdeep_basin,true,true,evaporite_host,1,1
H+39+58,39,58,1979.98,49.365,suture_metamorphic,collision,none,false,false,,1,1
H+40+58,40,58,499.05,49.365,suture_metamorphic,collision,none,false,false,,1,1
H+41+58,41,58,338.46,5.353,suture_metamorphic,collision,none,false,false,,1,1
H+42+58,42,58,218.16,4.01,suture_metamorphic,collision,none,false,false,limestone_karst,1,1
H+43+58,43,58,170.75,1.58,coastal_sediment,none,none,false,false,,1,1
H+44+58,44,58,170.24,0.017,coastal_sediment,none,none,false,false,,1,1
H+45+58,45,58,169.73,0.017,coastal_sediment,none,none,false,false,,1,1
H+46+58,46,58,169.22,0.017,coastal_sediment,none,none,false,false,,1,1
H+47+58,47,58,168.71,0.017,coastal_sediment,none,none,false,false,,1,1
H+48+58,48,58,168.2,0.017,coastal_sediment,none,none,false,false,,1,1
H+49+58,49,58,167.69,0.017,coastal_sediment,none,none,false,false,,1,1
H+50+58,50,58,167.18,0.017,coastal_sediment,none,none,false,false,,1,1
H+51+58,51,58,166.67,0.017,coastal_sediment,none,none,false,false,,1,1
H+52+58,52,58,166.16,0.017,coastal_sediment,none,none,false,false,,1,1
H+53+58,53,58,165.65,0.017,coastal_sediment,none,none,false,false,,1,1
H+54+58,54,58,165.14,0.043,coastal_sediment,none,none,false,false,,1,1
H+55+58,55,58,165.52,7.803,coastal_sediment,none,none,false,false,,1,1
H+56+58,56,58,171.73,8.128,coastal_sediment,none,none,false,false,,1,1
H+57+58,57,58,168.77,8.062,coastal_sediment,none,none,false,false,,1,1
H+58+58,58,58,-69.31,7.936,oceanic_basalt,none,,false,false,,1,0
H+59+58,59,58,-69.73,7.767,oceanic_basalt,none,,false,false,,1,0
H+60+58,60,58,-70.95,7.807,oceanic_basalt,none,,false,false,,1,0
H+61+58,61,58,-71.89,7.658,oceanic_basalt,none,,false,false,,1,0
H+62+58,62,58,-72.8,7.434,oceanic_basalt,none,,false,false,,1,0
H+63+58,63,58,-72.46,7.28,oceanic_basalt,none,,false,false,,1,0
H+64+58,64,58,-73.01,0.184,oceanic_basalt,none,,false,false,,1,0
H+65+58,65,58,-74.69,0.193,oceanic_basalt,none,,false,false,,1,0
H+66+58,66,58,-76.65,0.193,oceanic_basalt,none,,false,false,,1,0
H+67+58,67,58,-79.95,0.207,oceanic_basalt,none,,false,false,,1,0
H+68+58,68,58,-81.74,0.165,oceanic_basalt,none,,false,false,,1,0
H+69+58,69,58,-83.83,0.128,oceanic_basalt,none,,false,false,,1,0
H+70+58,70,58,-83.66,0.08,oceanic_basalt,none,,false,false,,1,0
H+71+58,71,58,-84.71,0.113,oceanic_basalt,none,,false,false,,1,0
H+72+58,72,58,-86.37,0.155,oceanic_basalt,none,,false,false,,1,0
H+73+58,73,58,-88.93,0.126,oceanic_basalt,none,,false,false,,1,0
H+74+58,74,58,-91.05,0.128,oceanic_basalt,none,,false,false,,1,0
H+75+58,75,58,-92.59,0.138,oceanic_basalt,none,,false,false,,1,0
H+76+58,76,58,-94.06,0.135,oceanic_basalt,none,,false,false,,1,0
H+77+58,77,58,-94.78,0.111,oceanic_basalt,none,,false,false,,1,0
H+78+58,78,58,-95.88,0.101,oceanic_basalt,none,,false,false,,1,0
H+79+58,79,58,-97.52,0.129,oceanic_basalt,none,,false,false,,1,0
H+00+59,0,59,-107.58,0.035,oceanic_basalt,none,,false,false,,0,0
H+01+59,1,59,-107.18,0.031,oceanic_basalt,none,,false,false,,0,0
H+02+59,2,59,-106.76,0.052,oceanic_basalt,none,,false,false,,0,0
H+03+59,3,59,-107.14,0.039,oceanic_basalt,none,,false,false,,0,0
H+04+59,4,59,-107.28,0.033,oceanic_basalt,none,,false,false,,0,0
H+05+59,5,59,-106.84,0.015,oceanic_basalt,none,,false,false,,0,0
H+06+59,6,59,-106.76,0.025,oceanic_basalt,none,,false,false,,0,0
H+07+59,7,59,-106.23,0.018,oceanic_basalt,none,,false,false,,0,0
H+08+59,8,59,-106.52,0.027,oceanic_basalt,none,,false,false,,0,0
H+09+59,9,59,-107.33,0.027,oceanic_basalt,none,,false,false,,0,0
H+10+59,10,59,-107.03,0.031,oceanic_basalt,none,,false,false,,0,0
H+11+59,11,59,-106.1,0.1,oceanic_basalt,none,,false,false,,0,0
H+12+59,12,59,-106.15,0.234,oceanic_basalt,none,,false,false,,0,0
H+13+59,13,59,-103.39,0.253,oceanic_basalt,none,,false,false,,0,0
H+14+59,14,59,-99.13,0.209,oceanic_basalt,none,,false,false,,0,0
H+15+59,15,59,-96.99,0.231,oceanic_basalt,none,,false,false,,0,0
H+16+59,16,59,-94.42,0.259,oceanic_basalt,none,,false,false,,0,0
H+17+59,17,59,-91.88,0.214,oceanic_basalt,none,,false,false,,0,0
H+18+59,18,59,-91.57,0.28,oceanic_basalt,none,,false,false,,0,0
H+19+59,19,59,-91.06,6.569,oceanic_basalt,none,,false,false,,0,0
H+20+59,20,59,-90.25,6.542,oceanic_basalt,none,,false,false,,0,0
H+21+59,21,59,-87.7,6.3,oceanic_basalt,none,,false,false,,0,0
H+22+59,22,59,-85.93,6.29,oceanic_basalt,none,,false,false,,0,0
H+23+59,23,59,86.8,5.758,coastal_sediment,none,none,false,false,,0,1
H+24+59,24,59,91.19,4.004,suture_metamorphic,collision,none,false,false,,0,1
H+25+59,25,59,194.05,5.481,suture_metamorphic,collision,none,false,false,limestone_karst,0,1
H+26+59,26,59,346.79,6.298,suture_metamorphic,collision,none,false,false,,0,1
H+27+59,27,59,531.19,7.207,suture_metamorphic,collision,none,false,false,,0,1
H+28+59,28,59,745.45,7.142,suture_metamorphic,collision,none,false,false,,0,1
H+29+59,29,59,588.76,5.223,basin_sediment,none,overdeep_basin;outwash,true,true,evaporite_host,0,1
H+30+59,30,59,588.76,0.0,basin_sediment,none,overdeep_basin,true,true,evaporite_host,0,1
H+31+59,31,59,588.76,0.0,basin_sediment,none,overdeep_basin,true,true,evaporite_host,0,1
H+32+59,32,59,588.76,0.0,basin_sediment,none,overdeep_basin,true,true,evaporite_host,0,1
H+33+59,33,59,588.76,0.0,basin_sediment,none,overdeep_basin,true,true,evaporite_host,1,1
H+34+59,34,59,588.76,0.0,basin_sediment,none,overdeep_basin,true,true,evaporite_host,1,1
H+35+59,35,59,588.76,0.0,basin_sediment,none,overdeep_basin,true,true,evaporite_host,1,1
H+36+59,36,59,588.76,0.0,basin_sediment,none,overdeep_basin,true,true,evaporite_host,1,1
H+37+59,37,59,588.76,0.0,basin_sediment,none,overdeep_basin,true,true,evaporite_host,1,1
H+38+59,38,59,588.76,46.374,basin_sediment,none,u_valley;overdeep_basin,true,true,evaporite_host,1,1
H+39+59,39,59,683.79,43.206,suture_metamorphic,collision,none,false,false,,1,1
H+40+59,40,59,498.54,6.175,suture_metamorphic,collision,none,false,false,,1,1
H+41+59,41,59,337.95,5.353,suture_metamorphic,collision,none,false,false,,1,1
H+42+59,42,59,217.65,4.01,suture_metamorphic,collision,none,false,false,,1,1
H+43+59,43,59,170.24,1.58,coastal_sediment,none,none,false,false,,1,1
H+44+59,44,59,169.73,0.017,coastal_sediment,none,none,false,false,,1,1
H+45+59,45,59,169.22,0.017,coastal_sediment,none,none,false,false,,1,1
H+46+59,46,59,168.71,0.017,coastal_sediment,none,none,false,false,,1,1
H+47+59,47,59,168.2,0.017,coastal_sediment,none,none,false,false,,1,1
H+48+59,48,59,167.69,0.017,coastal_sediment,none,none,false,false,,1,1
H+49+59,49,59,167.18,0.017,coastal_sediment,none,none,false,false,,1,1
H+50+59,50,59,166.67,0.017,coastal_sediment,none,none,false,false,,1,1
H+51+59,51,59,166.16,0.017,coastal_sediment,none,none,false,false,,1,1
H+52+59,52,59,165.65,0.017,coastal_sediment,none,none,false,false,,1,1
H+53+59,53,59,165.14,0.017,coastal_sediment,none,none,false,false,,1,1
H+54+59,54,59,164.63,7.773,coastal_sediment,none,none,false,false,,1,1
H+55+59,55,59,-68.56,8.01,oceanic_basalt,none,,false,false,,1,0
H+56+59,56,59,-72.11,8.128,oceanic_basalt,none,,false,false,,1,0
H+57+59,57,59,-73.08,8.062,oceanic_basalt,none,,false,false,,1,0
H+58+59,58,59,-74.15,0.161,oceanic_basalt,none,,false,false,,1,0
H+59+59,59,59,-75.16,0.181,oceanic_basalt,none,,false,false,,1,0
H+60+59,60,59,-76.31,0.179,oceanic_basalt,none,,false,false,,1,0
H+61+59,61,59,-77.2,0.177,oceanic_basalt,none,,false,false,,1,0
H+62+59,62,59,-77.86,0.18,oceanic_basalt,none,,false,false,,1,0
H+63+59,63,59,-77.54,0.169,oceanic_basalt,none,,false,false,,1,0
H+64+59,64,59,-78.52,0.184,oceanic_basalt,none,,false,false,,1,0
H+65+59,65,59,-80.47,0.193,oceanic_basalt,none,,false,false,,1,0
H+66+59,66,59,-82.44,0.193,oceanic_basalt,none,,false,false,,1,0
H+67+59,67,59,-86.16,0.207,oceanic_basalt,none,,false,false,,1,0
H+68+59,68,59,-86.7,0.165,oceanic_basalt,none,,false,false,,1,0
H+69+59,69,59,-86.07,0.08,oceanic_basalt,none,,false,false,,1,0
H+70+59,70,59,-85.58,0.064,oceanic_basalt,none,,false,false,,1,0
H+71+59,71,59,-85.64,0.031,oceanic_basalt,none,,false,false,,1,0
H+72+59,72,59,-86.33,0.087,oceanic_basalt,none,,false,false,,1,0
H+73+59,73,59,-87.22,0.128,oceanic_basalt,none,,false,false,,1,0
H+74+59,74,59,-88.46,0.138,oceanic_basalt,none,,false,false,,1,0
H+75+59,75,59,-90.0,0.135,oceanic_basalt,none,,false,false,,1,0
H+76+59,76,59,-91.46,0.111,oceanic_basalt,none,,false,false,,1,0
H+77+59,77,59,-93.62,0.075,oceanic_basalt,none,,false,false,,1,0
H+78+59,78,59,-93.66,0.129,oceanic_basalt,none,,false,false,,1,0
H+79+59,79,59,-95.67,0.067,oceanic_basalt,none,,false,false,,1,0
