id,terrain,water,food,resources,settle_score,why,q,r,elev_m,slope,precip,temp_c,soil,vegetation,rock,endorheic,glacial_scar
H+00+00,ocean,ocean,modest,fish,none,ocean,0,0,-242.16,0.121,909.7,6.04,none/ocean,none/ocean,Oceanic basalt,False,
H+01+00,ocean,ocean,modest,fish,none,ocean,1,0,-238.52,0.28,907.6,6.04,none/ocean,none/ocean,Oceanic basalt,False,
H+02+00,ocean,ocean,modest,fish,none,ocean,2,0,-230.12,0.28,905.8,6.04,none/ocean,none/ocean,Oceanic basalt,False,
H+03+00,ocean,ocean,modest,fish,none,ocean,3,0,-224.38,0.221,905.0,6.03,none/ocean,none/ocean,Oceanic basalt,False,
H+04+00,ocean,ocean,modest,fish,none,ocean,4,0,-225.68,0.215,907.6,6.03,none/ocean,none/ocean,Oceanic basalt,False,
H+05+00,ocean,ocean,modest,fish,none,ocean,5,0,-232.15,0.215,918.9,6.02,none/ocean,none/ocean,Oceanic basalt,False,
H+06+00,ocean,ocean,modest,fish,none,ocean,6,0,-233.87,0.149,922.8,6.0,none/ocean,none/ocean,Oceanic basalt,False,
H+07+00,ocean,ocean,modest,fish,none,ocean,7,0,-229.41,0.258,920.5,5.99,none/ocean,none/ocean,Oceanic basalt,False,
H+08+00,ocean,ocean,modest,fish,none,ocean,8,0,-221.66,4.349,923.2,5.98,none/ocean,none/ocean,Oceanic basalt,False,
H+09+00,ocean,ocean,modest,fish,none,ocean,9,0,-91.18,4.539,919.5,5.99,none/ocean,none/ocean,Oceanic basalt,False,
H+10+00,ocean,ocean,modest,fish,none,ocean,10,0,-222.82,4.388,903.0,6.01,none/ocean,none/ocean,Oceanic basalt,False,
H+11+00,ocean,ocean,modest,fish,none,ocean,11,0,-223.79,0.102,886.3,6.05,none/ocean,none/ocean,Oceanic basalt,False,
H+12+00,ocean,ocean,modest,fish,none,ocean,12,0,-222.89,0.156,882.4,6.11,none/ocean,none/ocean,Oceanic basalt,False,
H+13+00,ocean,ocean,modest,fish,none,ocean,13,0,-221.71,0.168,885.1,6.17,none/ocean,none/ocean,Oceanic basalt,False,
H+14+00,ocean,ocean,modest,fish,none,ocean,14,0,-218.95,5.321,862.9,6.23,none/ocean,none/ocean,Oceanic basalt,False,
H+15+00,ocean,ocean,modest,fish,none,ocean,15,0,-214.53,5.214,825.4,6.29,none/ocean,none/ocean,Oceanic basalt,False,
H+16+00,ocean,ocean,modest,fish,none,ocean,16,0,-72.28,5.516,798.2,6.35,none/ocean,none/ocean,Oceanic basalt,False,
H+17+00,boreal,none,modest,timber|clay,farmstead,"adequate food, route access",17,0,93.19,5.516,720.3,5.8,glacial till,boreal forest,Coastal sediment,False,rebound_coast
H+18+00,boreal,none,modest,timber|clay,farmstead,"adequate food, route access",18,0,100.71,0.539,721.4,5.81,glacial till,boreal forest,Coastal sediment,False,rebound_coast
H+19+00,boreal,none,modest,timber|clay,farmstead,"adequate food, route access",19,0,116.88,0.539,715.6,5.77,glacial till,boreal forest,Coastal sediment,False,rebound_coast
H+20+00,boreal,river,modest,timber|clay,town,"fresh water, adequate food, route access",20,0,121.06,0.301,706.7,5.81,glacial till,boreal forest,Coastal sediment,False,rebound_coast
H+21+00,grassland,none,good,clay,village,"strong food, route access",21,0,130.09,1.417,699.8,5.79,glacial till,grassland/pasture,Coastal sediment,False,rebound_coast
H+22+00,grassland,none,good,clay,village,"strong food, route access",22,0,172.59,1.58,693.7,5.53,sandy coastal,grassland/pasture,Coastal sediment,False,none
H+23+00,grassland,none,good,clay,village,"strong food, route access",23,0,219.98,1.58,694.5,5.22,glacial till,grassland/pasture,Coastal sediment,False,moraine
H+24+00,boreal,none,modest,timber|metals,farmstead,"adequate food, route access",24,0,266.68,1.557,701.8,4.93,glacial till,boreal forest,Suture metamorphic,False,moraine
H+25+00,boreal,none,modest,timber|metals|gems,farmstead,"adequate food, route access",25,0,271.9,3.892,710.7,4.91,glacial till,boreal forest,Suture metamorphic,False,moraine
H+26+00,boreal,none,modest,timber|metals|gems,farmstead,"adequate food, route access",26,0,388.66,5.548,724.5,4.16,glacial till,boreal forest,Suture metamorphic,False,moraine
H+27+00,boreal,none,modest,timber|stone|metals|gems,farmstead,"adequate food, route access",27,0,555.09,6.514,807.0,3.07,glacial till,boreal forest,Suture metamorphic,False,moraine
H+28+00,boreal,none,modest,timber|stone|metals|gems,farmstead,"adequate food, route access",28,0,750.5,6.514,912.9,1.79,glacial till,boreal forest,Suture metamorphic,False,moraine
H+29+00,lake,lake,modest,evaporite_host|clay|fish,none,open water (lake/inland sea),29,0,588.76,6.16,681.7,2.78,glacial till,none/ocean,Basin sediment,True,moraine
H+30+00,lake,lake,modest,evaporite_host|clay|fish,none,open water (lake/inland sea),30,0,588.76,0.0,714.5,2.69,glacial till,none/ocean,Basin sediment,True,moraine
H+31+00,lake,lake,modest,evaporite_host|clay|fish,none,open water (lake/inland sea),31,0,588.76,0.0,721.0,2.6,glacial till,none/ocean,Basin sediment,True,moraine
H+32+00,lake,lake,modest,evaporite_host|clay|fish,none,open water (lake/inland sea),32,0,588.76,0.0,730.8,2.51,glacial till,none/ocean,Basin sediment,True,moraine
H+33+00,lake,lake,modest,evaporite_host|fish,none,open water (lake/inland sea),33,0,588.76,0.0,744.9,2.45,glacial till,none/ocean,Basin sediment,True,moraine
H+34+00,lake,lake,modest,evaporite_host|fish,none,open water (lake/inland sea),34,0,588.76,0.0,757.9,2.45,glacial till,none/ocean,Basin sediment,True,moraine
H+35+00,lake,lake,modest,evaporite_host|fish,none,open water (lake/inland sea),35,0,588.76,0.0,769.7,2.5,glacial till,none/ocean,Basin sediment,True,moraine
H+36+00,lake,lake,modest,evaporite_host|fish,none,open water (lake/inland sea),36,0,588.76,0.0,774.8,2.57,glacial till,none/ocean,Basin sediment,True,moraine
H+37+00,lake,lake,modest,evaporite_host|fish,none,open water (lake/inland sea),37,0,588.76,0.0,780.2,2.64,glacial till,none/ocean,Basin sediment,True,moraine
H+38+00,lake,lake,modest,evaporite_host|fish,none,open water (lake/inland sea),38,0,588.76,3.308,786.1,2.68,glacial till,none/ocean,Basin sediment,True,moraine
H+39+00,boreal,none,modest,none,farmstead,"adequate food, route access",39,0,688.01,6.724,865.9,2.02,glacial till,boreal forest,Suture metamorphic,False,moraine
H+40+00,boreal,none,modest,none,farmstead,"adequate food, route access",40,0,486.28,7.17,762.1,3.32,glacial till,boreal forest,Suture metamorphic,False,moraine
H+41+00,boreal,none,modest,none,farmstead,"adequate food, route access",41,0,310.82,6.505,784.6,4.45,glacial till,boreal forest,Suture metamorphic,False,outwash
H+42+00,boreal,river,modest,limestone_karst,village,"fresh water, adequate food, route access",42,0,183.75,5.025,795.6,5.27,loam,boreal forest,Suture metamorphic,False,none
H+43+00,boreal,river,modest,none,village,"fresh water, adequate food, route access",43,0,129.19,5.271,811.8,5.63,glacial till,boreal forest,Coastal sediment,False,rebound_coast
H+44+00,ocean,ocean,modest,fish,none,ocean,44,0,-28.95,5.809,912.0,6.47,none/ocean,none/ocean,Oceanic basalt,False,
H+45+00,ocean,ocean,modest,fish,none,ocean,45,0,-52.56,1.43,919.3,6.45,none/ocean,none/ocean,Oceanic basalt,False,
H+46+00,ocean,ocean,modest,fish,none,ocean,46,0,-81.21,1.351,913.0,6.4,none/ocean,none/ocean,Oceanic basalt,False,
H+47+00,ocean,ocean,modest,fish,none,ocean,47,0,-109.96,1.322,902.9,6.35,none/ocean,none/ocean,Oceanic basalt,False,
H+48+00,ocean,ocean,modest,fish,none,ocean,48,0,-128.26,1.292,887.2,6.31,none/ocean,none/ocean,Oceanic basalt,False,
H+49+00,ocean,ocean,modest,fish,none,ocean,49,0,-146.0,1.024,868.7,6.29,none/ocean,none/ocean,Oceanic basalt,False,
H+50+00,ocean,ocean,modest,fish,none,ocean,50,0,-154.81,3.664,865.6,6.31,none/ocean,none/ocean,Oceanic basalt,False,
H+51+00,ocean,ocean,modest,fish,none,ocean,51,0,-44.9,3.664,864.0,6.36,none/ocean,none/ocean,Oceanic basalt,False,
H+52+00,ocean,ocean,modest,fish,none,ocean,52,0,-60.0,0.7,868.7,6.41,none/ocean,none/ocean,Oceanic basalt,False,
H+53+00,ocean,ocean,modest,fish,none,ocean,53,0,-73.2,0.913,881.9,6.46,none/ocean,none/ocean,Oceanic basalt,False,
H+54+00,ocean,ocean,modest,fish,none,ocean,54,0,-76.94,0.785,889.1,6.5,none/ocean,none/ocean,Oceanic basalt,False,
H+55+00,ocean,ocean,modest,fish,none,ocean,55,0,-75.08,0.854,887.7,6.51,none/ocean,none/ocean,Oceanic basalt,False,
H+56+00,ocean,ocean,modest,fish,none,ocean,56,0,-100.69,1.392,877.5,6.52,none/ocean,none/ocean,Oceanic basalt,False,
H+57+00,ocean,ocean,modest,fish,none,ocean,57,0,-101.56,1.419,850.8,6.51,none/ocean,none/ocean,Oceanic basalt,False,
H+58+00,ocean,ocean,modest,fish,none,ocean,58,0,-102.12,1.602,819.3,6.5,none/ocean,none/ocean,Oceanic basalt,False,
H+59+00,ocean,ocean,modest,fish,none,ocean,59,0,-102.59,1.649,794.9,6.47,none/ocean,none/ocean,Oceanic basalt,False,
H+60+00,ocean,ocean,modest,fish,none,ocean,60,0,-103.47,1.678,776.3,6.42,none/ocean,none/ocean,Oceanic basalt,False,
H+61+00,ocean,ocean,modest,fish,none,ocean,61,0,-103.99,1.317,761.4,6.35,none/ocean,none/ocean,Oceanic basalt,False,
H+62+00,ocean,ocean,modest,fish,none,ocean,62,0,-104.44,1.415,746.4,6.24,none/ocean,none/ocean,Oceanic basalt,False,
H+63+00,ocean,ocean,modest,fish,none,ocean,63,0,-106.84,1.495,732.5,6.13,none/ocean,none/ocean,Oceanic basalt,False,
H+64+00,ocean,ocean,modest,fish,none,ocean,64,0,-106.32,1.448,723.5,6.03,none/ocean,none/ocean,Oceanic basalt,False,
H+65+00,ocean,ocean,modest,fish,none,ocean,65,0,-107.19,0.192,720.9,5.96,none/ocean,none/ocean,Oceanic basalt,False,
H+66+00,ocean,ocean,modest,fish,none,ocean,66,0,-109.35,0.238,726.8,5.93,none/ocean,none/ocean,Oceanic basalt,False,
H+67+00,ocean,ocean,modest,fish,none,ocean,67,0,-112.23,0.232,737.5,5.93,none/ocean,none/ocean,Oceanic basalt,False,
H+68+00,ocean,ocean,modest,fish,none,ocean,68,0,-118.37,0.34,742.6,5.94,none/ocean,none/ocean,Oceanic basalt,False,
H+69+00,ocean,ocean,modest,fish,none,ocean,69,0,-124.5,0.403,749.2,5.96,none/ocean,none/ocean,Oceanic basalt,False,
H+70+00,ocean,ocean,modest,fish,none,ocean,70,0,-127.72,0.302,752.9,5.99,none/ocean,none/ocean,Oceanic basalt,False,
H+71+00,ocean,ocean,modest,fish,none,ocean,71,0,-125.13,0.087,752.4,6.04,none/ocean,none/ocean,Oceanic basalt,False,
H+72+00,ocean,ocean,modest,fish,none,ocean,72,0,-122.89,0.075,750.8,6.11,none/ocean,none/ocean,Oceanic basalt,False,
H+73+00,ocean,ocean,modest,fish,none,ocean,73,0,-121.15,0.08,737.0,6.22,none/ocean,none/ocean,Oceanic basalt,False,
H+74+00,ocean,ocean,modest,fish,none,ocean,74,0,-118.76,0.157,714.3,6.34,none/ocean,none/ocean,Oceanic basalt,False,
H+75+00,ocean,ocean,modest,fish,none,ocean,75,0,-114.04,0.157,696.2,6.47,none/ocean,none/ocean,Oceanic basalt,False,
H+76+00,ocean,ocean,modest,fish,none,ocean,76,0,-111.43,0.128,674.4,6.56,none/ocean,none/ocean,Oceanic basalt,False,
H+77+00,ocean,ocean,modest,fish,none,ocean,77,0,-110.49,0.067,659.2,6.6,none/ocean,none/ocean,Oceanic basalt,False,
H+78+00,ocean,ocean,modest,fish,none,ocean,78,0,-110.35,0.014,652.6,6.61,none/ocean,none/ocean,Oceanic basalt,False,
H+79+00,ocean,ocean,modest,fish,none,ocean,79,0,-110.77,0.019,648.6,6.61,none/ocean,none/ocean,Oceanic basalt,False,
H+00+01,ocean,ocean,modest,fish,none,ocean,0,1,-242.11,0.142,904.9,6.29,none/ocean,none/ocean,Oceanic basalt,False,
H+01+01,ocean,ocean,modest,fish,none,ocean,1,1,-237.85,0.258,905.2,6.29,none/ocean,none/ocean,Oceanic basalt,False,
H+02+01,ocean,ocean,modest,fish,none,ocean,2,1,-231.01,0.242,907.2,6.29,none/ocean,none/ocean,Oceanic basalt,False,
H+03+01,ocean,ocean,modest,fish,none,ocean,3,1,-226.28,0.225,911.0,6.3,none/ocean,none/ocean,Oceanic basalt,False,
H+04+01,ocean,ocean,modest,fish,none,ocean,4,1,-227.21,0.165,919.9,6.29,none/ocean,none/ocean,Oceanic basalt,False,
H+05+01,ocean,ocean,modest,fish,none,ocean,5,1,-231.01,0.127,929.8,6.29,none/ocean,none/ocean,Oceanic basalt,False,
H+06+01,ocean,ocean,modest,fish,none,ocean,6,1,-233.88,0.149,925.7,6.27,none/ocean,none/ocean,Oceanic basalt,False,
H+07+01,ocean,ocean,modest,fish,none,ocean,7,1,-231.15,0.316,921.1,6.26,none/ocean,none/ocean,Oceanic basalt,False,
H+08+01,ocean,ocean,modest,fish,none,ocean,8,1,-227.36,4.539,923.1,6.25,none/ocean,none/ocean,Oceanic basalt,False,
H+09+01,ocean,ocean,modest,fish,none,ocean,9,1,-223.7,4.418,918.6,6.25,none/ocean,none/ocean,Oceanic basalt,False,
H+10+01,ocean,ocean,modest,fish,none,ocean,10,1,-222.14,0.323,908.7,6.27,none/ocean,none/ocean,Oceanic basalt,False,
H+11+01,ocean,ocean,modest,fish,none,ocean,11,1,-220.73,0.192,900.2,6.31,none/ocean,none/ocean,Oceanic basalt,False,
H+12+01,ocean,ocean,modest,fish,none,ocean,12,1,-218.21,0.156,890.9,6.37,none/ocean,none/ocean,Oceanic basalt,False,
H+13+01,ocean,ocean,modest,fish,none,ocean,13,1,-216.67,5.245,882.1,6.43,none/ocean,none/ocean,Oceanic basalt,False,
H+14+01,ocean,ocean,modest,fish,none,ocean,14,1,-59.33,5.321,860.0,6.49,none/ocean,none/ocean,Oceanic basalt,False,
H+15+01,ocean,ocean,modest,fish,none,ocean,15,1,-58.11,5.214,830.2,6.55,none/ocean,none/ocean,Oceanic basalt,False,
H+16+01,ocean,ocean,modest,fish,none,ocean,16,1,-42.36,4.628,806.4,6.61,none/ocean,none/ocean,Oceanic basalt,False,
H+17+01,forest,none,good,timber|clay,town,"fresh water, adequate food, route access",17,1,96.47,4.635,719.3,6.04,glacial till,temperate forest,Coastal sediment,False,rebound_coast
H+18+01,forest,none,good,timber|clay,town,"fresh water, adequate food, route access",18,1,102.49,4.835,713.5,6.06,glacial till,temperate forest,Coastal sediment,False,rebound_coast
H+19+01,forest,river,good,timber|clay,town,"fresh water, adequate food, route access",19,1,116.86,0.693,708.9,6.03,glacial till,temperate forest,Coastal sediment,False,rebound_coast
H+20+01,forest,river,good,timber|clay,town,"fresh water, adequate food, route access",20,1,129.58,1.417,701.8,6.0,glacial till,temperate forest,Coastal sediment,False,rebound_coast
H+21+01,grassland,none,good,clay,village,"strong food, route access",21,1,172.08,1.58,696.3,5.76,sandy coastal,grassland/pasture,Coastal sediment,False,none
H+22+01,grassland,none,good,clay,village,"strong food, route access",22,1,219.47,1.58,691.6,5.47,glacial till,grassland/pasture,Coastal sediment,False,moraine
H+23+01,grassland,none,good,clay,village,"strong food, route access",23,1,266.17,1.557,693.2,5.17,glacial till,grassland/pasture,Coastal sediment,False,moraine
H+24+01,boreal,none,modest,timber|metals,farmstead,"adequate food, route access",24,1,271.39,0.174,702.1,5.14,glacial till,boreal forest,Suture metamorphic,False,moraine
H+25+01,boreal,none,modest,timber|metals|gems,farmstead,"adequate food, route access",25,1,273.02,4.122,710.7,5.14,glacial till,boreal forest,Suture metamorphic,False,moraine
H+26+01,boreal,none,modest,timber|metals|gems,farmstead,"adequate food, route access",26,1,396.67,5.799,718.2,4.34,glacial till,boreal forest,Suture metamorphic,False,moraine
H+27+01,boreal,none,modest,timber|stone|metals|gems,farmstead,"adequate food, route access",27,1,570.65,6.763,805.9,3.2,glacial till,boreal forest,Suture metamorphic,False,moraine
H+28+01,boreal,none,modest,timber|stone|metals,farmstead,"adequate food, route access",28,1,773.55,6.763,931.6,1.87,glacial till,boreal forest,Suture metamorphic,False,moraine
H+29+01,lake,lake,modest,evaporite_host|clay|fish,none,open water (lake/inland sea),29,1,588.76,6.16,689.2,3.02,glacial till,none/ocean,Basin sediment,True,moraine
H+30+01,lake,lake,modest,evaporite_host|clay|fish,none,open water (lake/inland sea),30,1,588.76,0.0,727.8,2.94,glacial till,none/ocean,Basin sediment,True,moraine
H+31+01,lake,lake,modest,evaporite_host|clay|fish,none,open water (lake/inland sea),31,1,588.76,0.0,733.3,2.86,glacial till,none/ocean,Basin sediment,True,moraine
H+32+01,lake,lake,modest,evaporite_host|clay|fish,none,open water (lake/inland sea),32,1,588.76,0.0,742.8,2.78,glacial till,none/ocean,Basin sediment,True,moraine
H+33+01,lake,lake,modest,evaporite_host|fish,none,open water (lake/inland sea),33,1,588.76,0.0,756.9,2.73,glacial till,none/ocean,Basin sediment,True,moraine
H+34+01,lake,lake,modest,evaporite_host|fish,none,open water (lake/inland sea),34,1,588.76,0.0,768.2,2.72,glacial till,none/ocean,Basin sediment,True,moraine
H+35+01,lake,lake,modest,evaporite_host|fish,none,open water (lake/inland sea),35,1,588.76,0.0,774.9,2.76,glacial till,none/ocean,Basin sediment,True,moraine
H+36+01,lake,lake,modest,evaporite_host|fish,none,open water (lake/inland sea),36,1,588.76,0.0,776.8,2.82,glacial till,none/ocean,Basin sediment,True,moraine
H+37+01,lake,lake,modest,evaporite_host|fish,none,open water (lake/inland sea),37,1,588.76,0.0,783.4,2.88,glacial till,none/ocean,Basin sediment,True,moraine
H+38+01,lake,lake,modest,evaporite_host|fish,none,open water (lake/inland sea),38,1,588.76,3.754,791.8,2.91,glacial till,none/ocean,Basin sediment,True,moraine
H+39+01,boreal,none,modest,limestone_karst,farmstead,"adequate food, route access",39,1,701.37,7.17,891.2,2.17,glacial till,boreal forest,Suture metamorphic,False,moraine
H+40+01,boreal,none,modest,none,farmstead,"adequate food, route access",40,1,505.97,7.546,768.9,3.42,glacial till,boreal forest,Suture metamorphic,False,moraine
H+41+01,boreal,none,modest,none,farmstead,"adequate food, route access",41,1,334.49,7.262,793.2,4.53,glacial till,boreal forest,Suture metamorphic,False,outwash
H+42+01,boreal,none,modest,none,village,"fresh water, adequate food, route access",42,1,203.32,5.881,793.9,5.37,glacial till,boreal forest,Suture metamorphic,False,outwash
H+43+01,boreal,none,modest,none,village,"fresh water, adequate food, route access",43,1,145.31,5.809,803.4,5.75,glacial till,boreal forest,Coastal sediment,False,rebound_coast
H+44+01,ocean,ocean,modest,fish,none,ocean,44,1,-9.66,6.375,899.5,6.69,none/ocean,none/ocean,Oceanic basalt,False,
H+45+01,ocean,ocean,modest,fish,none,ocean,45,1,-40.68,2.2,905.4,6.67,none/ocean,none/ocean,Oceanic basalt,False,
H+46+01,ocean,ocean,modest,fish,none,ocean,46,1,-70.29,2.072,902.6,6.64,none/ocean,none/ocean,Oceanic basalt,False,
H+47+01,ocean,ocean,modest,fish,none,ocean,47,1,-89.5,1.833,896.9,6.6,none/ocean,none/ocean,Oceanic basalt,False,
H+48+01,ocean,ocean,modest,fish,none,ocean,48,1,-115.28,2.131,880.2,6.56,none/ocean,none/ocean,Oceanic basalt,False,
H+49+01,ocean,ocean,modest,fish,none,ocean,49,1,-136.76,2.144,859.2,6.55,none/ocean,none/ocean,Oceanic basalt,False,
H+50+01,ocean,ocean,modest,fish,none,ocean,50,1,-148.75,3.658,858.1,6.57,none/ocean,none/ocean,Oceanic basalt,False,
H+51+01,ocean,ocean,modest,fish,none,ocean,51,1,-39.0,3.658,869.6,6.61,none/ocean,none/ocean,Oceanic basalt,False,
H+52+01,ocean,ocean,modest,fish,none,ocean,52,1,-45.8,2.748,880.2,6.66,none/ocean,none/ocean,Oceanic basalt,False,
H+53+01,ocean,ocean,modest,fish,none,ocean,53,1,-53.38,1.718,890.0,6.71,none/ocean,none/ocean,Oceanic basalt,False,
H+54+01,ocean,ocean,modest,fish,none,ocean,54,1,-56.99,1.68,894.4,6.75,none/ocean,none/ocean,Oceanic basalt,False,
H+55+01,ocean,ocean,modest,fish,none,ocean,55,1,-58.94,1.611,887.2,6.76,none/ocean,none/ocean,Oceanic basalt,False,
H+56+01,ocean,ocean,modest,fish,none,ocean,56,1,-64.45,1.64,869.5,6.76,none/ocean,none/ocean,Oceanic basalt,False,
H+57+01,ocean,ocean,modest,fish,none,ocean,57,1,-58.98,1.878,844.9,6.75,none/ocean,none/ocean,Oceanic basalt,False,
H+58+01,ocean,ocean,modest,fish,none,ocean,58,1,-54.06,1.967,820.2,6.73,none/ocean,none/ocean,Oceanic basalt,False,
H+59+01,ocean,ocean,modest,fish,none,ocean,59,1,-53.13,1.935,797.2,6.7,none/ocean,none/ocean,Oceanic basalt,False,
H+60+01,ocean,ocean,modest,fish,none,ocean,60,1,-64.47,2.234,777.3,6.64,none/ocean,none/ocean,Oceanic basalt,False,
H+61+01,ocean,ocean,modest,fish,none,ocean,61,1,-66.88,1.252,762.2,6.57,none/ocean,none/ocean,Oceanic basalt,False,
H+62+01,ocean,ocean,modest,fish,none,ocean,62,1,-61.98,1.495,742.7,6.47,none/ocean,none/ocean,Oceanic basalt,False,
H+63+01,ocean,ocean,modest,fish,none,ocean,63,1,-62.9,1.465,725.2,6.37,none/ocean,none/ocean,Oceanic basalt,False,
H+64+01,ocean,ocean,modest,fish,none,ocean,64,1,-101.43,1.285,721.1,6.27,none/ocean,none/ocean,Oceanic basalt,False,
H+65+01,ocean,ocean,modest,fish,none,ocean,65,1,-102.22,1.36,725.0,6.2,none/ocean,none/ocean,Oceanic basalt,False,
H+66+01,ocean,ocean,modest,fish,none,ocean,66,1,-105.27,1.462,730.0,6.17,none/ocean,none/ocean,Oceanic basalt,False,
H+67+01,ocean,ocean,modest,fish,none,ocean,67,1,-108.16,0.34,738.6,6.18,none/ocean,none/ocean,Oceanic basalt,False,
H+68+01,ocean,ocean,modest,fish,none,ocean,68,1,-112.41,0.403,742.6,6.19,none/ocean,none/ocean,Oceanic basalt,False,
H+69+01,ocean,ocean,modest,fish,none,ocean,69,1,-118.68,0.348,745.1,6.21,none/ocean,none/ocean,Oceanic basalt,False,
H+70+01,ocean,ocean,modest,fish,none,ocean,70,1,-125.39,0.387,747.0,6.25,none/ocean,none/ocean,Oceanic basalt,False,
H+71+01,ocean,ocean,modest,fish,none,ocean,71,1,-124.89,0.178,749.8,6.3,none/ocean,none/ocean,Oceanic basalt,False,
H+72+01,ocean,ocean,modest,fish,none,ocean,72,1,-123.04,0.063,750.9,6.37,none/ocean,none/ocean,Oceanic basalt,False,
H+73+01,ocean,ocean,modest,fish,none,ocean,73,1,-121.56,0.096,735.2,6.47,none/ocean,none/ocean,Oceanic basalt,False,
H+74+01,ocean,ocean,modest,fish,none,ocean,74,1,-118.69,0.155,710.0,6.58,none/ocean,none/ocean,Oceanic basalt,False,
H+75+01,ocean,ocean,modest,fish,none,ocean,75,1,-115.29,0.128,693.5,6.69,none/ocean,none/ocean,Oceanic basalt,False,
H+76+01,ocean,ocean,modest,fish,none,ocean,76,1,-112.49,0.102,675.5,6.78,none/ocean,none/ocean,Oceanic basalt,False,
H+77+01,ocean,ocean,modest,fish,none,ocean,77,1,-110.25,0.116,660.8,6.82,none/ocean,none/ocean,Oceanic basalt,False,
H+78+01,ocean,ocean,modest,fish,none,ocean,78,1,-110.21,0.055,652.2,6.83,none/ocean,none/ocean,Oceanic basalt,False,
H+79+01,ocean,ocean,modest,fish,none,ocean,79,1,-111.19,0.032,647.5,6.83,none/ocean,none/ocean,Oceanic basalt,False,
H+00+02,ocean,ocean,modest,fish,none,ocean,0,2,-241.24,0.113,890.8,6.54,none/ocean,none/ocean,Oceanic basalt,False,
H+01+02,ocean,ocean,modest,fish,none,ocean,1,2,-238.28,0.242,895.0,6.55,none/ocean,none/ocean,Oceanic basalt,False,
H+02+02,ocean,ocean,modest,fish,none,ocean,2,2,-233.04,0.225,904.1,6.56,none/ocean,none/ocean,Oceanic basalt,False,
H+03+02,ocean,ocean,modest,fish,none,ocean,3,2,-230.32,0.135,915.7,6.57,none/ocean,none/ocean,Oceanic basalt,False,
H+04+02,ocean,ocean,modest,fish,none,ocean,4,2,-231.1,0.164,933.3,6.59,none/ocean,none/ocean,Oceanic basalt,False,
H+05+02,ocean,ocean,modest,fish,none,ocean,5,2,-232.16,0.187,939.9,6.58,none/ocean,none/ocean,Oceanic basalt,False,
H+06+02,ocean,ocean,modest,fish,none,ocean,6,2,-233.1,0.155,925.1,6.57,none/ocean,none/ocean,Oceanic basalt,False,
H+07+02,ocean,ocean,modest,fish,none,ocean,7,2,-234.45,0.236,918.2,6.55,none/ocean,none/ocean,Oceanic basalt,False,
H+08+02,ocean,ocean,modest,fish,none,ocean,8,2,-233.84,0.338,920.5,6.54,none/ocean,none/ocean,Oceanic basalt,False,
H+09+02,ocean,ocean,modest,fish,none,ocean,9,2,-231.82,0.323,915.4,6.53,none/ocean,none/ocean,Oceanic basalt,False,
H+10+02,ocean,ocean,modest,fish,none,ocean,10,2,-226.48,0.321,913.8,6.55,none/ocean,none/ocean,Oceanic basalt,False,
H+11+02,ocean,ocean,modest,fish,none,ocean,11,2,-218.96,0.251,914.8,6.59,none/ocean,none/ocean,Oceanic basalt,False,
H+12+02,ocean,ocean,modest,fish,none,ocean,12,2,-214.38,5.533,897.5,6.64,none/ocean,none/ocean,Oceanic basalt,False,
H+13+02,ocean,ocean,modest,fish,none,ocean,13,2,-62.06,5.154,873.6,6.7,none/ocean,none/ocean,Oceanic basalt,False,
H+14+02,ocean,ocean,modest,fish,none,ocean,14,2,-64.4,0.369,852.8,6.77,none/ocean,none/ocean,Oceanic basalt,False,
H+15+02,ocean,ocean,modest,fish,none,ocean,15,2,-53.31,0.384,835.2,6.83,none/ocean,none/ocean,Oceanic basalt,False,
H+16+02,ocean,ocean,modest,fish,none,ocean,16,2,-41.8,4.609,817.8,6.89,none/ocean,none/ocean,Oceanic basalt,False,
H+17+02,ocean,ocean,modest,fish,none,ocean,17,2,-42.57,4.835,791.6,6.94,none/ocean,none/ocean,Oceanic basalt,False,
H+18+02,forest,river,good,timber|clay,town,"fresh water, adequate food, route access",18,2,96.05,4.991,705.3,6.37,glacial till,temperate forest,Coastal sediment,False,rebound_coast
H+19+02,forest,river,good,timber|clay,town,"fresh water, adequate food, route access",19,2,115.38,5.269,702.6,6.3,glacial till,temperate forest,Coastal sediment,False,rebound_coast
H+20+02,grassland,none,good,clay,town,"fresh water, strong food, route access",20,2,171.57,1.986,698.8,5.98,sandy coastal,grassland/pasture,Coastal sediment,False,none
H+21+02,grassland,none,good,clay,town,"fresh water, strong food, route access",21,2,218.96,1.58,696.1,5.7,glacial till,grassland/pasture,Coastal sediment,False,moraine
H+22+02,grassland,none,good,clay,village,"strong food, route access",22,2,265.66,1.557,694.2,5.41,glacial till,grassland/pasture,Coastal sediment,False,moraine
H+23+02,grassland,none,good,clay,village,"strong food, route access",23,2,270.88,0.174,697.4,5.38,glacial till,grassland/pasture,Coastal sediment,False,moraine
H+24+02,boreal,none,modest,timber|metals,farmstead,"adequate food, route access",24,2,272.51,1.256,708.0,5.36,glacial till,boreal forest,Suture metamorphic,False,moraine
H+25+02,boreal,none,modest,timber|metals|gems,farmstead,"adequate food, route access",25,2,310.18,4.137,715.3,5.11,glacial till,boreal forest,Suture metamorphic,False,moraine
H+26+02,boreal,none,modest,timber|stone|metals,farmstead,"adequate food, route access",26,2,434.31,5.921,725.2,4.3,glacial till,boreal forest,Suture metamorphic,False,moraine
H+27+02,boreal,none,modest,timber|stone|metals,farmstead,"adequate food, route access",27,2,611.95,5.921,815.5,3.13,glacial till,boreal forest,Suture metamorphic,False,moraine
H+28+02,lake,lake,modest,evaporite_host|clay|fish,none,open water (lake/inland sea),28,2,588.76,6.16,723.9,3.27,glacial till,none/ocean,Basin sediment,True,moraine
H+29+02,lake,lake,modest,evaporite_host|clay|fish,none,open water (lake/inland sea),29,2,588.76,0.0,744.5,3.24,glacial till,none/ocean,Basin sediment,True,moraine
H+30+02,lake,lake,modest,evaporite_host|clay|fish,none,open water (lake/inland sea),30,2,588.76,0.0,751.6,3.19,glacial till,none/ocean,Basin sediment,True,moraine
H+31+02,lake,lake,modest,evaporite_host|clay|fish,none,open water (lake/inland sea),31,2,588.76,0.0,756.2,3.14,glacial till,none/ocean,Basin sediment,True,moraine
H+32+02,lake,lake,modest,evaporite_host|clay|fish,none,open water (lake/inland sea),32,2,588.76,0.0,764.9,3.08,glacial till,none/ocean,Basin sediment,True,moraine
H+33+02,lake,lake,modest,evaporite_host|fish,none,open water (lake/inland sea),33,2,588.76,0.0,777.3,3.04,glacial till,none/ocean,Basin sediment,True,moraine
H+34+02,lake,lake,modest,evaporite_host|fish,none,open water (lake/inland sea),34,2,588.76,0.0,784.5,3.02,glacial till,none/ocean,Basin sediment,True,moraine
H+35+02,lake,lake,modest,evaporite_host|fish,none,open water (lake/inland sea),35,2,588.76,0.0,782.8,3.03,glacial till,none/ocean,Basin sediment,True,moraine
H+36+02,lake,lake,modest,evaporite_host|fish,none,open water (lake/inland sea),36,2,588.76,0.0,779.6,3.07,glacial till,none/ocean,Basin sediment,True,moraine
H+37+02,lake,lake,modest,evaporite_host|fish,none,open water (lake/inland sea),37,2,588.76,0.0,788.7,3.1,glacial till,none/ocean,Basin sediment,True,moraine
H+38+02,lake,lake,modest,evaporite_host|fish,none,open water (lake/inland sea),38,2,588.76,4.786,802.6,3.11,glacial till,none/ocean,Basin sediment,True,moraine
H+39+02,boreal,none,modest,none,farmstead,"adequate food, route access",39,2,732.35,7.546,951.6,2.16,glacial till,boreal forest,Suture metamorphic,False,moraine
H+40+02,boreal,none,modest,none,farmstead,"adequate food, route access",40,2,552.34,7.262,781.7,3.31,glacial till,boreal forest,Suture metamorphic,False,moraine
H+41+02,boreal,none,modest,timber,farmstead,"adequate food, route access",41,2,379.75,6.847,810.3,4.42,glacial till,boreal forest,Suture metamorphic,False,moraine
H+42+02,boreal,none,modest,none,village,"fresh water, adequate food, route access",42,2,245.24,5.651,794.5,5.28,glacial till,boreal forest,Suture metamorphic,False,outwash
H+43+02,boreal,none,modest,none,village,"fresh water, adequate food, route access",43,2,181.57,6.375,791.7,5.69,sandy coastal,boreal forest,Coastal sediment,False,none
H+44+02,coast,none,none,none,farmstead,"fresh water, route access",44,2,25.33,6.322,799.0,6.71,glacial till,coastal scrub,Coastal sediment,False,rebound_coast
H+45+02,ocean,ocean,modest,fish,none,ocean,45,2,-8.11,2.129,881.5,6.86,none/ocean,none/ocean,Oceanic basalt,False,
H+46+02,ocean,ocean,modest,fish,none,ocean,46,2,-34.5,1.974,883.1,6.84,none/ocean,none/ocean,Oceanic basalt,False,
H+47+02,ocean,ocean,modest,fish,none,ocean,47,2,-51.35,2.131,882.8,6.82,none/ocean,none/ocean,Oceanic basalt,False,
H+48+02,ocean,ocean,modest,fish,none,ocean,48,2,-72.44,2.144,864.2,6.81,none/ocean,none/ocean,Oceanic basalt,False,
H+49+02,ocean,ocean,modest,fish,none,ocean,49,2,-96.94,2.023,839.4,6.81,none/ocean,none/ocean,Oceanic basalt,False,
H+50+02,ocean,ocean,modest,fish,none,ocean,50,2,-116.34,2.578,840.8,6.83,none/ocean,none/ocean,Oceanic basalt,False,
H+51+02,ocean,ocean,modest,fish,none,ocean,51,2,-128.24,4.214,870.0,6.88,none/ocean,none/ocean,Oceanic basalt,False,
H+52+02,ocean,ocean,modest,fish,none,ocean,52,2,-1.83,4.214,889.3,6.92,none/ocean,none/ocean,Oceanic basalt,False,
H+53+02,ocean,ocean,modest,fish,none,ocean,53,2,-6.59,1.68,895.4,6.96,none/ocean,none/ocean,Oceanic basalt,False,
H+54+02,ocean,ocean,modest,fish,none,ocean,54,2,-10.61,1.611,896.4,7.0,none/ocean,none/ocean,Oceanic basalt,False,
H+55+02,ocean,ocean,modest,fish,none,ocean,55,2,-17.17,1.668,881.6,7.01,none/ocean,none/ocean,Oceanic basalt,False,
H+56+02,ocean,ocean,modest,fish,none,ocean,56,2,-15.26,2.111,853.7,7.01,none/ocean,none/ocean,Oceanic basalt,False,
H+57+02,ocean,ocean,modest,fish,none,ocean,57,2,-2.64,1.878,832.0,6.98,none/ocean,none/ocean,Oceanic basalt,False,
H+58+02,coast,none,none,clay,farmstead,"fresh water, route access",58,2,4.94,1.967,742.2,6.91,glacial till,coastal scrub,Coastal sediment,False,rebound_coast
H+59+02,coast,none,none,clay,farmstead,"fresh water, route access",59,2,2.56,2.234,723.5,6.87,glacial till,coastal scrub,Coastal sediment,False,rebound_coast
H+60+02,ocean,ocean,modest,fish,none,ocean,60,2,-54.35,3.538,775.3,6.83,none/ocean,none/ocean,Oceanic basalt,False,
H+61+02,ocean,ocean,modest,fish,none,ocean,61,2,-63.31,0.345,760.8,6.75,none/ocean,none/ocean,Oceanic basalt,False,
H+62+02,ocean,ocean,modest,fish,none,ocean,62,2,-72.46,0.397,736.3,6.66,none/ocean,none/ocean,Oceanic basalt,False,
H+63+02,ocean,ocean,modest,fish,none,ocean,63,2,-68.1,1.111,714.3,6.57,none/ocean,none/ocean,Oceanic basalt,False,
H+64+02,ocean,ocean,modest,fish,none,ocean,64,2,-65.39,1.228,716.7,6.49,none/ocean,none/ocean,Oceanic basalt,False,
H+65+02,ocean,ocean,modest,fish,none,ocean,65,2,-61.42,1.462,728.5,6.43,none/ocean,none/ocean,Oceanic basalt,False,
H+66+02,ocean,ocean,modest,fish,none,ocean,66,2,-102.01,1.353,731.8,6.41,none/ocean,none/ocean,Oceanic basalt,False,
H+67+02,ocean,ocean,modest,fish,none,ocean,67,2,-104.62,1.208,737.5,6.42,none/ocean,none/ocean,Oceanic basalt,False,
H+68+02,ocean,ocean,modest,fish,none,ocean,68,2,-108.22,0.348,740.3,6.44,none/ocean,none/ocean,Oceanic basalt,False,
H+69+02,ocean,ocean,modest,fish,none,ocean,69,2,-113.77,0.387,737.2,6.48,none/ocean,none/ocean,Oceanic basalt,False,
H+70+02,ocean,ocean,modest,fish,none,ocean,70,2,-119.56,0.313,736.5,6.52,none/ocean,none/ocean,Oceanic basalt,False,
H+71+02,ocean,ocean,modest,fish,none,ocean,71,2,-123.76,0.241,743.5,6.58,none/ocean,none/ocean,Oceanic basalt,False,
H+72+02,ocean,ocean,modest,fish,none,ocean,72,2,-122.02,0.058,748.0,6.64,none/ocean,none/ocean,Oceanic basalt,False,
H+73+02,ocean,ocean,modest,fish,none,ocean,73,2,-120.79,0.07,729.8,6.72,none/ocean,none/ocean,Oceanic basalt,False,
H+74+02,ocean,ocean,modest,fish,none,ocean,74,2,-118.69,0.114,701.5,6.8,none/ocean,none/ocean,Oceanic basalt,False,
H+75+02,ocean,ocean,modest,fish,none,ocean,75,2,-115.55,0.105,687.3,6.88,none/ocean,none/ocean,Oceanic basalt,False,
H+76+02,ocean,ocean,modest,fish,none,ocean,76,2,-113.74,0.123,674.6,6.94,none/ocean,none/ocean,Oceanic basalt,False,
H+77+02,ocean,ocean,modest,fish,none,ocean,77,2,-111.87,0.152,660.6,6.97,none/ocean,none/ocean,Oceanic basalt,False,
H+78+02,ocean,ocean,modest,fish,none,ocean,78,2,-110.96,0.116,649.7,6.99,none/ocean,none/ocean,Oceanic basalt,False,
H+79+02,ocean,ocean,modest,fish,none,ocean,79,2,-111.73,0.054,644.6,7.02,none/ocean,none/ocean,Oceanic basalt,False,
H+00+03,ocean,ocean,modest,fish,none,ocean,0,3,-240.08,0.109,875.4,6.8,none/ocean,none/ocean,Oceanic basalt,False,
H+01+03,ocean,ocean,modest,fish,none,ocean,1,3,-238.23,0.173,881.6,6.81,none/ocean,none/ocean,Oceanic basalt,False,
H+02+03,ocean,ocean,modest,fish,none,ocean,2,3,-234.15,0.136,895.0,6.84,none/ocean,none/ocean,Oceanic basalt,False,
H+03+03,ocean,ocean,modest,fish,none,ocean,3,3,-233.72,0.166,909.7,6.87,none/ocean,none/ocean,Oceanic basalt,False,
H+04+03,ocean,ocean,modest,fish,none,ocean,4,3,-236.02,0.196,925.6,6.89,none/ocean,none/ocean,Oceanic basalt,False,
H+05+03,ocean,ocean,modest,fish,none,ocean,5,3,-237.76,0.187,928.8,6.9,none/ocean,none/ocean,Oceanic basalt,False,
H+06+03,ocean,ocean,modest,fish,none,ocean,6,3,-237.66,0.152,918.8,6.88,none/ocean,none/ocean,Oceanic basalt,False,
H+07+03,ocean,ocean,modest,fish,none,ocean,7,3,-236.71,0.095,915.9,6.86,none/ocean,none/ocean,Oceanic basalt,False,
H+08+03,ocean,ocean,modest,fish,none,ocean,8,3,-238.27,0.215,917.7,6.84,none/ocean,none/ocean,Oceanic basalt,False,
H+09+03,ocean,ocean,modest,fish,none,ocean,9,3,-236.1,0.329,911.7,6.83,none/ocean,none/ocean,Oceanic basalt,False,
H+10+03,ocean,ocean,modest,fish,none,ocean,10,3,-226.23,0.367,906.6,6.84,none/ocean,none/ocean,Oceanic basalt,False,
H+11+03,ocean,ocean,modest,fish,none,ocean,11,3,-215.23,6.218,902.1,6.87,none/ocean,none/ocean,Oceanic basalt,False,
H+12+03,ocean,ocean,modest,fish,none,ocean,12,3,-48.38,5.562,881.3,6.93,none/ocean,none/ocean,Oceanic basalt,False,
H+13+03,ocean,ocean,modest,fish,none,ocean,13,3,-60.24,0.617,855.2,6.99,none/ocean,none/ocean,Oceanic basalt,False,
H+14+03,ocean,ocean,modest,fish,none,ocean,14,3,-64.77,0.446,837.9,7.05,none/ocean,none/ocean,Oceanic basalt,False,
H+15+03,ocean,ocean,modest,fish,none,ocean,15,3,-55.63,0.461,825.4,7.11,none/ocean,none/ocean,Oceanic basalt,False,
H+16+03,ocean,ocean,modest,fish,none,ocean,16,3,-54.49,0.423,813.4,7.17,none/ocean,none/ocean,Oceanic basalt,False,
H+17+03,ocean,ocean,modest,fish,none,ocean,17,3,-53.68,4.991,797.2,7.22,none/ocean,none/ocean,Oceanic basalt,False,
H+18+03,ocean,ocean,modest,fish,none,ocean,18,3,-42.69,5.269,787.7,7.27,none/ocean,none/ocean,Oceanic basalt,False,
H+19+03,forest,river,good,timber|clay,town,"fresh water, adequate food, route access",19,3,111.97,5.155,713.7,6.58,glacial till,temperate forest,Coastal sediment,False,rebound_coast
H+20+03,boreal,none,modest,timber|clay,village,"fresh water, adequate food, route access",20,3,218.45,7.93,711.4,5.92,glacial till,boreal forest,Coastal sediment,False,outwash
H+21+03,boreal,none,modest,timber|clay,town,"fresh water, adequate food, route access",21,3,265.15,1.557,711.7,5.64,glacial till,boreal forest,Coastal sediment,False,outwash
H+22+03,boreal,none,modest,timber|clay,farmstead,"adequate food, route access",22,3,270.37,0.174,712.7,5.62,glacial till,boreal forest,Coastal sediment,False,moraine
H+23+03,boreal,none,modest,timber|clay,farmstead,"adequate food, route access",23,3,272.0,0.112,717.3,5.6,glacial till,boreal forest,Coastal sediment,False,moraine
H+24+03,boreal,none,modest,timber|metals,farmstead,"adequate food, route access",24,3,275.36,2.561,727.8,5.56,glacial till,boreal forest,Suture metamorphic,False,moraine
H+25+03,boreal,none,modest,timber|metals,farmstead,"adequate food, route access",25,3,352.18,4.253,733.4,5.04,glacial till,boreal forest,Suture metamorphic,False,moraine
H+26+03,boreal,none,modest,timber|stone|metals,farmstead,"adequate food, route access",26,3,479.76,5.869,758.0,4.2,glacial till,boreal forest,Suture metamorphic,False,moraine
H+27+03,boreal,none,modest,timber|stone|metals,farmstead,"adequate food, route access",27,3,655.83,5.869,853.7,3.04,glacial till,boreal forest,Suture metamorphic,False,moraine
H+28+03,lake,lake,modest,evaporite_host|clay|fish,none,open water (lake/inland sea),28,3,588.76,3.938,729.9,3.47,glacial till,none/ocean,Basin sediment,True,moraine
H+29+03,lake,lake,modest,evaporite_host|clay|fish,none,open water (lake/inland sea),29,3,588.76,0.0,758.4,3.46,glacial till,none/ocean,Basin sediment,True,moraine
H+30+03,lake,lake,modest,evaporite_host|clay|fish,none,open water (lake/inland sea),30,3,588.76,0.0,769.1,3.45,glacial till,none/ocean,Basin sediment,True,moraine
H+31+03,lake,lake,modest,evaporite_host|clay|fish,none,open water (lake/inland sea),31,3,588.76,0.0,777.6,3.43,glacial till,none/ocean,Basin sediment,True,moraine
H+32+03,lake,lake,modest,evaporite_host|fish,none,open water (lake/inland sea),32,3,588.76,0.0,785.8,3.4,glacial till,none/ocean,Basin sediment,True,moraine
H+33+03,lake,lake,modest,evaporite_host|fish,none,open water (lake/inland sea),33,3,588.76,0.0,794.5,3.36,glacial till,none/ocean,Basin sediment,True,moraine
H+34+03,lake,lake,modest,evaporite_host|fish,none,open water (lake/inland sea),34,3,588.76,0.0,796.4,3.33,glacial till,none/ocean,Basin sediment,True,moraine
H+35+03,lake,lake,modest,evaporite_host|fish,none,open water (lake/inland sea),35,3,588.76,0.0,789.3,3.32,glacial till,none/ocean,Basin sediment,True,moraine
H+36+03,lake,lake,modest,evaporite_host|fish,none,open water (lake/inland sea),36,3,588.76,0.0,783.5,3.32,glacial till,none/ocean,Basin sediment,True,moraine
H+37+03,lake,lake,modest,evaporite_host|fish,none,open water (lake/inland sea),37,3,588.76,0.0,791.4,3.31,glacial till,none/ocean,Basin sediment,True,moraine
H+38+03,lake,lake,modest,evaporite_host|fish,none,open water (lake/inland sea),38,3,588.76,5.644,806.0,3.3,glacial till,none/ocean,Basin sediment,True,moraine
H+39+03,boreal,none,modest,timber,farmstead,"adequate food, route access",39,3,758.08,6.858,1003.8,2.17,glacial till,boreal forest,Suture metamorphic,False,moraine
H+40+03,boreal,none,modest,timber|stone,farmstead,"adequate food, route access",40,3,585.17,6.847,794.0,3.27,glacial till,boreal forest,Suture metamorphic,False,moraine
H+41+03,boreal,none,modest,timber|stone,farmstead,"adequate food, route access",41,3,414.79,6.555,824.4,4.36,glacial till,boreal forest,Suture metamorphic,False,moraine
H+42+03,boreal,none,modest,timber,village,"fresh water, adequate food, route access",42,3,281.91,5.642,805.3,5.21,glacial till,boreal forest,Suture metamorphic,False,outwash
H+43+03,boreal,none,modest,timber,village,"fresh water, adequate food, route access",43,3,215.0,6.322,793.5,5.64,glacial till,boreal forest,Coastal sediment,False,outwash
H+44+03,coast,none,none,none,farmstead,"fresh water, route access",44,3,55.77,6.24,791.6,6.67,glacial till,coastal scrub,Coastal sediment,False,rebound_coast
H+45+03,coast,none,none,none,farmstead,"fresh water, route access",45,3,24.71,6.546,789.6,6.87,glacial till,coastal scrub,Coastal sediment,False,overdeep_basin;rebound_coast
H+46+03,coast,none,none,clay,farmstead,"fresh water, route access",46,3,3.98,2.07,789.4,7.01,glacial till,coastal scrub,Coastal sediment,False,overdeep_basin;rebound_coast
H+47+03,ocean,ocean,modest,fish,none,ocean,47,3,-17.62,2.256,865.2,7.04,none/ocean,none/ocean,Oceanic basalt,False,
H+48+03,ocean,ocean,modest,fish,none,ocean,48,3,-36.26,2.085,847.4,7.05,none/ocean,none/ocean,Oceanic basalt,False,
H+49+03,ocean,ocean,modest,fish,none,ocean,49,3,-56.91,1.981,826.9,7.07,none/ocean,none/ocean,Oceanic basalt,False,
H+50+03,ocean,ocean,modest,fish,none,ocean,50,3,-76.3,1.963,827.6,7.1,none/ocean,none/ocean,Oceanic basalt,False,
H+51+03,ocean,ocean,modest,fish,none,ocean,51,3,-86.14,5.762,852.4,7.14,none/ocean,none/ocean,Oceanic basalt,False,
H+52+03,coast,none,none,clay,farmstead,"fresh water, route access",52,3,42.34,4.283,792.3,6.91,glacial till,coastal scrub,Coastal sediment,False,rebound_coast
H+53+03,coast,none,none,clay,farmstead,"fresh water, route access",53,3,36.21,1.682,799.0,6.99,glacial till,coastal scrub,Coastal sediment,False,rebound_coast
H+54+03,coast,none,none,clay,farmstead,"fresh water, route access",54,3,29.6,1.902,800.1,7.06,glacial till,coastal scrub,Coastal sediment,False,rebound_coast
H+55+03,coast,none,none,clay,farmstead,"fresh water, route access",55,3,32.85,1.729,787.8,7.05,glacial till,coastal scrub,Coastal sediment,False,rebound_coast
H+56+03,coast,none,none,clay,farmstead,"fresh water, route access",56,3,48.07,2.111,763.8,6.94,glacial till,coastal scrub,Coastal sediment,False,rebound_coast
H+57+03,coast,none,none,clay,farmstead,"fresh water, route access",57,3,50.1,1.758,742.1,6.88,glacial till,coastal scrub,Coastal sediment,False,rebound_coast
H+58+03,coast,none,none,clay,farmstead,"fresh water, route access",58,3,51.32,1.625,724.0,6.81,glacial till,coastal scrub,Coastal sediment,False,rebound_coast
H+59+03,coast,none,none,clay,farmstead,"fresh water, route access",59,3,51.79,3.538,707.1,6.73,glacial till,coastal scrub,Coastal sediment,False,rebound_coast
H+60+03,ocean,ocean,modest,fish,none,ocean,60,3,-52.95,4.982,765.5,6.99,none/ocean,none/ocean,Oceanic basalt,False,
H+61+03,ocean,ocean,modest,fish,none,ocean,61,3,-60.55,0.43,756.3,6.92,none/ocean,none/ocean,Oceanic basalt,False,
H+62+03,ocean,ocean,modest,fish,none,ocean,62,3,-73.46,0.43,734.3,6.84,none/ocean,none/ocean,Oceanic basalt,False,
H+63+03,ocean,ocean,modest,fish,none,ocean,63,3,-79.77,0.479,713.5,6.77,none/ocean,none/ocean,Oceanic basalt,False,
H+64+03,ocean,ocean,modest,fish,none,ocean,64,3,-77.89,0.549,715.1,6.71,none/ocean,none/ocean,Oceanic basalt,False,
H+65+03,ocean,ocean,modest,fish,none,ocean,65,3,-71.35,1.022,725.5,6.67,none/ocean,none/ocean,Oceanic basalt,False,
H+66+03,ocean,ocean,modest,fish,none,ocean,66,3,-68.39,1.208,727.1,6.65,none/ocean,none/ocean,Oceanic basalt,False,
H+67+03,ocean,ocean,modest,fish,none,ocean,67,3,-101.67,1.211,731.2,6.66,none/ocean,none/ocean,Oceanic basalt,False,
H+68+03,ocean,ocean,modest,fish,none,ocean,68,3,-104.66,1.311,734.4,6.7,none/ocean,none/ocean,Oceanic basalt,False,
H+69+03,ocean,ocean,modest,fish,none,ocean,69,3,-110.18,0.351,731.8,6.74,none/ocean,none/ocean,Oceanic basalt,False,
H+70+03,ocean,ocean,modest,fish,none,ocean,70,3,-116.52,0.372,730.5,6.8,none/ocean,none/ocean,Oceanic basalt,False,
H+71+03,ocean,ocean,modest,fish,none,ocean,71,3,-122.56,0.38,734.2,6.86,none/ocean,none/ocean,Oceanic basalt,False,
H+72+03,ocean,ocean,modest,fish,none,ocean,72,3,-122.14,0.163,736.4,6.91,none/ocean,none/ocean,Oceanic basalt,False,
H+73+03,ocean,ocean,modest,fish,none,ocean,73,3,-119.71,0.081,722.5,6.97,none/ocean,none/ocean,Oceanic basalt,False,
H+74+03,ocean,ocean,modest,fish,none,ocean,74,3,-118.16,0.087,700.0,7.01,none/ocean,none/ocean,Oceanic basalt,False,
H+75+03,ocean,ocean,modest,fish,none,ocean,75,3,-117.43,0.123,686.4,7.05,none/ocean,none/ocean,Oceanic basalt,False,
H+76+03,ocean,ocean,modest,fish,none,ocean,76,3,-116.43,0.152,673.5,7.08,none/ocean,none/ocean,Oceanic basalt,False,
H+77+03,ocean,ocean,modest,fish,none,ocean,77,3,-114.43,0.116,659.5,7.1,none/ocean,none/ocean,Oceanic basalt,False,
H+78+03,ocean,ocean,modest,fish,none,ocean,78,3,-113.36,0.09,648.2,7.14,none/ocean,none/ocean,Oceanic basalt,False,
H+79+03,ocean,ocean,modest,fish,none,ocean,79,3,-113.2,0.069,643.2,7.19,none/ocean,none/ocean,Oceanic basalt,False,
H+00+04,ocean,ocean,modest,fish,none,ocean,0,4,-236.82,0.111,871.4,7.08,none/ocean,none/ocean,Oceanic basalt,False,
H+01+04,ocean,ocean,modest,fish,none,ocean,1,4,-236.4,0.097,877.8,7.09,none/ocean,none/ocean,Oceanic basalt,False,
H+02+04,ocean,ocean,modest,fish,none,ocean,2,4,-236.56,0.116,891.9,7.13,none/ocean,none/ocean,Oceanic basalt,False,
H+03+04,ocean,ocean,modest,fish,none,ocean,3,4,-238.69,0.21,904.3,7.17,none/ocean,none/ocean,Oceanic basalt,False,
H+04+04,ocean,ocean,modest,fish,none,ocean,4,4,-241.9,0.196,911.2,7.21,none/ocean,none/ocean,Oceanic basalt,False,
H+05+04,ocean,ocean,modest,fish,none,ocean,5,4,-241.49,0.128,910.5,7.22,none/ocean,none/ocean,Oceanic basalt,False,
H+06+04,ocean,ocean,modest,fish,none,ocean,6,4,-238.41,0.103,912.5,7.21,none/ocean,none/ocean,Oceanic basalt,False,
H+07+04,ocean,ocean,modest,fish,none,ocean,7,4,-237.28,0.051,914.7,7.18,none/ocean,none/ocean,Oceanic basalt,False,
H+08+04,ocean,ocean,modest,fish,none,ocean,8,4,-238.19,0.114,910.0,7.15,none/ocean,none/ocean,Oceanic basalt,False,
H+09+04,ocean,ocean,modest,fish,none,ocean,9,4,-234.79,0.35,899.2,7.13,none/ocean,none/ocean,Oceanic basalt,False,
H+10+04,ocean,ocean,modest,fish,none,ocean,10,4,-224.27,6.52,887.2,7.13,none/ocean,none/ocean,Oceanic basalt,False,
H+11+04,ocean,ocean,modest,fish,none,ocean,11,4,-28.69,6.52,873.5,7.16,none/ocean,none/ocean,Oceanic basalt,False,
H+12+04,ocean,ocean,modest,fish,none,ocean,12,4,-41.72,0.617,851.0,7.22,none/ocean,none/ocean,Oceanic basalt,False,
H+13+04,ocean,ocean,modest,fish,none,ocean,13,4,-51.4,0.737,823.5,7.28,none/ocean,none/ocean,Oceanic basalt,False,
H+14+04,ocean,ocean,modest,fish,none,ocean,14,4,-54.62,0.72,810.1,7.34,none/ocean,none/ocean,Oceanic basalt,False,
H+15+04,ocean,ocean,modest,fish,none,ocean,15,4,-53.41,0.673,801.8,7.4,none/ocean,none/ocean,Oceanic basalt,False,
H+16+04,ocean,ocean,modest,fish,none,ocean,16,4,-58.29,0.314,795.6,7.46,none/ocean,none/ocean,Oceanic basalt,False,
H+17+04,ocean,ocean,modest,fish,none,ocean,17,4,-51.93,0.418,800.1,7.5,none/ocean,none/ocean,Oceanic basalt,False,
H+18+04,ocean,ocean,modest,fish,none,ocean,18,4,-39.38,5.045,804.8,7.54,none/ocean,none/ocean,Oceanic basalt,False,
H+19+04,ocean,ocean,modest,fish,none,ocean,19,4,-19.44,9.47,801.2,7.57,none/ocean,none/ocean,Oceanic basalt,False,
H+20+04,boreal,river,modest,timber|clay,village,"fresh water, adequate food, route access",20,4,264.64,9.591,725.9,5.87,glacial till,boreal forest,Coastal sediment,False,outwash
H+21+04,boreal,river,modest,timber|clay,town,"fresh water, adequate food, route access",21,4,269.86,1.465,728.9,5.85,glacial till,boreal forest,Coastal sediment,False,outwash
H+22+04,boreal,none,modest,timber|clay,farmstead,"adequate food, route access",22,4,271.49,1.462,733.2,5.84,glacial till,boreal forest,Coastal sediment,False,outwash
H+23+04,boreal,none,modest,timber|clay,farmstead,"adequate food, route access",23,4,274.85,1.35,739.7,5.81,glacial till,boreal forest,Coastal sediment,False,outwash
H+24+04,boreal,none,modest,timber|metals,farmstead,"adequate food, route access",24,4,314.98,2.589,751.6,5.52,glacial till,boreal forest,Suture metamorphic,False,outwash
H+25+04,boreal,none,modest,timber|metals,farmstead,"adequate food, route access",25,4,392.65,4.478,757.1,4.99,glacial till,boreal forest,Suture metamorphic,False,moraine
H+26+04,boreal,none,modest,timber|stone,farmstead,"adequate food, route access",26,4,526.98,5.997,802.6,4.09,glacial till,boreal forest,Suture metamorphic,False,moraine
H+27+04,boreal,none,modest,timber|stone,farmstead,"adequate food, route access",27,4,706.89,5.997,911.7,2.9,glacial till,boreal forest,Suture metamorphic,False,moraine
H+28+04,lake,lake,modest,evaporite_host|clay|fish,none,open water (lake/inland sea),28,4,588.76,5.604,737.9,3.67,glacial till,none/ocean,Basin sediment,True,moraine
H+29+04,lake,lake,modest,evaporite_host|clay|fish,none,open water (lake/inland sea),29,4,588.76,0.0,768.1,3.69,glacial till,none/ocean,Basin sediment,True,moraine
H+30+04,lake,lake,modest,evaporite_host|clay|fish,none,open water (lake/inland sea),30,4,588.76,0.0,782.3,3.71,glacial till,none/ocean,Basin sediment,True,moraine
H+31+04,lake,lake,modest,evaporite_host|fish,none,open water (lake/inland sea),31,4,588.76,0.0,797.6,3.72,glacial till,none/ocean,Basin sediment,True,moraine
H+32+04,lake,lake,modest,evaporite_host|fish,none,open water (lake/inland sea),32,4,588.76,0.0,806.0,3.72,glacial till,none/ocean,Basin sediment,True,moraine
H+33+04,lake,lake,modest,evaporite_host|fish,none,open water (lake/inland sea),33,4,588.76,0.0,812.0,3.7,glacial till,none/ocean,Basin sediment,True,moraine
H+34+04,lake,lake,modest,evaporite_host|fish,none,open water (lake/inland sea),34,4,588.76,0.0,810.0,3.66,glacial till,none/ocean,Basin sediment,True,moraine
H+35+04,lake,lake,modest,evaporite_host|fish,none,open water (lake/inland sea),35,4,588.76,0.0,798.3,3.61,glacial till,none/ocean,Basin sediment,True,moraine
H+36+04,lake,lake,modest,evaporite_host|fish,none,open water (lake/inland sea),36,4,588.76,0.0,790.3,3.57,glacial till,none/ocean,Basin sediment,True,moraine
H+37+04,lake,lake,modest,evaporite_host|fish,none,open water (lake/inland sea),37,4,588.76,0.0,790.9,3.53,glacial till,none/ocean,Basin sediment,True,moraine
H+38+04,lake,lake,modest,evaporite_host|fish,none,open water (lake/inland sea),38,4,588.76,6.572,797.1,3.49,glacial till,none/ocean,Basin sediment,True,moraine
H+39+04,boreal,none,modest,timber,farmstead,"adequate food, route access",39,4,785.91,6.691,1048.5,2.18,glacial till,boreal forest,Suture metamorphic,False,moraine
H+40+04,boreal,none,modest,timber|stone,farmstead,"adequate food, route access",40,4,611.43,6.555,797.8,3.28,glacial till,boreal forest,Suture metamorphic,False,moraine
H+41+04,boreal,none,modest,timber|stone,farmstead,"adequate food, route access",41,4,451.16,6.18,827.9,4.3,glacial till,boreal forest,Suture metamorphic,False,moraine
H+42+04,boreal,none,modest,timber,farmstead,"adequate food, route access",42,4,312.3,5.334,813.7,5.18,glacial till,boreal forest,Suture metamorphic,False,outwash
H+43+04,boreal,none,modest,timber|clay,village,"fresh water, adequate food, route access",43,4,242.98,6.24,796.2,5.62,glacial till,boreal forest,Coastal sediment,False,outwash
H+44+04,boreal,none,modest,timber|clay,village,"fresh water, adequate food, route access",44,4,221.08,6.546,785.2,5.76,glacial till,boreal forest,Coastal sediment,False,outwash
H+45+04,coast,none,none,clay,farmstead,"fresh water, route access",45,4,66.07,6.443,778.4,6.78,glacial till,coastal scrub,Coastal sediment,False,rebound_coast
H+46+04,coast,none,none,clay,farmstead,"fresh water, route access",46,4,50.05,6.238,774.4,6.9,glacial till,coastal scrub,Coastal sediment,False,overdeep_basin;rebound_coast
H+47+04,coast,none,none,clay,farmstead,"fresh water, route access",47,4,26.28,2.293,765.9,7.09,glacial till,coastal scrub,Coastal sediment,False,rebound_coast
H+48+04,coast,none,none,clay,farmstead,"fresh water, route access",48,4,2.33,2.544,753.6,7.28,glacial till,coastal scrub,Coastal sediment,False,rebound_coast
H+49+04,ocean,ocean,modest,fish,none,ocean,49,4,-17.39,2.474,820.9,7.33,none/ocean,none/ocean,Oceanic basalt,False,
H+50+04,ocean,ocean,modest,fish,none,ocean,50,4,-32.29,6.084,820.2,7.37,none/ocean,none/ocean,Oceanic basalt,False,
H+51+04,forest,none,good,timber|clay,town,"fresh water, adequate food, route access",51,4,86.72,5.762,754.3,6.85,glacial till,temperate forest,Coastal sediment,False,rebound_coast
H+52+04,forest,none,good,timber|clay,town,"fresh water, adequate food, route access",52,4,86.68,1.835,766.7,6.89,glacial till,temperate forest,Coastal sediment,False,rebound_coast
H+53+04,forest,none,good,timber|clay,town,"fresh water, adequate food, route access",53,4,86.66,1.902,773.5,6.92,glacial till,temperate forest,Coastal sediment,False,rebound_coast
H+54+04,coast,none,none,clay,farmstead,"fresh water, route access",54,4,77.84,1.977,774.4,7.0,glacial till,coastal scrub,Coastal sediment,False,rebound_coast
H+55+04,forest,none,good,timber|clay,town,"fresh water, adequate food, route access",55,4,84.73,1.729,766.1,6.97,glacial till,temperate forest,Coastal sediment,False,rebound_coast
H+56+04,forest,none,good,timber|clay,town,"fresh water, adequate food, route access",56,4,92.89,1.494,747.6,6.9,glacial till,temperate forest,Coastal sediment,False,rebound_coast
H+57+04,forest,none,good,timber|clay,town,"fresh water, adequate food, route access",57,4,90.46,1.345,721.8,6.85,glacial till,temperate forest,Coastal sediment,False,rebound_coast
H+58+04,grassland,none,good,clay,town,"fresh water, strong food, route access",58,4,91.22,1.354,692.6,6.76,glacial till,grassland/pasture,Coastal sediment,False,rebound_coast
H+59+04,grassland,none,good,clay,town,"fresh water, strong food, route access",59,4,96.5,4.988,677.8,6.63,glacial till,grassland/pasture,Coastal sediment,False,rebound_coast
H+60+04,ocean,ocean,modest,fish,none,ocean,60,4,-53.14,6.161,749.8,7.17,none/ocean,none/ocean,Oceanic basalt,False,
H+61+04,ocean,ocean,modest,fish,none,ocean,61,4,-61.7,0.392,749.2,7.1,none/ocean,none/ocean,Oceanic basalt,False,
H+62+04,ocean,ocean,modest,fish,none,ocean,62,4,-72.87,0.373,731.3,7.03,none/ocean,none/ocean,Oceanic basalt,False,
H+63+04,ocean,ocean,modest,fish,none,ocean,63,4,-80.06,0.243,712.7,6.98,none/ocean,none/ocean,Oceanic basalt,False,
H+64+04,ocean,ocean,modest,fish,none,ocean,64,4,-77.56,0.238,712.6,6.93,none/ocean,none/ocean,Oceanic basalt,False,
H+65+04,ocean,ocean,modest,fish,none,ocean,65,4,-70.41,0.517,720.8,6.9,none/ocean,none/ocean,Oceanic basalt,False,
H+66+04,ocean,ocean,modest,fish,none,ocean,66,4,-68.83,1.095,720.7,6.89,none/ocean,none/ocean,Oceanic basalt,False,
H+67+04,ocean,ocean,modest,fish,none,ocean,67,4,-65.34,1.311,722.4,6.91,none/ocean,none/ocean,Oceanic basalt,False,
H+68+04,ocean,ocean,modest,fish,none,ocean,68,4,-99.63,2.04,726.4,6.95,none/ocean,none/ocean,Oceanic basalt,False,
H+69+04,ocean,ocean,modest,fish,none,ocean,69,4,-105.37,2.232,725.9,7.01,none/ocean,none/ocean,Oceanic basalt,False,
H+70+04,ocean,ocean,modest,fish,none,ocean,70,4,-111.17,0.416,725.0,7.08,none/ocean,none/ocean,Oceanic basalt,False,
H+71+04,ocean,ocean,modest,fish,none,ocean,71,4,-117.26,0.441,721.6,7.14,none/ocean,none/ocean,Oceanic basalt,False,
H+72+04,ocean,ocean,modest,fish,none,ocean,72,4,-121.77,0.377,718.4,7.18,none/ocean,none/ocean,Oceanic basalt,False,
H+73+04,ocean,ocean,modest,fish,none,ocean,73,4,-119.34,0.114,714.7,7.21,none/ocean,none/ocean,Oceanic basalt,False,
H+74+04,ocean,ocean,modest,fish,none,ocean,74,4,-118.65,0.041,706.0,7.22,none/ocean,none/ocean,Oceanic basalt,False,
H+75+04,ocean,ocean,modest,fish,none,ocean,75,4,-118.72,0.076,692.6,7.22,none/ocean,none/ocean,Oceanic basalt,False,
H+76+04,ocean,ocean,modest,fish,none,ocean,76,4,-117.46,0.101,677.5,7.22,none/ocean,none/ocean,Oceanic basalt,False,
H+77+04,ocean,ocean,modest,fish,none,ocean,77,4,-116.06,0.09,663.0,7.23,none/ocean,none/ocean,Oceanic basalt,False,
H+78+04,ocean,ocean,modest,fish,none,ocean,78,4,-115.27,0.069,649.9,7.28,none/ocean,none/ocean,Oceanic basalt,False,
H+79+04,ocean,ocean,modest,fish,none,ocean,79,4,-114.42,0.055,644.1,7.36,none/ocean,none/ocean,Oceanic basalt,False,
H+00+05,ocean,ocean,modest,fish,none,ocean,0,5,-233.49,0.111,880.9,7.37,none/ocean,none/ocean,Oceanic basalt,False,
H+01+05,ocean,ocean,modest,fish,none,ocean,1,5,-234.68,0.179,886.5,7.39,none/ocean,none/ocean,Oceanic basalt,False,
H+02+05,ocean,ocean,modest,fish,none,ocean,2,5,-240.04,0.211,897.8,7.43,none/ocean,none/ocean,Oceanic basalt,False,
H+03+05,ocean,ocean,modest,fish,none,ocean,3,5,-244.98,0.21,903.8,7.48,none/ocean,none/ocean,Oceanic basalt,False,
H+04+05,ocean,ocean,modest,fish,none,ocean,4,5,-244.72,0.142,901.0,7.53,none/ocean,none/ocean,Oceanic basalt,False,
H+05+05,ocean,ocean,modest,fish,none,ocean,5,5,-240.45,0.142,893.7,7.55,none/ocean,none/ocean,Oceanic basalt,False,
H+06+05,ocean,ocean,modest,fish,none,ocean,6,5,-236.43,0.134,894.1,7.53,none/ocean,none/ocean,Oceanic basalt,False,
H+07+05,ocean,ocean,modest,fish,none,ocean,7,5,-235.74,0.147,892.7,7.5,none/ocean,none/ocean,Oceanic basalt,False,
H+08+05,ocean,ocean,modest,fish,none,ocean,8,5,-235.93,0.177,882.4,7.46,none/ocean,none/ocean,Oceanic basalt,False,
H+09+05,ocean,ocean,modest,fish,none,ocean,9,5,-231.01,6.852,868.9,7.44,none/ocean,none/ocean,Oceanic basalt,False,
H+10+05,ocean,ocean,modest,fish,none,ocean,10,5,-33.21,6.593,857.5,7.43,none/ocean,none/ocean,Oceanic basalt,False,
H+11+05,ocean,ocean,modest,fish,none,ocean,11,5,-32.51,0.377,846.2,7.46,none/ocean,none/ocean,Oceanic basalt,False,
H+12+05,ocean,ocean,modest,fish,none,ocean,12,5,-29.29,0.737,828.3,7.5,none/ocean,none/ocean,Oceanic basalt,False,
H+13+05,ocean,ocean,modest,fish,none,ocean,13,5,-33.02,0.72,806.8,7.56,none/ocean,none/ocean,Oceanic basalt,False,
H+14+05,ocean,ocean,modest,fish,none,ocean,14,5,-33.23,0.713,798.7,7.62,none/ocean,none/ocean,Oceanic basalt,False,
H+15+05,ocean,ocean,modest,fish,none,ocean,15,5,-48.86,0.7,794.3,7.68,none/ocean,none/ocean,Oceanic basalt,False,
H+16+05,ocean,ocean,modest,fish,none,ocean,16,5,-59.27,0.465,791.9,7.73,none/ocean,none/ocean,Oceanic basalt,False,
H+17+05,ocean,ocean,modest,fish,none,ocean,17,5,-45.33,0.465,802.3,7.77,none/ocean,none/ocean,Oceanic basalt,False,
H+18+05,ocean,ocean,modest,fish,none,ocean,18,5,-33.24,0.565,810.5,7.8,none/ocean,none/ocean,Oceanic basalt,False,
H+19+05,ocean,ocean,modest,fish,none,ocean,19,5,-23.1,10.946,807.3,7.82,none/ocean,none/ocean,Oceanic basalt,False,
H+20+05,boreal,none,modest,timber|clay,village,"fresh water, adequate food",20,5,305.28,11.112,732.7,5.85,glacial till,boreal forest,Coastal sediment,False,outwash
H+21+05,boreal,none,modest,timber|clay,village,"fresh water, adequate food, route access",21,5,313.81,4.791,736.8,5.8,glacial till,boreal forest,Coastal sediment,False,outwash
H+22+05,boreal,none,modest,timber|clay,farmstead,"adequate food, route access",22,5,315.34,1.462,741.7,5.79,glacial till,boreal forest,Coastal sediment,False,outwash
H+23+05,boreal,none,modest,timber|clay,farmstead,"adequate food, route access",23,5,314.47,1.321,749.2,5.78,glacial till,boreal forest,Coastal sediment,False,outwash
H+24+05,boreal,none,modest,timber,farmstead,"adequate food, route access",24,5,341.49,3.426,760.6,5.58,glacial till,boreal forest,Suture metamorphic,False,outwash
H+25+05,boreal,none,modest,timber|stone,farmstead,"adequate food, route access",25,5,444.28,4.572,779.7,4.87,glacial till,boreal forest,Suture metamorphic,False,outwash
H+26+05,boreal,none,modest,timber|stone,farmstead,"adequate food, route access",26,5,581.45,5.848,839.6,3.95,glacial till,boreal forest,Suture metamorphic,False,outwash
H+27+05,boreal,none,modest,timber|stone,farmstead,"adequate food, route access",27,5,756.88,6.303,953.0,2.79,glacial till,boreal forest,Suture metamorphic,False,moraine
H+28+05,lake,lake,modest,evaporite_host|clay|fish,none,open water (lake/inland sea),28,5,588.76,5.604,743.2,3.9,glacial till,none/ocean,Basin sediment,True,moraine
H+29+05,lake,lake,modest,evaporite_host|clay|fish,none,open water (lake/inland sea),29,5,588.76,0.0,782.6,3.93,glacial till,none/ocean,Basin sediment,True,moraine
H+30+05,lake,lake,modest,evaporite_host|clay|fish,none,open water (lake/inland sea),30,5,588.76,0.0,795.8,3.98,glacial till,none/ocean,Basin sediment,True,moraine
H+31+05,lake,lake,modest,evaporite_host|fish,none,open water (lake/inland sea),31,5,588.76,0.0,809.4,4.02,glacial till,none/ocean,Basin sediment,True,moraine
H+32+05,lake,lake,modest,evaporite_host|fish,none,open water (lake/inland sea),32,5,588.76,0.0,816.4,4.03,glacial till,none/ocean,Basin sediment,True,moraine
H+33+05,lake,lake,modest,evaporite_host|fish,none,open water (lake/inland sea),33,5,588.76,0.0,821.2,4.02,glacial till,none/ocean,Basin sediment,True,moraine
H+34+05,lake,lake,modest,evaporite_host|fish,none,open water (lake/inland sea),34,5,588.76,0.0,818.2,3.97,glacial till,none/ocean,Basin sediment,True,moraine
H+35+05,lake,lake,modest,evaporite_host|fish,none,open water (lake/inland sea),35,5,588.76,0.0,806.2,3.91,glacial till,none/ocean,Basin sediment,True,moraine
H+36+05,lake,lake,modest,evaporite_host|fish,none,open water (lake/inland sea),36,5,588.76,0.0,798.2,3.84,glacial till,none/ocean,Basin sediment,True,moraine
H+37+05,lake,lake,modest,evaporite_host|fish,none,open water (lake/inland sea),37,5,588.76,0.0,797.7,3.78,glacial till,none/ocean,Basin sediment,True,moraine
H+38+05,lake,lake,modest,evaporite_host|clay|fish,none,open water (lake/inland sea),38,5,588.76,6.572,801.5,3.72,glacial till,none/ocean,Basin sediment,True,moraine
H+39+05,lake,lake,modest,evaporite_host|clay|fish,none,open water (lake/inland sea),39,5,588.76,6.572,816.9,3.67,glacial till,none/ocean,Basin sediment,True,moraine
H+40+05,boreal,none,modest,timber|stone,farmstead,"adequate food, route access",40,5,636.57,6.18,871.7,3.32,glacial till,boreal forest,Suture metamorphic,False,moraine
H+41+05,boreal,none,modest,timber|stone,farmstead,"adequate food, route access",41,5,472.33,5.475,817.8,4.36,glacial till,boreal forest,Suture metamorphic,False,moraine
H+42+05,boreal,none,modest,limestone_karst|timber,farmstead,"adequate food, route access",42,5,346.09,4.208,809.0,5.16,glacial till,boreal forest,Suture metamorphic,False,outwash
H+43+05,boreal,none,modest,timber|clay,farmstead,"adequate food, route access",43,5,280.08,2.2,790.4,5.57,glacial till,boreal forest,Coastal sediment,False,outwash
H+44+05,boreal,none,modest,timber|clay,farmstead,"adequate food, route access",44,5,259.37,6.443,776.7,5.7,glacial till,boreal forest,Coastal sediment,False,outwash
H+45+05,boreal,none,modest,timber|clay,village,"fresh water, adequate food, route access",45,5,237.18,6.238,768.8,5.86,glacial till,boreal forest,Coastal sediment,False,outwash
H+46+05,forest,none,good,timber|clay,town,"fresh water, adequate food, route access",46,5,95.08,4.737,762.8,6.82,glacial till,temperate forest,Coastal sediment,False,rebound_coast
H+47+05,coast,none,none,clay,farmstead,"fresh water, route access",47,5,78.65,4.341,751.8,6.97,glacial till,coastal scrub,Coastal sediment,False,rebound_coast
H+48+05,coast,none,none,clay,farmstead,"fresh water, route access",48,5,56.81,4.498,740.1,7.17,glacial till,coastal scrub,Coastal sediment,False,rebound_coast
H+49+05,coast,none,none,clay,farmstead,"fresh water, route access",49,5,40.71,3.895,734.8,7.32,glacial till,coastal scrub,Coastal sediment,False,rebound_coast
H+50+05,forest,none,good,timber|clay,town,"fresh water, adequate food, route access",50,5,150.24,6.084,733.3,6.66,sandy coastal,temperate forest,Coastal sediment,False,none
H+51+05,forest,none,good,timber|clay,town,"fresh water, adequate food, route access",51,5,141.72,1.835,738.8,6.75,glacial till,temperate forest,Coastal sediment,False,rebound_coast
H+52+05,forest,none,good,timber|clay,village,"adequate food, route access",52,5,139.79,1.771,749.1,6.81,glacial till,temperate forest,Coastal sediment,False,rebound_coast
H+53+05,forest,none,good,timber|clay,village,"adequate food, route access",53,5,137.15,1.977,754.6,6.86,glacial till,temperate forest,Coastal sediment,False,rebound_coast
H+54+05,forest,none,good,timber|clay,village,"adequate food, route access",54,5,130.66,1.761,754.9,6.92,glacial till,temperate forest,Coastal sediment,False,rebound_coast
H+55+05,forest,none,good,timber|clay,village,"adequate food, route access",55,5,123.71,1.299,748.5,6.98,glacial till,temperate forest,Coastal sediment,False,rebound_coast
H+56+05,forest,none,good,timber|clay,village,"adequate food, route access",56,5,125.83,1.179,733.1,6.94,glacial till,temperate forest,Coastal sediment,False,rebound_coast
H+57+05,forest,none,good,timber|clay,village,"adequate food, route access",57,5,128.64,1.272,708.8,6.85,glacial till,temperate forest,Coastal sediment,False,rebound_coast
H+58+05,grassland,none,good,clay,town,"fresh water, strong food, route access",58,5,131.85,1.354,680.4,6.73,glacial till,grassland/pasture,Coastal sediment,False,rebound_coast
H+59+05,grassland,none,good,clay,town,"fresh water, strong food, route access",59,5,131.68,6.326,667.1,6.62,glacial till,grassland/pasture,Coastal sediment,False,rebound_coast
H+60+05,ocean,ocean,modest,fish,none,ocean,60,5,-58.1,6.326,738.5,7.38,none/ocean,none/ocean,Oceanic basalt,False,
H+61+05,ocean,ocean,modest,fish,none,ocean,61,5,-64.03,0.295,738.4,7.31,none/ocean,none/ocean,Oceanic basalt,False,
H+62+05,ocean,ocean,modest,fish,none,ocean,62,5,-72.76,0.291,723.1,7.26,none/ocean,none/ocean,Oceanic basalt,False,
H+63+05,ocean,ocean,modest,fish,none,ocean,63,5,-79.08,0.269,706.1,7.21,none/ocean,none/ocean,Oceanic basalt,False,
H+64+05,ocean,ocean,modest,fish,none,ocean,64,5,-71.0,0.537,703.8,7.18,none/ocean,none/ocean,Oceanic basalt,False,
H+65+05,ocean,ocean,modest,fish,none,ocean,65,5,-54.89,0.537,709.4,7.16,none/ocean,none/ocean,Oceanic basalt,False,
H+66+05,ocean,ocean,modest,fish,none,ocean,66,5,-56.3,0.418,709.7,7.15,none/ocean,none/ocean,Oceanic basalt,False,
H+67+05,ocean,ocean,modest,fish,none,ocean,67,5,-51.56,1.602,711.9,7.17,none/ocean,none/ocean,Oceanic basalt,False,
H+68+05,ocean,ocean,modest,fish,none,ocean,68,5,-38.43,2.232,717.4,7.22,none/ocean,none/ocean,Oceanic basalt,False,
H+69+05,ocean,ocean,modest,fish,none,ocean,69,5,-98.7,2.588,719.7,7.28,none/ocean,none/ocean,Oceanic basalt,False,
H+70+05,ocean,ocean,modest,fish,none,ocean,70,5,-104.02,2.765,720.6,7.35,none/ocean,none/ocean,Oceanic basalt,False,
H+71+05,ocean,ocean,modest,fish,none,ocean,71,5,-110.47,0.401,717.1,7.41,none/ocean,none/ocean,Oceanic basalt,False,
H+72+05,ocean,ocean,modest,fish,none,ocean,72,5,-115.91,0.382,713.5,7.44,none/ocean,none/ocean,Oceanic basalt,False,
H+73+05,ocean,ocean,modest,fish,none,ocean,73,5,-119.06,0.291,712.4,7.45,none/ocean,none/ocean,Oceanic basalt,False,
H+74+05,ocean,ocean,modest,fish,none,ocean,74,5,-118.5,0.098,707.1,7.43,none/ocean,none/ocean,Oceanic basalt,False,
H+75+05,ocean,ocean,modest,fish,none,ocean,75,5,-118.4,0.031,694.0,7.41,none/ocean,none/ocean,Oceanic basalt,False,
H+76+05,ocean,ocean,modest,fish,none,ocean,76,5,-117.71,0.055,678.6,7.39,none/ocean,none/ocean,Oceanic basalt,False,
H+77+05,ocean,ocean,modest,fish,none,ocean,77,5,-116.32,0.046,664.3,7.39,none/ocean,none/ocean,Oceanic basalt,False,
H+78+05,ocean,ocean,modest,fish,none,ocean,78,5,-116.08,0.055,651.6,7.45,none/ocean,none/ocean,Oceanic basalt,False,
H+79+05,ocean,ocean,modest,fish,none,ocean,79,5,-116.02,0.053,645.7,7.55,none/ocean,none/ocean,Oceanic basalt,False,
H+00+06,ocean,ocean,modest,fish,none,ocean,0,6,-231.03,0.121,894.0,7.69,none/ocean,none/ocean,Oceanic basalt,False,
H+01+06,ocean,ocean,modest,fish,none,ocean,1,6,-233.71,0.22,900.5,7.71,none/ocean,none/ocean,Oceanic basalt,False,
H+02+06,ocean,ocean,modest,fish,none,ocean,2,6,-240.32,0.273,910.8,7.75,none/ocean,none/ocean,Oceanic basalt,False,
H+03+06,ocean,ocean,modest,fish,none,ocean,3,6,-244.76,0.327,906.1,7.8,none/ocean,none/ocean,Oceanic basalt,False,
H+04+06,ocean,ocean,modest,fish,none,ocean,4,6,-243.57,0.255,886.0,7.84,none/ocean,none/ocean,Oceanic basalt,False,
H+05+06,ocean,ocean,modest,fish,none,ocean,5,6,-238.36,0.226,871.2,7.86,none/ocean,none/ocean,Oceanic basalt,False,
H+06+06,ocean,ocean,modest,fish,none,ocean,6,6,-232.63,0.235,871.8,7.84,none/ocean,none/ocean,Oceanic basalt,False,
H+07+06,ocean,ocean,modest,fish,none,ocean,7,6,-231.32,0.346,864.7,7.8,none/ocean,none/ocean,Oceanic basalt,False,
H+08+06,ocean,ocean,modest,fish,none,ocean,8,6,-230.62,6.839,844.5,7.76,none/ocean,none/ocean,Oceanic basalt,False,
H+09+06,ocean,ocean,modest,fish,none,ocean,9,6,-25.44,6.852,826.3,7.74,none/ocean,none/ocean,Oceanic basalt,False,
H+10+06,ocean,ocean,modest,fish,none,ocean,10,6,-22.67,1.655,821.2,7.73,none/ocean,none/ocean,Oceanic basalt,False,
H+11+06,ocean,ocean,modest,fish,none,ocean,11,6,-21.2,1.628,821.1,7.75,none/ocean,none/ocean,Oceanic basalt,False,
H+12+06,ocean,ocean,modest,fish,none,ocean,12,6,-19.98,1.502,815.1,7.79,none/ocean,none/ocean,Oceanic basalt,False,
H+13+06,ocean,ocean,modest,fish,none,ocean,13,6,-27.87,1.559,807.8,7.84,none/ocean,none/ocean,Oceanic basalt,False,
H+14+06,ocean,ocean,modest,fish,none,ocean,14,6,-27.86,2.164,805.5,7.9,none/ocean,none/ocean,Oceanic basalt,False,
H+15+06,ocean,ocean,modest,fish,none,ocean,15,6,-47.66,1.854,799.9,7.95,none/ocean,none/ocean,Oceanic basalt,False,
H+16+06,ocean,ocean,modest,fish,none,ocean,16,6,-53.89,1.893,796.5,8.0,none/ocean,none/ocean,Oceanic basalt,False,
H+17+06,ocean,ocean,modest,fish,none,ocean,17,6,-50.19,2.382,805.8,8.03,none/ocean,none/ocean,Oceanic basalt,False,
H+18+06,ocean,ocean,modest,fish,none,ocean,18,6,-40.67,2.699,812.9,8.05,none/ocean,none/ocean,Oceanic basalt,False,
H+19+06,ocean,ocean,modest,fish,none,ocean,19,6,-28.07,11.112,812.2,8.07,none/ocean,none/ocean,Oceanic basalt,False,
H+20+06,forest,none,good,none,village,"fresh water, adequate food",20,6,170.09,8.921,740.7,6.97,glacial till,temperate forest,Rift volcanics,False,u_valley
H+21+06,forest,none,good,timber,village,"fresh water, adequate food",21,6,311.61,8.695,744.4,6.05,glacial till,temperate forest,Rift volcanics,False,outwash
H+22+06,forest,none,good,timber,village,"fresh water, adequate food",22,6,304.94,8.366,745.0,6.1,glacial till,temperate forest,Rift volcanics,False,outwash
H+23+06,forest,none,good,timber,village,"fresh water, adequate food",23,6,304.1,8.567,750.6,6.09,glacial till,temperate forest,Rift volcanics,False,outwash
H+24+06,boreal,none,modest,timber,village,"fresh water, adequate food",24,6,326.12,9.301,752.5,5.92,glacial till,boreal forest,Rift volcanics,False,outwash
H+25+06,boreal,none,modest,timber,village,"fresh water, adequate food",25,6,426.83,11.789,764.9,5.23,glacial till,boreal forest,Rift volcanics,False,outwash
H+26+06,boreal,none,modest,timber,village,"fresh water, adequate food",26,6,567.78,13.312,842.9,4.29,glacial till,boreal forest,Rift volcanics,False,outwash
H+27+06,hills,none,modest,timber,none,no reliable fresh water,27,6,746.94,14.33,973.5,3.12,glacial till,boreal forest,Rift volcanics,False,outwash
H+28+06,lake,lake,modest,evaporite_host|clay|fish,none,open water (lake/inland sea),28,6,588.76,8.296,765.6,4.17,glacial till,none/ocean,Basin sediment,True,u_valley;outwash
H+29+06,lake,lake,modest,evaporite_host|clay|fish,none,open water (lake/inland sea),29,6,588.76,15.395,807.9,4.22,glacial till,none/ocean,Basin sediment,True,u_valley;moraine
H+30+06,lake,lake,modest,evaporite_host|clay|fish,none,open water (lake/inland sea),30,6,588.76,15.395,815.8,4.27,glacial till,none/ocean,Basin sediment,True,u_valley;moraine
H+31+06,lake,lake,modest,evaporite_host|clay|fish,none,open water (lake/inland sea),31,6,588.76,0.0,817.6,4.31,glacial till,none/ocean,Basin sediment,True,moraine
H+32+06,lake,lake,modest,evaporite_host|clay|fish,none,open water (lake/inland sea),32,6,588.76,0.0,821.3,4.34,glacial till,none/ocean,Basin sediment,True,moraine
H+33+06,lake,lake,modest,evaporite_host|fish,none,open water (lake/inland sea),33,6,588.76,0.0,825.7,4.32,glacial till,none/ocean,Basin sediment,True,outwash
H+34+06,lake,lake,modest,evaporite_host|fish,none,open water (lake/inland sea),34,6,588.76,0.0,824.9,4.27,glacial till,none/ocean,Basin sediment,True,outwash
H+35+06,lake,lake,modest,evaporite_host|fish,none,open water (lake/inland sea),35,6,588.76,0.0,818.4,4.2,glacial till,none/ocean,Basin sediment,True,moraine
H+36+06,lake,lake,modest,evaporite_host|fish,none,open water (lake/inland sea),36,6,588.76,0.0,813.6,4.13,glacial till,none/ocean,Basin sediment,True,moraine
H+37+06,lake,lake,modest,evaporite_host|fish,none,open water (lake/inland sea),37,6,588.76,0.0,816.6,4.05,glacial till,none/ocean,Basin sediment,True,moraine
H+38+06,lake,lake,modest,evaporite_host|clay|fish,none,open water (lake/inland sea),38,6,588.76,0.0,822.5,3.98,glacial till,none/ocean,Basin sediment,True,moraine
H+39+06,lake,lake,modest,evaporite_host|clay|fish,none,open water (lake/inland sea),39,6,588.76,2.656,822.7,3.93,glacial till,none/ocean,Basin sediment,True,moraine
H+40+06,boreal,none,modest,timber,farmstead,"adequate food, route access",40,6,612.64,5.409,831.4,3.72,glacial till,boreal forest,Rift volcanics,False,moraine
H+41+06,boreal,none,modest,timber,farmstead,"adequate food, route access",41,6,450.37,5.409,798.3,4.74,glacial till,boreal forest,Rift volcanics,False,outwash
H+42+06,boreal,none,modest,timber,farmstead,"adequate food, route access",42,6,323.38,4.233,801.1,5.54,glacial till,boreal forest,Rift volcanics,False,outwash
H+43+06,boreal,none,modest,timber,farmstead,"adequate food, route access",43,6,257.93,3.943,788.9,5.94,glacial till,boreal forest,Rift volcanics,False,outwash
H+44+06,forest,none,good,timber|metals,village,"adequate food, route access",44,6,240.79,3.734,775.8,6.05,glacial till,temperate forest,Rift volcanics,False,outwash
H+45+06,forest,none,good,timber|metals,town,"fresh water, adequate food, route access",45,6,228.77,4.456,768.7,6.14,glacial till,temperate forest,Rift volcanics,False,outwash
H+46+06,forest,none,good,timber|metals,town,"fresh water, adequate food, route access",46,6,208.86,4.341,758.2,6.31,glacial till,temperate forest,Rift volcanics,False,outwash
H+47+06,forest,none,good,timber|metals,town,"fresh water, adequate food, route access",47,6,191.76,5.018,742.8,6.48,volcanic andisol,temperate forest,Rift volcanics,False,none
H+48+06,coast,none,none,metals,farmstead,"fresh water, route access",48,6,41.22,5.018,734.5,7.52,glacial till,coastal scrub,Rift volcanics,False,rebound_coast
H+49+06,forest,none,good,volcanic_host|timber,town,"fresh water, adequate food, route access",49,6,157.56,4.565,731.5,6.82,volcanic andisol,temperate forest,Rift volcanics,False,none
H+50+06,forest,none,good,timber,town,"fresh water, adequate food, route access",50,6,150.75,4.391,730.0,6.91,volcanic andisol,temperate forest,Rift volcanics,False,none
H+51+06,forest,none,good,timber,town,"fresh water, adequate food, route access",51,6,131.88,3.983,736.6,7.08,glacial till,temperate forest,Rift volcanics,False,rebound_coast
H+52+06,forest,none,good,timber,town,"fresh water, adequate food, route access",52,6,132.32,3.997,743.6,7.12,glacial till,temperate forest,Rift volcanics,False,rebound_coast
H+53+06,forest,none,good,timber,town,"fresh water, adequate food, route access",53,6,132.1,3.9,743.9,7.16,glacial till,temperate forest,Rift volcanics,False,rebound_coast
H+54+06,forest,none,good,timber,town,"fresh water, adequate food, route access",54,6,121.08,3.722,741.8,7.25,glacial till,temperate forest,Rift volcanics,False,rebound_coast
H+55+06,forest,none,good,timber,town,"fresh water, adequate food, route access",55,6,121.77,3.789,739.0,7.26,glacial till,temperate forest,Rift volcanics,False,rebound_coast
H+56+06,forest,none,good,timber,town,"fresh water, adequate food, route access",56,6,115.63,3.764,730.4,7.27,glacial till,temperate forest,Rift volcanics,False,rebound_coast
H+57+06,forest,none,good,timber,town,"fresh water, adequate food, route access",57,6,118.75,3.868,713.6,7.18,glacial till,temperate forest,Rift volcanics,False,rebound_coast
H+58+06,grassland,none,good,none,town,"fresh water, strong food, route access",58,6,132.19,3.93,694.8,7.0,glacial till,grassland/pasture,Rift volcanics,False,rebound_coast
H+59+06,grassland,none,good,none,town,"fresh water, strong food, route access",59,6,115.04,6.146,680.5,7.0,glacial till,grassland/pasture,Rift volcanics,False,rebound_coast
H+60+06,ocean,ocean,modest,fish,none,ocean,60,6,-69.35,6.146,731.6,7.66,none/ocean,none/ocean,Oceanic basalt,False,
H+61+06,ocean,ocean,modest,fish,none,ocean,61,6,-69.17,2.385,718.9,7.59,none/ocean,none/ocean,Oceanic basalt,False,
H+62+06,ocean,ocean,modest,fish,none,ocean,62,6,-76.06,2.459,707.5,7.53,none/ocean,none/ocean,Oceanic basalt,False,
H+63+06,ocean,ocean,modest,fish,none,ocean,63,6,-79.72,2.422,694.9,7.49,none/ocean,none/ocean,Oceanic basalt,False,
H+64+06,ocean,ocean,modest,fish,none,ocean,64,6,-69.52,2.762,682.9,7.46,none/ocean,none/ocean,Oceanic basalt,False,
H+65+06,ocean,ocean,modest,fish,none,ocean,65,6,-60.81,2.667,675.9,7.44,none/ocean,none/ocean,Oceanic basalt,False,
H+66+06,ocean,ocean,modest,fish,none,ocean,66,6,-51.56,2.758,676.0,7.43,none/ocean,none/ocean,Oceanic basalt,False,
H+67+06,ocean,ocean,modest,fish,none,ocean,67,6,-47.06,2.534,679.5,7.45,none/ocean,none/ocean,Oceanic basalt,False,
H+68+06,ocean,ocean,modest,fish,none,ocean,68,6,-37.44,2.624,687.6,7.49,none/ocean,none/ocean,Oceanic basalt,False,
H+69+06,ocean,ocean,modest,fish,none,ocean,69,6,-21.07,2.765,698.2,7.55,none/ocean,none/ocean,Oceanic basalt,False,
H+70+06,ocean,ocean,modest,fish,none,ocean,70,6,-98.43,2.579,705.8,7.61,none/ocean,none/ocean,Oceanic basalt,False,
H+71+06,ocean,ocean,modest,fish,none,ocean,71,6,-104.44,0.382,707.6,7.66,none/ocean,none/ocean,Oceanic basalt,False,
H+72+06,ocean,ocean,modest,fish,none,ocean,72,6,-110.33,0.362,706.7,7.68,none/ocean,none/ocean,Oceanic basalt,False,
H+73+06,ocean,ocean,modest,fish,none,ocean,73,6,-115.54,0.374,707.5,7.68,none/ocean,none/ocean,Oceanic basalt,False,
H+74+06,ocean,ocean,modest,fish,none,ocean,74,6,-119.32,0.301,704.5,7.65,none/ocean,none/ocean,Oceanic basalt,False,
H+75+06,ocean,ocean,modest,fish,none,ocean,75,6,-118.3,0.134,690.9,7.62,none/ocean,none/ocean,Oceanic basalt,False,
H+76+06,ocean,ocean,modest,fish,none,ocean,76,6,-117.45,0.038,675.0,7.6,none/ocean,none/ocean,Oceanic basalt,False,
H+77+06,ocean,ocean,modest,fish,none,ocean,77,6,-117.28,0.04,661.3,7.61,none/ocean,none/ocean,Oceanic basalt,False,
H+78+06,ocean,ocean,modest,fish,none,ocean,78,6,-116.94,0.051,650.1,7.67,none/ocean,none/ocean,Oceanic basalt,False,
H+79+06,ocean,ocean,modest,fish,none,ocean,79,6,-117.39,0.046,643.2,7.78,none/ocean,none/ocean,Oceanic basalt,False,
H+00+07,ocean,ocean,modest,fish,none,ocean,0,7,-230.27,0.115,907.9,8.06,none/ocean,none/ocean,Oceanic basalt,False,
H+01+07,ocean,ocean,modest,fish,none,ocean,1,7,-232.12,0.273,913.5,8.07,none/ocean,none/ocean,Oceanic basalt,False,
H+02+07,ocean,ocean,modest,fish,none,ocean,2,7,-234.96,0.327,920.3,8.09,none/ocean,none/ocean,Oceanic basalt,False,
H+03+07,ocean,ocean,modest,fish,none,ocean,3,7,-237.54,0.344,908.0,8.12,none/ocean,none/ocean,Oceanic basalt,False,
H+04+07,ocean,ocean,modest,fish,none,ocean,4,7,-235.92,0.367,877.5,8.14,none/ocean,none/ocean,Oceanic basalt,False,
H+05+07,ocean,ocean,modest,fish,none,ocean,5,7,-231.59,0.409,856.0,8.14,none/ocean,none/ocean,Oceanic basalt,False,
H+06+07,ocean,ocean,modest,fish,none,ocean,6,7,-225.57,0.395,849.9,8.11,none/ocean,none/ocean,Oceanic basalt,False,
H+07+07,ocean,ocean,modest,fish,none,ocean,7,7,-220.96,4.63,833.4,8.08,none/ocean,none/ocean,Oceanic basalt,False,
H+08+07,ocean,ocean,modest,fish,none,ocean,8,7,-82.05,4.952,804.6,8.05,none/ocean,none/ocean,Oceanic basalt,False,
H+09+07,ocean,ocean,modest,fish,none,ocean,9,7,-72.33,2.409,782.9,8.03,none/ocean,none/ocean,Oceanic basalt,False,
H+10+07,ocean,ocean,modest,fish,none,ocean,10,7,-70.06,2.147,782.6,8.02,none/ocean,none/ocean,Oceanic basalt,False,
H+11+07,ocean,ocean,modest,fish,none,ocean,11,7,-65.04,2.158,792.5,8.04,none/ocean,none/ocean,Oceanic basalt,False,
H+12+07,ocean,ocean,modest,fish,none,ocean,12,7,-64.69,2.139,797.9,8.08,none/ocean,none/ocean,Oceanic basalt,False,
H+13+07,ocean,ocean,modest,fish,none,ocean,13,7,-74.64,2.109,801.9,8.13,none/ocean,none/ocean,Oceanic basalt,False,
H+14+07,ocean,ocean,modest,fish,none,ocean,14,7,-92.78,2.164,804.6,8.19,none/ocean,none/ocean,Oceanic basalt,False,
H+15+07,ocean,ocean,modest,fish,none,ocean,15,7,-103.29,2.043,799.0,8.23,none/ocean,none/ocean,Oceanic basalt,False,
H+16+07,ocean,ocean,modest,fish,none,ocean,16,7,-110.68,2.144,793.8,8.27,none/ocean,none/ocean,Oceanic basalt,False,
H+17+07,ocean,ocean,modest,fish,none,ocean,17,7,-121.65,2.699,799.5,8.3,none/ocean,none/ocean,Oceanic basalt,False,
H+18+07,ocean,ocean,modest,fish,none,ocean,18,7,-116.73,2.955,804.6,8.32,none/ocean,none/ocean,Oceanic basalt,False,
H+19+07,ocean,ocean,modest,fish,none,ocean,19,7,-97.54,8.921,805.8,8.33,none/ocean,none/ocean,Oceanic basalt,False,
H+20+07,coast,none,none,none,none,poor food,20,7,50.76,8.695,738.1,8.0,glacial till,coastal scrub,Rift volcanics,False,u_valley;overdeep_basin;rebound_coast
H+21+07,coast,none,none,none,none,poor food,21,7,64.9,8.224,743.0,7.91,glacial till,coastal scrub,Rift volcanics,False,u_valley;overdeep_basin;rebound_coast
H+22+07,coast,none,none,none,none,poor food,22,7,53.96,8.366,743.2,7.99,glacial till,coastal scrub,Rift volcanics,False,u_valley;overdeep_basin;rebound_coast
H+23+07,coast,none,none,none,none,poor food,23,7,47.08,9.301,749.1,8.02,glacial till,coastal scrub,Rift volcanics,False,u_valley;overdeep_basin;rebound_coast
H+24+07,coast,none,none,none,none,poor food,24,7,73.15,11.789,749.5,7.84,glacial till,coastal scrub,Rift volcanics,False,u_valley;overdeep_basin;rebound_coast
H+25+07,forest,none,good,timber,village,"fresh water, adequate food",25,7,168.43,13.312,756.0,7.21,glacial till,temperate forest,Rift volcanics,False,u_valley;overdeep_basin
H+26+07,forest,none,good,timber,village,"fresh water, adequate food",26,7,317.05,14.33,781.0,6.23,glacial till,temperate forest,Rift volcanics,False,u_valley;outwash
H+27+07,hills,none,modest,timber,village,"fresh water, adequate food",27,7,632.56,14.711,1022.0,4.19,glacial till,boreal forest,Rift volcanics,False,outwash
H+28+07,hills,none,modest,timber|metals,none,no reliable fresh water,28,7,837.63,15.685,1084.0,2.89,glacial till,boreal forest,Rift volcanics,False,outwash
H+29+07,mountains,none,modest,timber,none,no reliable fresh water,29,7,1050.61,16.114,1248.9,1.55,volcanic andisol,boreal forest,Rift volcanics,False,none
H+30+07,lake,lake,modest,evaporite_host|clay|fish,none,open water (lake/inland sea),30,7,588.76,15.395,729.3,4.6,glacial till,none/ocean,Basin sediment,True,u_valley;outwash
H+31+07,lake,lake,modest,evaporite_host|clay|fish,none,open water (lake/inland sea),31,7,588.76,0.0,823.4,4.63,glacial till,none/ocean,Basin sediment,True,outwash
H+32+07,lake,lake,modest,evaporite_host|clay|fish,none,open water (lake/inland sea),32,7,588.76,0.0,825.8,4.65,glacial till,none/ocean,Basin sediment,True,outwash
H+33+07,lake,lake,modest,evaporite_host|fish,none,open water (lake/inland sea),33,7,588.76,0.0,832.0,4.63,glacial till,none/ocean,Basin sediment,True,outwash
H+34+07,lake,lake,modest,evaporite_host|fish,none,open water (lake/inland sea),34,7,588.76,0.0,835.6,4.58,glacial till,none/ocean,Basin sediment,True,outwash
H+35+07,lake,lake,modest,evaporite_host|fish,none,open water (lake/inland sea),35,7,588.76,0.0,835.1,4.5,glacial till,none/ocean,Basin sediment,True,outwash
H+36+07,lake,lake,modest,evaporite_host|clay|fish,none,open water (lake/inland sea),36,7,588.76,0.0,833.5,4.41,glacial till,none/ocean,Basin sediment,True,outwash
H+37+07,lake,lake,modest,evaporite_host|clay|fish,none,open water (lake/inland sea),37,7,588.76,0.0,835.3,4.32,glacial till,none/ocean,Basin sediment,True,outwash
H+38+07,lake,lake,modest,evaporite_host|clay|fish,none,open water (lake/inland sea),38,7,588.76,5.099,836.2,4.24,glacial till,none/ocean,Basin sediment,True,outwash
H+39+07,boreal,none,modest,timber,farmstead,"adequate food, route access",39,7,668.43,6.007,890.5,3.66,glacial till,boreal forest,Rift volcanics,False,outwash
H+40+07,boreal,none,modest,timber,farmstead,"adequate food, route access",40,7,488.22,6.007,785.4,4.78,glacial till,boreal forest,Rift volcanics,False,outwash
H+41+07,boreal,none,modest,timber,village,"fresh water, adequate food, route access",41,7,322.87,5.512,790.9,5.81,glacial till,boreal forest,Rift volcanics,False,outwash
H+42+07,forest,none,good,timber|metals,town,"fresh water, adequate food, route access",42,7,198.66,4.406,790.6,6.58,volcanic andisol,temperate forest,Rift volcanics,False,none
H+43+07,forest,none,good,timber|metals,town,"fresh water, adequate food, route access",43,7,139.64,4.256,780.9,6.95,glacial till,temperate forest,Rift volcanics,False,rebound_coast
H+44+07,forest,none,good,timber|metals,town,"fresh water, adequate food, route access",44,7,128.77,4.126,768.1,7.01,glacial till,temperate forest,Rift volcanics,False,rebound_coast
H+45+07,forest,none,good,timber|metals,town,"fresh water, adequate food, route access",45,7,115.62,3.979,761.2,7.11,glacial till,temperate forest,Rift volcanics,False,rebound_coast
H+46+07,forest,none,good,timber|metals,town,"fresh water, adequate food, route access",46,7,96.77,4.051,750.8,7.28,glacial till,temperate forest,Rift volcanics,False,rebound_coast
H+47+07,coast,none,none,metals,farmstead,"fresh water, route access",47,7,70.11,4.055,737.9,7.52,glacial till,coastal scrub,Rift volcanics,False,rebound_coast
H+48+07,coast,none,none,metals,farmstead,"fresh water, route access",48,7,45.82,3.934,735.5,7.74,glacial till,coastal scrub,Rift volcanics,False,rebound_coast
H+49+07,coast,none,none,none,farmstead,"fresh water, route access",49,7,20.62,4.565,736.9,7.97,glacial till,coastal scrub,Rift volcanics,False,rebound_coast
H+50+07,coast,none,none,none,farmstead,"fresh water, route access",50,7,19.03,4.391,734.9,8.04,glacial till,coastal scrub,Rift volcanics,False,rebound_coast
H+51+07,coast,none,none,none,farmstead,"fresh water, route access",51,7,12.39,3.997,737.3,8.13,glacial till,coastal scrub,Rift volcanics,False,rebound_coast
H+52+07,coast,none,none,none,farmstead,"fresh water, route access",52,7,15.15,3.906,737.6,8.15,glacial till,coastal scrub,Rift volcanics,False,rebound_coast
H+53+07,coast,none,none,none,farmstead,"fresh water, route access",53,7,15.11,3.916,731.4,8.18,glacial till,coastal scrub,Rift volcanics,False,rebound_coast
H+54+07,coast,none,none,none,farmstead,"fresh water, route access",54,7,9.41,3.745,726.4,8.24,glacial till,coastal scrub,Rift volcanics,False,rebound_coast
H+55+07,coast,none,none,none,farmstead,"fresh water, route access",55,7,8.09,3.789,727.0,8.26,glacial till,coastal scrub,Rift volcanics,False,rebound_coast
H+56+07,coast,none,none,none,farmstead,"fresh water, route access",56,7,2.71,3.868,725.1,8.27,glacial till,coastal scrub,Rift volcanics,False,rebound_coast
H+57+07,coast,none,none,none,farmstead,"fresh water, route access",57,7,14.28,3.942,715.6,8.14,glacial till,coastal scrub,Rift volcanics,False,rebound_coast
H+58+07,coast,none,none,none,farmstead,"fresh water, route access",58,7,17.75,3.875,704.2,8.04,glacial till,coastal scrub,Rift volcanics,False,rebound_coast
H+59+07,coast,none,none,none,farmstead,"fresh water, route access",59,7,6.62,4.888,690.2,8.02,glacial till,coastal scrub,Rift volcanics,False,rebound_coast
H+60+07,ocean,ocean,modest,fish,none,ocean,60,7,-140.03,4.888,729.4,7.98,none/ocean,none/ocean,Oceanic basalt,False,
H+61+07,ocean,ocean,modest,fish,none,ocean,61,7,-140.72,2.385,705.1,7.92,none/ocean,none/ocean,Oceanic basalt,False,
H+62+07,ocean,ocean,modest,fish,none,ocean,62,7,-149.84,2.459,689.0,7.86,none/ocean,none/ocean,Oceanic basalt,False,
H+63+07,ocean,ocean,modest,fish,none,ocean,63,7,-152.38,2.762,675.3,7.8,none/ocean,none/ocean,Oceanic basalt,False,
H+64+07,ocean,ocean,modest,fish,none,ocean,64,7,-140.83,2.667,659.2,7.76,none/ocean,none/ocean,Oceanic basalt,False,
H+65+07,ocean,ocean,modest,fish,none,ocean,65,7,-134.31,2.758,647.2,7.73,none/ocean,none/ocean,Oceanic basalt,False,
H+66+07,ocean,ocean,modest,fish,none,ocean,66,7,-123.07,2.592,647.1,7.72,none/ocean,none/ocean,Oceanic basalt,False,
H+67+07,ocean,ocean,modest,fish,none,ocean,67,7,-116.17,2.7,651.2,7.73,none/ocean,none/ocean,Oceanic basalt,False,
H+68+07,ocean,ocean,modest,fish,none,ocean,68,7,-103.92,2.966,661.2,7.76,none/ocean,none/ocean,Oceanic basalt,False,
H+69+07,ocean,ocean,modest,fish,none,ocean,69,7,-100.84,2.732,678.6,7.8,none/ocean,none/ocean,Oceanic basalt,False,
H+70+07,ocean,ocean,modest,fish,none,ocean,70,7,-93.73,2.77,693.1,7.85,none/ocean,none/ocean,Oceanic basalt,False,
H+71+07,ocean,ocean,modest,fish,none,ocean,71,7,-99.46,2.446,700.8,7.88,none/ocean,none/ocean,Oceanic basalt,False,
H+72+07,ocean,ocean,modest,fish,none,ocean,72,7,-104.34,0.374,702.7,7.9,none/ocean,none/ocean,Oceanic basalt,False,
H+73+07,ocean,ocean,modest,fish,none,ocean,73,7,-110.31,0.346,703.5,7.9,none/ocean,none/ocean,Oceanic basalt,False,
H+74+07,ocean,ocean,modest,fish,none,ocean,74,7,-114.27,0.273,700.2,7.88,none/ocean,none/ocean,Oceanic basalt,False,
H+75+07,ocean,ocean,modest,fish,none,ocean,75,7,-116.68,0.228,685.9,7.86,none/ocean,none/ocean,Oceanic basalt,False,
H+76+07,ocean,ocean,modest,fish,none,ocean,76,7,-118.49,0.203,669.7,7.86,none/ocean,none/ocean,Oceanic basalt,False,
H+77+07,ocean,ocean,modest,fish,none,ocean,77,7,-118.48,0.103,656.1,7.87,none/ocean,none/ocean,Oceanic basalt,False,
H+78+07,ocean,ocean,modest,fish,none,ocean,78,7,-117.17,0.044,643.6,7.93,none/ocean,none/ocean,Oceanic basalt,False,
H+79+07,ocean,ocean,modest,fish,none,ocean,79,7,-117.53,0.032,633.2,8.04,none/ocean,none/ocean,Oceanic basalt,False,
H+00+08,ocean,ocean,modest,fish,none,ocean,0,8,-232.19,0.137,929.2,8.46,none/ocean,none/ocean,Oceanic basalt,False,
H+01+08,ocean,ocean,modest,fish,none,ocean,1,8,-229.36,0.187,929.3,8.46,none/ocean,none/ocean,Oceanic basalt,False,
H+02+08,ocean,ocean,modest,fish,none,ocean,2,8,-227.41,0.338,927.2,8.45,none/ocean,none/ocean,Oceanic basalt,False,
H+03+08,ocean,ocean,modest,fish,none,ocean,3,8,-227.23,0.344,913.3,8.44,none/ocean,none/ocean,Oceanic basalt,False,
H+04+08,ocean,ocean,modest,fish,none,ocean,4,8,-224.92,0.387,886.1,8.43,none/ocean,none/ocean,Oceanic basalt,False,
H+05+08,ocean,ocean,modest,fish,none,ocean,5,8,-219.33,0.409,857.7,8.4,none/ocean,none/ocean,Oceanic basalt,False,
H+06+08,ocean,ocean,modest,fish,none,ocean,6,8,-213.72,2.581,825.0,8.37,none/ocean,none/ocean,Oceanic basalt,False,
H+07+08,ocean,ocean,modest,fish,none,ocean,7,8,-136.28,2.822,792.8,8.35,none/ocean,none/ocean,Oceanic basalt,False,
H+08+08,ocean,ocean,modest,fish,none,ocean,8,8,-144.61,2.538,770.5,8.33,none/ocean,none/ocean,Oceanic basalt,False,
H+09+08,ocean,ocean,modest,fish,none,ocean,9,8,-134.47,2.147,756.3,8.32,none/ocean,none/ocean,Oceanic basalt,False,
H+10+08,ocean,ocean,modest,fish,none,ocean,10,8,-129.78,2.158,754.3,8.33,none/ocean,none/ocean,Oceanic basalt,False,
H+11+08,ocean,ocean,modest,fish,none,ocean,11,8,-124.11,1.981,765.3,8.35,none/ocean,none/ocean,Oceanic basalt,False,
H+12+08,ocean,ocean,modest,fish,none,ocean,12,8,-128.88,2.139,777.0,8.38,none/ocean,none/ocean,Oceanic basalt,False,
H+13+08,ocean,ocean,modest,fish,none,ocean,13,8,-137.92,2.109,783.5,8.43,none/ocean,none/ocean,Oceanic basalt,False,
H+14+08,ocean,ocean,modest,fish,none,ocean,14,8,-146.57,2.191,791.3,8.48,none/ocean,none/ocean,Oceanic basalt,False,
H+15+08,ocean,ocean,modest,fish,none,ocean,15,8,-164.58,2.116,798.8,8.53,none/ocean,none/ocean,Oceanic basalt,False,
H+16+08,ocean,ocean,modest,fish,none,ocean,16,8,-175.01,2.454,796.1,8.56,none/ocean,none/ocean,Oceanic basalt,False,
H+17+08,ocean,ocean,modest,fish,none,ocean,17,8,-191.44,2.49,782.3,8.58,none/ocean,none/ocean,Oceanic basalt,False,
H+18+08,ocean,ocean,modest,fish,none,ocean,18,8,-190.15,3.087,773.2,8.6,none/ocean,none/ocean,Oceanic basalt,False,
H+19+08,ocean,ocean,modest,fish,none,ocean,19,8,-179.55,7.677,781.7,8.6,none/ocean,none/ocean,Oceanic basalt,False,
H+20+08,ocean,ocean,modest,fish,none,ocean,20,8,-70.83,6.265,798.1,8.61,none/ocean,none/ocean,Oceanic basalt,False,
H+21+08,ocean,ocean,modest,fish,none,ocean,21,8,-65.33,4.588,807.2,8.61,none/ocean,none/ocean,Oceanic basalt,False,
H+22+08,ocean,ocean,modest,fish,none,ocean,22,8,-75.81,4.4,812.1,8.61,none/ocean,none/ocean,Oceanic basalt,False,
H+23+08,ocean,ocean,modest,fish,none,ocean,23,8,-75.55,4.957,823.4,8.61,none/ocean,none/ocean,Oceanic basalt,False,
H+24+08,ocean,ocean,modest,fish,none,ocean,24,8,-55.22,7.455,839.2,8.61,none/ocean,none/ocean,Oceanic basalt,False,
H+25+08,coast,none,none,none,none,poor food,25,8,42.87,9.14,776.5,8.34,glacial till,coastal scrub,Rift volcanics,False,u_valley;overdeep_basin
H+26+08,forest,none,good,timber,village,"fresh water, adequate food",26,8,191.24,14.711,794.3,7.39,glacial till,temperate forest,Rift volcanics,False,u_valley;overdeep_basin
H+27+08,forest,none,good,timber|metals,village,"fresh water, adequate food",27,8,367.07,15.685,808.8,6.27,glacial till,temperate forest,Rift volcanics,False,u_valley;overdeep_basin;outwash
H+28+08,boreal,none,modest,timber|metals,village,"fresh water, adequate food",28,8,567.18,16.114,915.1,5.01,glacial till,boreal forest,Rift volcanics,False,u_valley;overdeep_basin;outwash
H+29+08,hills,none,modest,timber,none,no reliable fresh water,29,8,785.97,12.341,1075.1,3.63,glacial till,boreal forest,Rift volcanics,False,u_valley;outwash
H+30+08,lake,lake,modest,evaporite_host|clay|fish,none,open water (lake/inland sea),30,8,588.76,9.55,781.2,4.95,glacial till,none/ocean,Basin sediment,True,u_valley;overdeep_basin;outwash
H+31+08,lake,lake,modest,evaporite_host|clay|fish,none,open water (lake/inland sea),31,8,588.76,9.55,823.6,4.97,glacial till,none/ocean,Basin sediment,True,u_valley;overdeep_basin;outwash
H+32+08,lake,lake,modest,evaporite_host|clay|fish,none,open water (lake/inland sea),32,8,588.76,0.0,826.1,4.97,glacial till,none/ocean,Basin sediment,True,overdeep_basin;outwash
H+33+08,lake,lake,modest,evaporite_host|clay|fish,none,open water (lake/inland sea),33,8,588.76,0.0,830.4,4.95,glacial till,none/ocean,Basin sediment,True,overdeep_basin;outwash
H+34+08,lake,lake,modest,evaporite_host|clay|fish,none,open water (lake/inland sea),34,8,588.76,0.0,837.0,4.89,glacial till,none/ocean,Basin sediment,True,overdeep_basin;outwash
H+35+08,lake,lake,modest,evaporite_host|fish,none,open water (lake/inland sea),35,8,588.76,0.0,848.9,4.81,glacial till,none/ocean,Basin sediment,True,outwash
H+36+08,lake,lake,modest,evaporite_host|fish,none,open water (lake/inland sea),36,8,588.76,0.0,855.3,4.7,glacial till,none/ocean,Basin sediment,True,outwash
H+37+08,lake,lake,modest,evaporite_host|clay|fish,none,open water (lake/inland sea),37,8,588.76,5.099,846.7,4.6,glacial till,none/ocean,Basin sediment,True,outwash
H+38+08,boreal,none,modest,timber,farmstead,"adequate food, route access",38,8,741.74,6.786,993.8,3.51,glacial till,boreal forest,Rift volcanics,False,outwash
H+39+08,boreal,none,modest,timber,farmstead,"adequate food, route access",39,8,538.16,6.786,785.6,4.76,glacial till,boreal forest,Rift volcanics,False,outwash
H+40+08,boreal,none,modest,timber,village,"fresh water, adequate food",40,8,358.8,8.742,803.2,5.87,glacial till,boreal forest,Rift volcanics,False,outwash
H+41+08,forest,none,good,timber,village,"fresh water, adequate food",41,8,193.91,8.892,790.1,6.89,volcanic andisol,temperate forest,Rift volcanics,False,none
H+42+08,coast,none,none,metals,none,poor food,42,8,66.49,9.03,779.6,7.68,volcanic andisol,coastal scrub,Rift volcanics,False,none
H+43+08,coast,none,none,metals,none,poor food,43,8,11.96,8.645,765.5,8.02,volcanic andisol,coastal scrub,Rift volcanics,False,none
H+44+08,coast,none,none,metals,none,poor food,44,8,5.0,8.413,749.7,8.05,volcanic andisol,coastal scrub,Rift volcanics,False,none
H+45+08,ocean,ocean,modest,fish,none,ocean,45,8,-3.76,4.354,814.5,8.11,none/ocean,none/ocean,Oceanic basalt,False,
H+46+08,ocean,ocean,modest,fish,none,ocean,46,8,-24.77,4.201,808.8,8.16,none/ocean,none/ocean,Oceanic basalt,False,
H+47+08,ocean,ocean,modest,fish,none,ocean,47,8,-47.0,3.904,804.5,8.23,none/ocean,none/ocean,Oceanic basalt,False,
H+48+08,ocean,ocean,modest,fish,none,ocean,48,8,-72.18,3.934,811.7,8.31,none/ocean,none/ocean,Oceanic basalt,False,
H+49+08,ocean,ocean,modest,fish,none,ocean,49,8,-86.49,3.66,825.0,8.38,none/ocean,none/ocean,Oceanic basalt,False,
H+50+08,ocean,ocean,modest,fish,none,ocean,50,8,-93.97,3.829,820.4,8.44,none/ocean,none/ocean,Oceanic basalt,False,
H+51+08,ocean,ocean,modest,fish,none,ocean,51,8,-99.86,3.833,802.0,8.49,none/ocean,none/ocean,Oceanic basalt,False,
H+52+08,ocean,ocean,modest,fish,none,ocean,52,8,-101.11,3.875,788.8,8.52,none/ocean,none/ocean,Oceanic basalt,False,
H+53+08,ocean,ocean,modest,fish,none,ocean,53,8,-102.36,3.916,777.6,8.55,none/ocean,none/ocean,Oceanic basalt,False,
H+54+08,ocean,ocean,modest,fish,none,ocean,54,8,-102.19,3.72,770.9,8.56,none/ocean,none/ocean,Oceanic basalt,False,
H+55+08,ocean,ocean,modest,fish,none,ocean,55,8,-102.01,3.67,776.0,8.57,none/ocean,none/ocean,Oceanic basalt,False,
H+56+08,ocean,ocean,modest,fish,none,ocean,56,8,-103.97,3.942,782.0,8.55,none/ocean,none/ocean,Oceanic basalt,False,
H+57+08,ocean,ocean,modest,fish,none,ocean,57,8,-97.42,3.898,779.0,8.52,none/ocean,none/ocean,Oceanic basalt,False,
H+58+08,ocean,ocean,modest,fish,none,ocean,58,8,-98.49,3.982,774.1,8.47,none/ocean,none/ocean,Oceanic basalt,False,
H+59+08,ocean,ocean,modest,fish,none,ocean,59,8,-103.59,3.812,761.4,8.4,none/ocean,none/ocean,Oceanic basalt,False,
H+60+08,ocean,ocean,modest,fish,none,ocean,60,8,-198.55,3.165,733.4,8.34,none/ocean,none/ocean,Oceanic basalt,False,
H+61+08,ocean,ocean,modest,fish,none,ocean,61,8,-207.72,2.233,703.5,8.27,none/ocean,none/ocean,Oceanic basalt,False,
H+62+08,ocean,ocean,modest,fish,none,ocean,62,8,-215.8,2.199,672.4,8.2,none/ocean,none/ocean,Oceanic basalt,False,
H+63+08,ocean,ocean,modest,fish,none,ocean,63,8,-217.6,2.559,649.6,8.13,none/ocean,none/ocean,Oceanic basalt,False,
H+64+08,ocean,ocean,modest,fish,none,ocean,64,8,-207.72,2.447,639.6,8.07,none/ocean,none/ocean,Oceanic basalt,False,
H+65+08,ocean,ocean,modest,fish,none,ocean,65,8,-200.83,2.628,635.6,8.03,none/ocean,none/ocean,Oceanic basalt,False,
H+66+08,ocean,ocean,modest,fish,none,ocean,66,8,-197.18,2.704,635.4,8.01,none/ocean,none/ocean,Oceanic basalt,False,
H+67+08,ocean,ocean,modest,fish,none,ocean,67,8,-192.91,2.966,638.7,8.02,none/ocean,none/ocean,Oceanic basalt,False,
H+68+08,ocean,ocean,modest,fish,none,ocean,68,8,-182.81,3.076,650.2,8.03,none/ocean,none/ocean,Oceanic basalt,False,
H+69+08,ocean,ocean,modest,fish,none,ocean,69,8,-176.82,2.982,674.8,8.05,none/ocean,none/ocean,Oceanic basalt,False,
H+70+08,ocean,ocean,modest,fish,none,ocean,70,8,-172.85,2.738,695.9,8.07,none/ocean,none/ocean,Oceanic basalt,False,
H+71+08,ocean,ocean,modest,fish,none,ocean,71,8,-94.41,5.265,709.9,8.09,none/ocean,none/ocean,Oceanic basalt,False,
H+72+08,ocean,ocean,modest,fish,none,ocean,72,8,-99.93,5.081,715.0,8.1,none/ocean,none/ocean,Oceanic basalt,False,
H+73+08,ocean,ocean,modest,fish,none,ocean,73,8,-106.07,0.322,707.5,8.11,none/ocean,none/ocean,Oceanic basalt,False,
H+74+08,ocean,ocean,modest,fish,none,ocean,74,8,-109.85,0.273,692.9,8.11,none/ocean,none/ocean,Oceanic basalt,False,
H+75+08,ocean,ocean,modest,fish,none,ocean,75,8,-112.39,0.221,679.5,8.12,none/ocean,none/ocean,Oceanic basalt,False,
H+76+08,ocean,ocean,modest,fish,none,ocean,76,8,-115.4,0.231,668.3,8.14,none/ocean,none/ocean,Oceanic basalt,False,
H+77+08,ocean,ocean,modest,fish,none,ocean,77,8,-116.73,0.205,655.3,8.17,none/ocean,none/ocean,Oceanic basalt,False,
H+78+08,ocean,ocean,modest,fish,none,ocean,78,8,-117.24,0.143,638.9,8.22,none/ocean,none/ocean,Oceanic basalt,False,
H+79+08,ocean,ocean,modest,fish,none,ocean,79,8,-116.56,0.032,624.1,8.31,none/ocean,none/ocean,Oceanic basalt,False,
H+00+09,ocean,ocean,modest,fish,none,ocean,0,9,-228.07,0.25,936.7,8.86,none/ocean,none/ocean,Oceanic basalt,False,
H+01+09,ocean,ocean,modest,fish,none,ocean,1,9,-224.64,0.216,933.1,8.85,none/ocean,none/ocean,Oceanic basalt,False,
H+02+09,ocean,ocean,modest,fish,none,ocean,2,9,-221.1,0.211,925.6,8.82,none/ocean,none/ocean,Oceanic basalt,False,
H+03+09,ocean,ocean,modest,fish,none,ocean,3,9,-217.57,0.322,912.2,8.77,none/ocean,none/ocean,Oceanic basalt,False,
H+04+09,ocean,ocean,modest,fish,none,ocean,4,9,-213.33,0.387,889.3,8.72,none/ocean,none/ocean,Oceanic basalt,False,
H+05+09,ocean,ocean,modest,fish,none,ocean,5,9,-207.42,2.213,857.5,8.67,none/ocean,none/ocean,Oceanic basalt,False,
H+06+09,ocean,ocean,modest,fish,none,ocean,6,9,-201.65,4.439,807.3,8.64,none/ocean,none/ocean,Oceanic basalt,False,
H+07+09,ocean,ocean,modest,fish,none,ocean,7,9,-68.48,4.439,766.3,8.62,none/ocean,none/ocean,Oceanic basalt,False,
H+08+09,ocean,ocean,modest,fish,none,ocean,8,9,-73.06,2.385,751.4,8.61,none/ocean,none/ocean,Oceanic basalt,False,
H+09+09,ocean,ocean,modest,fish,none,ocean,9,9,-80.95,2.26,744.0,8.62,none/ocean,none/ocean,Oceanic basalt,False,
H+10+09,ocean,ocean,modest,fish,none,ocean,10,9,-77.47,2.607,739.8,8.63,none/ocean,none/ocean,Oceanic basalt,False,
H+11+09,ocean,ocean,modest,fish,none,ocean,11,9,-74.91,2.692,749.1,8.65,none/ocean,none/ocean,Oceanic basalt,False,
H+12+09,ocean,ocean,modest,fish,none,ocean,12,9,-82.79,2.798,762.8,8.68,none/ocean,none/ocean,Oceanic basalt,False,
H+13+09,ocean,ocean,modest,fish,none,ocean,13,9,-86.67,4.188,768.8,8.73,none/ocean,none/ocean,Oceanic basalt,False,
H+14+09,ocean,ocean,modest,fish,none,ocean,14,9,-212.3,4.188,779.4,8.78,none/ocean,none/ocean,Oceanic basalt,False,
H+15+09,ocean,ocean,modest,fish,none,ocean,15,9,-228.05,2.621,796.9,8.83,none/ocean,none/ocean,Oceanic basalt,False,
H+16+09,ocean,ocean,modest,fish,none,ocean,16,9,-248.62,2.454,796.6,8.86,none/ocean,none/ocean,Oceanic basalt,False,
H+17+09,ocean,ocean,modest,fish,none,ocean,17,9,-260.03,2.329,768.6,8.87,none/ocean,none/ocean,Oceanic basalt,False,
H+18+09,ocean,ocean,modest,fish,none,ocean,18,9,-264.71,2.839,749.0,8.88,none/ocean,none/ocean,Oceanic basalt,False,
H+19+09,ocean,ocean,modest,fish,none,ocean,19,9,-258.77,6.265,762.9,8.89,none/ocean,none/ocean,Oceanic basalt,False,
H+20+09,ocean,ocean,modest,fish,none,ocean,20,9,-202.97,4.588,786.7,8.89,none/ocean,none/ocean,Oceanic basalt,False,
H+21+09,ocean,ocean,modest,fish,none,ocean,21,9,-198.95,4.454,798.1,8.89,none/ocean,none/ocean,Oceanic basalt,False,
H+22+09,ocean,ocean,modest,fish,none,ocean,22,9,-207.8,4.408,806.0,8.9,none/ocean,none/ocean,Oceanic basalt,False,
H+23+09,ocean,ocean,modest,fish,none,ocean,23,9,-207.52,5.077,820.6,8.9,none/ocean,none/ocean,Oceanic basalt,False,
H+24+09,ocean,ocean,modest,fish,none,ocean,24,9,-191.62,7.816,847.5,8.92,none/ocean,none/ocean,Oceanic basalt,False,
H+25+09,ocean,ocean,modest,fish,none,ocean,25,9,-92.1,9.444,867.6,8.95,none/ocean,none/ocean,Oceanic basalt,False,
H+26+09,coast,none,none,none,none,poor food,26,9,56.87,10.34,800.5,8.62,glacial till,coastal scrub,Rift volcanics,False,u_valley;overdeep_basin
H+27+09,forest,none,good,timber|metals,village,"fresh water, adequate food",27,9,222.81,11.479,810.2,7.58,glacial till,temperate forest,Rift volcanics,False,u_valley;overdeep_basin;outwash
H+28+09,forest,none,good,timber|metals,village,"fresh water, adequate food",28,9,415.75,12.341,820.0,6.37,glacial till,temperate forest,Rift volcanics,False,u_valley;overdeep_basin;outwash
H+29+09,hills,none,modest,timber,none,no reliable fresh water,29,9,636.55,11.859,967.4,4.97,glacial till,boreal forest,Rift volcanics,False,u_valley;outwash
H+30+09,hills,none,modest,timber,none,no reliable fresh water,30,9,875.25,12.671,1163.7,3.43,glacial till,boreal forest,Rift volcanics,False,u_valley;outwash
H+31+09,lake,lake,modest,evaporite_host|clay|fish,none,open water (lake/inland sea),31,9,588.76,9.55,761.2,5.3,glacial till,none/ocean,Basin sediment,True,u_valley;overdeep_basin;outwash
H+32+09,lake,lake,modest,evaporite_host|clay|fish,none,open water (lake/inland sea),32,9,588.76,0.0,824.1,5.29,glacial till,none/ocean,Basin sediment,True,overdeep_basin;outwash
H+33+09,lake,lake,modest,evaporite_host|clay|fish,none,open water (lake/inland sea),33,9,588.76,0.0,826.3,5.26,glacial till,none/ocean,Basin sediment,True,overdeep_basin;outwash
H+34+09,lake,lake,modest,evaporite_host|clay|fish,none,open water (lake/inland sea),34,9,588.76,0.0,833.9,5.2,glacial till,none/ocean,Basin sediment,True,overdeep_basin;outwash
H+35+09,lake,lake,modest,evaporite_host|clay|fish,none,open water (lake/inland sea),35,9,588.76,0.0,853.9,5.1,glacial till,none/ocean,Basin sediment,True,overdeep_basin;outwash
H+36+09,lake,lake,modest,evaporite_host|fish,none,open water (lake/inland sea),36,9,588.76,0.0,865.8,4.99,glacial till,none/ocean,Basin sediment,True,outwash
H+37+09,lake,lake,modest,evaporite_host|clay|fish,none,open water (lake/inland sea),37,9,588.76,5.216,850.2,4.87,glacial till,none/ocean,Basin sediment,True,outwash
H+38+09,boreal,none,modest,timber,farmstead,"adequate food, route access",38,9,620.38,6.954,845.5,4.55,glacial till,boreal forest,Rift volcanics,False,outwash
H+39+09,boreal,none,modest,timber,village,"fresh water, adequate food",39,9,411.76,10.508,807.9,5.83,glacial till,boreal forest,Rift volcanics,False,outwash
H+40+09,forest,none,good,timber,village,"fresh water, adequate food",40,9,96.53,10.508,805.4,7.82,glacial till,temperate forest,Rift volcanics,False,u_valley
H+41+09,ocean,ocean,modest,fish,none,ocean,41,9,-72.86,8.892,871.2,8.39,none/ocean,none/ocean,Oceanic basalt,False,
H+42+09,ocean,ocean,modest,fish,none,ocean,42,9,-204.4,9.03,851.4,8.36,none/ocean,none/ocean,Oceanic basalt,False,
H+43+09,ocean,ocean,modest,fish,none,ocean,43,9,-247.38,8.645,832.5,8.34,none/ocean,none/ocean,Oceanic basalt,False,
H+44+09,ocean,ocean,modest,fish,none,ocean,44,9,-123.7,8.276,812.4,8.33,none/ocean,none/ocean,Oceanic basalt,False,
H+45+09,ocean,ocean,modest,fish,none,ocean,45,9,-134.39,4.409,800.2,8.35,none/ocean,none/ocean,Oceanic basalt,False,
H+46+09,ocean,ocean,modest,fish,none,ocean,46,9,-150.81,4.297,798.0,8.41,none/ocean,none/ocean,Oceanic basalt,False,
H+47+09,ocean,ocean,modest,fish,none,ocean,47,9,-163.55,4.125,799.4,8.49,none/ocean,none/ocean,Oceanic basalt,False,
H+48+09,ocean,ocean,modest,fish,none,ocean,48,9,-181.63,3.953,812.1,8.58,none/ocean,none/ocean,Oceanic basalt,False,
H+49+09,ocean,ocean,modest,fish,none,ocean,49,9,-196.29,3.98,833.2,8.67,none/ocean,none/ocean,Oceanic basalt,False,
H+50+09,ocean,ocean,modest,fish,none,ocean,50,9,-208.85,3.829,827.1,8.73,none/ocean,none/ocean,Oceanic basalt,False,
H+51+09,ocean,ocean,modest,fish,none,ocean,51,9,-207.82,3.919,794.3,8.77,none/ocean,none/ocean,Oceanic basalt,False,
H+52+09,ocean,ocean,modest,fish,none,ocean,52,9,-210.7,3.823,773.0,8.8,none/ocean,none/ocean,Oceanic basalt,False,
H+53+09,ocean,ocean,modest,fish,none,ocean,53,9,-210.04,3.705,760.6,8.81,none/ocean,none/ocean,Oceanic basalt,False,
H+54+09,ocean,ocean,modest,fish,none,ocean,54,9,-207.18,3.8,753.8,8.82,none/ocean,none/ocean,Oceanic basalt,False,
H+55+09,ocean,ocean,modest,fish,none,ocean,55,9,-210.92,3.63,761.6,8.82,none/ocean,none/ocean,Oceanic basalt,False,
H+56+09,ocean,ocean,modest,fish,none,ocean,56,9,-211.47,3.802,771.9,8.81,none/ocean,none/ocean,Oceanic basalt,False,
H+57+09,ocean,ocean,modest,fish,none,ocean,57,9,-214.36,4.057,772.5,8.8,none/ocean,none/ocean,Oceanic basalt,False,
H+58+09,ocean,ocean,modest,fish,none,ocean,58,9,-217.95,3.982,771.7,8.78,none/ocean,none/ocean,Oceanic basalt,False,
H+59+09,ocean,ocean,modest,fish,none,ocean,59,9,-209.53,4.214,760.7,8.74,none/ocean,none/ocean,Oceanic basalt,False,
H+60+09,ocean,ocean,modest,fish,none,ocean,60,9,-253.95,2.533,735.6,8.69,none/ocean,none/ocean,Oceanic basalt,False,
H+61+09,ocean,ocean,modest,fish,none,ocean,61,9,-268.77,2.039,703.8,8.63,none/ocean,none/ocean,Oceanic basalt,False,
H+62+09,ocean,ocean,modest,fish,none,ocean,62,9,-277.31,2.05,663.5,8.55,none/ocean,none/ocean,Oceanic basalt,False,
H+63+09,ocean,ocean,modest,fish,none,ocean,63,9,-280.38,2.422,634.7,8.46,none/ocean,none/ocean,Oceanic basalt,False,
H+64+09,ocean,ocean,modest,fish,none,ocean,64,9,-279.67,2.628,629.3,8.38,none/ocean,none/ocean,Oceanic basalt,False,
H+65+09,ocean,ocean,modest,fish,none,ocean,65,9,-275.87,2.623,631.4,8.32,none/ocean,none/ocean,Oceanic basalt,False,
H+66+09,ocean,ocean,modest,fish,none,ocean,66,9,-278.29,2.846,631.0,8.3,none/ocean,none/ocean,Oceanic basalt,False,
H+67+09,ocean,ocean,modest,fish,none,ocean,67,9,-275.08,3.076,633.4,8.3,none/ocean,none/ocean,Oceanic basalt,False,
H+68+09,ocean,ocean,modest,fish,none,ocean,68,9,-266.27,2.982,645.6,8.3,none/ocean,none/ocean,Oceanic basalt,False,
H+69+09,ocean,ocean,modest,fish,none,ocean,69,9,-254.99,2.798,674.2,8.29,none/ocean,none/ocean,Oceanic basalt,False,
H+70+09,ocean,ocean,modest,fish,none,ocean,70,9,-243.18,4.959,698.7,8.29,none/ocean,none/ocean,Oceanic basalt,False,
H+71+09,ocean,ocean,modest,fish,none,ocean,71,9,-252.35,5.265,715.9,8.29,none/ocean,none/ocean,Oceanic basalt,False,
H+72+09,ocean,ocean,modest,fish,none,ocean,72,9,-96.42,7.761,722.8,8.3,none/ocean,none/ocean,Oceanic basalt,False,
H+73+09,ocean,ocean,modest,fish,none,ocean,73,9,-101.66,7.586,708.9,8.32,none/ocean,none/ocean,Oceanic basalt,False,
H+74+09,ocean,ocean,modest,fish,none,ocean,74,9,-105.76,0.325,686.0,8.35,none/ocean,none/ocean,Oceanic basalt,False,
H+75+09,ocean,ocean,modest,fish,none,ocean,75,9,-108.48,0.287,673.5,8.39,none/ocean,none/ocean,Oceanic basalt,False,
H+76+09,ocean,ocean,modest,fish,none,ocean,76,9,-110.56,0.252,666.2,8.43,none/ocean,none/ocean,Oceanic basalt,False,
H+77+09,ocean,ocean,modest,fish,none,ocean,77,9,-112.96,0.23,653.6,8.47,none/ocean,none/ocean,Oceanic basalt,False,
H+78+09,ocean,ocean,modest,fish,none,ocean,78,9,-116.29,0.213,635.0,8.53,none/ocean,none/ocean,Oceanic basalt,False,
H+79+09,ocean,ocean,modest,fish,none,ocean,79,9,-116.25,0.12,618.0,8.6,none/ocean,none/ocean,Oceanic basalt,False,
H+00+10,ocean,ocean,modest,fish,none,ocean,0,10,-220.56,4.554,919.2,9.26,none/ocean,none/ocean,Oceanic basalt,False,
H+01+10,ocean,ocean,modest,fish,none,ocean,1,10,-218.16,4.568,911.9,9.24,none/ocean,none/ocean,Oceanic basalt,False,
H+02+10,ocean,ocean,modest,fish,none,ocean,2,10,-215.28,4.471,899.2,9.18,none/ocean,none/ocean,Oceanic basalt,False,
H+03+10,ocean,ocean,modest,fish,none,ocean,3,10,-210.51,0.235,888.4,9.11,none/ocean,none/ocean,Oceanic basalt,False,
H+04+10,ocean,ocean,modest,fish,none,ocean,4,10,-205.31,4.553,873.8,9.02,none/ocean,none/ocean,Oceanic basalt,False,
H+05+10,ocean,ocean,modest,fish,none,ocean,5,10,-141.02,2.41,845.2,8.96,none/ocean,none/ocean,Oceanic basalt,False,
H+06+10,ocean,ocean,modest,fish,none,ocean,6,10,-134.68,2.232,798.1,8.92,none/ocean,none/ocean,Oceanic basalt,False,
H+07+10,ocean,ocean,modest,fish,none,ocean,7,10,-139.03,2.352,759.4,8.9,none/ocean,none/ocean,Oceanic basalt,False,
H+08+10,ocean,ocean,modest,fish,none,ocean,8,10,-142.38,2.311,740.0,8.91,none/ocean,none/ocean,Oceanic basalt,False,
H+09+10,ocean,ocean,modest,fish,none,ocean,9,10,-148.75,2.376,728.5,8.92,none/ocean,none/ocean,Oceanic basalt,False,
H+10+10,ocean,ocean,modest,fish,none,ocean,10,10,-155.66,2.692,724.5,8.94,none/ocean,none/ocean,Oceanic basalt,False,
H+11+10,ocean,ocean,modest,fish,none,ocean,11,10,-155.44,2.684,733.5,8.96,none/ocean,none/ocean,Oceanic basalt,False,
H+12+10,ocean,ocean,modest,fish,none,ocean,12,10,-166.72,2.798,752.6,8.99,none/ocean,none/ocean,Oceanic basalt,False,
H+13+10,ocean,ocean,modest,fish,none,ocean,13,10,-170.6,2.798,772.7,9.03,none/ocean,none/ocean,Oceanic basalt,False,
H+14+10,ocean,ocean,modest,fish,none,ocean,14,10,-173.07,4.454,782.9,9.08,none/ocean,none/ocean,Oceanic basalt,False,
H+15+10,ocean,ocean,modest,fish,none,ocean,15,10,-306.7,4.454,787.5,9.12,none/ocean,none/ocean,Oceanic basalt,False,
H+16+10,ocean,ocean,modest,fish,none,ocean,16,10,-313.74,3.944,783.6,9.15,none/ocean,none/ocean,Oceanic basalt,False,
H+17+10,ocean,ocean,modest,fish,none,ocean,17,10,-325.6,2.186,768.2,9.16,none/ocean,none/ocean,Oceanic basalt,False,
H+18+10,ocean,ocean,modest,fish,none,ocean,18,10,-333.74,2.499,757.7,9.17,none/ocean,none/ocean,Oceanic basalt,False,
H+19+10,ocean,ocean,modest,fish,none,ocean,19,10,-334.21,4.375,764.9,9.17,none/ocean,none/ocean,Oceanic basalt,False,
H+20+10,ocean,ocean,modest,fish,none,ocean,20,10,-332.07,4.437,780.0,9.17,none/ocean,none/ocean,Oceanic basalt,False,
H+21+10,ocean,ocean,modest,fish,none,ocean,21,10,-325.36,4.214,793.2,9.18,none/ocean,none/ocean,Oceanic basalt,False,
H+22+10,ocean,ocean,modest,fish,none,ocean,22,10,-332.99,4.182,805.9,9.18,none/ocean,none/ocean,Oceanic basalt,False,
H+23+10,ocean,ocean,modest,fish,none,ocean,23,10,-338.08,4.882,821.1,9.19,none/ocean,none/ocean,Oceanic basalt,False,
H+24+10,ocean,ocean,modest,fish,none,ocean,24,10,-323.67,7.719,844.2,9.22,none/ocean,none/ocean,Oceanic basalt,False,
H+25+10,ocean,ocean,modest,fish,none,ocean,25,10,-220.04,9.23,861.6,9.27,none/ocean,none/ocean,Oceanic basalt,False,
H+26+10,ocean,ocean,modest,fish,none,ocean,26,10,-80.6,10.114,870.8,9.32,none/ocean,none/ocean,Oceanic basalt,False,
H+27+10,forest,none,good,timber|metals,village,"fresh water, adequate food",27,10,85.48,11.009,799.3,8.82,glacial till,temperate forest,Rift volcanics,False,u_valley;overdeep_basin
H+28+10,forest,none,good,timber,village,"fresh water, adequate food",28,10,280.78,11.859,806.8,7.6,glacial till,temperate forest,Rift volcanics,False,u_valley;overdeep_basin;outwash
H+29+10,forest,none,good,timber,farmstead,adequate food,29,10,495.12,12.671,875.4,6.23,glacial till,temperate forest,Rift volcanics,False,u_valley;overdeep_basin;outwash
H+30+10,boreal,none,modest,timber,none,no reliable fresh water,30,10,734.24,8.421,1063.9,4.68,glacial till,boreal forest,Rift volcanics,False,u_valley;outwash
H+31+10,lake,lake,modest,evaporite_host|clay|fish,none,open water (lake/inland sea),31,10,588.76,4.849,789.5,5.62,glacial till,none/ocean,Basin sediment,True,overdeep_basin;outwash
H+32+10,lake,lake,modest,evaporite_host|clay|fish,none,open water (lake/inland sea),32,10,588.76,0.0,823.0,5.6,glacial till,none/ocean,Basin sediment,True,overdeep_basin;outwash
H+33+10,lake,lake,modest,evaporite_host|clay|fish,none,open water (lake/inland sea),33,10,588.76,0.0,830.7,5.57,glacial till,none/ocean,Basin sediment,True,overdeep_basin;outwash
H+34+10,lake,lake,modest,evaporite_host|clay|fish,none,open water (lake/inland sea),34,10,588.76,0.0,840.9,5.5,glacial till,none/ocean,Basin sediment,True,overdeep_basin;outwash
H+35+10,lake,lake,modest,evaporite_host|clay|fish,none,open water (lake/inland sea),35,10,588.76,0.0,855.5,5.39,glacial till,none/ocean,Basin sediment,True,overdeep_basin;outwash
H+36+10,lake,lake,modest,evaporite_host|fish,none,open water (lake/inland sea),36,10,588.76,5.216,863.1,5.27,glacial till,none/ocean,Basin sediment,True,outwash
H+37+10,boreal,none,modest,timber,none,no reliable fresh water,37,10,745.24,8.008,1020.1,4.12,glacial till,boreal forest,Rift volcanics,False,outwash
H+38+10,boreal,none,modest,timber,village,"fresh water, adequate food",38,10,505.01,8.008,795.1,5.56,glacial till,boreal forest,Rift volcanics,False,outwash
H+39+10,forest,none,good,timber,village,"fresh water, adequate food",39,10,284.94,10.712,806.6,6.91,glacial till,temperate forest,Rift volcanics,False,outwash
H+40+10,ocean,ocean,modest,fish,none,ocean,40,10,-36.42,10.712,872.6,8.7,none/ocean,none/ocean,Oceanic basalt,False,
H+41+10,ocean,ocean,modest,fish,none,ocean,41,10,-204.53,5.603,859.4,8.65,none/ocean,none/ocean,Oceanic basalt,False,
H+42+10,ocean,ocean,modest,fish,none,ocean,42,10,-322.91,3.95,852.3,8.61,none/ocean,none/ocean,Oceanic basalt,False,
H+43+10,ocean,ocean,modest,fish,none,ocean,43,10,-371.97,8.276,840.0,8.59,none/ocean,none/ocean,Oceanic basalt,False,
H+44+10,ocean,ocean,modest,fish,none,ocean,44,10,-256.28,4.419,819.4,8.58,none/ocean,none/ocean,Oceanic basalt,False,
H+45+10,ocean,ocean,modest,fish,none,ocean,45,10,-266.66,4.409,806.1,8.61,none/ocean,none/ocean,Oceanic basalt,False,
H+46+10,ocean,ocean,modest,fish,none,ocean,46,10,-279.74,4.297,806.1,8.67,none/ocean,none/ocean,Oceanic basalt,False,
H+47+10,ocean,ocean,modest,fish,none,ocean,47,10,-287.3,4.125,809.5,8.76,none/ocean,none/ocean,Oceanic basalt,False,
H+48+10,ocean,ocean,modest,fish,none,ocean,48,10,-300.22,3.953,817.3,8.86,none/ocean,none/ocean,Oceanic basalt,False,
H+49+10,ocean,ocean,modest,fish,none,ocean,49,10,-315.68,3.98,830.1,8.94,none/ocean,none/ocean,Oceanic basalt,False,
H+50+10,ocean,ocean,modest,fish,none,ocean,50,10,-322.82,3.833,823.1,9.01,none/ocean,none/ocean,Oceanic basalt,False,
H+51+10,ocean,ocean,modest,fish,none,ocean,51,10,-325.4,3.919,794.1,9.05,none/ocean,none/ocean,Oceanic basalt,False,
H+52+10,ocean,ocean,modest,fish,none,ocean,52,10,-321.04,3.7,774.8,9.07,none/ocean,none/ocean,Oceanic basalt,False,
H+53+10,ocean,ocean,modest,fish,none,ocean,53,10,-321.19,3.8,768.3,9.07,none/ocean,none/ocean,Oceanic basalt,False,
H+54+10,ocean,ocean,modest,fish,none,ocean,54,10,-318.19,3.7,766.1,9.07,none/ocean,none/ocean,Oceanic basalt,False,
H+55+10,ocean,ocean,modest,fish,none,ocean,55,10,-317.73,3.56,763.8,9.07,none/ocean,none/ocean,Oceanic basalt,False,
H+56+10,ocean,ocean,modest,fish,none,ocean,56,10,-324.33,3.762,761.0,9.07,none/ocean,none/ocean,Oceanic basalt,False,
H+57+10,ocean,ocean,modest,fish,none,ocean,57,10,-336.08,4.057,762.5,9.08,none/ocean,none/ocean,Oceanic basalt,False,
H+58+10,ocean,ocean,modest,fish,none,ocean,58,10,-335.94,4.214,765.8,9.08,none/ocean,none/ocean,Oceanic basalt,False,
H+59+10,ocean,ocean,modest,fish,none,ocean,59,10,-322.45,3.764,755.6,9.06,none/ocean,none/ocean,Oceanic basalt,False,
H+60+10,ocean,ocean,modest,fish,none,ocean,60,10,-329.95,2.533,731.5,9.03,none/ocean,none/ocean,Oceanic basalt,False,
H+61+10,ocean,ocean,modest,fish,none,ocean,61,10,-327.51,1.958,701.8,8.97,none/ocean,none/ocean,Oceanic basalt,False,
H+62+10,ocean,ocean,modest,fish,none,ocean,62,10,-334.88,1.919,664.6,8.87,none/ocean,none/ocean,Oceanic basalt,False,
H+63+10,ocean,ocean,modest,fish,none,ocean,63,10,-342.05,2.079,637.3,8.77,none/ocean,none/ocean,Oceanic basalt,False,
H+64+10,ocean,ocean,modest,fish,none,ocean,64,10,-351.91,2.535,630.6,8.68,none/ocean,none/ocean,Oceanic basalt,False,
H+65+10,ocean,ocean,modest,fish,none,ocean,65,10,-353.61,2.591,631.2,8.61,none/ocean,none/ocean,Oceanic basalt,False,
H+66+10,ocean,ocean,modest,fish,none,ocean,66,10,-351.85,2.559,631.3,8.58,none/ocean,none/ocean,Oceanic basalt,False,
H+67+10,ocean,ocean,modest,fish,none,ocean,67,10,-344.72,2.615,634.8,8.57,none/ocean,none/ocean,Oceanic basalt,False,
H+68+10,ocean,ocean,modest,fish,none,ocean,68,10,-338.93,2.798,646.6,8.56,none/ocean,none/ocean,Oceanic basalt,False,
H+69+10,ocean,ocean,modest,fish,none,ocean,69,10,-328.54,2.845,675.1,8.54,none/ocean,none/ocean,Oceanic basalt,False,
H+70+10,ocean,ocean,modest,fish,none,ocean,70,10,-324.75,2.719,697.6,8.52,none/ocean,none/ocean,Oceanic basalt,False,
H+71+10,ocean,ocean,modest,fish,none,ocean,71,10,-324.64,7.607,706.4,8.51,none/ocean,none/ocean,Oceanic basalt,False,
H+72+10,ocean,ocean,modest,fish,none,ocean,72,10,-329.25,7.774,707.6,8.52,none/ocean,none/ocean,Oceanic basalt,False,
H+73+10,ocean,ocean,modest,fish,none,ocean,73,10,-96.02,8.207,698.3,8.55,none/ocean,none/ocean,Oceanic basalt,False,
H+74+10,ocean,ocean,modest,fish,none,ocean,74,10,-99.88,7.926,681.0,8.61,none/ocean,none/ocean,Oceanic basalt,False,
H+75+10,ocean,ocean,modest,fish,none,ocean,75,10,-103.01,7.821,668.3,8.67,none/ocean,none/ocean,Oceanic basalt,False,
H+76+10,ocean,ocean,modest,fish,none,ocean,76,10,-106.07,0.267,660.2,8.73,none/ocean,none/ocean,Oceanic basalt,False,
H+77+10,ocean,ocean,modest,fish,none,ocean,77,10,-109.9,0.281,647.8,8.78,none/ocean,none/ocean,Oceanic basalt,False,
H+78+10,ocean,ocean,modest,fish,none,ocean,78,10,-112.66,0.242,632.7,8.83,none/ocean,none/ocean,Oceanic basalt,False,
H+79+10,ocean,ocean,modest,fish,none,ocean,79,10,-114.82,0.238,618.9,8.9,none/ocean,none/ocean,Oceanic basalt,False,
H+00+11,ocean,ocean,modest,fish,none,ocean,0,11,-83.95,4.554,898.3,9.64,none/ocean,none/ocean,Oceanic basalt,False,
H+01+11,ocean,ocean,modest,fish,none,ocean,1,11,-81.13,4.568,885.8,9.61,none/ocean,none/ocean,Oceanic basalt,False,
H+02+11,ocean,ocean,modest,fish,none,ocean,2,11,-210.88,4.516,865.5,9.54,none/ocean,none/ocean,Oceanic basalt,False,
H+03+11,ocean,ocean,modest,fish,none,ocean,3,11,-206.62,4.597,857.5,9.45,none/ocean,none/ocean,Oceanic basalt,False,
H+04+11,ocean,ocean,modest,fish,none,ocean,4,11,-68.71,4.597,854.2,9.36,none/ocean,none/ocean,Oceanic basalt,False,
H+05+11,ocean,ocean,modest,fish,none,ocean,5,11,-150.2,2.716,831.3,9.28,none/ocean,none/ocean,Oceanic basalt,False,
H+06+11,ocean,ocean,modest,fish,none,ocean,6,11,-153.48,1.889,790.6,9.23,none/ocean,none/ocean,Oceanic basalt,False,
H+07+11,ocean,ocean,modest,fish,none,ocean,7,11,-147.1,2.526,757.7,9.22,none/ocean,none/ocean,Oceanic basalt,False,
H+08+11,ocean,ocean,modest,fish,none,ocean,8,11,-152.0,2.822,734.1,9.22,none/ocean,none/ocean,Oceanic basalt,False,
H+09+11,ocean,ocean,modest,fish,none,ocean,9,11,-163.32,3.2,717.9,9.24,none/ocean,none/ocean,Oceanic basalt,False,
H+10+11,ocean,ocean,modest,fish,none,ocean,10,11,-165.81,2.989,713.7,9.26,none/ocean,none/ocean,Oceanic basalt,False,
H+11+11,ocean,ocean,modest,fish,none,ocean,11,11,-166.69,2.709,721.0,9.27,none/ocean,none/ocean,Oceanic basalt,False,
H+12+11,ocean,ocean,modest,fish,none,ocean,12,11,-175.4,3.005,745.4,9.29,none/ocean,none/ocean,Oceanic basalt,False,
H+13+11,ocean,ocean,modest,fish,none,ocean,13,11,-187.83,3.42,782.4,9.33,none/ocean,none/ocean,Oceanic basalt,False,
H+14+11,ocean,ocean,modest,fish,none,ocean,14,11,-195.88,3.694,791.1,9.38,none/ocean,none/ocean,Oceanic basalt,False,
H+15+11,ocean,ocean,modest,fish,none,ocean,15,11,-195.43,4.718,778.6,9.42,none/ocean,none/ocean,Oceanic basalt,False,
H+16+11,ocean,ocean,modest,fish,none,ocean,16,11,-336.96,7.377,770.9,9.44,none/ocean,none/ocean,Oceanic basalt,False,
H+17+11,ocean,ocean,modest,fish,none,ocean,17,11,-347.01,2.771,773.2,9.45,none/ocean,none/ocean,Oceanic basalt,False,
H+18+11,ocean,ocean,modest,fish,none,ocean,18,11,-357.21,2.638,775.4,9.45,none/ocean,none/ocean,Oceanic basalt,False,
H+19+11,ocean,ocean,modest,fish,none,ocean,19,11,-361.01,2.452,773.7,9.45,none/ocean,none/ocean,Oceanic basalt,False,
H+20+11,ocean,ocean,modest,fish,none,ocean,20,11,-360.96,3.521,777.7,9.45,none/ocean,none/ocean,Oceanic basalt,False,
H+21+11,ocean,ocean,modest,fish,none,ocean,21,11,-361.56,3.541,793.5,9.45,none/ocean,none/ocean,Oceanic basalt,False,
H+22+11,ocean,ocean,modest,fish,none,ocean,22,11,-370.11,3.568,812.7,9.45,none/ocean,none/ocean,Oceanic basalt,False,
H+23+11,ocean,ocean,modest,fish,none,ocean,23,11,-374.82,3.287,829.0,9.47,none/ocean,none/ocean,Oceanic basalt,False,
H+24+11,ocean,ocean,modest,fish,none,ocean,24,11,-358.46,4.614,845.9,9.5,none/ocean,none/ocean,Oceanic basalt,False,
H+25+11,ocean,ocean,modest,fish,none,ocean,25,11,-257.69,5.903,858.1,9.56,none/ocean,none/ocean,Oceanic basalt,False,
H+26+11,ocean,ocean,modest,fish,none,ocean,26,11,-113.6,6.636,860.8,9.62,none/ocean,none/ocean,Oceanic basalt,False,
H+27+11,coast,river,none,none,farmstead,"fresh water, route access",27,11,57.6,7.439,786.8,9.3,glacial till,coastal scrub,Rift volcanics,False,overdeep_basin
H+28+11,forest,none,good,timber,town,"fresh water, adequate food, route access",28,11,262.87,7.742,802.6,8.01,glacial till,temperate forest,Rift volcanics,False,overdeep_basin;outwash
H+29+11,forest,none,good,timber,farmstead,adequate food,29,11,481.62,8.421,872.2,6.62,glacial till,temperate forest,Rift volcanics,False,u_valley;overdeep_basin;outwash
H+30+11,boreal,none,modest,timber,none,no reliable fresh water,30,11,723.14,8.051,1056.7,5.05,glacial till,boreal forest,Rift volcanics,False,u_valley;outwash
H+31+11,lake,lake,modest,evaporite_host|clay|fish,none,open water (lake/inland sea),31,11,588.76,4.479,784.3,5.91,glacial till,none/ocean,Basin sediment,True,overdeep_basin;outwash
H+32+11,lake,lake,modest,evaporite_host|clay|fish,none,open water (lake/inland sea),32,11,588.76,0.0,814.3,5.88,glacial till,none/ocean,Basin sediment,True,overdeep_basin;outwash
H+33+11,lake,lake,modest,evaporite_host|clay|fish,none,open water (lake/inland sea),33,11,588.76,0.0,829.1,5.85,glacial till,none/ocean,Basin sediment,True,overdeep_basin;outwash
H+34+11,lake,lake,modest,evaporite_host|clay|fish,none,open water (lake/inland sea),34,11,588.76,0.0,843.1,5.78,glacial till,none/ocean,Basin sediment,True,overdeep_basin;outwash
H+35+11,lake,lake,modest,evaporite_host|clay|fish,none,open water (lake/inland sea),35,11,588.76,0.0,851.0,5.67,glacial till,none/ocean,Basin sediment,True,outwash
H+36+11,lake,lake,modest,evaporite_host|clay|fish,none,open water (lake/inland sea),36,11,588.76,5.216,853.1,5.54,glacial till,none/ocean,Basin sediment,True,outwash
H+37+11,boreal,none,modest,timber,farmstead,"adequate food, route access",37,11,723.99,7.954,977.5,4.52,glacial till,boreal forest,Rift volcanics,False,outwash
H+38+11,boreal,none,modest,none,village,"fresh water, adequate food",38,11,485.38,11.762,794.2,5.95,glacial till,boreal forest,Rift volcanics,False,outwash
H+39+11,forest,none,good,timber,village,"fresh water, adequate food",39,11,273.82,11.337,796.6,7.24,glacial till,temperate forest,Rift volcanics,False,outwash
H+40+11,ocean,ocean,modest,fish,none,ocean,40,11,-59.74,15.557,851.1,8.96,none/ocean,none/ocean,Oceanic basalt,False,
H+41+11,ocean,ocean,modest,fish,none,ocean,41,11,-227.97,10.071,841.9,8.91,none/ocean,none/ocean,Oceanic basalt,False,
H+42+11,ocean,ocean,modest,fish,none,ocean,42,11,-353.94,8.233,854.3,8.87,none/ocean,none/ocean,Oceanic basalt,False,
H+43+11,ocean,ocean,modest,fish,none,ocean,43,11,-271.86,3.337,853.5,8.85,none/ocean,none/ocean,Oceanic basalt,False,
H+44+11,ocean,ocean,modest,fish,none,ocean,44,11,-285.86,3.739,834.4,8.84,none/ocean,none/ocean,Oceanic basalt,False,
H+45+11,ocean,ocean,modest,fish,none,ocean,45,11,-300.26,3.762,820.5,8.87,none/ocean,none/ocean,Oceanic basalt,False,
H+46+11,ocean,ocean,modest,fish,none,ocean,46,11,-305.44,3.564,822.5,8.94,none/ocean,none/ocean,Oceanic basalt,False,
H+47+11,ocean,ocean,modest,fish,none,ocean,47,11,-312.6,3.802,826.6,9.03,none/ocean,none/ocean,Oceanic basalt,False,
H+48+11,ocean,ocean,modest,fish,none,ocean,48,11,-324.97,4.172,825.6,9.13,none/ocean,none/ocean,Oceanic basalt,False,
H+49+11,ocean,ocean,modest,fish,none,ocean,49,11,-337.8,4.113,825.9,9.22,none/ocean,none/ocean,Oceanic basalt,False,
H+50+11,ocean,ocean,modest,fish,none,ocean,50,11,-340.83,3.837,817.2,9.28,none/ocean,none/ocean,Oceanic basalt,False,
H+51+11,ocean,ocean,modest,fish,none,ocean,51,11,-345.74,4.001,793.2,9.31,none/ocean,none/ocean,Oceanic basalt,False,
H+52+11,ocean,ocean,modest,fish,none,ocean,52,11,-343.52,3.852,776.2,9.33,none/ocean,none/ocean,Oceanic basalt,False,
H+53+11,ocean,ocean,modest,fish,none,ocean,53,11,-343.43,3.612,777.5,9.33,none/ocean,none/ocean,Oceanic basalt,False,
H+54+11,ocean,ocean,modest,fish,none,ocean,54,11,-343.02,3.514,781.3,9.33,none/ocean,none/ocean,Oceanic basalt,False,
H+55+11,ocean,ocean,modest,fish,none,ocean,55,11,-349.44,3.666,765.8,9.32,none/ocean,none/ocean,Oceanic basalt,False,
H+56+11,ocean,ocean,modest,fish,none,ocean,56,11,-347.35,3.677,745.7,9.33,none/ocean,none/ocean,Oceanic basalt,False,
H+57+11,ocean,ocean,modest,fish,none,ocean,57,11,-356.23,4.082,748.5,9.34,none/ocean,none/ocean,Oceanic basalt,False,
H+58+11,ocean,ocean,modest,fish,none,ocean,58,11,-356.76,4.1,757.4,9.35,none/ocean,none/ocean,Oceanic basalt,False,
H+59+11,ocean,ocean,modest,fish,none,ocean,59,11,-348.91,3.809,748.8,9.34,none/ocean,none/ocean,Oceanic basalt,False,
H+60+11,ocean,ocean,modest,fish,none,ocean,60,11,-348.54,3.639,727.8,9.32,none/ocean,none/ocean,Oceanic basalt,False,
H+61+11,ocean,ocean,modest,fish,none,ocean,61,11,-349.95,2.357,703.7,9.25,none/ocean,none/ocean,Oceanic basalt,False,
H+62+11,ocean,ocean,modest,fish,none,ocean,62,11,-345.02,2.793,673.1,9.16,none/ocean,none/ocean,Oceanic basalt,False,
H+63+11,ocean,ocean,modest,fish,none,ocean,63,11,-343.82,3.051,648.9,9.05,none/ocean,none/ocean,Oceanic basalt,False,
H+64+11,ocean,ocean,modest,fish,none,ocean,64,11,-354.35,3.402,640.7,8.95,none/ocean,none/ocean,Oceanic basalt,False,
H+65+11,ocean,ocean,modest,fish,none,ocean,65,11,-360.77,3.228,639.6,8.87,none/ocean,none/ocean,Oceanic basalt,False,
H+66+11,ocean,ocean,modest,fish,none,ocean,66,11,-356.56,3.155,640.4,8.84,none/ocean,none/ocean,Oceanic basalt,False,
H+67+11,ocean,ocean,modest,fish,none,ocean,67,11,-350.78,3.21,644.8,8.83,none/ocean,none/ocean,Oceanic basalt,False,
H+68+11,ocean,ocean,modest,fish,none,ocean,68,11,-350.44,3.27,654.8,8.81,none/ocean,none/ocean,Oceanic basalt,False,
H+69+11,ocean,ocean,modest,fish,none,ocean,69,11,-349.37,3.234,680.8,8.79,none/ocean,none/ocean,Oceanic basalt,False,
H+70+11,ocean,ocean,modest,fish,none,ocean,70,11,-341.22,2.655,698.0,8.76,none/ocean,none/ocean,Oceanic basalt,False,
H+71+11,ocean,ocean,modest,fish,none,ocean,71,11,-342.27,2.713,693.6,8.75,none/ocean,none/ocean,Oceanic basalt,False,
H+72+11,ocean,ocean,modest,fish,none,ocean,72,11,-342.23,8.207,686.6,8.76,none/ocean,none/ocean,Oceanic basalt,False,
H+73+11,ocean,ocean,modest,fish,none,ocean,73,11,-336.8,8.026,683.0,8.8,none/ocean,none/ocean,Oceanic basalt,False,
H+74+11,ocean,ocean,modest,fish,none,ocean,74,11,-337.66,7.987,673.1,8.87,none/ocean,none/ocean,Oceanic basalt,False,
H+75+11,ocean,ocean,modest,fish,none,ocean,75,11,-98.05,7.987,659.9,8.95,none/ocean,none/ocean,Oceanic basalt,False,
H+76+11,ocean,ocean,modest,fish,none,ocean,76,11,-101.48,5.809,650.4,9.02,none/ocean,none/ocean,Oceanic basalt,False,
H+77+11,ocean,ocean,modest,fish,none,ocean,77,11,-105.41,0.261,638.6,9.08,none/ocean,none/ocean,Oceanic basalt,False,
H+78+11,ocean,ocean,modest,fish,none,ocean,78,11,-107.68,0.238,630.1,9.13,none/ocean,none/ocean,Oceanic basalt,False,
H+79+11,ocean,ocean,modest,fish,none,ocean,79,11,-109.02,0.208,623.4,9.19,none/ocean,none/ocean,Oceanic basalt,False,
H+00+12,ocean,ocean,modest,fish,none,ocean,0,12,-82.93,0.124,887.4,9.97,none/ocean,none/ocean,Oceanic basalt,False,
H+01+12,ocean,ocean,modest,fish,none,ocean,1,12,-79.2,4.389,873.2,9.95,none/ocean,none/ocean,Oceanic basalt,False,
H+02+12,ocean,ocean,modest,fish,none,ocean,2,12,-75.4,4.516,850.3,9.89,none/ocean,none/ocean,Oceanic basalt,False,
H+03+12,ocean,ocean,modest,fish,none,ocean,3,12,-204.25,4.518,842.1,9.8,none/ocean,none/ocean,Oceanic basalt,False,
H+04+12,ocean,ocean,modest,fish,none,ocean,4,12,-80.94,4.308,841.7,9.71,none/ocean,none/ocean,Oceanic basalt,False,
H+05+12,ocean,ocean,modest,fish,none,ocean,5,12,-210.16,4.308,824.7,9.64,none/ocean,none/ocean,Oceanic basalt,False,
H+06+12,ocean,ocean,modest,fish,none,ocean,6,12,-209.72,6.636,795.6,9.59,none/ocean,none/ocean,Oceanic basalt,False,
H+07+12,ocean,ocean,modest,fish,none,ocean,7,12,-71.33,4.613,771.7,9.57,none/ocean,none/ocean,Oceanic basalt,False,
H+08+12,ocean,ocean,modest,fish,none,ocean,8,12,-67.33,3.2,750.7,9.57,none/ocean,none/ocean,Oceanic basalt,False,
H+09+12,ocean,ocean,modest,fish,none,ocean,9,12,-76.14,2.989,734.7,9.58,none/ocean,none/ocean,Oceanic basalt,False,
H+10+12,ocean,ocean,modest,fish,none,ocean,10,12,-85.42,2.709,728.5,9.59,none/ocean,none/ocean,Oceanic basalt,False,
H+11+12,ocean,ocean,modest,fish,none,ocean,11,12,-88.11,2.91,731.6,9.6,none/ocean,none/ocean,Oceanic basalt,False,
H+12+12,ocean,ocean,modest,fish,none,ocean,12,12,-85.25,3.42,750.7,9.62,none/ocean,none/ocean,Oceanic basalt,False,
H+13+12,ocean,ocean,modest,fish,none,ocean,13,12,-96.94,3.298,780.7,9.65,none/ocean,none/ocean,Oceanic basalt,False,
H+14+12,ocean,ocean,modest,fish,none,ocean,14,12,-112.3,3.053,785.2,9.68,none/ocean,none/ocean,Oceanic basalt,False,
H+15+12,ocean,ocean,modest,fish,none,ocean,15,12,-115.65,7.377,771.0,9.71,none/ocean,none/ocean,Oceanic basalt,False,
H+16+12,ocean,ocean,modest,fish,none,ocean,16,12,-263.88,7.664,764.8,9.73,none/ocean,none/ocean,Oceanic basalt,False,
H+17+12,ocean,ocean,modest,fish,none,ocean,17,12,-278.08,2.957,769.1,9.73,none/ocean,none/ocean,Oceanic basalt,False,
H+18+12,ocean,ocean,modest,fish,none,ocean,18,12,-287.45,2.773,771.9,9.72,none/ocean,none/ocean,Oceanic basalt,False,
H+19+12,ocean,ocean,modest,fish,none,ocean,19,12,-295.39,2.631,773.5,9.71,none/ocean,none/ocean,Oceanic basalt,False,
H+20+12,ocean,ocean,modest,fish,none,ocean,20,12,-255.34,3.763,782.2,9.7,none/ocean,none/ocean,Oceanic basalt,False,
H+21+12,ocean,ocean,modest,fish,none,ocean,21,12,-263.08,4.021,800.1,9.7,none/ocean,none/ocean,Oceanic basalt,False,
H+22+12,ocean,ocean,modest,fish,none,ocean,22,12,-276.22,4.197,822.1,9.7,none/ocean,none/ocean,Oceanic basalt,False,
H+23+12,ocean,ocean,modest,fish,none,ocean,23,12,-280.58,3.994,838.3,9.71,none/ocean,none/ocean,Oceanic basalt,False,
H+24+12,ocean,ocean,modest,fish,none,ocean,24,12,-262.13,3.772,847.5,9.75,none/ocean,none/ocean,Oceanic basalt,False,
H+25+12,ocean,ocean,modest,fish,none,ocean,25,12,-160.08,5.389,854.1,9.79,none/ocean,none/ocean,Oceanic basalt,False,
H+26+12,coast,none,none,none,farmstead,"fresh water, route access",26,12,1.58,5.973,779.3,9.84,glacial till,coastal scrub,Rift volcanics,False,overdeep_basin
H+27+12,forest,none,good,timber,town,"fresh water, adequate food, route access",27,12,180.76,6.707,785.1,8.73,glacial till,temperate forest,Rift volcanics,False,overdeep_basin
H+28+12,forest,none,good,timber,farmstead,"adequate food, route access",28,12,381.97,7.704,798.0,7.47,glacial till,temperate forest,Rift volcanics,False,overdeep_basin;outwash
H+29+12,forest,none,good,timber,farmstead,"adequate food, route access",29,12,613.1,7.704,955.5,6.0,glacial till,temperate forest,Rift volcanics,False,outwash
H+30+12,lake,lake,modest,evaporite_host|clay|fish,none,open water (lake/inland sea),30,12,588.76,5.0,794.9,6.17,glacial till,none/ocean,Basin sediment,True,overdeep_basin;outwash
H+31+12,lake,lake,modest,evaporite_host|fish,none,open water (lake/inland sea),31,12,588.76,0.0,788.5,6.17,glacial till,none/ocean,Basin sediment,True,overdeep_basin;outwash
H+32+12,lake,lake,modest,evaporite_host|fish,none,open water (lake/inland sea),32,12,588.76,0.0,788.2,6.15,glacial till,none/ocean,Basin sediment,True,overdeep_basin;outwash
H+33+12,lake,lake,modest,evaporite_host|clay|fish,none,open water (lake/inland sea),33,12,588.76,0.0,804.1,6.12,glacial till,none/ocean,Basin sediment,True,overdeep_basin;outwash
H+34+12,lake,lake,modest,evaporite_host|clay|fish,none,open water (lake/inland sea),34,12,588.76,0.0,819.9,6.05,glacial till,none/ocean,Basin sediment,True,overdeep_basin;outwash
H+35+12,lake,lake,modest,evaporite_host|clay|fish,none,open water (lake/inland sea),35,12,588.76,0.0,829.7,5.95,glacial till,none/ocean,Basin sediment,True,outwash
H+36+12,lake,lake,modest,evaporite_host|fish,none,open water (lake/inland sea),36,12,588.76,8.316,832.8,5.82,glacial till,none/ocean,Basin sediment,True,u_valley;outwash
H+37+12,hills,none,modest,timber,none,no reliable fresh water,37,12,838.24,11.762,1157.8,4.07,glacial till,boreal forest,Rift volcanics,False,outwash
H+38+12,hills,none,modest,none,village,"fresh water, adequate food",38,12,613.93,11.337,749.5,5.41,glacial till,boreal forest,Rift volcanics,False,outwash
H+39+12,forest,none,good,timber,village,"fresh water, adequate food",39,12,406.97,15.557,782.5,6.67,glacial till,temperate forest,Rift volcanics,False,outwash
H+40+12,coast,none,none,volcanic_host,none,poor food,40,12,74.16,15.483,764.7,8.77,glacial till,coastal scrub,Rift volcanics,False,u_valley
H+41+12,ocean,ocean,modest,fish,none,ocean,41,12,-106.95,10.237,836.8,9.19,none/ocean,none/ocean,Oceanic basalt,False,
H+42+12,ocean,ocean,modest,fish,none,ocean,42,12,-253.64,9.022,854.0,9.15,none/ocean,none/ocean,Oceanic basalt,False,
H+43+12,ocean,ocean,modest,fish,none,ocean,43,12,-173.68,3.739,859.8,9.13,none/ocean,none/ocean,Oceanic basalt,False,
H+44+12,ocean,ocean,modest,fish,none,ocean,44,12,-187.4,3.925,848.7,9.12,none/ocean,none/ocean,Oceanic basalt,False,
H+45+12,ocean,ocean,modest,fish,none,ocean,45,12,-198.73,3.69,838.8,9.14,none/ocean,none/ocean,Oceanic basalt,False,
H+46+12,ocean,ocean,modest,fish,none,ocean,46,12,-198.53,3.802,835.6,9.2,none/ocean,none/ocean,Oceanic basalt,False,
H+47+12,ocean,ocean,modest,fish,none,ocean,47,12,-199.82,4.172,830.7,9.28,none/ocean,none/ocean,Oceanic basalt,False,
H+48+12,ocean,ocean,modest,fish,none,ocean,48,12,-214.42,4.113,823.7,9.37,none/ocean,none/ocean,Oceanic basalt,False,
H+49+12,ocean,ocean,modest,fish,none,ocean,49,12,-227.51,4.17,820.0,9.45,none/ocean,none/ocean,Oceanic basalt,False,
H+50+12,ocean,ocean,modest,fish,none,ocean,50,12,-225.72,4.025,810.7,9.51,none/ocean,none/ocean,Oceanic basalt,False,
H+51+12,ocean,ocean,modest,fish,none,ocean,51,12,-227.95,3.926,788.4,9.55,none/ocean,none/ocean,Oceanic basalt,False,
H+52+12,ocean,ocean,modest,fish,none,ocean,52,12,-235.08,4.041,771.9,9.57,none/ocean,none/ocean,Oceanic basalt,False,
H+53+12,ocean,ocean,modest,fish,none,ocean,53,12,-237.6,3.902,772.3,9.59,none/ocean,none/ocean,Oceanic basalt,False,
H+54+12,ocean,ocean,modest,fish,none,ocean,54,12,-239.47,3.697,775.5,9.59,none/ocean,none/ocean,Oceanic basalt,False,
H+55+12,ocean,ocean,modest,fish,none,ocean,55,12,-244.54,3.865,762.0,9.59,none/ocean,none/ocean,Oceanic basalt,False,
H+56+12,ocean,ocean,modest,fish,none,ocean,56,12,-237.05,3.972,744.7,9.59,none/ocean,none/ocean,Oceanic basalt,False,
H+57+12,ocean,ocean,modest,fish,none,ocean,57,12,-233.77,4.1,747.0,9.59,none/ocean,none/ocean,Oceanic basalt,False,
H+58+12,ocean,ocean,modest,fish,none,ocean,58,12,-234.65,4.07,754.2,9.59,none/ocean,none/ocean,Oceanic basalt,False,
H+59+12,ocean,ocean,modest,fish,none,ocean,59,12,-239.36,3.912,745.4,9.58,none/ocean,none/ocean,Oceanic basalt,False,
H+60+12,ocean,ocean,modest,fish,none,ocean,60,12,-280.12,5.093,726.1,9.55,none/ocean,none/ocean,Oceanic basalt,False,
H+61+12,ocean,ocean,modest,fish,none,ocean,61,12,-279.25,2.553,707.6,9.49,none/ocean,none/ocean,Oceanic basalt,False,
H+62+12,ocean,ocean,modest,fish,none,ocean,62,12,-261.24,2.793,687.5,9.4,none/ocean,none/ocean,Oceanic basalt,False,
H+63+12,ocean,ocean,modest,fish,none,ocean,63,12,-252.29,3.402,669.0,9.3,none/ocean,none/ocean,Oceanic basalt,False,
H+64+12,ocean,ocean,modest,fish,none,ocean,64,12,-263.94,3.228,662.2,9.21,none/ocean,none/ocean,Oceanic basalt,False,
H+65+12,ocean,ocean,modest,fish,none,ocean,65,12,-271.79,3.21,662.9,9.15,none/ocean,none/ocean,Oceanic basalt,False,
H+66+12,ocean,ocean,modest,fish,none,ocean,66,12,-261.91,3.155,661.8,9.12,none/ocean,none/ocean,Oceanic basalt,False,
H+67+12,ocean,ocean,modest,fish,none,ocean,67,12,-254.47,3.21,661.4,9.11,none/ocean,none/ocean,Oceanic basalt,False,
H+68+12,ocean,ocean,modest,fish,none,ocean,68,12,-252.34,3.27,665.9,9.09,none/ocean,none/ocean,Oceanic basalt,False,
H+69+12,ocean,ocean,modest,fish,none,ocean,69,12,-261.57,2.958,681.1,9.07,none/ocean,none/ocean,Oceanic basalt,False,
H+70+12,ocean,ocean,modest,fish,none,ocean,70,12,-266.94,2.874,689.3,9.05,none/ocean,none/ocean,Oceanic basalt,False,
H+71+12,ocean,ocean,modest,fish,none,ocean,71,12,-260.87,2.713,680.5,9.04,none/ocean,none/ocean,Oceanic basalt,False,
H+72+12,ocean,ocean,modest,fish,none,ocean,72,12,-262.14,2.67,672.1,9.06,none/ocean,none/ocean,Oceanic basalt,False,
H+73+12,ocean,ocean,modest,fish,none,ocean,73,12,-262.81,2.709,670.5,9.1,none/ocean,none/ocean,Oceanic basalt,False,
H+74+12,ocean,ocean,modest,fish,none,ocean,74,12,-266.31,5.609,662.9,9.17,none/ocean,none/ocean,Oceanic basalt,False,
H+75+12,ocean,ocean,modest,fish,none,ocean,75,12,-275.75,5.939,646.6,9.25,none/ocean,none/ocean,Oceanic basalt,False,
H+76+12,ocean,ocean,modest,fish,none,ocean,76,12,-97.58,5.939,630.0,9.32,none/ocean,none/ocean,Oceanic basalt,False,
H+77+12,ocean,ocean,modest,fish,none,ocean,77,12,-100.77,2.717,617.4,9.38,none/ocean,none/ocean,Oceanic basalt,False,
H+78+12,ocean,ocean,modest,fish,none,ocean,78,12,-102.77,0.208,615.6,9.44,none/ocean,none/ocean,Oceanic basalt,False,
H+79+12,ocean,ocean,modest,fish,none,ocean,79,12,-105.34,0.224,617.1,9.51,none/ocean,none/ocean,Oceanic basalt,False,
H+00+13,ocean,ocean,modest,fish,none,ocean,0,13,-80.61,0.127,877.7,10.27,none/ocean,none/ocean,Oceanic basalt,False,
H+01+13,ocean,ocean,modest,fish,none,ocean,1,13,-76.78,4.307,862.0,10.25,none/ocean,none/ocean,Oceanic basalt,False,
H+02+13,ocean,ocean,modest,fish,none,ocean,2,13,-205.99,4.405,837.5,10.21,none/ocean,none/ocean,Oceanic basalt,False,
H+03+13,ocean,ocean,modest,fish,none,ocean,3,13,-154.48,2.451,831.4,10.14,none/ocean,none/ocean,Oceanic basalt,False,
H+04+13,ocean,ocean,modest,fish,none,ocean,4,13,-150.04,2.303,836.3,10.07,none/ocean,none/ocean,Oceanic basalt,False,
H+05+13,ocean,ocean,modest,fish,none,ocean,5,13,-139.65,4.3,827.6,10.01,none/ocean,none/ocean,Oceanic basalt,False,
H+06+13,ocean,ocean,modest,fish,none,ocean,6,13,-10.65,6.636,816.5,9.96,none/ocean,none/ocean,Oceanic basalt,False,
H+07+13,coast,none,none,clay,farmstead,"fresh water, route access",7,13,3.51,2.494,730.6,9.91,sandy coastal,coastal scrub,Coastal sediment,False,none
H+08+13,coast,none,none,clay,farmstead,"fresh water, route access",8,13,0.92,2.569,710.9,9.93,sandy coastal,coastal scrub,Coastal sediment,False,none
H+09+13,ocean,ocean,modest,fish,none,ocean,9,13,-5.7,2.657,763.6,9.94,none/ocean,none/ocean,Oceanic basalt,False,
H+10+13,ocean,ocean,modest,fish,none,ocean,10,13,-9.79,2.61,754.3,9.95,none/ocean,none/ocean,Oceanic basalt,False,
H+11+13,ocean,ocean,modest,fish,none,ocean,11,13,-12.78,2.511,751.8,9.96,none/ocean,none/ocean,Oceanic basalt,False,
H+12+13,ocean,ocean,modest,fish,none,ocean,12,13,-6.67,3.009,762.3,9.96,none/ocean,none/ocean,Oceanic basalt,False,
H+13+13,ocean,ocean,modest,fish,none,ocean,13,13,-20.73,3.053,778.4,9.98,none/ocean,none/ocean,Oceanic basalt,False,
H+14+13,ocean,ocean,modest,fish,none,ocean,14,13,-32.27,2.779,776.6,10.0,none/ocean,none/ocean,Oceanic basalt,False,
H+15+13,ocean,ocean,modest,fish,none,ocean,15,13,-33.96,7.664,758.8,10.01,none/ocean,none/ocean,Oceanic basalt,False,
H+16+13,ocean,ocean,modest,fish,none,ocean,16,13,-189.36,5.18,751.7,10.02,none/ocean,none/ocean,Oceanic basalt,False,
H+17+13,ocean,ocean,modest,fish,none,ocean,17,13,-204.27,3.178,752.7,10.01,none/ocean,none/ocean,Oceanic basalt,False,
H+18+13,ocean,ocean,modest,fish,none,ocean,18,13,-216.46,2.981,752.9,9.99,none/ocean,none/ocean,Oceanic basalt,False,
H+19+13,ocean,ocean,modest,fish,none,ocean,19,13,-226.16,2.927,763.2,9.96,none/ocean,none/ocean,Oceanic basalt,False,
H+20+13,ocean,ocean,modest,fish,none,ocean,20,13,-142.45,4.021,783.7,9.94,none/ocean,none/ocean,Oceanic basalt,False,
H+21+13,ocean,ocean,modest,fish,none,ocean,21,13,-150.33,4.197,804.6,9.92,none/ocean,none/ocean,Oceanic basalt,False,
H+22+13,ocean,ocean,modest,fish,none,ocean,22,13,-160.76,4.449,830.1,9.91,none/ocean,none/ocean,Oceanic basalt,False,
H+23+13,ocean,ocean,modest,fish,none,ocean,23,13,-164.21,4.485,845.3,9.92,none/ocean,none/ocean,Oceanic basalt,False,
H+24+13,ocean,ocean,modest,fish,none,ocean,24,13,-148.96,3.844,840.1,9.95,none/ocean,none/ocean,Oceanic basalt,False,
H+25+13,ocean,ocean,modest,fish,none,ocean,25,13,-42.16,5.335,839.8,9.99,none/ocean,none/ocean,Oceanic basalt,False,
H+26+13,forest,none,good,timber,town,"fresh water, adequate food, route access",26,13,117.9,6.323,773.2,9.27,glacial till,temperate forest,Rift volcanics,False,overdeep_basin
H+27+13,forest,none,good,timber,town,"fresh water, adequate food, route access",27,13,307.61,6.871,784.8,8.09,glacial till,temperate forest,Rift volcanics,False,overdeep_basin;outwash
H+28+13,forest,none,good,timber,farmstead,"adequate food, route access",28,13,513.74,7.501,862.1,6.8,glacial till,temperate forest,Rift volcanics,False,overdeep_basin;outwash
H+29+13,boreal,none,modest,timber,farmstead,"adequate food, route access",29,13,738.76,7.501,1017.9,5.39,glacial till,boreal forest,Rift volcanics,False,outwash
H+30+13,lake,lake,modest,evaporite_host|fish,none,open water (lake/inland sea),30,13,588.76,5.0,748.8,6.4,glacial till,none/ocean,Basin sediment,True,overdeep_basin;outwash
H+31+13,lake,lake,modest,evaporite_host|fish,none,open water (lake/inland sea),31,13,588.76,0.0,761.0,6.42,glacial till,none/ocean,Basin sediment,True,overdeep_basin;outwash
H+32+13,lake,lake,modest,evaporite_host|fish,none,open water (lake/inland sea),32,13,588.76,0.0,757.8,6.42,glacial till,none/ocean,Basin sediment,True,overdeep_basin;outwash
H+33+13,lake,lake,modest,evaporite_host|fish,none,open water (lake/inland sea),33,13,588.76,0.0,774.6,6.4,glacial till,none/ocean,Basin sediment,True,overdeep_basin;outwash
H+34+13,lake,lake,modest,evaporite_host|fish,none,open water (lake/inland sea),34,13,588.76,0.0,791.3,6.34,glacial till,none/ocean,Basin sediment,True,overdeep_basin;outwash
H+35+13,lake,lake,modest,evaporite_host|fish,none,open water (lake/inland sea),35,13,588.76,0.0,803.5,6.24,glacial till,none/ocean,Basin sediment,True,overdeep_basin;outwash
H+36+13,lake,lake,modest,evaporite_host|fish,none,open water (lake/inland sea),36,13,588.76,8.316,808.4,6.13,glacial till,none/ocean,Basin sediment,True,u_valley;outwash
H+37+13,lake,lake,modest,evaporite_host|fish,none,open water (lake/inland sea),37,13,588.76,8.316,800.8,6.01,glacial till,none/ocean,Basin sediment,True,u_valley;outwash
H+38+13,boreal,none,modest,none,village,"fresh water, adequate food, route access",38,13,616.01,6.968,805.0,5.73,glacial till,boreal forest,Rift volcanics,False,outwash
H+39+13,forest,none,good,timber,village,"fresh water, adequate food",39,13,538.65,15.483,763.5,6.15,glacial till,temperate forest,Rift volcanics,False,outwash
H+40+13,forest,none,good,timber,village,"fresh water, adequate food",40,13,200.15,11.284,761.7,8.27,glacial till,temperate forest,Rift volcanics,False,u_valley;outwash
H+41+13,coast,none,none,none,none,poor food,41,13,17.02,10.258,762.3,9.4,glacial till,coastal scrub,Rift volcanics,False,u_valley;overdeep_basin
H+42+13,ocean,ocean,modest,fish,none,ocean,42,13,-139.74,13.573,855.3,9.46,none/ocean,none/ocean,Oceanic basalt,False,
H+43+13,ocean,ocean,modest,fish,none,ocean,43,13,-69.65,5.767,865.4,9.43,none/ocean,none/ocean,Oceanic basalt,False,
H+44+13,ocean,ocean,modest,fish,none,ocean,44,13,-88.03,3.896,865.3,9.42,none/ocean,none/ocean,Oceanic basalt,False,
H+45+13,ocean,ocean,modest,fish,none,ocean,45,13,-93.83,3.654,861.7,9.43,none/ocean,none/ocean,Oceanic basalt,False,
H+46+13,ocean,ocean,modest,fish,none,ocean,46,13,-93.04,3.628,849.6,9.47,none/ocean,none/ocean,Oceanic basalt,False,
H+47+13,ocean,ocean,modest,fish,none,ocean,47,13,-95.45,3.965,831.3,9.52,none/ocean,none/ocean,Oceanic basalt,False,
H+48+13,ocean,ocean,modest,fish,none,ocean,48,13,-102.4,4.17,820.3,9.58,none/ocean,none/ocean,Oceanic basalt,False,
H+49+13,ocean,ocean,modest,fish,none,ocean,49,13,-104.96,4.085,815.4,9.64,none/ocean,none/ocean,Oceanic basalt,False,
H+50+13,ocean,ocean,modest,fish,none,ocean,50,13,-111.8,3.901,806.5,9.69,none/ocean,none/ocean,Oceanic basalt,False,
H+51+13,ocean,ocean,modest,fish,none,ocean,51,13,-113.85,4.041,788.3,9.74,none/ocean,none/ocean,Oceanic basalt,False,
H+52+13,ocean,ocean,modest,fish,none,ocean,52,13,-120.54,4.059,773.1,9.78,none/ocean,none/ocean,Oceanic basalt,False,
H+53+13,ocean,ocean,modest,fish,none,ocean,53,13,-128.55,4.281,770.3,9.82,none/ocean,none/ocean,Oceanic basalt,False,
H+54+13,ocean,ocean,modest,fish,none,ocean,54,13,-132.05,4.162,771.3,9.84,none/ocean,none/ocean,Oceanic basalt,False,
H+55+13,ocean,ocean,modest,fish,none,ocean,55,13,-128.58,3.865,764.8,9.84,none/ocean,none/ocean,Oceanic basalt,False,
H+56+13,ocean,ocean,modest,fish,none,ocean,56,13,-127.13,3.768,756.5,9.84,none/ocean,none/ocean,Oceanic basalt,False,
H+57+13,ocean,ocean,modest,fish,none,ocean,57,13,-123.58,3.842,757.4,9.83,none/ocean,none/ocean,Oceanic basalt,False,
H+58+13,ocean,ocean,modest,fish,none,ocean,58,13,-122.0,3.912,759.7,9.81,none/ocean,none/ocean,Oceanic basalt,False,
H+59+13,ocean,ocean,modest,fish,none,ocean,59,13,-127.34,5.093,749.0,9.78,none/ocean,none/ocean,Oceanic basalt,False,
H+60+13,ocean,ocean,modest,fish,none,ocean,60,13,-210.09,6.498,726.0,9.74,none/ocean,none/ocean,Oceanic basalt,False,
H+61+13,ocean,ocean,modest,fish,none,ocean,61,13,-202.65,2.746,710.0,9.69,none/ocean,none/ocean,Oceanic basalt,False,
H+62+13,ocean,ocean,modest,fish,none,ocean,62,13,-181.23,2.691,704.5,9.63,none/ocean,none/ocean,Oceanic basalt,False,
H+63+13,ocean,ocean,modest,fish,none,ocean,63,13,-171.24,3.09,695.7,9.56,none/ocean,none/ocean,Oceanic basalt,False,
H+64+13,ocean,ocean,modest,fish,none,ocean,64,13,-175.49,3.21,691.9,9.5,none/ocean,none/ocean,Oceanic basalt,False,
H+65+13,ocean,ocean,modest,fish,none,ocean,65,13,-184.32,3.072,696.1,9.46,none/ocean,none/ocean,Oceanic basalt,False,
H+66+13,ocean,ocean,modest,fish,none,ocean,66,13,-180.52,2.945,690.3,9.44,none/ocean,none/ocean,Oceanic basalt,False,
H+67+13,ocean,ocean,modest,fish,none,ocean,67,13,-176.74,2.591,679.7,9.43,none/ocean,none/ocean,Oceanic basalt,False,
H+68+13,ocean,ocean,modest,fish,none,ocean,68,13,-172.81,2.958,675.9,9.41,none/ocean,none/ocean,Oceanic basalt,False,
H+69+13,ocean,ocean,modest,fish,none,ocean,69,13,-180.72,2.874,674.2,9.4,none/ocean,none/ocean,Oceanic basalt,False,
H+70+13,ocean,ocean,modest,fish,none,ocean,70,13,-190.14,2.641,671.7,9.38,none/ocean,none/ocean,Oceanic basalt,False,
H+71+13,ocean,ocean,modest,fish,none,ocean,71,13,-185.62,2.55,662.4,9.38,none/ocean,none/ocean,Oceanic basalt,False,
H+72+13,ocean,ocean,modest,fish,none,ocean,72,13,-185.89,2.564,655.4,9.39,none/ocean,none/ocean,Oceanic basalt,False,
H+73+13,ocean,ocean,modest,fish,none,ocean,73,13,-181.54,2.826,658.0,9.44,none/ocean,none/ocean,Oceanic basalt,False,
H+74+13,ocean,ocean,modest,fish,none,ocean,74,13,-185.3,3.015,655.7,9.51,none/ocean,none/ocean,Oceanic basalt,False,
H+75+13,ocean,ocean,modest,fish,none,ocean,75,13,-191.02,3.115,632.7,9.58,none/ocean,none/ocean,Oceanic basalt,False,
H+76+13,ocean,ocean,modest,fish,none,ocean,76,13,-182.27,2.856,600.4,9.66,none/ocean,none/ocean,Oceanic basalt,False,
H+77+13,ocean,ocean,modest,fish,none,ocean,77,13,-96.58,2.856,585.4,9.72,none/ocean,none/ocean,Oceanic basalt,False,
H+78+13,ocean,ocean,modest,fish,none,ocean,78,13,-98.63,0.224,590.4,9.78,none/ocean,none/ocean,Oceanic basalt,False,
H+79+13,ocean,ocean,modest,fish,none,ocean,79,13,-101.42,0.194,598.7,9.85,none/ocean,none/ocean,Oceanic basalt,False,
H+00+14,ocean,ocean,modest,fish,none,ocean,0,14,-77.01,0.12,858.4,10.54,none/ocean,none/ocean,Oceanic basalt,False,
H+01+14,ocean,ocean,modest,fish,none,ocean,1,14,-73.84,4.405,844.8,10.53,none/ocean,none/ocean,Oceanic basalt,False,
H+02+14,ocean,ocean,modest,fish,none,ocean,2,14,-204.14,6.106,824.5,10.51,none/ocean,none/ocean,Oceanic basalt,False,
H+03+14,ocean,ocean,modest,fish,none,ocean,3,14,-93.38,3.692,822.7,10.47,none/ocean,none/ocean,Oceanic basalt,False,
H+04+14,ocean,ocean,modest,fish,none,ocean,4,14,-90.47,2.092,832.6,10.43,none/ocean,none/ocean,Oceanic basalt,False,
H+05+14,ocean,ocean,modest,fish,none,ocean,5,14,-83.16,6.243,830.2,10.38,none/ocean,none/ocean,Oceanic basalt,False,
H+06+14,coast,none,none,clay,farmstead,"fresh water, route access",6,14,49.15,4.41,751.9,10.01,sandy coastal,coastal scrub,Coastal sediment,False,none
H+07+14,coast,none,none,none,farmstead,"fresh water, route access",7,14,56.42,2.038,745.4,9.94,sandy coastal,coastal scrub,Coastal sediment,False,none
H+08+14,coast,none,none,none,farmstead,"fresh water, route access",8,14,57.83,2.118,727.0,9.93,sandy coastal,coastal scrub,Coastal sediment,False,none
H+09+14,coast,none,none,none,farmstead,"fresh water, route access",9,14,57.67,2.249,710.1,9.94,sandy coastal,coastal scrub,Coastal sediment,False,none
H+10+14,coast,none,none,none,farmstead,"fresh water, route access",10,14,61.52,2.476,702.6,9.92,sandy coastal,coastal scrub,Coastal sediment,False,none
H+11+14,coast,none,none,none,farmstead,"fresh water, route access",11,14,58.66,2.603,699.8,9.94,loam,coastal scrub,Craton granite/gneiss,False,none
H+12+14,coast,none,none,none,farmstead,"fresh water, route access",12,14,55.76,2.904,703.8,9.95,loam,coastal scrub,Craton granite/gneiss,False,none
H+13+14,coast,none,none,none,farmstead,"fresh water, route access",13,14,43.34,2.833,709.5,10.03,loam,coastal scrub,Craton granite/gneiss,False,none
H+14+14,coast,none,none,none,farmstead,"fresh water, route access",14,14,37.89,4.712,703.2,10.07,loam,coastal scrub,Craton granite/gneiss,False,none
H+15+14,ocean,ocean,modest,fish,none,ocean,15,14,-103.47,4.712,753.5,10.31,none/ocean,none/ocean,Oceanic basalt,False,
H+16+14,ocean,ocean,modest,fish,none,ocean,16,14,-108.92,3.178,743.9,10.31,none/ocean,none/ocean,Oceanic basalt,False,
H+17+14,ocean,ocean,modest,fish,none,ocean,17,14,-127.04,2.981,742.0,10.29,none/ocean,none/ocean,Oceanic basalt,False,
H+18+14,ocean,ocean,modest,fish,none,ocean,18,14,-138.35,2.927,740.8,10.25,none/ocean,none/ocean,Oceanic basalt,False,
H+19+14,ocean,ocean,modest,fish,none,ocean,19,14,-151.44,3.889,751.9,10.21,none/ocean,none/ocean,Oceanic basalt,False,
H+20+14,ocean,ocean,modest,fish,none,ocean,20,14,-34.76,4.457,774.0,10.16,none/ocean,none/ocean,Oceanic basalt,False,
H+21+14,ocean,ocean,modest,fish,none,ocean,21,14,-27.29,4.449,796.9,10.13,none/ocean,none/ocean,Oceanic basalt,False,
H+22+14,ocean,ocean,modest,fish,none,ocean,22,14,-29.65,4.485,825.9,10.11,none/ocean,none/ocean,Oceanic basalt,False,
H+23+14,ocean,ocean,modest,fish,none,ocean,23,14,-34.45,4.325,843.0,10.12,none/ocean,none/ocean,Oceanic basalt,False,
H+24+14,ocean,ocean,modest,fish,none,ocean,24,14,-33.63,4.228,837.7,10.14,none/ocean,none/ocean,Oceanic basalt,False,
H+25+14,coast,river,none,none,farmstead,"fresh water, route access",25,14,76.72,5.261,762.0,9.67,glacial till,coastal scrub,Rift volcanics,False,overdeep_basin
H+26+14,forest,none,good,timber,town,"fresh water, adequate food, route access",26,14,234.55,6.697,773.3,8.68,glacial till,temperate forest,Rift volcanics,False,overdeep_basin;outwash
H+27+14,forest,none,good,timber,farmstead,"adequate food, route access",27,14,435.45,6.697,806.8,7.43,glacial till,temperate forest,Rift volcanics,False,overdeep_basin;outwash
H+28+14,forest,none,good,timber,farmstead,"adequate food, route access",28,14,635.96,6.684,933.1,6.18,glacial till,temperate forest,Rift volcanics,False,outwash
H+29+14,lake,lake,modest,evaporite_host|clay|fish,none,open water (lake/inland sea),29,14,588.76,6.044,779.9,6.55,glacial till,none/ocean,Basin sediment,True,overdeep_basin;outwash
H+30+14,lake,lake,modest,evaporite_host|fish,none,open water (lake/inland sea),30,14,588.76,0.0,773.8,6.62,glacial till,none/ocean,Basin sediment,True,overdeep_basin;outwash
H+31+14,lake,lake,modest,evaporite_host|fish,none,open water (lake/inland sea),31,14,588.76,0.0,752.8,6.67,glacial till,none/ocean,Basin sediment,True,overdeep_basin;outwash
H+32+14,lake,lake,modest,evaporite_host|fish,none,open water (lake/inland sea),32,14,588.76,0.0,746.0,6.7,glacial till,none/ocean,Basin sediment,True,overdeep_basin;outwash
H+33+14,lake,lake,modest,evaporite_host|fish,none,open water (lake/inland sea),33,14,588.76,0.0,758.2,6.68,glacial till,none/ocean,Basin sediment,True,overdeep_basin;outwash
H+34+14,lake,lake,modest,evaporite_host|fish,none,open water (lake/inland sea),34,14,588.76,0.0,771.3,6.63,glacial till,none/ocean,Basin sediment,True,overdeep_basin;outwash
H+35+14,lake,lake,modest,evaporite_host|clay|fish,none,open water (lake/inland sea),35,14,588.76,0.0,781.6,6.55,glacial till,none/ocean,Basin sediment,True,overdeep_basin;outwash
H+36+14,lake,lake,modest,evaporite_host|clay|fish,none,open water (lake/inland sea),36,14,588.76,0.0,786.0,6.45,glacial till,none/ocean,Basin sediment,True,overdeep_basin;outwash
H+37+14,lake,lake,modest,evaporite_host|clay|fish,none,open water (lake/inland sea),37,14,588.76,4.911,782.2,6.35,glacial till,none/ocean,Basin sediment,True,overdeep_basin;outwash
H+38+14,boreal,none,modest,timber,farmstead,"adequate food, route access",38,14,736.1,7.088,920.0,5.3,glacial till,boreal forest,Rift volcanics,False,outwash
H+39+14,forest,none,good,volcanic_host|timber,village,"fresh water, adequate food",39,14,523.45,11.381,740.6,6.6,glacial till,temperate forest,Rift volcanics,False,u_valley;overdeep_basin;outwash
H+40+14,forest,none,good,timber,village,"fresh water, adequate food",40,14,324.75,10.865,759.6,7.81,glacial till,temperate forest,Rift volcanics,False,u_valley;outwash
H+41+14,forest,none,good,timber,village,"fresh water, adequate food",41,14,267.46,13.573,765.6,8.1,glacial till,temperate forest,Rift volcanics,False,outwash
H+42+14,forest,none,good,timber,village,"fresh water, adequate food",42,14,103.35,9.649,784.8,9.11,volcanic andisol,temperate forest,Rift volcanics,False,none
H+43+14,coast,none,none,none,farmstead,"fresh water, route access",43,14,28.86,6.31,798.3,9.55,volcanic andisol,coastal scrub,Rift volcanics,False,none
H+44+14,coast,none,none,none,farmstead,"fresh water, route access",44,14,12.15,4.437,802.6,9.64,volcanic andisol,coastal scrub,Rift volcanics,False,none
H+45+14,coast,none,none,metals,farmstead,"fresh water, route access",45,14,15.8,3.873,801.4,9.62,volcanic andisol,coastal scrub,Rift volcanics,False,none
H+46+14,coast,none,none,metals,farmstead,"fresh water, route access",46,14,9.52,3.639,788.9,9.67,volcanic andisol,coastal scrub,Rift volcanics,False,none
H+47+14,ocean,ocean,modest,fish,none,ocean,47,14,-1.02,3.914,847.0,9.75,none/ocean,none/ocean,Oceanic basalt,False,
H+48+14,coast,none,none,none,farmstead,"fresh water, route access",48,14,2.14,3.805,758.4,9.76,volcanic andisol,coastal scrub,Rift volcanics,False,none
H+49+14,coast,none,none,none,farmstead,"fresh water, route access",49,14,5.2,3.9,752.2,9.77,volcanic andisol,coastal scrub,Rift volcanics,False,none
H+50+14,coast,none,none,none,farmstead,"fresh water, route access",50,14,5.22,3.969,743.6,9.81,volcanic andisol,coastal scrub,Rift volcanics,False,none
H+51+14,coast,none,none,none,farmstead,"fresh water, route access",51,14,1.24,4.059,728.3,9.9,volcanic andisol,coastal scrub,Rift volcanics,False,none
H+52+14,ocean,ocean,modest,fish,none,ocean,52,14,-0.11,4.281,786.1,9.97,none/ocean,none/ocean,Oceanic basalt,False,
H+53+14,ocean,ocean,modest,fish,none,ocean,53,14,-7.19,4.217,781.2,10.04,none/ocean,none/ocean,Oceanic basalt,False,
H+54+14,ocean,ocean,modest,fish,none,ocean,54,14,-16.26,4.225,780.8,10.08,none/ocean,none/ocean,Oceanic basalt,False,
H+55+14,ocean,ocean,modest,fish,none,ocean,55,14,-14.31,3.945,776.5,10.09,none/ocean,none/ocean,Oceanic basalt,False,
H+56+14,ocean,ocean,modest,fish,none,ocean,56,14,-14.08,4.131,771.2,10.08,none/ocean,none/ocean,Oceanic basalt,False,
H+57+14,ocean,ocean,modest,fish,none,ocean,57,14,-8.31,4.024,771.5,10.05,none/ocean,none/ocean,Oceanic basalt,False,
H+58+14,ocean,ocean,modest,fish,none,ocean,58,14,-13.15,4.185,772.2,10.01,none/ocean,none/ocean,Oceanic basalt,False,
H+59+14,ocean,ocean,modest,fish,none,ocean,59,14,-15.15,6.498,761.9,9.97,none/ocean,none/ocean,Oceanic basalt,False,
H+60+14,ocean,ocean,modest,fish,none,ocean,60,14,-141.13,8.057,742.1,9.92,none/ocean,none/ocean,Oceanic basalt,False,
H+61+14,ocean,ocean,modest,fish,none,ocean,61,14,-120.27,2.746,728.2,9.88,none/ocean,none/ocean,Oceanic basalt,False,
H+62+14,ocean,ocean,modest,fish,none,ocean,62,14,-100.5,2.691,723.7,9.85,none/ocean,none/ocean,Oceanic basalt,False,
H+63+14,ocean,ocean,modest,fish,none,ocean,63,14,-97.68,2.594,715.2,9.82,none/ocean,none/ocean,Oceanic basalt,False,
H+64+14,ocean,ocean,modest,fish,none,ocean,64,14,-99.16,2.839,709.6,9.8,none/ocean,none/ocean,Oceanic basalt,False,
H+65+14,ocean,ocean,modest,fish,none,ocean,65,14,-92.16,3.072,710.4,9.79,none/ocean,none/ocean,Oceanic basalt,False,
H+66+14,ocean,ocean,modest,fish,none,ocean,66,14,-105.31,2.776,700.6,9.78,none/ocean,none/ocean,Oceanic basalt,False,
H+67+14,ocean,ocean,modest,fish,none,ocean,67,14,-106.22,2.584,685.2,9.78,none/ocean,none/ocean,Oceanic basalt,False,
H+68+14,ocean,ocean,modest,fish,none,ocean,68,14,-102.58,2.604,676.3,9.76,none/ocean,none/ocean,Oceanic basalt,False,
H+69+14,ocean,ocean,modest,fish,none,ocean,69,14,-110.9,2.641,667.8,9.74,none/ocean,none/ocean,Oceanic basalt,False,
H+70+14,ocean,ocean,modest,fish,none,ocean,70,14,-114.59,2.518,660.4,9.73,none/ocean,none/ocean,Oceanic basalt,False,
H+71+14,ocean,ocean,modest,fish,none,ocean,71,14,-110.72,2.505,651.6,9.74,none/ocean,none/ocean,Oceanic basalt,False,
H+72+14,ocean,ocean,modest,fish,none,ocean,72,14,-111.74,2.472,646.2,9.76,none/ocean,none/ocean,Oceanic basalt,False,
H+73+14,ocean,ocean,modest,fish,none,ocean,73,14,-107.32,2.599,647.0,9.81,none/ocean,none/ocean,Oceanic basalt,False,
H+74+14,ocean,ocean,modest,fish,none,ocean,74,14,-109.23,2.726,642.1,9.87,none/ocean,none/ocean,Oceanic basalt,False,
H+75+14,ocean,ocean,modest,fish,none,ocean,75,14,-111.55,2.649,618.8,9.94,none/ocean,none/ocean,Oceanic basalt,False,
H+76+14,ocean,ocean,modest,fish,none,ocean,76,14,-105.74,2.551,586.7,10.02,none/ocean,none/ocean,Oceanic basalt,False,
H+77+14,ocean,ocean,modest,fish,none,ocean,77,14,-102.96,2.714,571.1,10.08,none/ocean,none/ocean,Oceanic basalt,False,
H+78+14,ocean,ocean,modest,fish,none,ocean,78,14,-95.6,2.661,575.6,10.14,none/ocean,none/ocean,Oceanic basalt,False,
H+79+14,ocean,ocean,modest,fish,none,ocean,79,14,-97.85,2.736,583.9,10.21,none/ocean,none/ocean,Oceanic basalt,False,
H+00+15,ocean,ocean,modest,fish,none,ocean,0,15,-74.67,0.151,829.7,10.81,none/ocean,none/ocean,Oceanic basalt,False,
H+01+15,ocean,ocean,modest,fish,none,ocean,1,15,-70.13,6.277,823.8,10.81,none/ocean,none/ocean,Oceanic basalt,False,
H+02+15,ocean,ocean,modest,fish,none,ocean,2,15,-20.97,6.106,815.2,10.8,none/ocean,none/ocean,Oceanic basalt,False,
H+03+15,ocean,ocean,modest,fish,none,ocean,3,15,-27.7,4.886,817.3,10.79,none/ocean,none/ocean,Oceanic basalt,False,
H+04+15,ocean,ocean,modest,fish,none,ocean,4,15,-28.41,4.418,829.1,10.77,none/ocean,none/ocean,Oceanic basalt,False,
H+05+15,forest,none,good,timber,town,"fresh water, adequate food, route access",5,15,104.12,6.243,755.8,10.06,sandy coastal,temperate forest,Coastal sediment,False,none
H+06+15,forest,none,good,none,town,"fresh water, adequate food, route access",6,15,113.2,2.135,757.0,9.96,sandy coastal,temperate forest,Coastal sediment,False,none
H+07+15,forest,none,good,none,town,"fresh water, adequate food, route access",7,15,117.57,2.038,752.6,9.91,sandy coastal,temperate forest,Coastal sediment,False,none
H+08+15,forest,none,good,none,town,"fresh water, adequate food, route access",8,15,118.83,2.039,732.3,9.9,sandy coastal,temperate forest,Coastal sediment,False,none
H+09+15,forest,none,good,none,town,"fresh water, adequate food, route access",9,15,120.23,2.085,713.6,9.9,sandy coastal,temperate forest,Coastal sediment,False,none
H+10+15,forest,none,good,none,town,"fresh water, adequate food, route access",10,15,129.06,4.95,714.6,9.84,sandy coastal,temperate forest,Coastal sediment,False,none
H+11+15,ocean,ocean,modest,fish,none,ocean,11,15,-19.44,4.95,793.0,10.68,none/ocean,none/ocean,Oceanic basalt,False,
H+12+15,ocean,ocean,modest,fish,none,ocean,12,15,-31.36,2.904,785.3,10.66,none/ocean,none/ocean,Oceanic basalt,False,
H+13+15,ocean,ocean,modest,fish,none,ocean,13,15,-41.67,2.833,769.9,10.65,none/ocean,none/ocean,Oceanic basalt,False,
H+14+15,ocean,ocean,modest,fish,none,ocean,14,15,-49.17,2.902,757.2,10.63,none/ocean,none/ocean,Oceanic basalt,False,
H+15+15,ocean,ocean,modest,fish,none,ocean,15,15,-46.63,2.076,743.5,10.61,none/ocean,none/ocean,Oceanic basalt,False,
H+16+15,ocean,ocean,modest,fish,none,ocean,16,15,-43.28,2.792,734.4,10.59,none/ocean,none/ocean,Oceanic basalt,False,
H+17+15,ocean,ocean,modest,fish,none,ocean,17,15,-51.94,2.881,729.5,10.56,none/ocean,none/ocean,Oceanic basalt,False,
H+18+15,ocean,ocean,modest,fish,none,ocean,18,15,-57.33,3.137,727.1,10.51,none/ocean,none/ocean,Oceanic basalt,False,
H+19+15,ocean,ocean,modest,fish,none,ocean,19,15,-62.63,5.386,732.6,10.45,none/ocean,none/ocean,Oceanic basalt,False,
H+20+15,grassland,none,good,none,town,"fresh water, strong food, route access",20,15,98.95,5.386,679.0,9.74,glacial till,grassland/pasture,Rift volcanics,False,overdeep_basin
H+21+15,forest,none,good,timber,town,"fresh water, adequate food, route access",21,15,95.74,4.179,701.7,9.71,glacial till,temperate forest,Rift volcanics,False,overdeep_basin
H+22+15,forest,none,good,timber,town,"fresh water, adequate food, route access",22,15,94.64,4.303,735.6,9.7,glacial till,temperate forest,Rift volcanics,False,overdeep_basin
H+23+15,forest,none,good,timber,town,"fresh water, adequate food, route access",23,15,88.19,4.088,755.2,9.74,glacial till,temperate forest,Rift volcanics,False,overdeep_basin
H+24+15,forest,none,good,timber,town,"fresh water, adequate food, route access",24,15,93.2,4.228,758.6,9.72,glacial till,temperate forest,Rift volcanics,False,overdeep_basin
H+25+15,forest,none,good,timber,town,"fresh water, adequate food, route access",25,15,206.06,5.598,764.6,9.01,glacial till,temperate forest,Rift volcanics,False,overdeep_basin;outwash
H+26+15,forest,none,good,timber,farmstead,"adequate food, route access",26,15,374.0,6.465,773.1,7.95,glacial till,temperate forest,Rift volcanics,False,overdeep_basin;outwash
H+27+15,forest,none,good,none,farmstead,"adequate food, route access",27,15,567.93,6.738,878.1,6.73,glacial till,temperate forest,Rift volcanics,False,overdeep_basin;outwash
H+28+15,boreal,none,modest,none,farmstead,"adequate food, route access",28,15,770.07,6.738,1013.2,5.48,glacial till,boreal forest,Rift volcanics,False,outwash
H+29+15,lake,lake,modest,evaporite_host|fish,none,open water (lake/inland sea),29,15,588.76,6.044,754.5,6.74,glacial till,none/ocean,Basin sediment,True,overdeep_basin;outwash
H+30+15,lake,lake,modest,evaporite_host|fish,none,open water (lake/inland sea),30,15,588.76,0.0,776.6,6.83,glacial till,none/ocean,Basin sediment,True,overdeep_basin;outwash
H+31+15,lake,lake,modest,evaporite_host|fish,none,open water (lake/inland sea),31,15,588.76,0.0,754.8,6.92,glacial till,none/ocean,Basin sediment,True,overdeep_basin;outwash
H+32+15,lake,lake,modest,evaporite_host|fish,none,open water (lake/inland sea),32,15,588.76,0.0,742.9,6.97,glacial till,none/ocean,Basin sediment,True,overdeep_basin;outwash
H+33+15,lake,lake,modest,evaporite_host|fish,none,open water (lake/inland sea),33,15,588.76,0.0,740.4,6.96,glacial till,none/ocean,Basin sediment,True,overdeep_basin;outwash
H+34+15,lake,lake,modest,evaporite_host|fish,none,open water (lake/inland sea),34,15,588.76,0.0,742.6,6.91,glacial till,none/ocean,Basin sediment,True,overdeep_basin;outwash
H+35+15,lake,lake,modest,evaporite_host|clay|fish,none,open water (lake/inland sea),35,15,588.76,0.0,745.9,6.85,glacial till,none/ocean,Basin sediment,True,overdeep_basin;outwash
H+36+15,lake,lake,modest,evaporite_host|clay|fish,none,open water (lake/inland sea),36,15,588.76,0.0,747.0,6.77,glacial till,none/ocean,Basin sediment,True,overdeep_basin;outwash
H+37+15,lake,lake,modest,evaporite_host|clay|fish,none,open water (lake/inland sea),37,15,588.76,9.204,754.7,6.68,glacial till,none/ocean,Basin sediment,True,u_valley;overdeep_basin;outwash
H+38+15,hills,none,modest,timber,none,no reliable fresh water,38,15,864.88,11.381,1135.6,4.8,glacial till,boreal forest,Rift volcanics,False,u_valley;outwash
H+39+15,hills,none,good,timber,farmstead,adequate food,39,15,650.69,10.865,709.1,6.11,glacial till,temperate forest,Rift volcanics,False,u_valley;outwash
H+40+15,forest,none,good,timber,village,"fresh water, adequate food",40,15,451.25,8.323,746.5,7.32,glacial till,temperate forest,Rift volcanics,False,u_valley;overdeep_basin;outwash
H+41+15,forest,none,good,timber,village,"fresh water, adequate food",41,15,392.81,9.649,767.1,7.62,glacial till,temperate forest,Rift volcanics,False,outwash
H+42+15,forest,none,good,timber,town,"fresh water, adequate food, route access",42,15,218.16,7.355,790.2,8.68,glacial till,temperate forest,Rift volcanics,False,outwash
H+43+15,forest,none,good,timber,town,"fresh water, adequate food, route access",43,15,145.27,4.437,807.0,9.1,volcanic andisol,temperate forest,Rift volcanics,False,none
H+44+15,forest,none,good,timber,town,"fresh water, adequate food, route access",44,15,131.98,3.994,813.8,9.17,volcanic andisol,temperate forest,Rift volcanics,False,none
H+45+15,forest,none,good,timber,town,"fresh water, adequate food, route access",45,15,118.69,3.639,813.4,9.25,volcanic andisol,temperate forest,Rift volcanics,False,none
H+46+15,forest,none,good,timber,town,"fresh water, adequate food, route access",46,15,116.39,3.914,802.3,9.24,volcanic andisol,temperate forest,Rift volcanics,False,none
H+47+15,forest,none,good,timber,town,"fresh water, adequate food, route access",47,15,112.98,3.8,784.8,9.25,volcanic andisol,temperate forest,Rift volcanics,False,none
H+48+15,forest,none,good,volcanic_host|timber,town,"fresh water, adequate food, route access",48,15,116.28,3.805,770.0,9.21,volcanic andisol,temperate forest,Rift volcanics,False,none
H+49+15,forest,none,good,timber,town,"fresh water, adequate food, route access",49,15,120.48,3.843,757.0,9.19,volcanic andisol,temperate forest,Rift volcanics,False,none
H+50+15,forest,none,good,timber,town,"fresh water, adequate food, route access",50,15,119.25,3.934,747.5,9.23,volcanic andisol,temperate forest,Rift volcanics,False,none
H+51+15,forest,none,good,volcanic_host|timber,town,"fresh water, adequate food, route access",51,15,122.29,4.08,736.4,9.27,volcanic andisol,temperate forest,Rift volcanics,False,none
H+52+15,forest,none,good,volcanic_host|timber,town,"fresh water, adequate food, route access",52,15,119.33,4.217,724.0,9.38,volcanic andisol,temperate forest,Rift volcanics,False,none
H+53+15,forest,none,good,timber,town,"fresh water, adequate food, route access",53,15,110.49,4.225,714.4,9.52,volcanic andisol,temperate forest,Rift volcanics,False,none
H+54+15,forest,none,good,timber,town,"fresh water, adequate food, route access",54,15,102.42,3.956,710.2,9.63,volcanic andisol,temperate forest,Rift volcanics,False,none
H+55+15,forest,none,good,timber,town,"fresh water, adequate food, route access",55,15,104.04,3.945,709.6,9.64,volcanic andisol,temperate forest,Rift volcanics,False,none
H+56+15,forest,none,good,timber,town,"fresh water, adequate food, route access",56,15,109.85,4.131,709.0,9.58,volcanic andisol,temperate forest,Rift volcanics,False,none
H+57+15,forest,none,good,timber,town,"fresh water, adequate food, route access",57,15,112.41,4.185,708.0,9.52,volcanic andisol,temperate forest,Rift volcanics,False,none
H+58+15,forest,none,good,timber,town,"fresh water, adequate food, route access",58,15,107.38,4.084,705.6,9.5,volcanic andisol,temperate forest,Rift volcanics,False,none
H+59+15,grassland,none,good,none,village,"fresh water, strong food",59,15,100.59,8.057,699.4,9.49,volcanic andisol,grassland/pasture,Rift volcanics,False,none
H+60+15,ocean,ocean,modest,fish,none,ocean,60,15,-70.33,7.678,769.7,10.1,none/ocean,none/ocean,Oceanic basalt,False,
H+61+15,ocean,ocean,modest,fish,none,ocean,61,15,-48.56,2.39,766.3,10.08,none/ocean,none/ocean,Oceanic basalt,False,
H+62+15,ocean,ocean,modest,fish,none,ocean,62,15,-29.91,2.353,754.0,10.07,none/ocean,none/ocean,Oceanic basalt,False,
H+63+15,ocean,ocean,modest,fish,none,ocean,63,15,-22.44,2.557,738.3,10.08,none/ocean,none/ocean,Oceanic basalt,False,
H+64+15,ocean,ocean,modest,fish,none,ocean,64,15,-24.19,2.499,724.8,10.1,none/ocean,none/ocean,Oceanic basalt,False,
H+65+15,ocean,ocean,modest,fish,none,ocean,65,15,-22.02,2.776,713.2,10.12,none/ocean,none/ocean,Oceanic basalt,False,
H+66+15,ocean,ocean,modest,fish,none,ocean,66,15,-28.71,2.584,699.7,10.13,none/ocean,none/ocean,Oceanic basalt,False,
H+67+15,ocean,ocean,modest,fish,none,ocean,67,15,-36.91,2.31,684.6,10.12,none/ocean,none/ocean,Oceanic basalt,False,
H+68+15,ocean,ocean,modest,fish,none,ocean,68,15,-41.57,2.311,672.4,10.11,none/ocean,none/ocean,Oceanic basalt,False,
H+69+15,ocean,ocean,modest,fish,none,ocean,69,15,-45.22,2.312,659.9,10.1,none/ocean,none/ocean,Oceanic basalt,False,
H+70+15,ocean,ocean,modest,fish,none,ocean,70,15,-41.62,2.432,649.4,10.09,none/ocean,none/ocean,Oceanic basalt,False,
H+71+15,ocean,ocean,modest,fish,none,ocean,71,15,-41.97,2.326,650.3,10.1,none/ocean,none/ocean,Oceanic basalt,False,
H+72+15,ocean,ocean,modest,fish,none,ocean,72,15,-38.19,2.452,653.4,10.13,none/ocean,none/ocean,Oceanic basalt,False,
H+73+15,ocean,ocean,modest,fish,none,ocean,73,15,-33.46,2.526,641.5,10.18,none/ocean,none/ocean,Oceanic basalt,False,
H+74+15,ocean,ocean,modest,fish,none,ocean,74,15,-37.88,2.455,620.3,10.24,none/ocean,none/ocean,Oceanic basalt,False,
H+75+15,ocean,ocean,modest,fish,none,ocean,75,15,-43.97,2.253,604.5,10.31,none/ocean,none/ocean,Oceanic basalt,False,
H+76+15,ocean,ocean,modest,fish,none,ocean,76,15,-34.78,2.365,591.0,10.39,none/ocean,none/ocean,Oceanic basalt,False,
H+77+15,ocean,ocean,modest,fish,none,ocean,77,15,-21.55,2.714,577.5,10.45,none/ocean,none/ocean,Oceanic basalt,False,
H+78+15,ocean,ocean,modest,fish,none,ocean,78,15,-15.77,2.736,575.6,10.52,none/ocean,none/ocean,Oceanic basalt,False,
H+79+15,ocean,ocean,modest,fish,none,ocean,79,15,-93.56,4.091,579.0,10.58,none/ocean,none/ocean,Oceanic basalt,False,
H+00+16,ocean,ocean,modest,fish,none,ocean,0,16,-72.96,6.371,817.8,11.07,none/ocean,none/ocean,Oceanic basalt,False,
H+01+16,forest,none,good,timber|clay,town,"fresh water, adequate food, route access",1,16,118.17,6.371,741.8,10.31,sandy coastal,temperate forest,Coastal sediment,False,none
H+02+16,forest,none,good,timber|clay,town,"fresh water, adequate food, route access",2,16,118.88,4.886,740.4,10.32,sandy coastal,temperate forest,Coastal sediment,False,none
H+03+16,ocean,ocean,modest,fish,none,ocean,3,16,-23.16,4.735,820.3,11.1,none/ocean,none/ocean,Oceanic basalt,False,
H+04+16,ocean,ocean,modest,fish,none,ocean,4,16,-22.84,4.889,835.4,11.1,none/ocean,none/ocean,Oceanic basalt,False,
H+05+16,forest,none,good,none,town,"fresh water, adequate food, route access",5,16,123.84,4.889,765.3,10.27,sandy coastal,temperate forest,Coastal sediment,False,none
H+06+16,forest,none,good,none,town,"fresh water, adequate food, route access",6,16,134.39,0.707,768.5,10.16,sandy coastal,temperate forest,Coastal sediment,False,none
H+07+16,forest,none,good,none,village,"adequate food, route access",7,16,129.29,0.391,764.6,10.17,sandy coastal,temperate forest,Coastal sediment,False,none
H+08+16,forest,none,good,none,town,"fresh water, adequate food, route access",8,16,131.18,0.485,743.5,10.16,sandy coastal,temperate forest,Coastal sediment,False,none
H+09+16,forest,none,good,none,town,"fresh water, adequate food, route access",9,16,130.67,4.95,724.2,10.16,sandy coastal,temperate forest,Coastal sediment,False,none
H+10+16,ocean,ocean,modest,fish,none,ocean,10,16,-13.41,4.803,799.6,11.02,none/ocean,none/ocean,Oceanic basalt,False,
H+11+16,ocean,ocean,modest,fish,none,ocean,11,16,-24.19,0.762,806.4,11.01,none/ocean,none/ocean,Oceanic basalt,False,
H+12+16,ocean,ocean,modest,fish,none,ocean,12,16,-28.86,1.198,789.3,10.99,none/ocean,none/ocean,Oceanic basalt,False,
H+13+16,ocean,ocean,modest,fish,none,ocean,13,16,-40.35,1.087,761.3,10.96,none/ocean,none/ocean,Oceanic basalt,False,
H+14+16,ocean,ocean,modest,fish,none,ocean,14,16,-48.02,0.832,744.0,10.93,none/ocean,none/ocean,Oceanic basalt,False,
H+15+16,ocean,ocean,modest,fish,none,ocean,15,16,-39.04,0.928,730.1,10.9,none/ocean,none/ocean,Oceanic basalt,False,
H+16+16,ocean,ocean,modest,fish,none,ocean,16,16,-30.13,0.834,718.9,10.87,none/ocean,none/ocean,Oceanic basalt,False,
H+17+16,ocean,ocean,modest,fish,none,ocean,17,16,-31.62,0.857,711.1,10.83,none/ocean,none/ocean,Oceanic basalt,False,
H+18+16,ocean,ocean,modest,fish,none,ocean,18,16,-33.6,0.967,707.6,10.77,none/ocean,none/ocean,Oceanic basalt,False,
H+19+16,ocean,ocean,modest,fish,none,ocean,19,16,-29.33,6.099,710.4,10.69,none/ocean,none/ocean,Oceanic basalt,False,
H+20+16,grassland,none,good,none,town,"fresh water, strong food, route access",20,16,153.63,6.099,654.6,9.61,glacial till,grassland/pasture,Craton granite/gneiss,False,overdeep_basin
H+21+16,grassland,none,good,none,town,"fresh water, strong food, route access",21,16,155.44,2.027,676.1,9.54,glacial till,grassland/pasture,Craton granite/gneiss,False,overdeep_basin
H+22+16,forest,none,good,none,town,"fresh water, adequate food, route access",22,16,153.23,2.168,711.6,9.53,glacial till,temperate forest,Craton granite/gneiss,False,overdeep_basin
H+23+16,forest,none,good,none,town,"fresh water, adequate food, route access",23,16,150.63,2.081,733.7,9.55,glacial till,temperate forest,Craton granite/gneiss,False,overdeep_basin
H+24+16,forest,none,good,none,town,"fresh water, adequate food, route access",24,16,154.88,3.534,743.4,9.53,glacial till,temperate forest,Suture metamorphic,False,overdeep_basin
H+25+16,forest,none,good,timber,farmstead,"adequate food, route access",25,16,260.9,5.658,755.5,8.86,glacial till,temperate forest,Suture metamorphic,False,overdeep_basin;outwash
H+26+16,forest,none,good,none,farmstead,"adequate food, route access",26,16,430.64,6.361,780.6,7.78,glacial till,temperate forest,Suture metamorphic,False,overdeep_basin;outwash
H+27+16,forest,none,good,none,farmstead,"adequate food, route access",27,16,621.48,6.361,897.9,6.58,glacial till,temperate forest,Suture metamorphic,False,outwash
H+28+16,lake,lake,modest,evaporite_host|fish,none,open water (lake/inland sea),28,16,588.76,6.044,779.4,6.85,glacial till,none/ocean,Basin sediment,True,overdeep_basin;outwash
H+29+16,lake,lake,modest,evaporite_host|fish,none,open water (lake/inland sea),29,16,588.76,0.0,789.8,6.95,glacial till,none/ocean,Basin sediment,True,overdeep_basin;outwash
H+30+16,lake,lake,modest,evaporite_host|fish,none,open water (lake/inland sea),30,16,588.76,0.0,778.0,7.07,glacial till,none/ocean,Basin sediment,True,overdeep_basin;outwash
H+31+16,lake,lake,modest,evaporite_host|fish,none,open water (lake/inland sea),31,16,588.76,0.0,756.8,7.17,glacial till,none/ocean,Basin sediment,True,overdeep_basin;outwash
H+32+16,lake,lake,modest,evaporite_host|fish,none,open water (lake/inland sea),32,16,588.76,0.0,741.3,7.24,glacial till,none/ocean,Basin sediment,True,overdeep_basin;outwash
H+33+16,lake,lake,modest,evaporite_host|fish,none,open water (lake/inland sea),33,16,588.76,0.0,728.0,7.24,glacial till,none/ocean,Basin sediment,True,overdeep_basin;outwash
H+34+16,lake,lake,modest,evaporite_host|fish,none,open water (lake/inland sea),34,16,588.76,0.0,719.6,7.19,glacial till,none/ocean,Basin sediment,True,overdeep_basin;outwash
H+35+16,lake,lake,modest,evaporite_host|clay|fish,none,open water (lake/inland sea),35,16,588.76,0.0,714.8,7.13,glacial till,none/ocean,Basin sediment,True,overdeep_basin;outwash
H+36+16,lake,lake,modest,evaporite_host|clay|fish,none,open water (lake/inland sea),36,16,588.76,0.0,712.4,7.07,glacial till,none/ocean,Basin sediment,True,overdeep_basin;outwash
H+37+16,lake,lake,modest,evaporite_host|clay|fish,none,open water (lake/inland sea),37,16,588.76,9.204,726.7,6.99,glacial till,none/ocean,Basin sediment,True,u_valley;overdeep_basin;outwash
H+38+16,lake,lake,modest,evaporite_host|clay|fish,none,open water (lake/inland sea),38,16,588.76,9.204,751.1,6.91,glacial till,none/ocean,Basin sediment,True,u_valley;overdeep_basin;outwash
H+39+16,forest,none,good,timber|stone,farmstead,adequate food,39,16,700.93,8.323,854.2,6.11,glacial till,temperate forest,Suture metamorphic,False,u_valley;outwash
H+40+16,forest,none,good,timber,farmstead,"adequate food, route access",40,16,496.93,6.8,735.9,7.34,glacial till,temperate forest,Suture metamorphic,False,overdeep_basin;outwash
H+41+16,forest,none,good,timber,farmstead,"adequate food, route access",41,16,438.8,7.355,768.5,7.63,glacial till,temperate forest,Suture metamorphic,False,outwash
H+42+16,forest,none,good,timber,farmstead,"adequate food, route access",42,16,273.89,5.497,797.5,8.62,glacial till,temperate forest,Suture metamorphic,False,outwash
H+43+16,forest,none,good,timber,village,"adequate food, route access",43,16,201.15,2.425,816.9,9.04,glacial till,temperate forest,Craton granite/gneiss,False,outwash
H+44+16,farmland,none,rich,none,village,"strong food, route access",44,16,184.86,2.206,825.1,9.12,loam,floodplain farmable,Craton granite/gneiss,False,none
H+45+16,farmland,none,rich,none,city-candidate,"fresh water, strong food, route access",45,16,174.31,1.931,825.0,9.17,loam,floodplain farmable,Craton granite/gneiss,False,none
H+46+16,farmland,none,rich,none,none,excellent site left empty on purpose,46,16,163.04,1.669,814.3,9.21,loam,floodplain farmable,Craton granite/gneiss,False,none
H+47+16,farmland,none,rich,none,city-candidate,"fresh water, strong food, route access",47,16,163.52,1.685,797.0,9.16,loam,floodplain farmable,Craton granite/gneiss,False,none
H+48+16,farmland,none,rich,none,village,"strong food, route access",48,16,160.67,1.48,780.3,9.14,loam,floodplain farmable,Craton granite/gneiss,False,none
H+49+16,farmland,none,rich,none,village,"strong food, route access",49,16,166.77,1.605,764.2,9.08,loam,floodplain farmable,Craton granite/gneiss,False,none
H+50+16,farmland,none,rich,greenstone_metals,city-candidate,"fresh water, strong food, route access",50,16,170.21,1.699,754.2,9.07,loam,floodplain farmable,Craton granite/gneiss,False,none
H+51+16,farmland,none,rich,none,city-candidate,"fresh water, strong food, route access",51,16,168.48,1.638,745.1,9.15,loam,floodplain farmable,Craton granite/gneiss,False,none
H+52+16,farmland,none,rich,none,city-candidate,"fresh water, strong food, route access",52,16,170.41,1.998,733.4,9.23,loam,floodplain farmable,Craton granite/gneiss,False,none
H+53+16,farmland,none,rich,none,none,excellent site left empty on purpose,53,16,163.85,2.048,721.5,9.36,loam,floodplain farmable,Craton granite/gneiss,False,none
H+54+16,farmland,none,rich,none,city-candidate,"fresh water, strong food, route access",54,16,153.8,1.713,715.5,9.5,loam,floodplain farmable,Craton granite/gneiss,False,none
H+55+16,farmland,none,rich,none,none,excellent site left empty on purpose,55,16,159.3,1.842,716.3,9.49,loam,floodplain farmable,Craton granite/gneiss,False,none
H+56+16,farmland,none,rich,none,city-candidate,"fresh water, strong food, route access",56,16,159.88,1.668,717.4,9.46,loam,floodplain farmable,Craton granite/gneiss,False,none
H+57+16,farmland,none,rich,none,city-candidate,"fresh water, strong food, route access",57,16,165.75,1.946,715.1,9.37,loam,floodplain farmable,Craton granite/gneiss,False,none
H+58+16,farmland,none,rich,none,city-candidate,"fresh water, strong food, route access",58,16,166.75,2.205,710.5,9.3,loam,floodplain farmable,Craton granite/gneiss,False,none
H+59+16,farmland,none,rich,none,town,"fresh water, strong food, route access",59,16,160.0,7.678,705.8,9.29,loam,floodplain farmable,Craton granite/gneiss,False,none
H+60+16,ocean,ocean,modest,fish,none,ocean,60,16,-32.89,6.43,787.8,10.29,none/ocean,none/ocean,Oceanic basalt,False,
H+61+16,ocean,ocean,modest,fish,none,ocean,61,16,-21.75,0.894,792.4,10.28,none/ocean,none/ocean,Oceanic basalt,False,
H+62+16,ocean,ocean,modest,fish,none,ocean,62,16,-9.73,0.673,780.7,10.31,none/ocean,none/ocean,Oceanic basalt,False,
H+63+16,ocean,ocean,modest,fish,none,ocean,63,16,-8.56,0.521,763.8,10.35,none/ocean,none/ocean,Oceanic basalt,False,
H+64+16,ocean,ocean,modest,fish,none,ocean,64,16,-8.33,0.529,745.2,10.4,none/ocean,none/ocean,Oceanic basalt,False,
H+65+16,ocean,ocean,modest,fish,none,ocean,65,16,-9.33,0.646,724.8,10.44,none/ocean,none/ocean,Oceanic basalt,False,
H+66+16,ocean,ocean,modest,fish,none,ocean,66,16,-14.13,0.759,706.2,10.46,none/ocean,none/ocean,Oceanic basalt,False,
H+67+16,ocean,ocean,modest,fish,none,ocean,67,16,-18.6,0.766,688.2,10.45,none/ocean,none/ocean,Oceanic basalt,False,
H+68+16,ocean,ocean,modest,fish,none,ocean,68,16,-22.71,0.75,672.5,10.44,none/ocean,none/ocean,Oceanic basalt,False,
H+69+16,ocean,ocean,modest,fish,none,ocean,69,16,-21.87,0.778,656.2,10.44,none/ocean,none/ocean,Oceanic basalt,False,
H+70+16,ocean,ocean,modest,fish,none,ocean,70,16,-21.23,0.691,641.9,10.44,none/ocean,none/ocean,Oceanic basalt,False,
H+71+16,ocean,ocean,modest,fish,none,ocean,71,16,-19.68,0.743,644.2,10.45,none/ocean,none/ocean,Oceanic basalt,False,
H+72+16,ocean,ocean,modest,fish,none,ocean,72,16,-16.51,0.723,649.5,10.49,none/ocean,none/ocean,Oceanic basalt,False,
H+73+16,ocean,ocean,modest,fish,none,ocean,73,16,-11.56,0.877,633.5,10.54,none/ocean,none/ocean,Oceanic basalt,False,
H+74+16,ocean,ocean,modest,fish,none,ocean,74,16,-9.51,1.149,607.6,10.61,none/ocean,none/ocean,Oceanic basalt,False,
H+75+16,ocean,ocean,modest,fish,none,ocean,75,16,-10.23,1.125,596.0,10.68,none/ocean,none/ocean,Oceanic basalt,False,
H+76+16,coast,none,none,none,farmstead,"fresh water, route access",76,16,3.4,1.273,536.9,10.73,sandy coastal,coastal scrub,Coastal sediment,False,none
H+77+16,coast,none,none,clay,farmstead,"fresh water, route access",77,16,22.09,1.455,525.0,10.68,sandy coastal,coastal scrub,Coastal sediment,False,none
H+78+16,coast,none,none,clay,farmstead,"fresh water, route access",78,16,24.99,3.952,518.8,10.72,sandy coastal,coastal scrub,Coastal sediment,False,none
H+79+16,coast,none,none,clay,none,no reliable fresh water; poor food; arid interior,79,16,29.16,4.091,517.6,10.76,sandy coastal,coastal scrub,Coastal sediment,False,none
H+00+17,ocean,ocean,modest,fish,none,ocean,0,17,-71.22,6.313,816.9,11.36,none/ocean,none/ocean,Oceanic basalt,False,
H+01+17,forest,none,good,timber|clay,town,"fresh water, adequate food, route access",1,17,105.69,5.897,745.7,10.68,sandy coastal,temperate forest,Coastal sediment,False,none
H+02+17,forest,none,good,timber,town,"fresh water, adequate food, route access",2,17,97.89,4.686,751.4,10.75,sandy coastal,temperate forest,Coastal sediment,False,none
H+03+17,ocean,ocean,modest,fish,none,ocean,3,17,-42.7,4.778,835.4,11.39,none/ocean,none/ocean,Oceanic basalt,False,
H+04+17,forest,none,good,none,town,"fresh water, adequate food, route access",4,17,100.63,5.157,775.1,10.74,sandy coastal,temperate forest,Coastal sediment,False,none
H+05+17,forest,none,good,none,town,"fresh water, adequate food, route access",5,17,124.35,1.436,782.5,10.56,sandy coastal,temperate forest,Coastal sediment,False,none
H+06+17,forest,none,good,none,village,"adequate food, route access",6,17,134.9,1.262,782.4,10.45,sandy coastal,temperate forest,Coastal sediment,False,none
H+07+17,forest,none,good,none,town,"fresh water, adequate food, route access",7,17,120.02,0.574,777.1,10.53,sandy coastal,temperate forest,Coastal sediment,False,none
H+08+17,forest,none,good,none,town,"fresh water, adequate food, route access",8,17,116.64,5.004,766.3,10.55,sandy coastal,temperate forest,Coastal sediment,False,none
H+09+17,ocean,ocean,modest,fish,none,ocean,9,17,-17.84,4.95,830.3,11.31,none/ocean,none/ocean,Oceanic basalt,False,
H+10+17,ocean,ocean,modest,fish,none,ocean,10,17,-32.3,0.676,823.2,11.31,none/ocean,none/ocean,Oceanic basalt,False,
H+11+17,ocean,ocean,modest,fish,none,ocean,11,17,-47.05,0.762,814.3,11.3,none/ocean,none/ocean,Oceanic basalt,False,
H+12+17,ocean,ocean,modest,fish,none,ocean,12,17,-64.8,1.198,794.5,11.27,none/ocean,none/ocean,Oceanic basalt,False,
H+13+17,ocean,ocean,modest,fish,none,ocean,13,17,-72.97,1.087,770.8,11.24,none/ocean,none/ocean,Oceanic basalt,False,
H+14+17,ocean,ocean,modest,fish,none,ocean,14,17,-66.9,0.928,750.0,11.2,none/ocean,none/ocean,Oceanic basalt,False,
H+15+17,ocean,ocean,modest,fish,none,ocean,15,17,-55.14,0.834,721.6,11.17,none/ocean,none/ocean,Oceanic basalt,False,
H+16+17,ocean,ocean,modest,fish,none,ocean,16,17,-46.73,0.553,702.7,11.13,none/ocean,none/ocean,Oceanic basalt,False,
H+17+17,ocean,ocean,modest,fish,none,ocean,17,17,-46.62,0.5,692.6,11.09,none/ocean,none/ocean,Oceanic basalt,False,
H+18+17,ocean,ocean,modest,fish,none,ocean,18,17,-37.98,0.421,688.0,11.03,none/ocean,none/ocean,Oceanic basalt,False,
H+19+17,ocean,ocean,modest,fish,none,ocean,19,17,-25.36,5.966,695.9,10.94,none/ocean,none/ocean,Oceanic basalt,False,
H+20+17,grassland,none,good,none,town,"fresh water, strong food, route access",20,17,117.41,4.759,646.7,10.1,glacial till,grassland/pasture,Craton granite/gneiss,False,overdeep_basin
H+21+17,grassland,none,good,none,town,"fresh water, strong food, route access",21,17,117.92,1.251,661.9,10.03,glacial till,grassland/pasture,Craton granite/gneiss,False,overdeep_basin
H+22+17,grassland,none,good,none,village,"strong food, route access",22,17,153.74,2.318,685.3,9.77,glacial till,grassland/pasture,Craton granite/gneiss,False,overdeep_basin
H+23+17,forest,none,good,timber,village,"adequate food, route access",23,17,151.14,2.215,707.4,9.79,glacial till,temperate forest,Craton granite/gneiss,False,overdeep_basin
H+24+17,forest,none,good,none,village,"adequate food, route access",24,17,155.39,3.534,726.7,9.77,glacial till,temperate forest,Suture metamorphic,False,overdeep_basin
H+25+17,forest,none,good,limestone_karst,farmstead,"adequate food, route access",25,17,261.41,5.658,745.7,9.1,glacial till,temperate forest,Suture metamorphic,False,overdeep_basin;outwash
H+26+17,forest,none,good,none,farmstead,"adequate food, route access",26,17,431.15,6.361,774.3,8.02,glacial till,temperate forest,Suture metamorphic,False,overdeep_basin;outwash
H+27+17,forest,none,good,none,farmstead,"adequate food, route access",27,17,621.99,6.361,892.3,6.82,glacial till,temperate forest,Suture metamorphic,False,outwash
H+28+17,lake,lake,modest,evaporite_host|fish,none,open water (lake/inland sea),28,17,588.76,1.125,777.4,7.1,glacial till,none/ocean,Basin sediment,True,overdeep_basin;outwash
H+29+17,lake,lake,modest,evaporite_host|fish,none,open water (lake/inland sea),29,17,588.76,0.0,793.2,7.21,glacial till,none/ocean,Basin sediment,True,overdeep_basin;outwash
H+30+17,lake,lake,modest,evaporite_host|fish,none,open water (lake/inland sea),30,17,588.76,0.0,782.8,7.32,glacial till,none/ocean,Basin sediment,True,overdeep_basin;outwash
H+31+17,lake,lake,modest,evaporite_host|fish,none,open water (lake/inland sea),31,17,588.76,0.0,759.1,7.43,glacial till,none/ocean,Basin sediment,True,overdeep_basin;outwash
H+32+17,lake,lake,modest,evaporite_host|fish,none,open water (lake/inland sea),32,17,588.76,0.0,741.6,7.5,glacial till,none/ocean,Basin sediment,True,overdeep_basin;outwash
H+33+17,lake,lake,modest,evaporite_host|fish,none,open water (lake/inland sea),33,17,588.76,0.0,726.3,7.5,glacial till,none/ocean,Basin sediment,True,overdeep_basin;outwash
H+34+17,lake,lake,modest,evaporite_host|clay|fish,none,open water (lake/inland sea),34,17,588.76,0.0,711.8,7.46,glacial till,none/ocean,Basin sediment,True,overdeep_basin;outwash
H+35+17,lake,lake,modest,evaporite_host|clay|fish,none,open water (lake/inland sea),35,17,588.76,0.0,700.4,7.4,glacial till,none/ocean,Basin sediment,True,overdeep_basin;outwash
H+36+17,lake,lake,modest,evaporite_host|clay|fish,none,open water (lake/inland sea),36,17,588.76,0.0,695.3,7.33,glacial till,none/ocean,Basin sediment,True,overdeep_basin;outwash
H+37+17,lake,lake,modest,evaporite_host|clay|fish,none,open water (lake/inland sea),37,17,588.76,0.0,706.8,7.26,glacial till,none/ocean,Basin sediment,True,overdeep_basin;outwash
H+38+17,lake,lake,modest,evaporite_host|clay|fish,none,open water (lake/inland sea),38,17,588.76,7.307,730.5,7.19,glacial till,none/ocean,Basin sediment,True,overdeep_basin;outwash
H+39+17,forest,none,good,timber|stone,farmstead,"adequate food, route access",39,17,643.1,6.724,784.0,6.76,glacial till,temperate forest,Suture metamorphic,False,outwash
H+40+17,forest,none,good,limestone_karst|timber,farmstead,"adequate food, route access",40,17,441.39,6.724,747.6,7.98,glacial till,temperate forest,Suture metamorphic,False,overdeep_basin;outwash
H+41+17,forest,none,good,timber,farmstead,"adequate food, route access",41,17,391.74,5.255,776.0,8.22,glacial till,temperate forest,Suture metamorphic,False,outwash
H+42+17,forest,none,good,timber,farmstead,"adequate food, route access",42,17,234.08,5.255,807.2,9.16,glacial till,temperate forest,Suture metamorphic,False,outwash
H+43+17,farmland,none,rich,none,village,"strong food, route access",43,17,187.6,1.549,828.9,9.41,loam,floodplain farmable,Craton granite/gneiss,False,none
H+44+17,farmland,none,rich,none,village,"strong food, route access",44,17,174.82,2.643,832.3,9.47,loam,floodplain farmable,Craton granite/gneiss,False,none
H+45+17,farmland,none,rich,none,village,"strong food, route access",45,17,163.55,2.676,828.1,9.53,loam,floodplain farmable,Craton granite/gneiss,False,none
H+46+17,farmland,none,rich,none,village,"strong food, route access",46,17,164.03,2.838,818.5,9.48,loam,floodplain farmable,Craton granite/gneiss,False,none
H+47+17,farmland,none,rich,none,village,"strong food, route access",47,17,164.03,2.938,802.5,9.42,loam,floodplain farmable,Craton granite/gneiss,False,none
H+48+17,farmland,none,rich,none,village,"strong food, route access",48,17,118.62,1.737,786.4,9.66,loam,floodplain farmable,Craton granite/gneiss,False,none
H+49+17,farmland,none,rich,none,village,"strong food, route access",49,17,170.72,3.536,772.6,9.29,loam,floodplain farmable,Craton granite/gneiss,False,none
H+50+17,farmland,none,rich,none,village,"strong food, route access",50,17,168.99,3.758,764.3,9.3,loam,floodplain farmable,Craton granite/gneiss,False,none
H+51+17,farmland,none,rich,none,village,"strong food, route access",51,17,170.92,3.823,761.7,9.34,loam,floodplain farmable,Craton granite/gneiss,False,none
H+52+17,farmland,none,rich,none,village,"strong food, route access",52,17,170.92,3.584,752.6,9.42,loam,floodplain farmable,Craton granite/gneiss,False,none
H+53+17,farmland,none,rich,none,village,"strong food, route access",53,17,164.36,3.088,737.8,9.54,loam,floodplain farmable,Craton granite/gneiss,False,none
H+54+17,farmland,none,rich,none,village,"strong food, route access",54,17,154.31,2.617,729.6,9.67,loam,floodplain farmable,Craton granite/gneiss,False,none
H+55+17,farmland,none,rich,none,village,"strong food, route access",55,17,159.81,2.589,733.5,9.66,loam,floodplain farmable,Craton granite/gneiss,False,none
H+56+17,farmland,none,rich,none,village,"strong food, route access",56,17,160.39,2.617,738.3,9.63,loam,floodplain farmable,Craton granite/gneiss,False,none
H+57+17,farmland,none,rich,none,village,"strong food, route access",57,17,166.26,2.813,731.1,9.55,loam,floodplain farmable,Craton granite/gneiss,False,none
H+58+17,farmland,none,rich,none,city-candidate,"fresh water, strong food, route access",58,17,160.51,2.559,715.0,9.53,loam,floodplain farmable,Craton granite/gneiss,False,none
H+59+17,farmland,none,rich,none,town,"fresh water, strong food, route access",59,17,123.16,5.202,707.9,9.73,loam,floodplain farmable,Craton granite/gneiss,False,none
H+60+17,ocean,ocean,modest,fish,none,ocean,60,17,-30.93,5.136,790.3,10.51,none/ocean,none/ocean,Oceanic basalt,False,
H+61+17,ocean,ocean,modest,fish,none,ocean,61,17,-29.7,0.666,799.0,10.52,none/ocean,none/ocean,Oceanic basalt,False,
H+62+17,ocean,ocean,modest,fish,none,ocean,62,17,-19.34,0.737,800.7,10.56,none/ocean,none/ocean,Oceanic basalt,False,
H+63+17,ocean,ocean,modest,fish,none,ocean,63,17,-19.31,0.536,792.5,10.62,none/ocean,none/ocean,Oceanic basalt,False,
H+64+17,ocean,ocean,modest,fish,none,ocean,64,17,-19.24,0.488,766.0,10.68,none/ocean,none/ocean,Oceanic basalt,False,
H+65+17,ocean,ocean,modest,fish,none,ocean,65,17,-22.99,0.543,733.5,10.73,none/ocean,none/ocean,Oceanic basalt,False,
H+66+17,ocean,ocean,modest,fish,none,ocean,66,17,-31.09,0.565,711.5,10.75,none/ocean,none/ocean,Oceanic basalt,False,
H+67+17,ocean,ocean,modest,fish,none,ocean,67,17,-30.57,0.494,693.9,10.75,none/ocean,none/ocean,Oceanic basalt,False,
H+68+17,ocean,ocean,modest,fish,none,ocean,68,17,-27.43,0.588,677.0,10.74,none/ocean,none/ocean,Oceanic basalt,False,
H+69+17,ocean,ocean,modest,fish,none,ocean,69,17,-22.06,0.532,661.2,10.74,none/ocean,none/ocean,Oceanic basalt,False,
H+70+17,ocean,ocean,modest,fish,none,ocean,70,17,-21.3,0.485,644.2,10.75,none/ocean,none/ocean,Oceanic basalt,False,
H+71+17,ocean,ocean,modest,fish,none,ocean,71,17,-18.49,0.465,628.7,10.77,none/ocean,none/ocean,Oceanic basalt,False,
H+72+17,ocean,ocean,modest,fish,none,ocean,72,17,-14.97,0.467,621.5,10.81,none/ocean,none/ocean,Oceanic basalt,False,
H+73+17,ocean,ocean,modest,fish,none,ocean,73,17,-3.66,0.693,619.4,10.87,none/ocean,none/ocean,Oceanic basalt,False,
H+74+17,coast,none,none,none,farmstead,"fresh water, route access",74,17,4.0,0.474,556.6,10.92,sandy coastal,coastal scrub,Coastal sediment,False,none
H+75+17,coast,none,none,none,farmstead,"fresh water, route access",75,17,9.54,0.659,545.5,10.96,sandy coastal,coastal scrub,Coastal sediment,False,none
H+76+17,coast,none,none,none,farmstead,"fresh water, route access",76,17,20.31,0.564,534.5,10.96,sandy coastal,coastal scrub,Coastal sediment,False,none
H+77+17,coast,none,none,clay,farmstead,"fresh water, route access",77,17,34.01,0.457,520.8,10.95,sandy coastal,coastal scrub,Coastal sediment,False,none
H+78+17,coast,none,none,clay,farmstead,"fresh water, route access",78,17,41.32,0.544,513.5,10.97,sandy coastal,coastal scrub,Coastal sediment,False,none
H+79+17,coast,none,none,clay,none,no reliable fresh water; poor food; arid interior,79,17,51.8,0.755,509.2,10.96,sandy coastal,coastal scrub,Coastal sediment,False,none
H+00+18,forest,none,good,timber|clay,farmstead,"adequate food, route access",0,18,99.07,5.677,743.4,11.03,sandy coastal,temperate forest,Coastal sediment,False,none
H+01+18,forest,none,good,timber|clay,town,"fresh water, adequate food, route access",1,18,98.4,0.399,749.6,11.04,sandy coastal,temperate forest,Coastal sediment,False,none
H+02+18,forest,none,good,timber,town,"fresh water, adequate food, route access",2,18,86.42,4.683,760.0,11.12,sandy coastal,temperate forest,Coastal sediment,False,none
H+03+18,ocean,ocean,modest,fish,none,ocean,3,18,-54.06,5.157,845.9,11.68,none/ocean,none/ocean,Oceanic basalt,False,
H+04+18,forest,none,good,none,town,"fresh water, adequate food, route access",4,18,81.26,4.511,784.9,11.14,sandy coastal,temperate forest,Coastal sediment,False,none
H+05+18,forest,none,good,none,town,"fresh water, adequate food, route access",5,18,97.03,1.262,792.5,11.01,sandy coastal,temperate forest,Coastal sediment,False,none
H+06+18,forest,none,good,none,town,"fresh water, adequate food, route access",6,18,103.04,1.062,789.4,10.93,sandy coastal,temperate forest,Coastal sediment,False,none
H+07+18,forest,none,good,none,town,"fresh water, adequate food, route access",7,18,102.81,4.543,783.0,10.92,sandy coastal,temperate forest,Coastal sediment,False,none
H+08+18,ocean,ocean,modest,fish,none,ocean,8,18,-33.49,5.004,858.1,11.58,none/ocean,none/ocean,Oceanic basalt,False,
H+09+18,ocean,ocean,modest,fish,none,ocean,9,18,-38.99,0.718,852.2,11.59,none/ocean,none/ocean,Oceanic basalt,False,
H+10+18,ocean,ocean,modest,fish,none,ocean,10,18,-52.57,0.956,838.0,11.59,none/ocean,none/ocean,Oceanic basalt,False,
H+11+18,ocean,ocean,modest,fish,none,ocean,11,18,-66.75,0.657,818.8,11.58,none/ocean,none/ocean,Oceanic basalt,False,
H+12+18,ocean,ocean,modest,fish,none,ocean,12,18,-83.84,0.635,799.0,11.54,none/ocean,none/ocean,Oceanic basalt,False,
H+13+18,ocean,ocean,modest,fish,none,ocean,13,18,-83.45,0.552,780.3,11.51,none/ocean,none/ocean,Oceanic basalt,False,
H+14+18,ocean,ocean,modest,fish,none,ocean,14,18,-77.67,0.751,758.0,11.47,none/ocean,none/ocean,Oceanic basalt,False,
H+15+18,ocean,ocean,modest,fish,none,ocean,15,18,-62.59,0.571,719.6,11.43,none/ocean,none/ocean,Oceanic basalt,False,
H+16+18,ocean,ocean,modest,fish,none,ocean,16,18,-49.1,0.57,695.9,11.39,none/ocean,none/ocean,Oceanic basalt,False,
H+17+18,ocean,ocean,modest,fish,none,ocean,17,18,-45.9,0.34,684.7,11.35,none/ocean,none/ocean,Oceanic basalt,False,
H+18+18,ocean,ocean,modest,fish,none,ocean,18,18,-37.13,4.608,679.7,11.28,none/ocean,none/ocean,Oceanic basalt,False,
H+19+18,ocean,ocean,modest,fish,none,ocean,19,18,-21.07,4.616,691.8,11.21,none/ocean,none/ocean,Oceanic basalt,False,
H+20+18,farmland,major_river,rich,fish,none,excellent site left empty on purpose,20,18,83.68,3.492,647.5,10.59,loam,floodplain farmable,Craton granite/gneiss,False,none
H+21+18,farmland,major_river,rich,fish,city-candidate,"fresh water, strong food, route access, major river",21,18,84.19,3.134,658.6,10.53,loam,floodplain farmable,Craton granite/gneiss,False,none
H+22+18,grassland,major_river,rich,fish,none,excellent site left empty on purpose,22,18,84.7,3.07,673.2,10.51,glacial till,grassland/pasture,Craton granite/gneiss,False,overdeep_basin
H+23+18,grassland,major_river,rich,fish,city-candidate,"fresh water, strong food, route access, major river",23,18,151.65,2.232,695.0,10.07,glacial till,grassland/pasture,Craton granite/gneiss,False,overdeep_basin
H+24+18,forest,none,good,none,village,"adequate food, route access",24,18,155.9,3.534,720.4,10.05,glacial till,temperate forest,Suture metamorphic,False,overdeep_basin
H+25+18,forest,none,good,none,farmstead,"adequate food, route access",25,18,261.92,5.658,743.2,9.37,glacial till,temperate forest,Suture metamorphic,False,overdeep_basin;outwash
H+26+18,forest,none,good,none,farmstead,"adequate food, route access",26,18,431.66,6.361,773.3,8.28,glacial till,temperate forest,Suture metamorphic,False,overdeep_basin;outwash
H+27+18,forest,none,good,none,farmstead,"adequate food, route access",27,18,622.5,6.361,891.6,7.08,glacial till,temperate forest,Suture metamorphic,False,outwash
H+28+18,lake,lake,modest,evaporite_host|fish,none,open water (lake/inland sea),28,18,588.76,1.142,778.5,7.37,glacial till,none/ocean,Basin sediment,True,overdeep_basin;outwash
H+29+18,lake,lake,modest,evaporite_host|fish,none,open water (lake/inland sea),29,18,588.76,0.0,797.4,7.47,glacial till,none/ocean,Basin sediment,True,overdeep_basin;outwash
H+30+18,lake,lake,modest,evaporite_host|fish,none,open water (lake/inland sea),30,18,588.76,0.0,787.3,7.58,glacial till,none/ocean,Basin sediment,True,overdeep_basin;outwash
H+31+18,lake,lake,modest,evaporite_host|fish,none,open water (lake/inland sea),31,18,588.76,0.0,761.3,7.68,glacial till,none/ocean,Basin sediment,True,overdeep_basin;outwash
H+32+18,lake,lake,modest,evaporite_host|fish,none,open water (lake/inland sea),32,18,588.76,0.0,743.0,7.75,glacial till,none/ocean,Basin sediment,True,overdeep_basin;outwash
H+33+18,lake,lake,modest,evaporite_host|fish,none,open water (lake/inland sea),33,18,588.76,0.0,728.3,7.75,glacial till,none/ocean,Basin sediment,True,overdeep_basin;outwash
H+34+18,lake,lake,modest,evaporite_host|clay|fish,none,open water (lake/inland sea),34,18,588.76,0.0,711.8,7.7,glacial till,none/ocean,Basin sediment,True,overdeep_basin;outwash
H+35+18,lake,lake,modest,evaporite_host|clay|fish,none,open water (lake/inland sea),35,18,588.76,0.0,697.6,7.64,glacial till,none/ocean,Basin sediment,True,overdeep_basin;outwash
H+36+18,lake,lake,modest,evaporite_host|clay|fish,none,open water (lake/inland sea),36,18,588.76,0.0,691.3,7.57,glacial till,none/ocean,Basin sediment,True,overdeep_basin;outwash
H+37+18,lake,lake,modest,evaporite_host|clay|fish,none,open water (lake/inland sea),37,18,588.76,7.307,699.7,7.5,glacial till,none/ocean,Basin sediment,True,overdeep_basin;outwash
H+38+18,boreal,none,modest,timber|stone,farmstead,"adequate food, route access",38,18,807.98,7.313,962.4,6.0,glacial till,boreal forest,Suture metamorphic,False,outwash
H+39+18,forest,none,good,timber,farmstead,"adequate food, route access",39,18,588.6,7.313,700.0,7.35,glacial till,temperate forest,Suture metamorphic,False,overdeep_basin;outwash
H+40+18,forest,none,good,timber,farmstead,"adequate food, route access",40,18,390.75,6.595,756.8,8.56,glacial till,temperate forest,Suture metamorphic,False,overdeep_basin;outwash
H+41+18,forest,none,good,timber,farmstead,"adequate food, route access",41,18,346.64,5.88,779.0,8.77,glacial till,temperate forest,Suture metamorphic,False,outwash
H+42+18,farmland,none,rich,none,town,"fresh water, strong food, route access",42,18,187.09,5.318,812.8,9.75,loam,floodplain farmable,Suture metamorphic,False,none
H+43+18,farmland,none,rich,none,city-candidate,"fresh water, strong food, route access",43,18,151.17,2.431,835.5,9.94,loam,floodplain farmable,Craton granite/gneiss,False,none
H+44+18,farmland,none,rich,none,city-candidate,"fresh water, strong food, route access",44,18,95.53,2.643,834.7,10.28,loam,floodplain farmable,Craton granite/gneiss,False,none
H+45+18,farmland,none,rich,none,village,"strong food, route access",45,18,83.28,2.692,827.2,10.34,loam,floodplain farmable,Craton granite/gneiss,False,none
H+46+18,coast,none,none,none,farmstead,"fresh water, route access",46,18,78.88,2.838,818.7,10.33,loam,coastal scrub,Craton granite/gneiss,False,none
H+47+18,coast,none,none,none,farmstead,"fresh water, route access",47,18,75.89,2.938,803.8,10.3,loam,coastal scrub,Craton granite/gneiss,False,none
H+48+18,coast,none,none,none,farmstead,"fresh water, route access",48,18,68.85,3.396,788.5,10.29,loam,coastal scrub,Craton granite/gneiss,False,none
H+49+18,coast,none,none,none,farmstead,"fresh water, route access",49,18,64.63,3.536,776.7,10.28,loam,coastal scrub,Craton granite/gneiss,False,none
H+50+18,coast,none,none,none,farmstead,"fresh water, route access",50,18,56.24,3.823,769.7,10.32,loam,coastal scrub,Craton granite/gneiss,False,none
H+51+18,coast,none,none,none,farmstead,"fresh water, route access",51,18,63.4,3.584,772.3,10.3,loam,coastal scrub,Craton granite/gneiss,False,none
H+52+18,coast,none,none,none,farmstead,"fresh water, route access",52,18,71.73,3.306,765.2,10.29,loam,coastal scrub,Craton granite/gneiss,False,none
H+53+18,coast,none,none,none,farmstead,"fresh water, route access",53,18,75.8,2.952,748.2,10.32,loam,coastal scrub,Craton granite/gneiss,False,none
H+54+18,farmland,none,rich,none,city-candidate,"fresh water, strong food, route access",54,18,82.14,2.589,738.4,10.32,loam,floodplain farmable,Craton granite/gneiss,False,none
H+55+18,farmland,none,rich,none,city-candidate,"fresh water, strong food, route access",55,18,86.81,2.453,744.6,10.31,loam,floodplain farmable,Craton granite/gneiss,False,none
H+56+18,farmland,none,rich,none,city-candidate,"fresh water, strong food, route access",56,18,81.88,2.813,752.5,10.32,loam,floodplain farmable,Craton granite/gneiss,False,none
H+57+18,farmland,none,rich,none,city-candidate,"fresh water, strong food, route access",57,18,83.74,2.751,741.6,10.27,loam,floodplain farmable,Craton granite/gneiss,False,none
H+58+18,farmland,none,rich,none,city-candidate,"fresh water, strong food, route access",58,18,123.67,2.711,717.0,9.97,loam,floodplain farmable,Craton granite/gneiss,False,none
H+59+18,coast,none,none,none,farmstead,"fresh water, route access",59,18,76.98,3.729,707.9,10.24,loam,coastal scrub,Craton granite/gneiss,False,none
H+60+18,ocean,ocean,modest,fish,none,ocean,60,18,-34.9,3.729,789.3,10.73,none/ocean,none/ocean,Oceanic basalt,False,
H+61+18,ocean,ocean,modest,fish,none,ocean,61,18,-41.46,0.737,799.5,10.76,none/ocean,none/ocean,Oceanic basalt,False,
H+62+18,ocean,ocean,modest,fish,none,ocean,62,18,-35.41,0.869,810.0,10.82,none/ocean,none/ocean,Oceanic basalt,False,
H+63+18,ocean,ocean,modest,fish,none,ocean,63,18,-33.21,0.942,807.9,10.89,none/ocean,none/ocean,Oceanic basalt,False,
H+64+18,ocean,ocean,modest,fish,none,ocean,64,18,-33.89,0.668,775.9,10.96,none/ocean,none/ocean,Oceanic basalt,False,
H+65+18,ocean,ocean,modest,fish,none,ocean,65,18,-39.28,0.6,735.6,11.01,none/ocean,none/ocean,Oceanic basalt,False,
H+66+18,ocean,ocean,modest,fish,none,ocean,66,18,-45.39,0.644,712.7,11.03,none/ocean,none/ocean,Oceanic basalt,False,
H+67+18,ocean,ocean,modest,fish,none,ocean,67,18,-45.08,0.654,697.0,11.03,none/ocean,none/ocean,Oceanic basalt,False,
H+68+18,ocean,ocean,modest,fish,none,ocean,68,18,-38.01,0.847,680.3,11.02,none/ocean,none/ocean,Oceanic basalt,False,
H+69+18,ocean,ocean,modest,fish,none,ocean,69,18,-35.86,0.673,666.0,11.01,none/ocean,none/ocean,Oceanic basalt,False,
H+70+18,ocean,ocean,modest,fish,none,ocean,70,18,-32.45,0.689,648.3,11.02,none/ocean,none/ocean,Oceanic basalt,False,
H+71+18,ocean,ocean,modest,fish,none,ocean,71,18,-28.97,0.722,620.1,11.04,none/ocean,none/ocean,Oceanic basalt,False,
H+72+18,ocean,ocean,modest,fish,none,ocean,72,18,-24.45,0.718,603.6,11.09,none/ocean,none/ocean,Oceanic basalt,False,
H+73+18,ocean,ocean,modest,fish,none,ocean,73,18,-4.51,1.059,612.0,11.15,none/ocean,none/ocean,Oceanic basalt,False,
H+74+18,coast,none,none,none,farmstead,"fresh water, route access",74,18,9.66,0.867,562.5,11.17,sandy coastal,coastal scrub,Coastal sediment,False,none
H+75+18,coast,none,none,none,farmstead,"fresh water, route access",75,18,21.25,0.483,550.5,11.17,sandy coastal,coastal scrub,Coastal sediment,False,none
H+76+18,coast,none,none,none,none,no reliable fresh water; poor food; arid interior,76,18,35.75,0.515,534.6,11.16,sandy coastal,coastal scrub,Coastal sediment,False,none
H+77+18,coast,none,none,clay,none,no reliable fresh water; poor food; arid interior,77,18,44.82,0.36,519.8,11.17,sandy coastal,coastal scrub,Coastal sediment,False,none
H+78+18,coast,none,none,clay,none,no reliable fresh water; poor food; arid interior,78,18,55.38,0.469,512.3,11.18,sandy coastal,coastal scrub,Coastal sediment,False,none
H+79+18,coast,none,none,clay,none,no reliable fresh water; poor food; arid interior,79,18,65.84,0.468,507.0,11.17,sandy coastal,coastal scrub,Coastal sediment,False,none
H+00+19,forest,none,good,timber|clay,village,"adequate food, route access",0,19,99.58,0.137,754.8,11.36,sandy coastal,temperate forest,Coastal sediment,False,none
H+01+19,forest,none,good,timber|clay,town,"fresh water, adequate food, route access",1,19,95.48,0.318,755.9,11.38,sandy coastal,temperate forest,Coastal sediment,False,none
H+02+19,forest,none,good,timber|clay,town,"fresh water, adequate food, route access",2,19,85.95,4.667,758.9,11.43,sandy coastal,temperate forest,Coastal sediment,False,none
H+03+19,coast,river,none,none,farmstead,"fresh water, route access",3,19,74.97,4.301,763.3,11.48,sandy coastal,coastal scrub,Coastal sediment,False,none
H+04+19,forest,none,good,none,town,"fresh water, adequate food, route access",4,19,81.77,0.526,771.0,11.41,sandy coastal,temperate forest,Coastal sediment,False,none
H+05+19,forest,none,good,none,village,"adequate food, route access",5,19,97.54,0.526,778.2,11.27,sandy coastal,temperate forest,Coastal sediment,False,none
H+06+19,forest,none,good,none,town,"fresh water, adequate food, route access",6,19,103.32,0.672,784.4,11.19,sandy coastal,temperate forest,Coastal sediment,False,none
H+07+19,forest,none,good,none,town,"fresh water, adequate food, route access",7,19,83.17,4.323,782.7,11.3,sandy coastal,temperate forest,Coastal sediment,False,none
H+08+19,ocean,ocean,modest,fish,none,ocean,8,19,-46.53,4.323,852.8,11.85,none/ocean,none/ocean,Oceanic basalt,False,
H+09+19,ocean,ocean,modest,fish,none,ocean,9,19,-60.51,0.718,842.7,11.86,none/ocean,none/ocean,Oceanic basalt,False,
H+10+19,ocean,ocean,modest,fish,none,ocean,10,19,-81.26,0.956,828.1,11.86,none/ocean,none/ocean,Oceanic basalt,False,
H+11+19,ocean,ocean,modest,fish,none,ocean,11,19,-84.76,0.6,809.2,11.84,none/ocean,none/ocean,Oceanic basalt,False,
H+12+19,ocean,ocean,modest,fish,none,ocean,12,19,-84.51,0.215,790.8,11.81,none/ocean,none/ocean,Oceanic basalt,False,
H+13+19,ocean,ocean,modest,fish,none,ocean,13,19,-86.36,0.29,773.7,11.77,none/ocean,none/ocean,Oceanic basalt,False,
H+14+19,ocean,ocean,modest,fish,none,ocean,14,19,-79.71,0.571,754.6,11.73,none/ocean,none/ocean,Oceanic basalt,False,
H+15+19,ocean,ocean,modest,fish,none,ocean,15,19,-66.19,0.748,727.3,11.68,none/ocean,none/ocean,Oceanic basalt,False,
H+16+19,ocean,ocean,modest,fish,none,ocean,16,19,-43.76,0.748,708.3,11.64,none/ocean,none/ocean,Oceanic basalt,False,
H+17+19,ocean,ocean,modest,fish,none,ocean,17,19,-35.69,4.683,697.2,11.6,none/ocean,none/ocean,Oceanic basalt,False,
H+18+19,grassland,none,good,none,town,"fresh water, strong food, route access",18,19,101.12,4.608,629.1,10.89,loam,grassland/pasture,Craton granite/gneiss,False,none
H+19+19,farmland,major_river,rich,fish,city-candidate,"fresh water, strong food, route access, major river",19,19,108.05,4.304,637.1,10.78,loam,floodplain farmable,Craton granite/gneiss,False,none
H+20+19,grassland,none,good,none,town,"fresh water, strong food, route access",20,19,178.2,3.151,651.4,10.27,loam,grassland/pasture,Craton granite/gneiss,False,none
H+21+19,grassland,none,good,none,village,"strong food, route access",21,19,176.8,3.087,660.3,10.24,loam,grassland/pasture,Craton granite/gneiss,False,none
H+22+19,grassland,none,good,none,village,"strong food, route access",22,19,174.69,2.999,671.8,10.24,loam,grassland/pasture,Craton granite/gneiss,False,none
H+23+19,farmland,major_river,rich,fish,city-candidate,"fresh water, strong food, route access, major river",23,19,152.16,0.768,693.1,10.38,loam,floodplain farmable,Craton granite/gneiss,False,none
H+24+19,farmland,none,rich,none,village,"strong food, route access",24,19,156.41,3.534,722.2,10.34,loam,floodplain farmable,Suture metamorphic,False,none
H+25+19,forest,none,good,none,farmstead,"adequate food, route access",25,19,262.43,5.658,748.2,9.65,glacial till,temperate forest,Suture metamorphic,False,overdeep_basin;outwash
H+26+19,forest,none,good,none,farmstead,"adequate food, route access",26,19,432.17,6.361,782.8,8.56,glacial till,temperate forest,Suture metamorphic,False,outwash
H+27+19,forest,none,good,none,farmstead,"adequate food, route access",27,19,623.01,6.361,905.5,7.35,glacial till,temperate forest,Suture metamorphic,False,outwash
H+28+19,lake,lake,modest,evaporite_host|fish,none,open water (lake/inland sea),28,19,588.76,1.159,785.5,7.64,glacial till,none/ocean,Basin sediment,True,overdeep_basin;outwash
H+29+19,lake,lake,modest,evaporite_host|fish,none,open water (lake/inland sea),29,19,588.76,0.0,797.9,7.74,glacial till,none/ocean,Basin sediment,True,outwash
H+30+19,lake,lake,modest,evaporite_host|fish,none,open water (lake/inland sea),30,19,588.76,0.0,787.1,7.84,glacial till,none/ocean,Basin sediment,True,outwash
H+31+19,lake,lake,modest,evaporite_host|fish,none,open water (lake/inland sea),31,19,588.76,0.0,764.1,7.93,glacial till,none/ocean,Basin sediment,True,overdeep_basin;outwash
H+32+19,lake,lake,modest,evaporite_host|fish,none,open water (lake/inland sea),32,19,588.76,0.0,747.7,7.99,glacial till,none/ocean,Basin sediment,True,overdeep_basin;outwash
H+33+19,lake,lake,modest,evaporite_host|fish,none,open water (lake/inland sea),33,19,588.76,0.0,734.6,7.98,glacial till,none/ocean,Basin sediment,True,overdeep_basin;outwash
H+34+19,lake,lake,modest,evaporite_host|clay|fish,none,open water (lake/inland sea),34,19,588.76,0.0,719.8,7.93,glacial till,none/ocean,Basin sediment,True,overdeep_basin;outwash
H+35+19,lake,lake,modest,evaporite_host|clay|fish,none,open water (lake/inland sea),35,19,588.76,0.0,707.5,7.87,glacial till,none/ocean,Basin sediment,True,overdeep_basin;outwash
H+36+19,lake,lake,modest,evaporite_host|clay|fish,none,open water (lake/inland sea),36,19,588.76,0.0,702.3,7.79,glacial till,none/ocean,Basin sediment,True,overdeep_basin;outwash
H+37+19,lake,lake,modest,evaporite_host|clay|fish,none,open water (lake/inland sea),37,19,588.76,7.307,710.5,7.71,glacial till,none/ocean,Basin sediment,True,overdeep_basin;outwash
H+38+19,forest,none,good,timber|stone,farmstead,"adequate food, route access",38,19,758.13,7.242,896.7,6.53,glacial till,temperate forest,Suture metamorphic,False,outwash
H+39+19,forest,none,good,timber|stone,farmstead,"adequate food, route access",39,19,540.86,7.242,718.5,7.87,glacial till,temperate forest,Suture metamorphic,False,overdeep_basin;outwash
H+40+19,forest,none,good,timber,farmstead,"adequate food, route access",40,19,342.62,6.608,762.5,9.1,glacial till,temperate forest,Suture metamorphic,False,overdeep_basin;outwash
H+41+19,farmland,river,rich,none,town,"fresh water, strong food, route access",41,19,170.25,5.88,782.1,10.17,loam,floodplain farmable,Suture metamorphic,False,none
H+42+19,farmland,none,rich,none,town,"fresh water, strong food, route access",42,19,150.66,5.305,809.6,10.26,loam,floodplain farmable,Suture metamorphic,False,none
H+43+19,coast,none,none,none,farmstead,"fresh water, route access",43,19,78.25,2.892,828.9,10.7,loam,coastal scrub,Craton granite/gneiss,False,none
H+44+19,coast,none,none,none,farmstead,"fresh water, route access",44,19,52.63,1.43,828.2,10.86,loam,coastal scrub,Craton granite/gneiss,False,none
H+45+19,coast,none,none,none,farmstead,"fresh water, route access",45,19,42.62,1.355,821.2,10.92,loam,coastal scrub,Craton granite/gneiss,False,none
H+46+19,coast,none,none,none,farmstead,"fresh water, route access",46,19,36.93,1.7,817.6,10.92,loam,coastal scrub,Craton granite/gneiss,False,none
H+47+19,coast,none,none,none,farmstead,"fresh water, route access",47,19,36.08,1.672,810.1,10.89,loam,coastal scrub,Craton granite/gneiss,False,none
H+48+19,coast,none,none,none,farmstead,"fresh water, route access",48,19,23.9,1.499,797.2,10.92,loam,coastal scrub,Craton granite/gneiss,False,none
H+49+19,coast,none,none,none,farmstead,"fresh water, route access",49,19,3.6,2.035,786.9,11.01,loam,coastal scrub,Craton granite/gneiss,False,none
H+50+19,coast,none,none,none,farmstead,"fresh water, route access",50,19,0.33,2.102,778.6,11.0,loam,coastal scrub,Craton granite/gneiss,False,none
H+51+19,coast,none,none,none,farmstead,"fresh water, route access",51,19,6.52,2.174,773.5,10.96,loam,coastal scrub,Craton granite/gneiss,False,none
H+52+19,coast,none,none,none,farmstead,"fresh water, route access",52,19,17.13,1.956,764.5,10.91,loam,coastal scrub,Craton granite/gneiss,False,none
H+53+19,coast,none,none,none,farmstead,"fresh water, route access",53,19,24.7,6.052,754.5,10.88,loam,coastal scrub,Craton granite/gneiss,False,none
H+54+19,coast,none,none,none,farmstead,"fresh water, route access",54,19,25.08,6.19,749.6,10.89,loam,coastal scrub,Craton granite/gneiss,False,none
H+55+19,coast,none,none,none,farmstead,"fresh water, route access",55,19,31.02,6.388,750.5,10.86,loam,coastal scrub,Craton granite/gneiss,False,none
H+56+19,coast,none,none,none,farmstead,"fresh water, route access",56,19,32.58,6.234,751.5,10.83,loam,coastal scrub,Craton granite/gneiss,False,none
H+57+19,coast,none,none,none,farmstead,"fresh water, route access",57,19,43.91,6.271,743.0,10.72,loam,coastal scrub,Craton granite/gneiss,False,none
H+58+19,coast,none,none,none,farmstead,"fresh water, route access",58,19,42.35,5.905,723.7,10.7,loam,coastal scrub,Craton granite/gneiss,False,none
H+59+19,coast,none,none,none,farmstead,"fresh water, route access",59,19,28.51,2.359,716.2,10.77,loam,coastal scrub,Craton granite/gneiss,False,none
H+60+19,ocean,ocean,modest,fish,none,ocean,60,19,-42.27,2.359,799.9,10.96,none/ocean,none/ocean,Oceanic basalt,False,
H+61+19,ocean,ocean,modest,fish,none,ocean,61,19,-54.98,0.652,809.0,11.0,none/ocean,none/ocean,Oceanic basalt,False,
H+62+19,ocean,ocean,modest,fish,none,ocean,62,19,-61.48,0.942,815.6,11.07,none/ocean,none/ocean,Oceanic basalt,False,
H+63+19,ocean,ocean,modest,fish,none,ocean,63,19,-53.93,0.691,811.2,11.14,none/ocean,none/ocean,Oceanic basalt,False,
H+64+19,ocean,ocean,modest,fish,none,ocean,64,19,-48.76,0.734,782.8,11.22,none/ocean,none/ocean,Oceanic basalt,False,
H+65+19,ocean,ocean,modest,fish,none,ocean,65,19,-57.28,0.6,747.2,11.27,none/ocean,none/ocean,Oceanic basalt,False,
H+66+19,ocean,ocean,modest,fish,none,ocean,66,19,-64.7,0.654,721.0,11.29,none/ocean,none/ocean,Oceanic basalt,False,
H+67+19,ocean,ocean,modest,fish,none,ocean,67,19,-63.41,0.847,695.7,11.29,none/ocean,none/ocean,Oceanic basalt,False,
H+68+19,ocean,ocean,modest,fish,none,ocean,68,19,-56.05,0.673,677.5,11.27,none/ocean,none/ocean,Oceanic basalt,False,
H+69+19,ocean,ocean,modest,fish,none,ocean,69,19,-53.13,0.689,664.3,11.26,none/ocean,none/ocean,Oceanic basalt,False,
H+70+19,ocean,ocean,modest,fish,none,ocean,70,19,-50.64,0.722,647.7,11.26,none/ocean,none/ocean,Oceanic basalt,False,
H+71+19,ocean,ocean,modest,fish,none,ocean,71,19,-46.0,0.718,627.3,11.28,none/ocean,none/ocean,Oceanic basalt,False,
H+72+19,ocean,ocean,modest,fish,none,ocean,72,19,-36.29,1.059,616.6,11.34,none/ocean,none/ocean,Oceanic basalt,False,
H+73+19,ocean,ocean,modest,fish,none,ocean,73,19,-16.34,0.886,620.4,11.41,none/ocean,none/ocean,Oceanic basalt,False,
H+74+19,coast,none,none,none,farmstead,"fresh water, route access",74,19,9.58,0.963,564.7,11.42,sandy coastal,coastal scrub,Coastal sediment,False,none
H+75+19,coast,none,none,none,farmstead,"fresh water, route access",75,19,32.59,0.767,552.0,11.35,sandy coastal,coastal scrub,Coastal sediment,False,none
H+76+19,coast,none,none,none,none,no reliable fresh water; poor food; arid interior,76,19,44.46,0.396,535.6,11.36,sandy coastal,coastal scrub,Coastal sediment,False,none
H+77+19,coast,none,none,clay,none,no reliable fresh water; poor food; arid interior,77,19,48.53,0.316,520.7,11.41,sandy coastal,coastal scrub,Coastal sediment,False,none
H+78+19,coast,none,none,clay,none,no reliable fresh water; poor food; arid interior,78,19,58.01,0.402,512.6,11.42,sandy coastal,coastal scrub,Coastal sediment,False,none
H+79+19,coast,none,none,clay,none,no reliable fresh water; poor food; arid interior,79,19,70.08,0.402,507.3,11.42,sandy coastal,coastal scrub,Coastal sediment,False,none
H+00+20,forest,none,good,timber|clay,village,"adequate food, route access",0,20,100.09,0.454,768.6,11.68,sandy coastal,temperate forest,Coastal sediment,False,none
H+01+20,forest,none,good,timber|clay,town,"fresh water, adequate food, route access",1,20,86.46,0.454,762.3,11.76,sandy coastal,temperate forest,Coastal sediment,False,none
H+02+20,coast,river,none,clay,farmstead,"fresh water, route access",2,20,75.48,0.366,754.6,11.8,sandy coastal,coastal scrub,Coastal sediment,False,none
H+03+20,coast,none,none,none,farmstead,"fresh water, route access",3,20,75.48,0.227,751.4,11.76,sandy coastal,coastal scrub,Coastal sediment,False,none
H+04+20,forest,none,good,none,village,"adequate food, route access",4,20,82.28,0.718,746.5,11.66,sandy coastal,temperate forest,Coastal sediment,False,none
H+05+20,forest,none,good,none,village,"adequate food, route access",5,20,103.83,0.718,751.9,11.47,sandy coastal,temperate forest,Coastal sediment,False,none
H+06+20,forest,none,good,none,town,"fresh water, adequate food, route access",6,20,83.68,0.672,770.6,11.56,sandy coastal,temperate forest,Coastal sediment,False,none
H+07+20,coast,none,none,none,farmstead,"fresh water, route access",7,20,67.27,4.328,776.0,11.66,sandy coastal,coastal scrub,Coastal sediment,False,none
H+08+20,ocean,ocean,modest,fish,none,ocean,8,20,-62.57,4.328,840.2,12.1,none/ocean,none/ocean,Oceanic basalt,False,
H+09+20,ocean,ocean,modest,fish,none,ocean,9,20,-81.15,4.849,825.0,12.11,none/ocean,none/ocean,Oceanic basalt,False,
H+10+20,ocean,ocean,modest,fish,none,ocean,10,20,-93.04,5.077,810.4,12.11,none/ocean,none/ocean,Oceanic basalt,False,
H+11+20,ocean,ocean,modest,fish,none,ocean,11,20,-90.98,5.205,792.9,12.1,none/ocean,none/ocean,Oceanic basalt,False,
H+12+20,ocean,ocean,modest,fish,none,ocean,12,20,-88.03,5.21,778.0,12.06,none/ocean,none/ocean,Oceanic basalt,False,
H+13+20,ocean,ocean,modest,fish,none,ocean,13,20,-80.27,5.194,764.9,12.02,none/ocean,none/ocean,Oceanic basalt,False,
H+14+20,ocean,ocean,modest,fish,none,ocean,14,20,-73.47,4.968,751.7,11.98,none/ocean,none/ocean,Oceanic basalt,False,
H+15+20,ocean,ocean,modest,fish,none,ocean,15,20,-55.19,4.503,740.0,11.94,none/ocean,none/ocean,Oceanic basalt,False,
H+16+20,ocean,ocean,modest,fish,none,ocean,16,20,-40.97,4.86,728.2,11.89,none/ocean,none/ocean,Oceanic basalt,False,
H+17+20,grassland,none,good,none,town,"fresh water, strong food, route access",17,20,104.81,4.86,652.3,11.17,loam,grassland/pasture,Craton granite/gneiss,False,none
H+18+20,grassland,none,good,none,town,"fresh water, strong food, route access",18,20,111.1,0.332,647.7,11.08,loam,grassland/pasture,Craton granite/gneiss,False,none
H+19+20,farmland,major_river,rich,fish,none,excellent site left empty on purpose,19,20,108.56,2.338,651.2,11.06,loam,floodplain farmable,Craton granite/gneiss,False,none
H+20+20,grassland,none,good,none,village,"strong food, route access",20,20,178.71,2.338,658.8,10.56,loam,grassland/pasture,Craton granite/gneiss,False,none
H+21+20,grassland,none,good,none,village,"strong food, route access",21,20,177.31,0.087,663.5,10.55,loam,grassland/pasture,Craton granite/gneiss,False,none
H+22+20,grassland,none,good,none,village,"strong food, route access",22,20,175.2,0.768,669.6,10.55,loam,grassland/pasture,Craton granite/gneiss,False,none
H+23+20,farmland,major_river,rich,fish,city-candidate,"fresh water, strong food, route access, major river",23,20,152.67,0.768,689.4,10.69,loam,floodplain farmable,Craton granite/gneiss,False,none
H+24+20,farmland,none,rich,none,village,"strong food, route access",24,20,158.2,3.863,723.9,10.64,loam,floodplain farmable,Suture metamorphic,False,none
H+25+20,forest,none,good,none,farmstead,"adequate food, route access",25,20,274.1,5.286,755.7,9.87,glacial till,temperate forest,Suture metamorphic,False,outwash
H+26+20,forest,none,good,none,farmstead,"adequate food, route access",26,20,432.68,6.361,797.0,8.84,glacial till,temperate forest,Suture metamorphic,False,outwash
H+27+20,forest,none,good,none,farmstead,"adequate food, route access",27,20,623.52,6.361,927.6,7.62,glacial till,temperate forest,Suture metamorphic,False,outwash
H+28+20,lake,lake,modest,evaporite_host|fish,none,open water (lake/inland sea),28,20,588.76,1.176,797.3,7.91,glacial till,none/ocean,Basin sediment,True,outwash
H+29+20,lake,lake,modest,evaporite_host|fish,none,open water (lake/inland sea),29,20,588.76,0.0,799.1,8.0,glacial till,none/ocean,Basin sediment,True,outwash
H+30+20,lake,lake,modest,evaporite_host|fish,none,open water (lake/inland sea),30,20,588.76,0.0,785.4,8.1,glacial till,none/ocean,Basin sediment,True,outwash
H+31+20,lake,lake,modest,evaporite_host|clay|fish,none,open water (lake/inland sea),31,20,588.76,0.0,765.8,8.18,glacial till,none/ocean,Basin sediment,True,overdeep_basin;outwash
H+32+20,lake,lake,modest,evaporite_host|clay|fish,none,open water (lake/inland sea),32,20,588.76,0.0,753.1,8.22,glacial till,none/ocean,Basin sediment,True,overdeep_basin;outwash
H+33+20,lake,lake,modest,evaporite_host|clay|fish,none,open water (lake/inland sea),33,20,588.76,0.0,744.2,8.22,glacial till,none/ocean,Basin sediment,True,overdeep_basin;outwash
H+34+20,lake,lake,modest,evaporite_host|clay|fish,none,open water (lake/inland sea),34,20,588.76,0.0,733.2,8.16,glacial till,none/ocean,Basin sediment,True,overdeep_basin;outwash
H+35+20,lake,lake,modest,evaporite_host|clay|fish,none,open water (lake/inland sea),35,20,588.76,0.0,724.9,8.09,glacial till,none/ocean,Basin sediment,True,overdeep_basin;outwash
H+36+20,lake,lake,modest,evaporite_host|clay|fish,none,open water (lake/inland sea),36,20,588.76,0.0,721.7,8.01,glacial till,none/ocean,Basin sediment,True,overdeep_basin;outwash
H+37+20,lake,lake,modest,evaporite_host|clay|fish,none,open water (lake/inland sea),37,20,588.76,5.646,729.0,7.92,glacial till,none/ocean,Basin sediment,True,overdeep_basin;outwash
H+38+20,forest,none,good,timber|stone,farmstead,"adequate food, route access",38,20,709.71,7.29,851.0,7.05,glacial till,temperate forest,Suture metamorphic,False,outwash
H+39+20,forest,none,good,timber|stone,farmstead,"adequate food, route access",39,20,491.02,7.29,740.2,8.4,glacial till,temperate forest,Suture metamorphic,False,overdeep_basin;outwash
H+40+20,forest,none,good,timber,village,"fresh water, adequate food",40,20,298.47,10.855,768.3,9.61,glacial till,temperate forest,Suture metamorphic,False,u_valley;overdeep_basin;outwash
H+41+20,forest,river,good,timber,town,"fresh water, adequate food, route access",41,20,132.3,10.057,782.1,10.66,glacial till,temperate forest,Suture metamorphic,False,u_valley;overdeep_basin
H+42+20,ocean,ocean,modest,fish,none,ocean,42,20,-8.5,8.896,878.8,11.51,none/ocean,none/ocean,Oceanic basalt,False,
H+43+20,coast,river,none,none,farmstead,"fresh water, route access",43,20,51.81,2.287,811.4,11.17,loam,coastal scrub,Craton granite/gneiss,False,none
H+44+20,coast,none,none,greenstone_metals,farmstead,"fresh water, route access",44,20,52.32,1.632,809.0,11.16,loam,coastal scrub,Craton granite/gneiss,False,none
H+45+20,coast,river,none,none,farmstead,"fresh water, route access",45,20,3.37,3.179,802.0,11.47,loam,coastal scrub,Craton granite/gneiss,False,none
H+46+20,ocean,ocean,modest,fish,none,ocean,46,20,-14.07,3.713,886.3,11.48,none/ocean,none/ocean,Oceanic basalt,False,
H+47+20,ocean,ocean,modest,fish,none,ocean,47,20,-5.43,3.385,890.9,11.45,none/ocean,none/ocean,Oceanic basalt,False,
H+48+20,ocean,ocean,modest,fish,none,ocean,48,20,-10.59,3.528,882.6,11.42,none/ocean,none/ocean,Oceanic basalt,False,
H+49+20,ocean,ocean,modest,fish,none,ocean,49,20,-28.02,4.091,875.2,11.38,none/ocean,none/ocean,Oceanic basalt,False,
H+50+20,ocean,ocean,modest,fish,none,ocean,50,20,-40.48,4.506,865.0,11.34,none/ocean,none/ocean,Oceanic basalt,False,
H+51+20,ocean,ocean,modest,fish,none,ocean,51,20,-40.94,4.54,849.5,11.31,none/ocean,none/ocean,Oceanic basalt,False,
H+52+20,ocean,ocean,modest,fish,none,ocean,52,20,-31.94,4.27,838.6,11.29,none/ocean,none/ocean,Oceanic basalt,False,
H+53+20,ocean,ocean,modest,fish,none,ocean,53,20,-156.87,8.475,839.2,11.28,none/ocean,none/ocean,Oceanic basalt,False,
H+54+20,ocean,ocean,modest,fish,none,ocean,54,20,-160.63,8.648,841.5,11.27,none/ocean,none/ocean,Oceanic basalt,False,
H+55+20,ocean,ocean,modest,fish,none,ocean,55,20,-154.43,8.441,834.9,11.26,none/ocean,none/ocean,Oceanic basalt,False,
H+56+20,ocean,ocean,modest,fish,none,ocean,56,20,-144.22,6.271,827.0,11.24,none/ocean,none/ocean,Oceanic basalt,False,
H+57+20,ocean,ocean,modest,fish,none,ocean,57,20,-134.81,5.957,821.9,11.21,none/ocean,none/ocean,Oceanic basalt,False,
H+58+20,ocean,ocean,modest,fish,none,ocean,58,20,-0.62,4.473,809.5,11.19,none/ocean,none/ocean,Oceanic basalt,False,
H+59+20,ocean,ocean,modest,fish,none,ocean,59,20,-10.06,1.371,803.8,11.18,none/ocean,none/ocean,Oceanic basalt,False,
H+60+20,ocean,ocean,modest,fish,none,ocean,60,20,-51.18,1.371,816.4,11.2,none/ocean,none/ocean,Oceanic basalt,False,
H+61+20,ocean,ocean,modest,fish,none,ocean,61,20,-61.45,0.387,822.2,11.25,none/ocean,none/ocean,Oceanic basalt,False,
H+62+20,ocean,ocean,modest,fish,none,ocean,62,20,-73.06,0.638,821.9,11.32,none/ocean,none/ocean,Oceanic basalt,False,
H+63+20,ocean,ocean,modest,fish,none,ocean,63,20,-70.78,0.734,813.8,11.4,none/ocean,none/ocean,Oceanic basalt,False,
H+64+20,ocean,ocean,modest,fish,none,ocean,64,20,-66.89,0.604,790.4,11.47,none/ocean,none/ocean,Oceanic basalt,False,
H+65+20,ocean,ocean,modest,fish,none,ocean,65,20,-67.14,0.679,762.0,11.53,none/ocean,none/ocean,Oceanic basalt,False,
H+66+20,ocean,ocean,modest,fish,none,ocean,66,20,-73.89,0.455,732.3,11.55,none/ocean,none/ocean,Oceanic basalt,False,
H+67+20,ocean,ocean,modest,fish,none,ocean,67,20,-74.87,0.627,695.4,11.54,none/ocean,none/ocean,Oceanic basalt,False,
H+68+20,ocean,ocean,modest,fish,none,ocean,68,20,-67.29,0.494,676.2,11.52,none/ocean,none/ocean,Oceanic basalt,False,
H+69+20,ocean,ocean,modest,fish,none,ocean,69,20,-63.16,0.417,665.2,11.5,none/ocean,none/ocean,Oceanic basalt,False,
H+70+20,ocean,ocean,modest,fish,none,ocean,70,20,-64.31,0.611,651.1,11.49,none/ocean,none/ocean,Oceanic basalt,False,
H+71+20,ocean,ocean,modest,fish,none,ocean,71,20,-58.43,0.738,641.6,11.51,none/ocean,none/ocean,Oceanic basalt,False,
H+72+20,ocean,ocean,modest,fish,none,ocean,72,20,-42.91,0.886,638.7,11.57,none/ocean,none/ocean,Oceanic basalt,False,
H+73+20,ocean,ocean,modest,fish,none,ocean,73,20,-19.31,0.99,636.5,11.64,none/ocean,none/ocean,Oceanic basalt,False,
H+74+20,coast,none,none,none,farmstead,"fresh water, route access",74,20,10.4,0.99,572.1,11.65,sandy coastal,coastal scrub,Coastal sediment,False,none
H+75+20,coast,none,none,none,farmstead,"fresh water, route access",75,20,38.27,0.929,558.4,11.55,sandy coastal,coastal scrub,Coastal sediment,False,none
H+76+20,coast,none,none,clay,none,no reliable fresh water; poor food; arid interior,76,20,48.42,0.751,541.2,11.56,sandy coastal,coastal scrub,Coastal sediment,False,none
H+77+20,coast,none,none,clay,none,no reliable fresh water; poor food; arid interior,77,20,48.93,0.417,526.3,11.64,sandy coastal,coastal scrub,Coastal sediment,False,none
H+78+20,coast,none,none,clay,none,no reliable fresh water; poor food; arid interior,78,20,58.52,0.627,517.7,11.66,sandy coastal,coastal scrub,Coastal sediment,False,none
H+79+20,coast,none,none,clay,none,no reliable fresh water; poor food; arid interior,79,20,73.54,0.713,512.8,11.65,sandy coastal,coastal scrub,Coastal sediment,False,none
H+00+21,forest,none,good,timber|clay,village,"adequate food, route access",0,21,86.97,0.437,765.4,12.08,sandy coastal,temperate forest,Coastal sediment,False,none
H+01+21,coast,river,none,none,farmstead,"fresh water, route access",1,21,75.87,0.37,759.1,12.13,sandy coastal,coastal scrub,Coastal sediment,False,none
H+02+21,coast,none,none,none,none,no reliable fresh water; poor food; arid interior,2,21,75.99,0.017,749.9,12.09,sandy coastal,coastal scrub,Coastal sediment,False,none
H+03+21,coast,none,none,none,none,no reliable fresh water; poor food; arid interior,3,21,75.99,0.227,742.2,12.02,sandy coastal,coastal scrub,Coastal sediment,False,none
H+04+21,forest,none,good,none,village,"adequate food, route access",4,21,82.79,0.701,732.4,11.91,sandy coastal,temperate forest,Coastal sediment,False,none
H+05+21,forest,none,good,none,village,"adequate food, route access",5,21,84.19,0.655,733.9,11.84,sandy coastal,temperate forest,Coastal sediment,False,none
H+06+21,coast,none,none,none,farmstead,"fresh water, route access",6,21,67.78,0.547,751.2,11.91,sandy coastal,coastal scrub,Coastal sediment,False,none
H+07+21,coast,major_river,modest,fish,town,"fresh water, route access, major river",7,21,57.97,4.018,758.3,11.96,loam,coastal scrub,Craton granite/gneiss,False,none
H+08+21,coast,none,none,none,farmstead,"fresh water, route access",8,21,64.33,4.849,749.3,11.93,loam,coastal scrub,Craton granite/gneiss,False,none
H+09+21,coast,none,none,none,farmstead,"fresh water, route access",9,21,59.26,5.077,737.1,11.98,loam,coastal scrub,Craton granite/gneiss,False,none
H+10+21,coast,major_river,modest,fish,town,"fresh water, route access, major river",10,21,56.62,4.989,727.4,12.0,loam,coastal scrub,Craton granite/gneiss,False,none
H+11+21,coast,none,none,none,farmstead,"fresh water, route access",11,21,65.19,5.205,717.8,11.92,loam,coastal scrub,Craton granite/gneiss,False,none
H+12+21,coast,river,none,none,farmstead,"fresh water, route access",12,21,68.26,5.21,707.4,11.87,loam,coastal scrub,Craton granite/gneiss,False,none
H+13+21,coast,none,none,none,farmstead,"fresh water, route access",13,21,75.56,5.194,697.1,11.78,loam,coastal scrub,Craton granite/gneiss,False,none
H+14+21,coast,none,none,none,farmstead,"fresh water, route access",14,21,72.37,4.861,688.8,11.76,loam,coastal scrub,Craton granite/gneiss,False,none
H+15+21,coast,river,none,none,farmstead,"fresh water, route access",15,21,79.91,4.503,683.1,11.67,loam,coastal scrub,Craton granite/gneiss,False,none
H+16+21,grassland,none,good,none,town,"fresh water, strong food, route access",16,21,96.63,4.587,675.3,11.51,loam,grassland/pasture,Craton granite/gneiss,False,none
H+17+21,grassland,none,good,none,town,"fresh water, strong food, route access",17,21,105.32,0.29,667.2,11.41,loam,grassland/pasture,Craton granite/gneiss,False,none
H+18+21,grassland,none,good,none,village,"strong food, route access",18,21,111.61,0.209,663.2,11.34,loam,grassland/pasture,Craton granite/gneiss,False,none
H+19+21,farmland,major_river,rich,fish,city-candidate,"fresh water, strong food, route access, major river",19,21,109.07,2.338,663.3,11.32,loam,floodplain farmable,Craton granite/gneiss,False,none
H+20+21,grassland,none,good,none,village,"strong food, route access",20,21,179.22,2.338,665.1,10.85,loam,grassland/pasture,Craton granite/gneiss,False,none
H+21+21,grassland,none,good,none,village,"strong food, route access",21,21,177.82,0.087,665.6,10.85,loam,grassland/pasture,Craton granite/gneiss,False,none
H+22+21,grassland,none,good,none,village,"strong food, route access",22,21,175.71,0.768,666.7,10.85,loam,grassland/pasture,Craton granite/gneiss,False,none
H+23+21,farmland,major_river,rich,fish,none,excellent site left empty on purpose,23,21,153.18,0.768,684.1,10.99,loam,floodplain farmable,Craton granite/gneiss,False,none
H+24+21,farmland,none,rich,none,village,"strong food, route access",24,21,158.71,3.863,721.6,10.93,loam,floodplain farmable,Suture metamorphic,False,none
H+25+21,farmland,none,rich,none,village,"strong food, route access",25,21,274.61,5.286,758.0,10.15,loam,floodplain farmable,Suture metamorphic,False,none
H+26+21,farmland,none,rich,none,village,"strong food, route access",26,21,433.19,6.361,803.8,9.11,loam,floodplain farmable,Suture metamorphic,False,none
H+27+21,forest,none,good,limestone_karst,farmstead,"adequate food, route access",27,21,624.03,6.361,937.6,7.89,loam,temperate forest,Suture metamorphic,False,none
H+28+21,lake,lake,modest,evaporite_host|fish,none,open water (lake/inland sea),28,21,588.76,1.193,803.8,8.18,clay basin,none/ocean,Basin sediment,True,none
H+29+21,lake,lake,modest,evaporite_host|fish,none,open water (lake/inland sea),29,21,588.76,0.0,801.8,8.27,glacial till,none/ocean,Basin sediment,True,outwash
H+30+21,lake,lake,modest,evaporite_host|fish,none,open water (lake/inland sea),30,21,588.76,0.0,784.0,8.35,glacial till,none/ocean,Basin sediment,True,outwash
H+31+21,lake,lake,modest,evaporite_host|clay|fish,none,open water (lake/inland sea),31,21,588.76,0.0,764.1,8.42,glacial till,none/ocean,Basin sediment,True,outwash
H+32+21,lake,lake,modest,evaporite_host|clay|fish,none,open water (lake/inland sea),32,21,588.76,0.0,754.3,8.46,glacial till,none/ocean,Basin sediment,True,overdeep_basin;outwash
H+33+21,lake,lake,modest,evaporite_host|clay|fish,none,open water (lake/inland sea),33,21,588.76,0.0,745.6,8.45,glacial till,none/ocean,Basin sediment,True,overdeep_basin;outwash
H+34+21,lake,lake,modest,evaporite_host|clay|fish,none,open water (lake/inland sea),34,21,588.76,0.0,737.5,8.4,glacial till,none/ocean,Basin sediment,True,overdeep_basin;outwash
H+35+21,lake,lake,modest,evaporite_host|clay|fish,none,open water (lake/inland sea),35,21,588.76,0.0,735.6,8.32,glacial till,none/ocean,Basin sediment,True,overdeep_basin;outwash
H+36+21,lake,lake,modest,evaporite_host|clay|fish,none,open water (lake/inland sea),36,21,588.76,0.0,735.9,8.23,glacial till,none/ocean,Basin sediment,True,overdeep_basin;outwash
H+37+21,lake,lake,modest,evaporite_host|clay|fish,none,open water (lake/inland sea),37,21,588.76,4.032,739.9,8.13,glacial till,none/ocean,Basin sediment,True,overdeep_basin;outwash
H+38+21,forest,none,good,limestone_karst|timber|stone,farmstead,"adequate food, route access",38,21,673.98,6.099,816.5,7.49,glacial till,temperate forest,Suture metamorphic,False,outwash
H+39+21,hills,none,good,timber|stone,farmstead,adequate food,39,21,624.1,10.855,749.1,7.75,loam,temperate forest,Suture metamorphic,False,none
H+40+21,farmland,none,rich,none,town,"fresh water, strong food",40,21,434.0,10.057,758.3,8.96,loam,floodplain farmable,Suture metamorphic,False,none
H+41+21,farmland,none,rich,none,town,"fresh water, strong food",41,21,258.37,8.896,773.2,10.09,loam,floodplain farmable,Suture metamorphic,False,none
H+42+21,farmland,none,rich,none,town,"fresh water, strong food, route access",42,21,120.43,4.72,784.0,10.99,loam,floodplain farmable,Suture metamorphic,False,none
H+43+21,coast,river,none,none,farmstead,"fresh water, route access",43,21,52.32,2.287,790.5,11.44,loam,coastal scrub,Craton granite/gneiss,False,none
H+44+21,farmland,none,rich,none,city-candidate,"fresh water, strong food, route access",44,21,98.75,3.179,784.7,11.15,loam,floodplain farmable,Craton granite/gneiss,False,none
H+45+21,farmland,none,rich,none,town,"fresh water, strong food",45,21,97.32,16.381,776.6,11.15,loam,floodplain farmable,Craton granite/gneiss,False,none
H+46+21,farmland,none,rich,none,town,"fresh water, strong food",46,21,96.13,16.421,779.3,11.16,loam,floodplain farmable,Craton granite/gneiss,False,none
H+47+21,farmland,none,rich,none,town,"fresh water, strong food",47,21,95.25,16.45,784.4,11.15,loam,floodplain farmable,Craton granite/gneiss,False,none
H+48+21,farmland,none,rich,none,town,"fresh water, strong food",48,21,94.7,16.469,783.6,11.13,loam,floodplain farmable,Craton granite/gneiss,False,none
H+49+21,farmland,none,rich,none,town,"fresh water, strong food",49,21,94.52,16.475,784.2,11.1,loam,floodplain farmable,Craton granite/gneiss,False,none
H+50+21,farmland,none,rich,none,town,"fresh water, strong food",50,21,94.72,16.468,777.0,11.05,loam,floodplain farmable,Craton granite/gneiss,False,none
H+51+21,farmland,none,rich,none,town,"fresh water, strong food",51,21,95.28,16.449,765.1,11.0,loam,floodplain farmable,Craton granite/gneiss,False,none
H+52+21,farmland,none,rich,none,town,"fresh water, strong food",52,21,96.18,16.419,758.7,10.95,loam,floodplain farmable,Craton granite/gneiss,False,none
H+53+21,farmland,none,rich,none,town,"fresh water, strong food",53,21,97.37,16.379,761.7,10.9,loam,floodplain farmable,Craton granite/gneiss,False,none
H+54+21,farmland,none,rich,none,town,"fresh water, strong food",54,21,98.8,16.332,764.5,10.86,loam,floodplain farmable,Craton granite/gneiss,False,none
H+55+21,ocean,ocean,modest,fish,none,ocean,55,21,-38.12,4.564,834.1,11.48,none/ocean,none/ocean,Oceanic basalt,False,
H+56+21,ocean,ocean,modest,fish,none,ocean,56,21,-28.04,4.187,826.7,11.46,none/ocean,none/ocean,Oceanic basalt,False,
H+57+21,ocean,ocean,modest,fish,none,ocean,57,21,-17.34,3.916,825.1,11.44,none/ocean,none/ocean,Oceanic basalt,False,
H+58+21,ocean,ocean,modest,fish,none,ocean,58,21,-21.97,4.059,817.4,11.42,none/ocean,none/ocean,Oceanic basalt,False,
H+59+21,ocean,ocean,modest,fish,none,ocean,59,21,-31.16,0.703,813.4,11.41,none/ocean,none/ocean,Oceanic basalt,False,
H+60+21,ocean,ocean,modest,fish,none,ocean,60,21,-50.72,0.652,824.8,11.44,none/ocean,none/ocean,Oceanic basalt,False,
H+61+21,ocean,ocean,modest,fish,none,ocean,61,21,-65.21,0.483,826.1,11.5,none/ocean,none/ocean,Oceanic basalt,False,
H+62+21,ocean,ocean,modest,fish,none,ocean,62,21,-69.87,0.398,818.3,11.57,none/ocean,none/ocean,Oceanic basalt,False,
H+63+21,ocean,ocean,modest,fish,none,ocean,63,21,-77.51,0.488,806.4,11.65,none/ocean,none/ocean,Oceanic basalt,False,
H+64+21,ocean,ocean,modest,fish,none,ocean,64,21,-79.32,0.414,786.1,11.72,none/ocean,none/ocean,Oceanic basalt,False,
H+65+21,ocean,ocean,modest,fish,none,ocean,65,21,-87.53,0.679,762.4,11.78,none/ocean,none/ocean,Oceanic basalt,False,
H+66+21,ocean,ocean,modest,fish,none,ocean,66,21,-81.61,0.257,736.3,11.8,none/ocean,none/ocean,Oceanic basalt,False,
H+67+21,ocean,ocean,modest,fish,none,ocean,67,21,-82.12,0.494,703.8,11.78,none/ocean,none/ocean,Oceanic basalt,False,
H+68+21,ocean,ocean,modest,fish,none,ocean,68,21,-71.66,0.441,687.1,11.76,none/ocean,none/ocean,Oceanic basalt,False,
H+69+21,ocean,ocean,modest,fish,none,ocean,69,21,-67.87,0.379,677.6,11.73,none/ocean,none/ocean,Oceanic basalt,False,
H+70+21,ocean,ocean,modest,fish,none,ocean,70,21,-69.63,0.38,665.6,11.72,none/ocean,none/ocean,Oceanic basalt,False,
H+71+21,ocean,ocean,modest,fish,none,ocean,71,21,-58.25,0.617,659.5,11.74,none/ocean,none/ocean,Oceanic basalt,False,
H+72+21,ocean,ocean,modest,fish,none,ocean,72,21,-39.73,0.908,658.5,11.8,none/ocean,none/ocean,Oceanic basalt,False,
H+73+21,ocean,ocean,modest,fish,none,ocean,73,21,-12.49,0.908,653.6,11.87,none/ocean,none/ocean,Oceanic basalt,False,
H+74+21,coast,none,none,none,farmstead,"fresh water, route access",74,21,12.36,0.864,584.2,11.86,sandy coastal,coastal scrub,Coastal sediment,False,none
H+75+21,coast,none,none,clay,farmstead,"fresh water, route access",75,21,25.9,0.751,570.0,11.86,sandy coastal,coastal scrub,Coastal sediment,False,none
H+76+21,coast,none,none,clay,none,no reliable fresh water; poor food; arid interior,76,21,36.42,0.594,552.6,11.87,sandy coastal,coastal scrub,Coastal sediment,False,none
H+77+21,coast,none,none,clay,none,no reliable fresh water; poor food; arid interior,77,21,39.72,0.627,538.4,11.93,sandy coastal,coastal scrub,Coastal sediment,False,none
H+78+21,coast,none,none,clay,none,no reliable fresh water; poor food; arid interior,78,21,52.15,0.73,530.8,11.93,sandy coastal,coastal scrub,Coastal sediment,False,none
H+79+21,coast,none,none,clay,none,no reliable fresh water; poor food; arid interior,79,21,74.05,0.998,526.9,11.88,sandy coastal,coastal scrub,Coastal sediment,False,none
H+00+22,coast,none,none,clay,none,no reliable fresh water; poor food; arid interior,0,22,76.38,0.353,761.1,12.42,sandy coastal,coastal scrub,Coastal sediment,False,none
H+01+22,coast,none,none,none,none,no reliable fresh water; poor food; arid interior,1,22,76.5,0.021,757.7,12.4,sandy coastal,coastal scrub,Coastal sediment,False,none
H+02+22,coast,none,none,none,none,no reliable fresh water; poor food; arid interior,2,22,76.5,0.017,750.5,12.35,sandy coastal,coastal scrub,Coastal sediment,False,none
H+03+22,coast,none,none,none,none,no reliable fresh water; poor food; arid interior,3,22,76.5,0.273,738.8,12.28,sandy coastal,coastal scrub,Coastal sediment,False,none
H+04+22,forest,none,good,timber|clay,village,"adequate food, route access",4,22,84.7,0.547,724.3,12.15,sandy coastal,temperate forest,Coastal sediment,False,none
H+05+22,coast,none,none,none,none,no reliable fresh water; poor food; arid interior,5,22,68.29,0.547,720.5,12.19,sandy coastal,coastal scrub,Coastal sediment,False,none
H+06+22,coast,river,none,none,farmstead,"fresh water, route access",6,22,58.48,0.327,730.5,12.22,sandy coastal,coastal scrub,Coastal sediment,False,none
H+07+22,coast,none,none,none,farmstead,"fresh water, route access",7,22,64.84,0.229,735.5,12.17,loam,coastal scrub,Craton granite/gneiss,False,none
H+08+22,coast,none,none,none,farmstead,"fresh water, route access",8,22,64.84,0.186,729.8,12.18,loam,coastal scrub,Craton granite/gneiss,False,none
H+09+22,coast,river,none,none,farmstead,"fresh water, route access",9,22,64.1,0.249,719.7,12.2,loam,coastal scrub,Craton granite/gneiss,False,none
H+10+22,coast,none,none,none,farmstead,"fresh water, route access",10,22,64.9,0.276,717.1,12.2,loam,coastal scrub,Craton granite/gneiss,False,none
H+11+22,coast,none,none,none,farmstead,"fresh water, route access",11,22,70.88,0.202,718.8,12.14,loam,coastal scrub,Craton granite/gneiss,False,none
H+12+22,coast,river,none,none,farmstead,"fresh water, route access",12,22,74.62,0.219,710.3,12.08,loam,coastal scrub,Craton granite/gneiss,False,none
H+13+22,coast,none,none,none,farmstead,"fresh water, route access",13,22,76.87,0.532,697.8,12.02,loam,coastal scrub,Craton granite/gneiss,False,none
H+14+22,grassland,none,good,none,town,"fresh water, strong food, route access",14,22,80.81,0.401,693.3,11.96,loam,grassland/pasture,Craton granite/gneiss,False,none
H+15+22,farmland,river,rich,none,city-candidate,"fresh water, strong food, route access",15,22,88.51,0.288,694.1,11.86,loam,floodplain farmable,Craton granite/gneiss,False,none
H+16+22,grassland,none,good,greenstone_metals,town,"fresh water, strong food, route access",16,22,97.14,0.381,690.5,11.76,loam,grassland/pasture,Craton granite/gneiss,False,none
H+17+22,grassland,none,good,none,village,"strong food, route access",17,22,108.58,0.381,685.1,11.64,loam,grassland/pasture,Craton granite/gneiss,False,none
H+18+22,grassland,none,good,none,village,"strong food, route access",18,22,112.12,0.142,682.4,11.59,loam,grassland/pasture,Craton granite/gneiss,False,none
H+19+22,farmland,major_river,rich,fish,city-candidate,"fresh water, strong food, route access, major river",19,22,109.58,2.338,676.4,11.58,loam,floodplain farmable,Craton granite/gneiss,False,none
H+20+22,grassland,none,good,none,village,"strong food, route access",20,22,179.73,2.338,668.9,11.11,loam,grassland/pasture,Craton granite/gneiss,False,none
H+21+22,grassland,none,good,none,village,"strong food, route access",21,22,178.33,0.087,664.2,11.11,loam,grassland/pasture,Craton granite/gneiss,False,none
H+22+22,grassland,none,good,none,village,"strong food, route access",22,22,176.22,0.768,658.9,11.13,loam,grassland/pasture,Craton granite/gneiss,False,none
H+23+22,farmland,major_river,rich,greenstone_metals|fish,city-candidate,"fresh water, strong food, route access, major river",23,22,153.69,0.768,673.1,11.26,loam,floodplain farmable,Craton granite/gneiss,False,none
H+24+22,farmland,none,rich,none,village,"strong food, route access",24,22,159.22,3.863,713.1,11.19,loam,floodplain farmable,Suture metamorphic,False,none
H+25+22,farmland,none,rich,none,village,"strong food, route access",25,22,275.12,5.286,752.2,10.41,loam,floodplain farmable,Suture metamorphic,False,none
H+26+22,farmland,none,rich,none,village,"strong food, route access",26,22,433.7,6.361,800.0,9.36,loam,floodplain farmable,Suture metamorphic,False,none
H+27+22,forest,none,good,none,farmstead,"adequate food, route access",27,22,624.54,6.361,934.1,8.14,loam,temperate forest,Suture metamorphic,False,none
H+28+22,lake,lake,modest,evaporite_host|fish,none,open water (lake/inland sea),28,22,588.76,1.21,801.6,8.44,glacial till,none/ocean,Basin sediment,True,moraine
H+29+22,lake,lake,modest,evaporite_host|clay|fish,none,open water (lake/inland sea),29,22,588.76,0.0,800.6,8.52,glacial till,none/ocean,Basin sediment,True,outwash
H+30+22,lake,lake,modest,evaporite_host|clay|fish,none,open water (lake/inland sea),30,22,588.76,0.0,782.2,8.6,glacial till,none/ocean,Basin sediment,True,outwash
H+31+22,lake,lake,modest,evaporite_host|clay|fish,none,open water (lake/inland sea),31,22,588.76,0.0,764.7,8.67,glacial till,none/ocean,Basin sediment,True,outwash
H+32+22,lake,lake,modest,evaporite_host|clay|fish,none,open water (lake/inland sea),32,22,588.76,0.0,757.6,8.7,glacial till,none/ocean,Basin sediment,True,overdeep_basin;outwash
H+33+22,lake,lake,modest,evaporite_host|clay|fish,none,open water (lake/inland sea),33,22,588.76,0.0,742.4,8.69,glacial till,none/ocean,Basin sediment,True,overdeep_basin;outwash
H+34+22,lake,lake,modest,evaporite_host|clay|fish,none,open water (lake/inland sea),34,22,588.76,0.0,734.8,8.64,glacial till,none/ocean,Basin sediment,True,overdeep_basin;outwash
H+35+22,lake,lake,modest,evaporite_host|clay|fish,none,open water (lake/inland sea),35,22,588.76,0.0,743.0,8.56,glacial till,none/ocean,Basin sediment,True,overdeep_basin;outwash
H+36+22,lake,lake,modest,evaporite_host|clay|fish,none,open water (lake/inland sea),36,22,588.76,0.0,749.6,8.46,glacial till,none/ocean,Basin sediment,True,overdeep_basin;outwash
H+37+22,lake,lake,modest,evaporite_host|clay|fish,none,open water (lake/inland sea),37,22,588.76,2.841,748.1,8.37,glacial till,none/ocean,Basin sediment,True,overdeep_basin;outwash
H+38+22,lake,lake,modest,evaporite_host|clay|fish,none,open water (lake/inland sea),38,22,588.76,2.841,749.4,8.28,glacial till,none/ocean,Basin sediment,True,overdeep_basin;outwash
H+39+22,forest,none,good,timber|stone,farmstead,"adequate food, route access",39,22,618.84,6.327,774.4,8.02,loam,temperate forest,Suture metamorphic,False,none
H+40+22,farmland,none,rich,none,town,"fresh water, strong food, route access",40,22,429.02,6.327,755.2,9.23,loam,floodplain farmable,Suture metamorphic,False,none
H+41+22,farmland,none,rich,none,town,"fresh water, strong food, route access",41,22,262.02,5.567,763.7,10.31,loam,floodplain farmable,Craton granite/gneiss,False,none
H+42+22,farmland,none,rich,none,town,"fresh water, strong food, route access",42,22,120.94,4.703,769.1,11.24,loam,floodplain farmable,Craton granite/gneiss,False,none
H+43+22,farmland,river,rich,none,town,"fresh water, strong food, route access",43,22,95.25,16.45,770.0,11.43,loam,floodplain farmable,Craton granite/gneiss,False,none
H+44+22,farmland,none,rich,none,town,"fresh water, strong food",44,22,97.83,16.364,761.7,11.42,loam,floodplain farmable,Craton granite/gneiss,False,none
H+45+22,lake,lake,modest,evaporite_host|fish,none,open water (lake/inland sea),45,22,588.76,17.399,1015.2,8.23,clay basin,none/ocean,Basin sediment,True,none
H+46+22,lake,lake,modest,evaporite_host|clay|fish,none,open water (lake/inland sea),46,22,588.76,17.404,749.3,8.23,clay basin,none/ocean,Basin sediment,True,none
H+47+22,lake,lake,modest,evaporite_host|fish,none,open water (lake/inland sea),47,22,588.76,17.408,747.3,8.22,clay basin,none/ocean,Basin sediment,True,none
H+48+22,lake,lake,modest,evaporite_host|fish,none,open water (lake/inland sea),48,22,588.76,17.41,753.1,8.2,clay basin,none/ocean,Basin sediment,True,none
H+49+22,lake,lake,modest,evaporite_host|fish,none,open water (lake/inland sea),49,22,588.76,17.411,764.2,8.17,clay basin,none/ocean,Basin sediment,True,none
H+50+22,lake,lake,modest,evaporite_host|fish,none,open water (lake/inland sea),50,22,588.76,17.411,759.9,8.12,clay basin,none/ocean,Basin sediment,True,none
H+51+22,lake,lake,modest,evaporite_host|fish,none,open water (lake/inland sea),51,22,588.76,17.41,750.1,8.06,clay basin,none/ocean,Basin sediment,True,none
H+52+22,lake,lake,modest,evaporite_host|fish,none,open water (lake/inland sea),52,22,588.76,17.408,746.4,8.01,clay basin,none/ocean,Basin sediment,True,none
H+53+22,lake,lake,modest,evaporite_host|fish,none,open water (lake/inland sea),53,22,588.76,17.404,748.5,7.95,clay basin,none/ocean,Basin sediment,True,none
H+54+22,farmland,none,rich,none,town,"fresh water, strong food",54,22,93.23,16.518,749.7,11.14,loam,floodplain farmable,Craton granite/gneiss,False,none
H+55+22,farmland,none,rich,none,town,"fresh water, strong food",55,22,95.32,16.448,742.7,11.1,loam,floodplain farmable,Craton granite/gneiss,False,none
H+56+22,farmland,none,rich,none,town,"fresh water, strong food",56,22,97.57,16.373,735.8,11.07,loam,floodplain farmable,Craton granite/gneiss,False,none
H+57+22,farmland,none,rich,none,town,"fresh water, strong food",57,22,99.8,16.299,738.2,11.03,loam,floodplain farmable,Craton granite/gneiss,False,none
H+58+22,ocean,ocean,modest,fish,none,ocean,58,22,-30.36,4.339,811.6,11.66,none/ocean,none/ocean,Oceanic basalt,False,
H+59+22,ocean,ocean,modest,fish,none,ocean,59,22,-43.54,4.729,810.6,11.66,none/ocean,none/ocean,Oceanic basalt,False,
H+60+22,ocean,ocean,modest,fish,none,ocean,60,22,-54.54,0.367,824.0,11.68,none/ocean,none/ocean,Oceanic basalt,False,
H+61+22,ocean,ocean,modest,fish,none,ocean,61,22,-57.94,0.398,823.6,11.75,none/ocean,none/ocean,Oceanic basalt,False,
H+62+22,ocean,ocean,modest,fish,none,ocean,62,22,-62.86,0.488,806.7,11.82,none/ocean,none/ocean,Oceanic basalt,False,
H+63+22,ocean,ocean,modest,fish,none,ocean,63,22,-72.38,0.339,788.9,11.9,none/ocean,none/ocean,Oceanic basalt,False,
H+64+22,ocean,ocean,modest,fish,none,ocean,64,22,-82.56,0.38,774.0,11.98,none/ocean,none/ocean,Oceanic basalt,False,
H+65+22,ocean,ocean,modest,fish,none,ocean,65,22,-84.67,0.147,757.7,12.03,none/ocean,none/ocean,Oceanic basalt,False,
H+66+22,ocean,ocean,modest,fish,none,ocean,66,22,-82.1,0.106,737.5,12.05,none/ocean,none/ocean,Oceanic basalt,False,
H+67+22,ocean,ocean,modest,fish,none,ocean,67,22,-84.87,0.441,714.2,12.03,none/ocean,none/ocean,Oceanic basalt,False,
H+68+22,ocean,ocean,modest,fish,none,ocean,68,22,-79.23,0.611,701.1,12.0,none/ocean,none/ocean,Oceanic basalt,False,
H+69+22,ocean,ocean,modest,fish,none,ocean,69,22,-60.9,0.611,692.1,11.97,none/ocean,none/ocean,Oceanic basalt,False,
H+70+22,ocean,ocean,modest,fish,none,ocean,70,22,-59.55,0.336,681.7,11.96,none/ocean,none/ocean,Oceanic basalt,False,
H+71+22,ocean,ocean,modest,fish,none,ocean,71,22,-49.57,0.682,680.0,11.98,none/ocean,none/ocean,Oceanic basalt,False,
H+72+22,ocean,ocean,modest,fish,none,ocean,72,22,-29.11,0.742,681.7,12.04,none/ocean,none/ocean,Oceanic basalt,False,
H+73+22,ocean,ocean,modest,fish,none,ocean,73,22,-6.85,0.742,671.4,12.11,none/ocean,none/ocean,Oceanic basalt,False,
H+74+22,coast,none,none,none,farmstead,"fresh water, route access",74,22,7.48,0.614,594.1,12.14,sandy coastal,coastal scrub,Coastal sediment,False,none
H+75+22,coast,none,none,clay,farmstead,"fresh water, route access",75,22,18.59,0.594,579.4,12.15,sandy coastal,coastal scrub,Coastal sediment,False,none
H+76+22,coast,none,none,clay,none,no reliable fresh water; poor food; arid interior,76,22,29.46,0.425,561.9,12.16,sandy coastal,coastal scrub,Coastal sediment,False,none
H+77+22,coast,none,none,clay,none,no reliable fresh water; poor food; arid interior,77,22,38.4,0.459,548.4,12.18,sandy coastal,coastal scrub,Coastal sediment,False,none
H+78+22,coast,none,none,clay,none,no reliable fresh water; poor food; arid interior,78,22,44.1,0.998,542.2,12.23,sandy coastal,coastal scrub,Coastal sediment,False,none
H+79+22,coast,none,none,clay,none,no reliable fresh water; poor food; arid interior,79,22,55.36,0.743,539.9,12.25,sandy coastal,coastal scrub,Coastal sediment,False,none
H+00+23,coast,none,none,none,none,no reliable fresh water; poor food; arid interior,0,23,77.01,0.021,773.0,12.65,sandy coastal,coastal scrub,Coastal sediment,False,none
H+01+23,coast,none,none,none,none,no reliable fresh water; poor food; arid interior,1,23,77.01,0.017,767.9,12.63,sandy coastal,coastal scrub,Coastal sediment,False,none
H+02+23,coast,none,none,none,none,no reliable fresh water; poor food; arid interior,2,23,77.01,0.017,757.1,12.58,sandy coastal,coastal scrub,Coastal sediment,False,none
H+03+23,coast,none,none,none,none,no reliable fresh water; poor food; arid interior,3,23,77.01,0.274,742.0,12.51,sandy coastal,coastal scrub,Coastal sediment,False,none
H+04+23,coast,none,none,clay,none,no reliable fresh water; poor food; arid interior,4,23,68.8,0.53,724.0,12.5,sandy coastal,coastal scrub,Coastal sediment,False,none
H+05+23,coast,river,none,none,farmstead,"fresh water, route access",5,23,58.99,0.327,715.0,12.5,sandy coastal,coastal scrub,Coastal sediment,False,none
H+06+23,coast,none,none,none,none,no reliable fresh water; poor food; arid interior,6,23,65.35,0.229,718.6,12.42,sandy coastal,coastal scrub,Coastal sediment,False,none
H+07+23,coast,none,none,none,none,no reliable fresh water; poor food; arid interior,7,23,65.35,0.017,718.5,12.41,loam,coastal scrub,Craton granite/gneiss,False,none
H+08+23,coast,none,none,none,none,no reliable fresh water; poor food; arid interior,8,23,65.35,0.042,709.8,12.42,loam,coastal scrub,Craton granite/gneiss,False,none
H+09+23,coast,river,none,none,farmstead,"fresh water, route access",9,23,64.61,0.269,698.3,12.44,loam,coastal scrub,Craton granite/gneiss,False,none
H+10+23,coast,none,none,none,none,no reliable fresh water; poor food; arid interior,10,23,72.0,0.355,697.6,12.4,loam,coastal scrub,Craton granite/gneiss,False,none
H+11+23,coast,none,none,none,none,no reliable fresh water; poor food; arid interior,11,23,76.95,0.34,703.5,12.35,loam,coastal scrub,Craton granite/gneiss,False,none
H+12+23,farmland,river,rich,none,none,excellent site left empty on purpose,12,23,81.2,0.388,698.9,12.28,loam,floodplain farmable,Craton granite/gneiss,False,none
H+13+23,grassland,none,good,none,village,"strong food, route access",13,23,92.84,0.532,690.5,12.16,loam,grassland/pasture,Craton granite/gneiss,False,none
H+14+23,grassland,none,good,none,village,"strong food, route access",14,23,91.51,0.665,690.6,12.13,loam,grassland/pasture,Craton granite/gneiss,False,none
H+15+23,grassland,none,good,none,village,"strong food, route access",15,23,96.76,0.929,695.3,12.04,loam,grassland/pasture,Craton granite/gneiss,False,none
H+16+23,grassland,none,good,none,village,"strong food, route access",16,23,106.15,0.687,695.3,11.93,loam,grassland/pasture,Craton granite/gneiss,False,none
H+17+23,grassland,none,good,none,village,"strong food, route access",17,23,115.34,0.573,692.3,11.83,loam,grassland/pasture,Craton granite/gneiss,False,none
H+18+23,grassland,none,good,none,village,"strong food, route access",18,23,116.38,0.538,690.3,11.79,loam,grassland/pasture,Craton granite/gneiss,False,none
H+19+23,farmland,major_river,rich,fish,city-candidate,"fresh water, strong food, route access, major river",19,23,110.09,2.338,683.5,11.81,loam,floodplain farmable,Craton granite/gneiss,False,none
H+20+23,grassland,none,good,none,village,"strong food, route access",20,23,180.24,2.338,673.8,11.35,loam,grassland/pasture,Craton granite/gneiss,False,none
H+21+23,grassland,none,good,none,village,"strong food, route access",21,23,178.84,0.087,665.9,11.36,loam,grassland/pasture,Craton granite/gneiss,False,none
H+22+23,grassland,none,good,none,village,"strong food, route access",22,23,176.73,0.768,656.8,11.37,loam,grassland/pasture,Craton granite/gneiss,False,none
H+23+23,farmland,major_river,rich,fish,city-candidate,"fresh water, strong food, route access, major river",23,23,154.2,0.768,667.2,11.5,loam,floodplain farmable,Craton granite/gneiss,False,none
H+24+23,farmland,none,rich,none,village,"strong food, route access",24,23,159.73,3.863,704.6,11.44,loam,floodplain farmable,Suture metamorphic,False,none
H+25+23,farmland,none,rich,none,village,"strong food, route access",25,23,275.63,5.286,741.1,10.66,loam,floodplain farmable,Suture metamorphic,False,none
H+26+23,farmland,none,rich,none,village,"strong food, route access",26,23,434.21,6.361,786.5,9.61,loam,floodplain farmable,Suture metamorphic,False,none
H+27+23,hills,none,good,none,none,no reliable fresh water; too steep,27,23,625.05,44.865,917.5,8.39,rocky/lithosol,temperate forest,Suture metamorphic,False,none
H+28+23,lake,lake,modest,evaporite_host|fish,none,open water (lake/inland sea),28,23,588.76,46.075,788.3,8.69,clay basin,none/ocean,Basin sediment,True,none
H+29+23,lake,lake,modest,evaporite_host|clay|fish,none,open water (lake/inland sea),29,23,588.76,0.0,790.8,8.76,glacial till,none/ocean,Basin sediment,True,moraine
H+30+23,lake,lake,modest,evaporite_host|clay|fish,none,open water (lake/inland sea),30,23,588.76,0.0,776.8,8.84,glacial till,none/ocean,Basin sediment,True,outwash
H+31+23,lake,lake,modest,evaporite_host|clay|fish,none,open water (lake/inland sea),31,23,588.76,0.0,763.8,8.89,glacial till,none/ocean,Basin sediment,True,outwash
H+32+23,lake,lake,modest,evaporite_host|clay|fish,none,open water (lake/inland sea),32,23,588.76,0.0,762.2,8.92,glacial till,none/ocean,Basin sediment,True,overdeep_basin;outwash
H+33+23,lake,lake,modest,evaporite_host|clay|fish,none,open water (lake/inland sea),33,23,588.76,0.0,751.5,8.91,glacial till,none/ocean,Basin sediment,True,overdeep_basin;outwash
H+34+23,lake,lake,modest,evaporite_host|clay|fish,none,open water (lake/inland sea),34,23,588.76,0.0,748.0,8.85,glacial till,none/ocean,Basin sediment,True,overdeep_basin;outwash
H+35+23,lake,lake,modest,evaporite_host|clay|fish,none,open water (lake/inland sea),35,23,588.76,0.0,759.0,8.78,glacial till,none/ocean,Basin sediment,True,overdeep_basin;outwash
H+36+23,lake,lake,modest,evaporite_host|clay|fish,none,open water (lake/inland sea),36,23,588.76,0.0,766.4,8.69,glacial till,none/ocean,Basin sediment,True,overdeep_basin;outwash
H+37+23,lake,lake,modest,evaporite_host|clay|fish,none,open water (lake/inland sea),37,23,588.76,0.0,763.0,8.6,glacial till,none/ocean,Basin sediment,True,overdeep_basin;outwash
H+38+23,lake,lake,modest,evaporite_host|clay|fish,none,open water (lake/inland sea),38,23,588.76,1.003,759.4,8.52,glacial till,none/ocean,Basin sediment,True,overdeep_basin;outwash
H+39+23,forest,none,good,timber|stone,farmstead,"adequate food, route access",39,23,618.18,6.756,779.0,8.26,loam,temperate forest,Suture metamorphic,False,none
H+40+23,farmland,none,rich,none,village,"strong food, route access",40,23,415.49,6.756,758.8,9.55,loam,floodplain farmable,Craton granite/gneiss,False,none
H+41+23,farmland,none,rich,none,village,"strong food, route access",41,23,235.09,6.013,757.6,10.72,loam,floodplain farmable,Craton granite/gneiss,False,none
H+42+23,farmland,river,rich,none,town,"fresh water, strong food, route access",42,23,121.45,15.577,754.7,11.47,loam,floodplain farmable,Craton granite/gneiss,False,none
H+43+23,lake,lake,modest,evaporite_host|fish,none,open water (lake/inland sea),43,23,588.76,17.401,997.1,8.44,clay basin,none/ocean,Basin sediment,True,none
H+44+23,lake,lake,modest,evaporite_host|fish,none,open water (lake/inland sea),44,23,588.76,17.409,738.1,8.45,clay basin,none/ocean,Basin sediment,True,none
H+45+23,inland_sea,inland_sea,modest,evaporite_host|fish,none,open water (lake/inland sea),45,23,66.8,17.399,728.9,11.84,clay basin,none/ocean,Basin sediment,True,none
H+46+23,inland_sea,inland_sea,modest,evaporite_host|fish,none,open water (lake/inland sea),46,23,66.64,17.404,723.4,11.84,clay basin,none/ocean,Basin sediment,True,none
H+47+23,inland_sea,inland_sea,modest,evaporite_host|fish,none,open water (lake/inland sea),47,23,66.53,17.408,720.2,11.84,clay basin,none/ocean,Basin sediment,True,none
H+48+23,inland_sea,inland_sea,modest,evaporite_host|fish,none,open water (lake/inland sea),48,23,66.45,17.41,726.9,11.83,clay basin,none/ocean,Basin sediment,True,none
H+49+23,inland_sea,inland_sea,modest,evaporite_host|fish,none,open water (lake/inland sea),49,23,66.43,17.411,739.3,11.8,clay basin,none/ocean,Basin sediment,True,none
H+50+23,inland_sea,inland_sea,modest,evaporite_host|fish,none,open water (lake/inland sea),50,23,66.46,17.41,736.0,11.76,clay basin,none/ocean,Basin sediment,True,none
H+51+23,inland_sea,inland_sea,modest,evaporite_host|fish,none,open water (lake/inland sea),51,23,66.53,17.408,726.5,11.71,clay basin,none/ocean,Basin sediment,True,none
H+52+23,inland_sea,inland_sea,modest,evaporite_host|fish,none,open water (lake/inland sea),52,23,66.65,17.404,723.2,11.65,clay basin,none/ocean,Basin sediment,True,none
H+53+23,inland_sea,inland_sea,modest,evaporite_host|fish,none,open water (lake/inland sea),53,23,66.8,17.399,724.8,11.61,clay basin,none/ocean,Basin sediment,True,none
H+54+23,lake,lake,modest,evaporite_host|fish,none,open water (lake/inland sea),54,23,588.76,17.416,993.3,8.18,clay basin,none/ocean,Basin sediment,True,none
H+55+23,lake,lake,modest,evaporite_host|fish,none,open water (lake/inland sea),55,23,588.76,17.409,720.4,8.16,clay basin,none/ocean,Basin sediment,True,none
H+56+23,lake,lake,modest,evaporite_host|fish,none,open water (lake/inland sea),56,23,588.76,17.4,716.5,8.14,clay basin,none/ocean,Basin sediment,True,none
H+57+23,farmland,none,rich,none,town,"fresh water, strong food",57,23,95.46,16.443,720.1,11.33,loam,floodplain farmable,Craton granite/gneiss,False,none
H+58+23,farmland,none,rich,none,town,"fresh water, strong food",58,23,98.34,16.347,720.7,11.3,loam,floodplain farmable,Craton granite/gneiss,False,none
H+59+23,ocean,ocean,modest,fish,none,ocean,59,23,-53.73,5.069,793.5,11.94,none/ocean,none/ocean,Oceanic basalt,False,
H+60+23,ocean,ocean,modest,fish,none,ocean,60,23,-62.77,5.352,808.4,11.96,none/ocean,none/ocean,Oceanic basalt,False,
H+61+23,ocean,ocean,modest,fish,none,ocean,61,23,-61.75,0.26,809.5,12.02,none/ocean,none/ocean,Oceanic basalt,False,
H+62+23,ocean,ocean,modest,fish,none,ocean,62,23,-63.71,0.294,792.9,12.09,none/ocean,none/ocean,Oceanic basalt,False,
H+63+23,ocean,ocean,modest,fish,none,ocean,63,23,-71.16,0.38,775.6,12.16,none/ocean,none/ocean,Oceanic basalt,False,
H+64+23,ocean,ocean,modest,fish,none,ocean,64,23,-80.24,0.303,762.7,12.23,none/ocean,none/ocean,Oceanic basalt,False,
H+65+23,ocean,ocean,modest,fish,none,ocean,65,23,-85.28,0.454,749.4,12.27,none/ocean,none/ocean,Oceanic basalt,False,
H+66+23,ocean,ocean,modest,fish,none,ocean,66,23,-83.95,0.379,732.3,12.29,none/ocean,none/ocean,Oceanic basalt,False,
H+67+23,ocean,ocean,modest,fish,none,ocean,67,23,-82.44,0.395,712.9,12.28,none/ocean,none/ocean,Oceanic basalt,False,
H+68+23,ocean,ocean,modest,fish,none,ocean,68,23,-75.72,0.608,702.8,12.25,none/ocean,none/ocean,Oceanic basalt,False,
H+69+23,ocean,ocean,modest,fish,none,ocean,69,23,-57.47,0.608,695.7,12.22,none/ocean,none/ocean,Oceanic basalt,False,
H+70+23,ocean,ocean,modest,fish,none,ocean,70,23,-52.99,0.385,687.1,12.21,none/ocean,none/ocean,Oceanic basalt,False,
H+71+23,ocean,ocean,modest,fish,none,ocean,71,23,-41.45,0.656,687.6,12.24,none/ocean,none/ocean,Oceanic basalt,False,
H+72+23,ocean,ocean,modest,fish,none,ocean,72,23,-21.77,0.656,690.4,12.3,none/ocean,none/ocean,Oceanic basalt,False,
H+73+23,ocean,ocean,modest,fish,none,ocean,73,23,-3.16,0.806,678.8,12.37,none/ocean,none/ocean,Oceanic basalt,False,
H+74+23,coast,none,none,clay,farmstead,"fresh water, route access",74,23,8.87,0.533,599.5,12.39,sandy coastal,coastal scrub,Coastal sediment,False,none
H+75+23,coast,none,none,clay,farmstead,"fresh water, route access",75,23,16.72,0.503,586.6,12.42,sandy coastal,coastal scrub,Coastal sediment,False,none
H+76+23,coast,none,none,clay,none,no reliable fresh water; poor food; arid interior,76,23,31.82,0.503,572.5,12.41,sandy coastal,coastal scrub,Coastal sediment,False,none
H+77+23,coast,none,none,clay,none,no reliable fresh water; poor food; arid interior,77,23,32.33,0.392,560.3,12.49,sandy coastal,coastal scrub,Coastal sediment,False,none
H+78+23,coast,none,none,clay,none,no reliable fresh water; poor food; arid interior,78,23,33.06,0.743,553.8,12.56,sandy coastal,coastal scrub,Coastal sediment,False,none
H+79+23,coast,none,none,clay,none,no reliable fresh water; poor food; arid interior,79,23,46.5,0.482,551.6,12.57,sandy coastal,coastal scrub,Coastal sediment,False,none
H+00+24,coast,none,none,none,none,no reliable fresh water; poor food; arid interior,0,24,77.52,0.017,796.0,12.84,sandy coastal,coastal scrub,Coastal sediment,False,none
H+01+24,coast,none,none,none,none,no reliable fresh water; poor food; arid interior,1,24,77.52,0.017,782.8,12.82,sandy coastal,coastal scrub,Coastal sediment,False,none
H+02+24,coast,none,none,none,none,no reliable fresh water; poor food; arid interior,2,24,77.52,0.274,761.1,12.78,sandy coastal,coastal scrub,Coastal sediment,False,none
H+03+24,coast,none,none,none,none,no reliable fresh water; poor food; arid interior,3,24,69.31,0.327,746.0,12.78,sandy coastal,coastal scrub,Coastal sediment,False,none
H+04+24,coast,river,none,none,farmstead,"fresh water, route access",4,24,59.5,0.327,729.6,12.78,sandy coastal,coastal scrub,Coastal sediment,False,none
H+05+24,coast,none,none,none,none,no reliable fresh water; poor food; arid interior,5,24,65.86,0.229,716.1,12.69,sandy coastal,coastal scrub,Coastal sediment,False,none
H+06+24,coast,none,none,none,none,no reliable fresh water; poor food; arid interior,6,24,65.86,0.017,709.4,12.66,loam,coastal scrub,Craton granite/gneiss,False,none
H+07+24,coast,none,none,none,none,no reliable fresh water; poor food; arid interior,7,24,65.86,0.017,699.1,12.65,loam,coastal scrub,Craton granite/gneiss,False,none
H+08+24,coast,river,none,none,farmstead,"fresh water, route access",8,24,65.86,0.227,681.0,12.67,loam,coastal scrub,Craton granite/gneiss,False,none
H+09+24,coast,none,none,none,none,no reliable fresh water; poor food; arid interior,9,24,72.67,0.432,664.7,12.64,loam,coastal scrub,Craton granite/gneiss,False,none
H+10+24,grassland,none,good,greenstone_metals,village,"strong food, route access",10,24,82.66,0.469,664.5,12.58,loam,grassland/pasture,Craton granite/gneiss,False,none
H+11+24,grassland,none,good,none,village,"strong food, route access",11,24,87.14,0.69,673.2,12.53,loam,grassland/pasture,Craton granite/gneiss,False,none
H+12+24,farmland,river,rich,none,city-candidate,"fresh water, strong food, route access",12,24,90.21,0.587,674.4,12.47,loam,floodplain farmable,Craton granite/gneiss,False,none
H+13+24,farmland,river,rich,none,city-candidate,"fresh water, strong food, route access",13,24,103.91,0.478,674.9,12.32,loam,floodplain farmable,Craton granite/gneiss,False,none
H+14+24,grassland,none,good,none,village,"strong food, route access",14,24,111.47,0.718,679.3,12.22,loam,grassland/pasture,Craton granite/gneiss,False,none
H+15+24,grassland,none,good,none,village,"strong food, route access",15,24,124.63,0.929,682.5,12.07,loam,grassland/pasture,Craton granite/gneiss,False,none
H+16+24,grassland,none,good,none,village,"strong food, route access",16,24,126.75,0.743,684.3,12.0,loam,grassland/pasture,Craton granite/gneiss,False,none
H+17+24,grassland,none,good,none,village,"strong food, route access",17,24,132.52,0.573,682.0,11.92,loam,grassland/pasture,Craton granite/gneiss,False,none
H+18+24,grassland,none,good,none,village,"strong food, route access",18,24,127.62,0.629,679.3,11.92,loam,grassland/pasture,Craton granite/gneiss,False,none
H+19+24,farmland,major_river,rich,fish,city-candidate,"fresh water, strong food, route access, major river",19,24,111.6,2.305,677.1,12.02,loam,floodplain farmable,Craton granite/gneiss,False,none
H+20+24,grassland,none,good,none,village,"strong food, route access",20,24,180.75,2.305,672.4,11.57,loam,grassland/pasture,Craton granite/gneiss,False,none
H+21+24,grassland,none,good,none,village,"strong food, route access",21,24,179.35,0.087,663.4,11.59,loam,grassland/pasture,Craton granite/gneiss,False,none
H+22+24,grassland,none,good,none,village,"strong food, route access",22,24,177.24,0.768,653.7,11.61,loam,grassland/pasture,Craton granite/gneiss,False,none
H+23+24,farmland,major_river,rich,fish,city-candidate,"fresh water, strong food, route access, major river",23,24,154.71,0.768,660.9,11.74,loam,floodplain farmable,Craton granite/gneiss,False,none
H+24+24,grassland,none,good,none,village,"strong food, route access",24,24,160.24,3.863,694.3,11.68,loam,grassland/pasture,Suture metamorphic,False,none
H+25+24,farmland,none,rich,none,village,"strong food, route access",25,24,276.14,5.286,725.4,10.9,loam,floodplain farmable,Suture metamorphic,False,none
H+26+24,forest,none,good,timber,none,no reliable fresh water; too steep,26,24,434.72,51.209,764.5,9.86,rocky/lithosol,temperate forest,Suture metamorphic,False,none
H+27+24,high_peaks,none,modest,timber,none,no reliable fresh water; too steep,27,24,1971.0,51.209,2831.8,-0.11,mountain thin,boreal forest,Suture metamorphic,False,none
H+28+24,lake,lake,modest,evaporite_host|fish,none,open water (lake/inland sea),28,24,588.76,46.075,654.4,8.93,clay basin,none/ocean,Basin sediment,True,none
H+29+24,lake,lake,modest,evaporite_host|clay|fish,none,open water (lake/inland sea),29,24,588.76,0.0,775.6,8.98,glacial till,none/ocean,Basin sediment,True,moraine
H+30+24,lake,lake,modest,evaporite_host|clay|fish,none,open water (lake/inland sea),30,24,588.76,0.0,770.8,9.03,clay basin,none/ocean,Basin sediment,True,none
H+31+24,lake,lake,modest,evaporite_host|clay|fish,none,open water (lake/inland sea),31,24,588.76,0.0,761.7,9.07,clay basin,none/ocean,Basin sediment,True,none
H+32+24,lake,lake,modest,evaporite_host|clay|fish,none,open water (lake/inland sea),32,24,588.76,0.0,766.6,9.08,glacial till,none/ocean,Basin sediment,True,overdeep_basin
H+33+24,lake,lake,modest,evaporite_host|clay|fish,none,open water (lake/inland sea),33,24,588.76,0.0,768.6,9.06,glacial till,none/ocean,Basin sediment,True,overdeep_basin
H+34+24,lake,lake,modest,evaporite_host|clay|fish,none,open water (lake/inland sea),34,24,588.76,0.0,770.0,9.01,glacial till,none/ocean,Basin sediment,True,overdeep_basin
H+35+24,lake,lake,modest,evaporite_host|clay|fish,none,open water (lake/inland sea),35,24,588.76,0.0,774.0,8.95,glacial till,none/ocean,Basin sediment,True,overdeep_basin
H+36+24,lake,lake,modest,evaporite_host|clay|fish,none,open water (lake/inland sea),36,24,588.76,0.0,775.8,8.87,glacial till,none/ocean,Basin sediment,True,overdeep_basin
H+37+24,lake,lake,modest,evaporite_host|clay|fish,none,open water (lake/inland sea),37,24,588.76,0.0,773.1,8.8,glacial till,none/ocean,Basin sediment,True,overdeep_basin
H+38+24,lake,lake,modest,evaporite_host|clay|fish,none,open water (lake/inland sea),38,24,588.76,2.225,767.2,8.72,glacial till,none/ocean,Basin sediment,True,overdeep_basin
H+39+24,forest,none,good,none,farmstead,"adequate food, route access",39,24,598.28,7.072,770.2,8.6,loam,temperate forest,Craton granite/gneiss,False,none
H+40+24,farmland,none,rich,none,village,"strong food, route access",40,24,386.1,7.072,768.2,9.95,loam,floodplain farmable,Craton granite/gneiss,False,none
H+41+24,farmland,river,rich,none,town,"fresh water, strong food, route access",41,24,214.38,12.479,757.0,11.05,loam,floodplain farmable,Craton granite/gneiss,False,none
H+42+24,lake,lake,modest,evaporite_host|fish,none,open water (lake/inland sea),42,24,588.76,17.404,938.3,8.61,clay basin,none/ocean,Basin sediment,True,none
H+43+24,inland_sea,inland_sea,modest,evaporite_host|fish,none,open water (lake/inland sea),43,24,66.74,17.401,731.5,12.01,clay basin,none/ocean,Basin sediment,True,none
H+44+24,inland_sea,inland_sea,modest,evaporite_host|fish,none,open water (lake/inland sea),44,24,66.49,17.409,722.9,12.02,clay basin,none/ocean,Basin sediment,True,none
H+45+24,inland_sea,inland_sea,modest,evaporite_host|fish,none,open water (lake/inland sea),45,24,66.26,0.018,715.7,12.02,clay basin,none/ocean,Basin sediment,True,none
H+46+24,inland_sea,inland_sea,modest,evaporite_host|fish,none,open water (lake/inland sea),46,24,66.08,0.019,710.9,12.03,clay basin,none/ocean,Basin sediment,True,none
H+47+24,inland_sea,inland_sea,modest,evaporite_host|fish,none,open water (lake/inland sea),47,24,65.94,0.019,707.7,12.04,clay basin,none/ocean,Basin sediment,True,none
H+48+24,inland_sea,inland_sea,modest,evaporite_host|fish,none,open water (lake/inland sea),48,24,65.85,0.02,709.6,12.04,clay basin,none/ocean,Basin sediment,True,none
H+49+24,inland_sea,inland_sea,modest,evaporite_host|fish,none,open water (lake/inland sea),49,24,65.83,0.021,715.7,12.02,clay basin,none/ocean,Basin sediment,True,none
H+50+24,inland_sea,inland_sea,modest,evaporite_host|fish,none,open water (lake/inland sea),50,24,65.86,0.022,711.1,11.99,clay basin,none/ocean,Basin sediment,True,none
H+51+24,inland_sea,inland_sea,modest,evaporite_host|fish,none,open water (lake/inland sea),51,24,65.95,0.023,698.2,11.95,clay basin,none/ocean,Basin sediment,True,none
H+52+24,inland_sea,inland_sea,modest,evaporite_host|fish,none,open water (lake/inland sea),52,24,66.09,0.024,691.8,11.92,clay basin,none/ocean,Basin sediment,True,none
H+53+24,inland_sea,inland_sea,modest,evaporite_host|fish,none,open water (lake/inland sea),53,24,66.27,17.416,689.2,11.89,clay basin,none/ocean,Basin sediment,True,none
H+54+24,inland_sea,inland_sea,modest,evaporite_host|fish,none,open water (lake/inland sea),54,24,66.49,17.409,687.3,11.87,clay basin,none/ocean,Basin sediment,True,none
H+55+24,inland_sea,inland_sea,modest,evaporite_host|fish,none,open water (lake/inland sea),55,24,66.75,17.4,692.2,11.86,clay basin,none/ocean,Basin sediment,True,none
H+56+24,lake,lake,modest,evaporite_host|fish,none,open water (lake/inland sea),56,24,588.76,17.414,960.1,8.45,clay basin,none/ocean,Basin sediment,True,none
H+57+24,lake,lake,modest,evaporite_host|fish,none,open water (lake/inland sea),57,24,588.76,17.404,702.4,8.44,clay basin,none/ocean,Basin sediment,True,none
H+58+24,grassland,none,good,none,village,"fresh water, strong food",58,24,94.44,16.477,696.9,11.64,loam,grassland/pasture,Craton granite/gneiss,False,none
H+59+24,grassland,none,good,none,village,"fresh water, strong food",59,24,97.78,16.366,697.1,11.62,loam,grassland/pasture,Craton granite/gneiss,False,none
H+60+24,ocean,ocean,modest,fish,none,ocean,60,24,-68.5,5.559,781.0,12.28,none/ocean,none/ocean,Oceanic basalt,False,
H+61+24,ocean,ocean,modest,fish,none,ocean,61,24,-69.54,5.594,785.8,12.33,none/ocean,none/ocean,Oceanic basalt,False,
H+62+24,ocean,ocean,modest,fish,none,ocean,62,24,-72.52,0.294,776.3,12.38,none/ocean,none/ocean,Oceanic basalt,False,
H+63+24,ocean,ocean,modest,fish,none,ocean,63,24,-73.01,0.241,763.0,12.43,none/ocean,none/ocean,Oceanic basalt,False,
H+64+24,ocean,ocean,modest,fish,none,ocean,64,24,-71.65,0.454,750.9,12.47,none/ocean,none/ocean,Oceanic basalt,False,
H+65+24,ocean,ocean,modest,fish,none,ocean,65,24,-72.57,0.424,738.4,12.5,none/ocean,none/ocean,Oceanic basalt,False,
H+66+24,ocean,ocean,modest,fish,none,ocean,66,24,-76.85,0.415,722.3,12.51,none/ocean,none/ocean,Oceanic basalt,False,
H+67+24,ocean,ocean,modest,fish,none,ocean,67,24,-70.6,0.435,703.6,12.5,none/ocean,none/ocean,Oceanic basalt,False,
H+68+24,ocean,ocean,modest,fish,none,ocean,68,24,-59.1,0.554,695.7,12.49,none/ocean,none/ocean,Oceanic basalt,False,
H+69+24,ocean,ocean,modest,fish,none,ocean,69,24,-49.66,0.315,689.2,12.47,none/ocean,none/ocean,Oceanic basalt,False,
H+70+24,ocean,ocean,modest,fish,none,ocean,70,24,-48.85,0.278,680.0,12.47,none/ocean,none/ocean,Oceanic basalt,False,
H+71+24,ocean,ocean,modest,fish,none,ocean,71,24,-40.5,0.624,681.8,12.5,none/ocean,none/ocean,Oceanic basalt,False,
H+72+24,ocean,ocean,modest,fish,none,ocean,72,24,-27.33,0.806,685.8,12.56,none/ocean,none/ocean,Oceanic basalt,False,
H+73+24,ocean,ocean,modest,fish,none,ocean,73,24,-7.12,0.739,672.5,12.64,none/ocean,none/ocean,Oceanic basalt,False,
H+74+24,coast,none,none,clay,farmstead,"fresh water, route access",74,24,9.24,0.657,593.0,12.67,sandy coastal,coastal scrub,Coastal sediment,False,none
H+75+24,coast,none,none,clay,farmstead,"fresh water, route access",75,24,21.52,0.57,588.1,12.68,sandy coastal,coastal scrub,Coastal sediment,False,none
H+76+24,coast,none,none,clay,none,no reliable fresh water; poor food; arid interior,76,24,28.37,0.543,588.5,12.72,sandy coastal,coastal scrub,Coastal sediment,False,none
H+77+24,coast,none,none,clay,none,no reliable fresh water; poor food; arid interior,77,24,28.88,0.194,578.5,12.8,sandy coastal,coastal scrub,Coastal sediment,False,none
H+78+24,coast,none,none,clay,none,no reliable fresh water; poor food; arid interior,78,24,32.06,0.482,565.3,12.85,sandy coastal,coastal scrub,Coastal sediment,False,none
H+79+24,coast,none,none,clay,none,no reliable fresh water; poor food; arid interior,79,24,42.51,0.348,558.6,12.85,sandy coastal,coastal scrub,Coastal sediment,False,none
H+00+25,coast,none,none,none,none,no reliable fresh water; poor food; arid interior,0,25,78.03,0.017,813.3,13.01,sandy coastal,coastal scrub,Coastal sediment,False,none
H+01+25,coast,none,none,none,none,no reliable fresh water; poor food; arid interior,1,25,78.03,0.274,797.8,13.0,sandy coastal,coastal scrub,Coastal sediment,False,none
H+02+25,coast,none,none,none,none,no reliable fresh water; poor food; arid interior,2,25,69.82,0.327,773.4,13.02,sandy coastal,coastal scrub,Coastal sediment,False,none
H+03+25,coast,none,none,none,none,no reliable fresh water; poor food; arid interior,3,25,60.01,0.327,759.2,13.05,sandy coastal,coastal scrub,Coastal sediment,False,none
H+04+25,coast,none,none,none,none,no reliable fresh water; poor food; arid interior,4,25,66.37,0.229,743.4,12.96,sandy coastal,coastal scrub,Coastal sediment,False,none
H+05+25,coast,none,none,none,none,no reliable fresh water; poor food; arid interior,5,25,66.37,0.017,725.3,12.92,sandy coastal,coastal scrub,Coastal sediment,False,none
H+06+25,coast,none,none,none,none,no reliable fresh water; poor food; arid interior,6,25,66.37,0.017,708.1,12.9,loam,coastal scrub,Craton granite/gneiss,False,none
H+07+25,coast,none,none,none,none,no reliable fresh water; poor food; arid interior,7,25,66.37,0.017,685.8,12.9,loam,coastal scrub,Craton granite/gneiss,False,none
H+08+25,coast,river,none,none,farmstead,"fresh water, route access",8,25,65.88,0.658,657.5,12.92,loam,coastal scrub,Craton granite/gneiss,False,none
H+09+25,grassland,none,good,none,village,"strong food, route access",9,25,85.62,0.658,636.3,12.81,loam,grassland/pasture,Craton granite/gneiss,False,none
H+10+25,grassland,none,good,none,village,"strong food, route access",10,25,96.73,0.578,636.8,12.74,loam,grassland/pasture,Craton granite/gneiss,False,none
H+11+25,grassland,none,good,none,village,"strong food, route access",11,25,107.83,0.69,648.1,12.65,loam,grassland/pasture,Craton granite/gneiss,False,none
H+12+25,grassland,none,good,none,village,"strong food, route access",12,25,107.07,0.562,653.7,12.6,loam,grassland/pasture,Craton granite/gneiss,False,none
H+13+25,farmland,river,rich,none,none,excellent site left empty on purpose,13,25,118.26,0.689,659.8,12.47,loam,floodplain farmable,Craton granite/gneiss,False,none
H+14+25,grassland,none,good,none,village,"strong food, route access",14,25,133.01,0.718,668.0,12.3,loam,grassland/pasture,Craton granite/gneiss,False,none
H+15+25,grassland,none,good,none,village,"strong food, route access",15,25,146.64,0.734,673.5,12.13,loam,grassland/pasture,Craton granite/gneiss,False,none
H+16+25,grassland,none,good,none,village,"strong food, route access",16,25,149.04,0.743,678.9,12.05,loam,grassland/pasture,Craton granite/gneiss,False,none
H+17+25,grassland,none,good,none,village,"strong food, route access",17,25,146.49,0.629,679.4,12.01,loam,grassland/pasture,Craton granite/gneiss,False,none
H+18+25,grassland,none,good,none,village,"strong food, route access",18,25,135.34,0.791,677.5,12.06,loam,grassland/pasture,Craton granite/gneiss,False,none
H+19+25,farmland,major_river,rich,fish,city-candidate,"fresh water, strong food, route access, major river",19,25,111.75,2.317,676.7,12.22,loam,floodplain farmable,Craton granite/gneiss,False,none
H+20+25,grassland,none,good,greenstone_metals,village,"strong food, route access",20,25,181.26,2.317,673.3,11.79,loam,grassland/pasture,Craton granite/gneiss,False,none
H+21+25,grassland,none,good,none,village,"strong food, route access",21,25,179.86,0.087,662.9,11.82,loam,grassland/pasture,Craton granite/gneiss,False,none
H+22+25,grassland,none,good,none,village,"strong food, route access",22,25,177.75,0.768,651.6,11.84,loam,grassland/pasture,Craton granite/gneiss,False,none
H+23+25,farmland,major_river,rich,fish,city-candidate,"fresh water, strong food, route access, major river",23,25,155.22,0.768,655.4,11.98,loam,floodplain farmable,Craton granite/gneiss,False,none
H+24+25,grassland,none,good,none,village,"strong food, route access",24,25,160.75,3.863,682.9,11.92,loam,grassland/pasture,Suture metamorphic,False,none
H+25+25,farmland,none,rich,none,village,"strong food, route access",25,25,276.65,5.286,707.1,11.14,loam,floodplain farmable,Suture metamorphic,False,none
H+26+25,forest,none,good,timber|stone,none,no reliable fresh water; too steep,26,25,435.23,51.192,740.1,10.09,rocky/lithosol,temperate forest,Suture metamorphic,False,none
H+27+25,high_peaks,none,modest,timber|stone,none,no reliable fresh water; too steep,27,25,1947.53,50.41,2732.7,0.28,mountain thin,boreal forest,Suture metamorphic,False,none
H+28+25,lake,lake,modest,evaporite_host|clay|fish,none,open water (lake/inland sea),28,25,588.76,45.292,635.4,9.15,clay basin,none/ocean,Basin sediment,True,none
H+29+25,lake,lake,modest,evaporite_host|fish,none,open water (lake/inland sea),29,25,588.76,0.0,764.6,9.18,glacial till,none/ocean,Basin sediment,True,moraine
H+30+25,lake,lake,modest,evaporite_host|clay|fish,none,open water (lake/inland sea),30,25,588.76,0.0,773.6,9.2,clay basin,none/ocean,Basin sediment,True,none
H+31+25,lake,lake,modest,evaporite_host|clay|fish,none,open water (lake/inland sea),31,25,588.76,0.0,774.5,9.21,clay basin,none/ocean,Basin sediment,True,none
H+32+25,lake,lake,modest,evaporite_host|fish,none,open water (lake/inland sea),32,25,588.76,0.0,785.0,9.2,glacial till,none/ocean,Basin sediment,True,overdeep_basin
H+33+25,lake,lake,modest,evaporite_host|fish,none,open water (lake/inland sea),33,25,588.76,0.0,792.2,9.17,glacial till,none/ocean,Basin sediment,True,overdeep_basin
H+34+25,lake,lake,modest,evaporite_host|fish,none,open water (lake/inland sea),34,25,588.76,0.0,794.4,9.13,glacial till,none/ocean,Basin sediment,True,overdeep_basin
H+35+25,lake,lake,modest,evaporite_host|clay|fish,none,open water (lake/inland sea),35,25,588.76,0.0,793.8,9.08,glacial till,none/ocean,Basin sediment,True,overdeep_basin
H+36+25,lake,lake,modest,evaporite_host|clay|fish,none,open water (lake/inland sea),36,25,588.76,0.0,792.4,9.03,glacial till,none/ocean,Basin sediment,True,overdeep_basin
H+37+25,lake,lake,modest,evaporite_host|clay|fish,none,open water (lake/inland sea),37,25,588.76,2.225,788.5,8.97,glacial till,none/ocean,Basin sediment,True,overdeep_basin
H+38+25,forest,none,good,greenstone_metals,village,"adequate food, route access",38,25,655.51,2.429,827.6,8.48,loam,temperate forest,Craton granite/gneiss,False,none
H+39+25,forest,none,good,none,farmstead,"adequate food, route access",39,25,582.62,6.942,754.0,8.9,loam,temperate forest,Craton granite/gneiss,False,none
H+40+25,farmland,river,rich,none,town,"fresh water, strong food, route access",40,25,374.37,7.146,765.8,10.21,loam,floodplain farmable,Craton granite/gneiss,False,none
H+41+25,lake,lake,modest,evaporite_host|fish,none,open water (lake/inland sea),41,25,588.76,17.404,862.2,8.79,clay basin,none/ocean,Basin sediment,True,none
H+42+25,inland_sea,inland_sea,modest,evaporite_host|fish,none,open water (lake/inland sea),42,25,66.63,17.404,729.2,12.17,clay basin,none/ocean,Basin sediment,True,none
H+43+25,inland_sea,inland_sea,modest,evaporite_host|fish,none,open water (lake/inland sea),43,25,66.32,0.014,719.3,12.17,clay basin,none/ocean,Basin sediment,True,none
H+44+25,inland_sea,inland_sea,modest,evaporite_host|fish,none,open water (lake/inland sea),44,25,66.03,0.015,713.5,12.17,clay basin,none/ocean,Basin sediment,True,none
H+45+25,inland_sea,inland_sea,modest,evaporite_host|fish,none,open water (lake/inland sea),45,25,65.76,0.017,707.7,12.18,clay basin,none/ocean,Basin sediment,True,none
H+46+25,inland_sea,inland_sea,modest,evaporite_host|fish,none,open water (lake/inland sea),46,25,65.54,0.018,702.0,12.2,clay basin,none/ocean,Basin sediment,True,none
H+47+25,inland_sea,inland_sea,modest,evaporite_host|fish,none,open water (lake/inland sea),47,25,65.37,0.019,696.2,12.22,clay basin,none/ocean,Basin sediment,True,none
H+48+25,inland_sea,inland_sea,modest,evaporite_host|fish,none,open water (lake/inland sea),48,25,65.26,0.02,692.9,12.23,clay basin,none/ocean,Basin sediment,True,none
H+49+25,inland_sea,inland_sea,modest,evaporite_host|fish,none,open water (lake/inland sea),49,25,65.22,0.021,693.8,12.23,clay basin,none/ocean,Basin sediment,True,none
H+50+25,inland_sea,inland_sea,modest,evaporite_host|fish,none,open water (lake/inland sea),50,25,65.26,0.023,688.3,12.21,clay basin,none/ocean,Basin sediment,True,none
H+51+25,inland_sea,inland_sea,modest,evaporite_host|fish,none,open water (lake/inland sea),51,25,65.37,0.024,672.5,12.2,clay basin,none/ocean,Basin sediment,True,none
H+52+25,inland_sea,inland_sea,modest,evaporite_host|fish,none,open water (lake/inland sea),52,25,65.55,0.024,662.2,12.2,clay basin,none/ocean,Basin sediment,True,none
H+53+25,inland_sea,inland_sea,modest,evaporite_host|fish,none,open water (lake/inland sea),53,25,65.77,0.024,655.8,12.19,clay basin,none/ocean,Basin sediment,True,none
H+54+25,inland_sea,inland_sea,modest,evaporite_host|fish,none,open water (lake/inland sea),54,25,66.04,0.024,652.0,12.19,clay basin,none/ocean,Basin sediment,True,none
H+55+25,inland_sea,inland_sea,modest,evaporite_host|fish,none,open water (lake/inland sea),55,25,66.33,17.414,660.4,12.18,clay basin,none/ocean,Basin sediment,True,none
H+56+25,inland_sea,inland_sea,modest,evaporite_host|fish,none,open water (lake/inland sea),56,25,66.64,17.404,673.4,12.17,clay basin,none/ocean,Basin sediment,True,none
H+57+25,lake,lake,modest,evaporite_host|fish,none,open water (lake/inland sea),57,25,588.76,17.415,921.7,8.77,clay basin,none/ocean,Basin sediment,True,none
H+58+25,lake,lake,modest,evaporite_host|fish,none,open water (lake/inland sea),58,25,588.76,17.403,664.6,8.77,clay basin,none/ocean,Basin sediment,True,none
H+59+25,grassland,none,good,none,village,"fresh water, strong food",59,25,94.66,16.47,665.8,11.99,loam,grassland/pasture,Craton granite/gneiss,False,none
H+60+25,grassland,none,good,none,town,"fresh water, strong food, route access",60,25,98.28,5.608,682.0,11.99,loam,grassland/pasture,Craton granite/gneiss,False,none
H+61+25,ocean,ocean,modest,fish,none,ocean,61,25,-69.95,5.655,761.8,12.66,none/ocean,none/ocean,Oceanic basalt,False,
H+62+25,ocean,ocean,modest,fish,none,ocean,62,25,-72.06,5.725,759.8,12.69,none/ocean,none/ocean,Oceanic basalt,False,
H+63+25,ocean,ocean,modest,fish,none,ocean,63,25,-72.82,0.686,750.7,12.71,none/ocean,none/ocean,Oceanic basalt,False,
H+64+25,ocean,ocean,modest,fish,none,ocean,64,25,-69.05,0.561,739.1,12.72,none/ocean,none/ocean,Oceanic basalt,False,
H+65+25,ocean,ocean,modest,fish,none,ocean,65,25,-64.4,0.415,726.9,12.72,none/ocean,none/ocean,Oceanic basalt,False,
H+66+25,ocean,ocean,modest,fish,none,ocean,66,25,-68.65,0.37,711.8,12.72,none/ocean,none/ocean,Oceanic basalt,False,
H+67+25,ocean,ocean,modest,fish,none,ocean,67,25,-57.54,0.501,694.5,12.72,none/ocean,none/ocean,Oceanic basalt,False,
H+68+25,ocean,ocean,modest,fish,none,ocean,68,25,-42.52,0.553,688.6,12.71,none/ocean,none/ocean,Oceanic basalt,False,
H+69+25,ocean,ocean,modest,fish,none,ocean,69,25,-44.48,0.527,681.8,12.71,none/ocean,none/ocean,Oceanic basalt,False,
H+70+25,ocean,ocean,modest,fish,none,ocean,70,25,-42.87,0.473,670.5,12.73,none/ocean,none/ocean,Oceanic basalt,False,
H+71+25,ocean,ocean,modest,fish,none,ocean,71,25,-36.29,0.299,670.4,12.76,none/ocean,none/ocean,Oceanic basalt,False,
H+72+25,ocean,ocean,modest,fish,none,ocean,72,25,-29.29,0.739,673.6,12.83,none/ocean,none/ocean,Oceanic basalt,False,
H+73+25,ocean,ocean,modest,fish,none,ocean,73,25,-10.49,0.657,661.1,12.91,none/ocean,none/ocean,Oceanic basalt,False,
H+74+25,coast,none,none,clay,farmstead,"fresh water, route access",74,25,4.41,0.57,585.2,12.98,sandy coastal,coastal scrub,Coastal sediment,False,none
H+75+25,coast,none,none,clay,farmstead,"fresh water, route access",75,25,12.07,0.543,586.8,13.02,sandy coastal,coastal scrub,Coastal sediment,False,none
H+76+25,coast,none,none,clay,none,no reliable fresh water; poor food; arid interior,76,25,26.69,0.717,595.8,13.02,sandy coastal,coastal scrub,Coastal sediment,False,none
H+77+25,coast,none,none,clay,none,no reliable fresh water; poor food; arid interior,77,25,23.07,0.355,587.5,13.13,sandy coastal,coastal scrub,Coastal sediment,False,none
H+78+25,coast,none,none,clay,none,no reliable fresh water; poor food; arid interior,78,25,33.73,0.397,570.3,13.12,sandy coastal,coastal scrub,Coastal sediment,False,none
H+79+25,coast,none,none,clay,none,no reliable fresh water; poor food; arid interior,79,25,45.65,0.397,559.7,13.09,sandy coastal,coastal scrub,Coastal sediment,False,none
H+00+26,coast,none,none,clay,none,no reliable fresh water; poor food; arid interior,0,26,78.54,0.274,810.4,13.19,sandy coastal,coastal scrub,Coastal sediment,False,none
H+01+26,coast,none,none,clay,none,no reliable fresh water; poor food; arid interior,1,26,70.33,0.327,803.5,13.24,sandy coastal,coastal scrub,Coastal sediment,False,none
H+02+26,coast,none,none,clay,none,no reliable fresh water; poor food; arid interior,2,26,60.52,0.327,790.9,13.28,sandy coastal,coastal scrub,Coastal sediment,False,none
H+03+26,coast,none,none,clay,none,no reliable fresh water; poor food; arid interior,3,26,66.88,0.229,778.2,13.21,sandy coastal,coastal scrub,Coastal sediment,False,none
H+04+26,coast,none,none,clay,none,no reliable fresh water; poor food; arid interior,4,26,66.88,0.017,761.3,13.18,sandy coastal,coastal scrub,Coastal sediment,False,none
H+05+26,coast,none,none,none,none,no reliable fresh water; poor food; arid interior,5,26,66.88,0.017,738.6,13.15,loam,coastal scrub,Craton granite/gneiss,False,none
H+06+26,coast,none,none,none,none,no reliable fresh water; poor food; arid interior,6,26,66.88,0.15,708.7,13.14,loam,coastal scrub,Craton granite/gneiss,False,none
H+07+26,coast,none,none,none,none,no reliable fresh water; poor food; arid interior,7,26,66.39,0.425,674.8,13.15,loam,coastal scrub,Craton granite/gneiss,False,none
H+08+26,coast,river,none,none,farmstead,"fresh water, route access",8,26,78.62,0.508,640.5,13.09,loam,coastal scrub,Craton granite/gneiss,False,none
H+09+26,grassland,none,good,none,village,"strong food, route access",9,26,93.87,0.674,617.1,13.02,loam,grassland/pasture,Craton granite/gneiss,False,none
H+10+26,grassland,none,good,none,village,"strong food, route access",10,26,114.08,0.674,619.4,12.89,loam,grassland/pasture,Craton granite/gneiss,False,none
H+11+26,grassland,none,good,none,village,"strong food, route access",11,26,123.07,0.535,634.6,12.81,loam,grassland/pasture,Craton granite/gneiss,False,none
H+12+26,grassland,none,good,none,village,"strong food, route access",12,26,123.86,0.692,640.9,12.75,loam,grassland/pasture,Craton granite/gneiss,False,none
H+13+26,farmland,river,rich,none,city-candidate,"fresh water, strong food, route access",13,26,138.94,0.689,644.9,12.58,loam,floodplain farmable,Craton granite/gneiss,False,none
H+14+26,grassland,none,good,none,village,"strong food, route access",14,26,151.05,0.601,656.0,12.41,loam,grassland/pasture,Craton granite/gneiss,False,none
H+15+26,grassland,none,good,none,village,"strong food, route access",15,26,157.99,0.378,671.1,12.27,loam,grassland/pasture,Craton granite/gneiss,False,none
H+16+26,grassland,none,good,none,village,"strong food, route access",16,26,152.21,0.468,683.1,12.23,loam,grassland/pasture,Craton granite/gneiss,False,none
H+17+26,grassland,none,good,none,village,"strong food, route access",17,26,147.0,0.45,693.6,12.2,loam,grassland/pasture,Craton granite/gneiss,False,none
H+18+26,grassland,none,good,none,village,"strong food, route access",18,26,135.85,0.803,698.4,12.25,loam,grassland/pasture,Craton granite/gneiss,False,none
H+19+26,farmland,river,rich,none,city-candidate,"fresh water, strong food, route access",19,26,117.11,2.155,693.1,12.39,loam,floodplain farmable,Craton granite/gneiss,False,none
H+20+26,grassland,none,good,none,village,"strong food, route access",20,26,181.77,2.155,683.2,12.0,loam,grassland/pasture,Craton granite/gneiss,False,none
H+21+26,grassland,none,good,greenstone_metals,village,"strong food, route access",21,26,180.37,0.087,670.9,12.04,loam,grassland/pasture,Craton granite/gneiss,False,none
H+22+26,grassland,none,good,none,village,"strong food, route access",22,26,178.26,0.768,657.6,12.07,loam,grassland/pasture,Craton granite/gneiss,False,none
H+23+26,farmland,major_river,rich,fish,city-candidate,"fresh water, strong food, route access, major river",23,26,155.73,0.768,656.7,12.2,loam,floodplain farmable,Craton granite/gneiss,False,none
H+24+26,grassland,none,good,none,village,"strong food, route access",24,26,161.26,3.863,670.4,12.14,loam,grassland/pasture,Suture metamorphic,False,none
H+25+26,grassland,none,good,limestone_karst,village,"strong food, route access",25,26,277.16,5.286,685.5,11.37,loam,grassland/pasture,Suture metamorphic,False,none
H+26+26,forest,none,good,timber,none,no reliable fresh water; too steep,26,26,435.74,50.393,720.1,10.32,rocky/lithosol,temperate forest,Suture metamorphic,False,none
H+27+26,high_peaks,none,modest,timber,none,no reliable fresh water; too steep,27,26,1934.26,49.951,2670.1,0.58,mountain thin,boreal forest,Suture metamorphic,False,none
H+28+26,lake,lake,modest,evaporite_host|clay|fish,none,open water (lake/inland sea),28,26,588.76,44.85,623.3,9.36,clay basin,none/ocean,Basin sediment,True,none
H+29+26,lake,lake,modest,evaporite_host|fish,none,open water (lake/inland sea),29,26,588.76,0.0,758.7,9.36,glacial till,none/ocean,Basin sediment,True,moraine
H+30+26,lake,lake,modest,evaporite_host|fish,none,open water (lake/inland sea),30,26,588.76,0.0,784.6,9.35,clay basin,none/ocean,Basin sediment,True,none
H+31+26,lake,lake,modest,evaporite_host|fish,none,open water (lake/inland sea),31,26,588.76,0.0,805.8,9.33,clay basin,none/ocean,Basin sediment,True,none
H+32+26,lake,lake,modest,evaporite_host|fish,none,open water (lake/inland sea),32,26,588.76,0.0,821.4,9.3,clay basin,none/ocean,Basin sediment,True,none
H+33+26,lake,lake,modest,evaporite_host|fish,none,open water (lake/inland sea),33,26,588.76,0.0,825.1,9.27,glacial till,none/ocean,Basin sediment,True,overdeep_basin
H+34+26,lake,lake,modest,evaporite_host|fish,none,open water (lake/inland sea),34,26,588.76,0.0,824.3,9.23,glacial till,none/ocean,Basin sediment,True,overdeep_basin
H+35+26,lake,lake,modest,evaporite_host|clay|fish,none,open water (lake/inland sea),35,26,588.76,0.0,818.3,9.2,glacial till,none/ocean,Basin sediment,True,overdeep_basin
H+36+26,lake,lake,modest,evaporite_host|clay|fish,none,open water (lake/inland sea),36,26,588.76,0.0,813.2,9.16,glacial till,none/ocean,Basin sediment,True,overdeep_basin
H+37+26,lake,lake,modest,evaporite_host|clay|fish,none,open water (lake/inland sea),37,26,588.76,2.225,812.3,9.12,glacial till,none/ocean,Basin sediment,True,overdeep_basin
H+38+26,forest,none,good,none,village,"adequate food, route access",38,26,649.97,2.257,848.9,8.68,loam,temperate forest,Craton granite/gneiss,False,none
H+39+26,forest,none,good,none,farmstead,"adequate food, route access",39,26,582.26,6.929,763.5,9.08,loam,temperate forest,Craton granite/gneiss,False,none
H+40+26,lake,lake,modest,evaporite_host|fish,none,open water (lake/inland sea),40,26,588.76,17.403,748.4,9.0,clay basin,none/ocean,Basin sediment,True,none
H+41+26,inland_sea,inland_sea,modest,evaporite_host|fish,none,open water (lake/inland sea),41,26,66.67,17.403,722.1,12.36,clay basin,none/ocean,Basin sediment,True,none
H+42+26,inland_sea,inland_sea,modest,evaporite_host|fish,none,open water (lake/inland sea),42,26,66.31,0.012,717.9,12.33,clay basin,none/ocean,Basin sediment,True,none
H+43+26,inland_sea,inland_sea,modest,evaporite_host|fish,none,open water (lake/inland sea),43,26,65.96,0.012,716.2,12.32,clay basin,none/ocean,Basin sediment,True,none
H+44+26,inland_sea,inland_sea,modest,evaporite_host|fish,none,open water (lake/inland sea),44,26,65.63,0.013,702.9,12.31,clay basin,none/ocean,Basin sediment,True,none
H+45+26,inland_sea,inland_sea,modest,evaporite_host|fish,none,open water (lake/inland sea),45,26,65.32,0.015,690.4,12.33,clay basin,none/ocean,Basin sediment,True,none
H+46+26,inland_sea,inland_sea,modest,evaporite_host|fish,none,open water (lake/inland sea),46,26,65.04,0.017,689.4,12.36,clay basin,none/ocean,Basin sediment,True,none
H+47+26,inland_sea,inland_sea,modest,evaporite_host|fish,none,open water (lake/inland sea),47,26,64.82,0.018,688.5,12.4,clay basin,none/ocean,Basin sediment,True,none
H+48+26,inland_sea,inland_sea,modest,evaporite_host|fish,none,open water (lake/inland sea),48,26,64.67,0.02,679.2,12.43,clay basin,none/ocean,Basin sediment,True,none
H+49+26,inland_sea,inland_sea,modest,evaporite_host|fish,none,open water (lake/inland sea),49,26,64.62,0.022,672.0,12.45,clay basin,none/ocean,Basin sediment,True,none
H+50+26,inland_sea,inland_sea,modest,evaporite_host|fish,none,open water (lake/inland sea),50,26,64.67,0.023,665.8,12.45,clay basin,none/ocean,Basin sediment,True,none
H+51+26,inland_sea,inland_sea,modest,evaporite_host|fish,none,open water (lake/inland sea),51,26,64.83,0.024,651.7,12.46,clay basin,none/ocean,Basin sediment,True,none
H+52+26,inland_sea,inland_sea,modest,evaporite_host|fish,none,open water (lake/inland sea),52,26,65.06,0.024,640.1,12.49,clay basin,none/ocean,Basin sediment,True,none
H+53+26,inland_sea,inland_sea,modest,evaporite_host|fish,none,open water (lake/inland sea),53,26,65.33,0.023,633.9,12.51,clay basin,none/ocean,Basin sediment,True,none
H+54+26,inland_sea,inland_sea,modest,evaporite_host|fish,none,open water (lake/inland sea),54,26,65.64,0.023,631.3,12.53,clay basin,none/ocean,Basin sediment,True,none
H+55+26,inland_sea,inland_sea,modest,evaporite_host|fish,none,open water (lake/inland sea),55,26,65.98,0.022,634.8,12.53,clay basin,none/ocean,Basin sediment,True,none
H+56+26,inland_sea,inland_sea,modest,evaporite_host|fish,none,open water (lake/inland sea),56,26,66.32,17.415,641.1,12.52,clay basin,none/ocean,Basin sediment,True,none
H+57+26,inland_sea,inland_sea,modest,evaporite_host|fish,none,open water (lake/inland sea),57,26,66.68,17.403,639.4,12.52,clay basin,none/ocean,Basin sediment,True,none
H+58+26,lake,lake,modest,evaporite_host|fish,none,open water (lake/inland sea),58,26,588.76,17.409,863.9,9.13,clay basin,none/ocean,Basin sediment,True,none
H+59+26,grassland,none,good,none,village,"fresh water, strong food",59,26,98.79,16.332,633.7,12.32,loam,grassland/pasture,Craton granite/gneiss,False,none
H+60+26,grassland,none,good,none,village,"fresh water, strong food",60,26,96.08,16.423,654.7,12.35,loam,grassland/pasture,Craton granite/gneiss,False,none
H+61+26,grassland,none,good,none,town,"fresh water, strong food, route access",61,26,99.7,5.725,671.5,12.35,loam,grassland/pasture,Craton granite/gneiss,False,none
H+62+26,ocean,ocean,modest,fish,none,ocean,62,26,-58.63,5.278,742.6,12.99,none/ocean,none/ocean,Oceanic basalt,False,
H+63+26,ocean,ocean,modest,fish,none,ocean,63,26,-52.23,0.686,736.7,12.98,none/ocean,none/ocean,Oceanic basalt,False,
H+64+26,ocean,ocean,modest,fish,none,ocean,64,26,-52.51,0.551,722.2,12.96,none/ocean,none/ocean,Oceanic basalt,False,
H+65+26,ocean,ocean,modest,fish,none,ocean,65,26,-60.2,0.282,705.7,12.94,none/ocean,none/ocean,Oceanic basalt,False,
H+66+26,ocean,ocean,modest,fish,none,ocean,66,26,-61.16,0.331,693.3,12.93,none/ocean,none/ocean,Oceanic basalt,False,
H+67+26,ocean,ocean,modest,fish,none,ocean,67,26,-51.23,0.588,682.3,12.93,none/ocean,none/ocean,Oceanic basalt,False,
H+68+26,ocean,ocean,modest,fish,none,ocean,68,26,-33.59,0.816,679.8,12.94,none/ocean,none/ocean,Oceanic basalt,False,
H+69+26,ocean,ocean,modest,fish,none,ocean,69,26,-28.66,0.527,675.3,12.95,none/ocean,none/ocean,Oceanic basalt,False,
H+70+26,ocean,ocean,modest,fish,none,ocean,70,26,-32.51,0.345,662.5,12.98,none/ocean,none/ocean,Oceanic basalt,False,
H+71+26,ocean,ocean,modest,fish,none,ocean,71,26,-28.04,0.275,651.2,13.02,none/ocean,none/ocean,Oceanic basalt,False,
H+72+26,ocean,ocean,modest,fish,none,ocean,72,26,-23.61,0.437,646.8,13.09,none/ocean,none/ocean,Oceanic basalt,False,
H+73+26,ocean,ocean,modest,fish,none,ocean,73,26,-10.84,0.508,641.0,13.18,none/ocean,none/ocean,Oceanic basalt,False,
H+74+26,coast,river,none,clay,farmstead,"fresh water, route access",74,26,2.74,0.497,576.4,13.26,sandy coastal,coastal scrub,Coastal sediment,False,none
H+75+26,coast,river,none,clay,farmstead,"fresh water, route access",75,26,5.18,0.717,583.1,13.35,sandy coastal,coastal scrub,Coastal sediment,False,none
H+76+26,coast,river,none,clay,farmstead,"fresh water, route access",76,26,21.75,0.552,597.0,13.33,sandy coastal,coastal scrub,Coastal sediment,False,none
H+77+26,coast,none,none,clay,none,no reliable fresh water; poor food; arid interior,77,26,28.7,0.548,590.3,13.37,sandy coastal,coastal scrub,Coastal sediment,False,none
H+78+26,coast,none,none,clay,none,no reliable fresh water; poor food; arid interior,78,26,45.14,0.548,572.9,13.31,sandy coastal,coastal scrub,Coastal sediment,False,none
H+79+26,coast,none,none,clay,none,no reliable fresh water; poor food; arid interior,79,26,45.59,0.017,560.6,13.33,sandy coastal,coastal scrub,Coastal sediment,False,none
H+00+27,coast,none,none,clay,none,no reliable fresh water; poor food; arid interior,0,27,70.84,0.459,808.2,13.44,sandy coastal,coastal scrub,Coastal sediment,False,none
H+01+27,coast,none,none,clay,none,no reliable fresh water; poor food; arid interior,1,27,66.85,0.326,807.6,13.46,sandy coastal,coastal scrub,Coastal sediment,False,none
H+02+27,coast,none,none,clay,none,no reliable fresh water; poor food; arid interior,2,27,67.39,0.278,803.4,13.45,sandy coastal,coastal scrub,Coastal sediment,False,none
H+03+27,coast,none,none,clay,none,no reliable fresh water; poor food; arid interior,3,27,67.39,0.278,791.4,13.43,sandy coastal,coastal scrub,Coastal sediment,False,none
H+04+27,coast,none,none,none,none,no reliable fresh water; poor food; arid interior,4,27,67.39,0.195,773.8,13.41,loam,coastal scrub,Craton granite/gneiss,False,none
H+05+27,coast,none,none,none,none,no reliable fresh water; poor food; arid interior,5,27,67.39,0.55,748.6,13.4,loam,coastal scrub,Craton granite/gneiss,False,none
H+06+27,coast,none,none,none,none,no reliable fresh water; poor food; arid interior,6,27,71.37,0.927,711.4,13.37,loam,coastal scrub,Craton granite/gneiss,False,none
H+07+27,coast,none,none,none,none,no reliable fresh water; poor food; arid interior,7,27,79.13,0.949,671.5,13.34,loam,coastal scrub,Craton granite/gneiss,False,none
H+08+27,farmland,river,rich,none,none,excellent site left empty on purpose,8,27,91.96,0.533,634.9,13.28,loam,floodplain farmable,Craton granite/gneiss,False,none
H+09+27,grassland,none,good,none,village,"strong food, route access",9,27,107.94,0.789,610.7,13.21,loam,grassland/pasture,Craton granite/gneiss,False,none
H+10+27,grassland,none,good,none,village,"strong food, route access",10,27,131.61,0.789,613.9,13.06,loam,grassland/pasture,Craton granite/gneiss,False,none
H+11+27,grassland,none,good,none,village,"strong food, route access",11,27,139.12,0.535,630.9,12.99,loam,grassland/pasture,Craton granite/gneiss,False,none
H+12+27,grassland,none,good,none,village,"strong food, route access",12,27,144.61,0.692,636.2,12.89,loam,grassland/pasture,Craton granite/gneiss,False,none
H+13+27,farmland,river,rich,none,city-candidate,"fresh water, strong food, route access",13,27,149.76,0.508,637.2,12.77,loam,floodplain farmable,Craton granite/gneiss,False,none
H+14+27,grassland,none,good,none,village,"strong food, route access",14,27,165.0,0.508,649.2,12.57,loam,grassland/pasture,Craton granite/gneiss,False,none
H+15+27,grassland,none,good,none,village,"strong food, route access",15,27,166.26,0.468,670.1,12.46,loam,grassland/pasture,Craton granite/gneiss,False,none
H+16+27,grassland,none,good,none,village,"strong food, route access",16,27,160.49,0.568,685.5,12.4,loam,grassland/pasture,Craton granite/gneiss,False,none
H+17+27,farmland,none,rich,none,village,"strong food, route access",17,27,147.51,0.913,702.6,12.41,loam,floodplain farmable,Craton granite/gneiss,False,none
H+18+27,farmland,none,rich,none,village,"strong food, route access",18,27,136.36,0.642,712.0,12.47,loam,floodplain farmable,Craton granite/gneiss,False,none
H+19+27,farmland,river,rich,none,none,excellent site left empty on purpose,19,27,121.29,2.033,703.4,12.58,loam,floodplain farmable,Craton granite/gneiss,False,none
H+20+27,grassland,none,good,none,village,"strong food, route access",20,27,182.28,2.033,688.9,12.22,loam,grassland/pasture,Craton granite/gneiss,False,none
H+21+27,grassland,none,good,none,village,"strong food, route access",21,27,180.88,0.087,675.7,12.26,loam,grassland/pasture,Craton granite/gneiss,False,none
H+22+27,grassland,none,good,none,village,"strong food, route access",22,27,178.77,0.768,661.3,12.29,loam,grassland/pasture,Craton granite/gneiss,False,none
H+23+27,farmland,major_river,rich,fish,city-candidate,"fresh water, strong food, route access, major river",23,27,156.24,0.768,657.8,12.43,loam,floodplain farmable,Craton granite/gneiss,False,none
H+24+27,grassland,none,good,none,village,"strong food, route access",24,27,161.77,3.863,662.4,12.37,loam,grassland/pasture,Suture metamorphic,False,none
H+25+27,grassland,none,good,none,none,no reliable fresh water; too steep,25,27,277.67,55.236,672.5,11.58,rocky/lithosol,grassland/pasture,Suture metamorphic,False,none
H+26+27,high_peaks,none,modest,limestone_karst|timber|stone,none,no reliable fresh water; too steep,26,27,1934.76,55.236,2571.4,0.79,mountain thin,boreal forest,Suture metamorphic,False,none
H+27+27,lake,lake,modest,evaporite_host|clay|fish,none,open water (lake/inland sea),27,27,588.76,44.867,604.7,9.53,clay basin,none/ocean,Basin sediment,True,none
H+28+27,lake,lake,modest,evaporite_host|fish,none,open water (lake/inland sea),28,27,588.76,0.0,729.1,9.54,clay basin,none/ocean,Basin sediment,True,none
H+29+27,lake,lake,modest,evaporite_host|fish,none,open water (lake/inland sea),29,27,588.76,0.0,754.3,9.53,glacial till,none/ocean,Basin sediment,True,moraine
H+30+27,lake,lake,modest,evaporite_host|fish,none,open water (lake/inland sea),30,27,588.76,0.0,788.5,9.49,clay basin,none/ocean,Basin sediment,True,none
H+31+27,lake,lake,modest,evaporite_host|fish,none,open water (lake/inland sea),31,27,588.76,0.0,821.6,9.45,clay basin,none/ocean,Basin sediment,True,none
H+32+27,lake,lake,modest,evaporite_host|fish,none,open water (lake/inland sea),32,27,588.76,0.0,839.5,9.4,clay basin,none/ocean,Basin sediment,True,none
H+33+27,lake,lake,modest,evaporite_host|fish,none,open water (lake/inland sea),33,27,588.76,0.0,840.3,9.36,clay basin,none/ocean,Basin sediment,True,none
H+34+27,lake,lake,modest,evaporite_host|clay|fish,none,open water (lake/inland sea),34,27,588.76,0.0,837.3,9.34,glacial till,none/ocean,Basin sediment,True,overdeep_basin
H+35+27,lake,lake,modest,evaporite_host|clay|fish,none,open water (lake/inland sea),35,27,588.76,0.0,827.5,9.32,glacial till,none/ocean,Basin sediment,True,overdeep_basin
H+36+27,lake,lake,modest,evaporite_host|clay|fish,none,open water (lake/inland sea),36,27,588.76,0.0,819.9,9.29,glacial till,none/ocean,Basin sediment,True,overdeep_basin
H+37+27,lake,lake,modest,evaporite_host|clay|fish,none,open water (lake/inland sea),37,27,588.76,2.324,822.0,9.27,glacial till,none/ocean,Basin sediment,True,overdeep_basin
H+38+27,forest,none,good,none,village,"adequate food, route access",38,27,658.47,2.54,870.5,8.79,loam,temperate forest,Craton granite/gneiss,False,none
H+39+27,forest,none,good,none,village,"adequate food, route access",39,27,586.34,2.567,764.8,9.23,loam,temperate forest,Craton granite/gneiss,False,none
H+40+27,lake,lake,modest,evaporite_host|fish,none,open water (lake/inland sea),40,27,588.76,17.41,728.6,9.17,clay basin,none/ocean,Basin sediment,True,none
H+41+27,inland_sea,inland_sea,modest,evaporite_host|fish,none,open water (lake/inland sea),41,27,66.47,17.41,701.4,12.53,clay basin,none/ocean,Basin sediment,True,none
H+42+27,inland_sea,inland_sea,modest,evaporite_host|fish,none,open water (lake/inland sea),42,27,66.09,0.013,709.0,12.5,clay basin,none/ocean,Basin sediment,True,none
H+43+27,inland_sea,inland_sea,modest,evaporite_host|fish,none,open water (lake/inland sea),43,27,65.71,0.013,712.6,12.48,clay basin,none/ocean,Basin sediment,True,none
H+44+27,inland_sea,inland_sea,modest,evaporite_host|fish,none,open water (lake/inland sea),44,27,65.34,0.012,692.6,12.48,clay basin,none/ocean,Basin sediment,True,none
H+45+27,inland_sea,inland_sea,modest,evaporite_host|fish,none,open water (lake/inland sea),45,27,64.98,0.012,674.5,12.5,clay basin,none/ocean,Basin sediment,True,none
H+46+27,inland_sea,inland_sea,modest,evaporite_host|fish,none,open water (lake/inland sea),46,27,64.64,0.014,677.3,12.54,clay basin,none/ocean,Basin sediment,True,none
H+47+27,inland_sea,inland_sea,modest,evaporite_host|fish,none,open water (lake/inland sea),47,27,64.33,0.016,681.1,12.6,clay basin,none/ocean,Basin sediment,True,none
H+48+27,inland_sea,inland_sea,modest,evaporite_host|fish,none,open water (lake/inland sea),48,27,64.1,0.019,668.4,12.65,clay basin,none/ocean,Basin sediment,True,none
H+49+27,inland_sea,inland_sea,modest,evaporite_host|fish,none,open water (lake/inland sea),49,27,64.01,0.022,655.6,12.69,clay basin,none/ocean,Basin sediment,True,none
H+50+27,inland_sea,inland_sea,modest,evaporite_host|fish,none,open water (lake/inland sea),50,27,64.11,0.024,648.7,12.71,clay basin,none/ocean,Basin sediment,True,none
H+51+27,inland_sea,inland_sea,modest,evaporite_host|fish,none,open water (lake/inland sea),51,27,64.34,0.024,636.5,12.74,clay basin,none/ocean,Basin sediment,True,none
H+52+27,inland_sea,inland_sea,modest,evaporite_host|fish,none,open water (lake/inland sea),52,27,64.65,0.023,624.7,12.79,clay basin,none/ocean,Basin sediment,True,none
H+53+27,inland_sea,inland_sea,modest,evaporite_host|fish,none,open water (lake/inland sea),53,27,64.99,0.022,619.5,12.84,clay basin,none/ocean,Basin sediment,True,none
H+54+27,inland_sea,inland_sea,modest,evaporite_host|fish,none,open water (lake/inland sea),54,27,65.35,0.021,618.2,12.88,clay basin,none/ocean,Basin sediment,True,none
H+55+27,inland_sea,inland_sea,modest,evaporite_host|fish,none,open water (lake/inland sea),55,27,65.72,0.02,618.3,12.89,clay basin,none/ocean,Basin sediment,True,none
H+56+27,inland_sea,inland_sea,modest,evaporite_host|fish,none,open water (lake/inland sea),56,27,66.1,0.019,620.0,12.88,clay basin,none/ocean,Basin sediment,True,none
H+57+27,inland_sea,inland_sea,modest,evaporite_host|fish,none,open water (lake/inland sea),57,27,66.48,17.409,617.8,12.88,clay basin,none/ocean,Basin sediment,True,none
H+58+27,lake,lake,modest,evaporite_host|fish,none,open water (lake/inland sea),58,27,588.76,17.412,834.8,9.48,clay basin,none/ocean,Basin sediment,True,none
H+59+27,lake,lake,modest,evaporite_host|fish,none,open water (lake/inland sea),59,27,588.76,17.399,613.6,9.48,clay basin,none/ocean,Basin sediment,True,none
H+60+27,grassland,none,good,greenstone_metals,village,"fresh water, strong food",60,27,100.21,16.285,637.3,12.66,loam,grassland/pasture,Craton granite/gneiss,False,none
H+61+27,grassland,none,good,none,town,"fresh water, strong food, route access",61,27,98.48,5.237,657.4,12.67,loam,grassland/pasture,Craton granite/gneiss,False,none
H+62+27,ocean,ocean,modest,fish,none,ocean,62,27,-51.7,5.006,730.2,13.28,none/ocean,none/ocean,Oceanic basalt,False,
H+63+27,ocean,ocean,modest,fish,none,ocean,63,27,-47.4,0.17,726.3,13.24,none/ocean,none/ocean,Oceanic basalt,False,
H+64+27,ocean,ocean,modest,fish,none,ocean,64,27,-52.41,0.297,710.0,13.2,none/ocean,none/ocean,Oceanic basalt,False,
H+65+27,ocean,ocean,modest,fish,none,ocean,65,27,-61.32,0.297,690.7,13.16,none/ocean,none/ocean,Oceanic basalt,False,
H+66+27,ocean,ocean,modest,fish,none,ocean,66,27,-63.66,0.414,680.6,13.15,none/ocean,none/ocean,Oceanic basalt,False,
H+67+27,ocean,ocean,modest,fish,none,ocean,67,27,-58.06,0.816,674.6,13.15,none/ocean,none/ocean,Oceanic basalt,False,
H+68+27,ocean,ocean,modest,fish,none,ocean,68,27,-38.84,0.808,674.5,13.16,none/ocean,none/ocean,Oceanic basalt,False,
H+69+27,ocean,ocean,modest,fish,none,ocean,69,27,-25.85,0.509,672.4,13.18,none/ocean,none/ocean,Oceanic basalt,False,
H+70+27,ocean,ocean,modest,fish,none,ocean,70,27,-27.77,0.27,659.4,13.21,none/ocean,none/ocean,Oceanic basalt,False,
H+71+27,ocean,ocean,modest,fish,none,ocean,71,27,-28.7,0.239,640.7,13.26,none/ocean,none/ocean,Oceanic basalt,False,
H+72+27,ocean,ocean,modest,fish,none,ocean,72,27,-23.46,0.421,630.8,13.33,none/ocean,none/ocean,Oceanic basalt,False,
H+73+27,ocean,ocean,modest,fish,none,ocean,73,27,-12.15,0.518,629.6,13.42,none/ocean,none/ocean,Oceanic basalt,False,
H+74+27,coast,none,none,clay,farmstead,"fresh water, route access",74,27,3.37,0.669,572.4,13.5,sandy coastal,coastal scrub,Coastal sediment,False,none
H+75+27,coast,none,none,clay,farmstead,"fresh water, route access",75,27,6.29,0.641,582.0,13.59,sandy coastal,coastal scrub,Coastal sediment,False,none
H+76+27,coast,none,none,clay,farmstead,"fresh water, route access",76,27,25.53,0.641,599.1,13.56,sandy coastal,coastal scrub,Coastal sediment,False,none
H+77+27,coast,none,none,clay,none,no reliable fresh water; poor food; arid interior,77,27,44.63,0.636,593.9,13.51,sandy coastal,coastal scrub,Coastal sediment,False,none
H+78+27,coast,none,none,clay,none,no reliable fresh water; poor food; arid interior,78,27,45.08,0.072,577.4,13.55,sandy coastal,coastal scrub,Coastal sediment,False,none
H+79+27,coast,none,none,clay,none,no reliable fresh water; poor food; arid interior,79,27,45.9,0.027,565.2,13.55,sandy coastal,coastal scrub,Coastal sediment,False,none
H+00+28,coast,none,none,clay,none,no reliable fresh water; poor food; arid interior,0,28,57.08,0.459,821.4,13.76,sandy coastal,coastal scrub,Coastal sediment,False,none
H+01+28,coast,none,none,clay,none,no reliable fresh water; poor food; arid interior,1,28,62.06,0.41,818.3,13.72,sandy coastal,coastal scrub,Coastal sediment,False,none
H+02+28,coast,none,none,clay,none,no reliable fresh water; poor food; arid interior,2,28,59.05,0.283,810.3,13.74,sandy coastal,coastal scrub,Coastal sediment,False,none
H+03+28,coast,none,none,clay,none,no reliable fresh water; poor food; arid interior,3,28,67.56,0.283,798.2,13.68,sandy coastal,coastal scrub,Coastal sediment,False,none
H+04+28,coast,none,none,none,none,no reliable fresh water; poor food; arid interior,4,28,73.24,0.355,783.4,13.63,loam,coastal scrub,Craton granite/gneiss,False,none
H+05+28,farmland,none,rich,none,village,"strong food, route access",5,28,83.88,0.55,759.7,13.56,loam,floodplain farmable,Craton granite/gneiss,False,none
H+06+28,farmland,none,rich,none,village,"strong food, route access",6,28,99.19,0.927,727.6,13.47,loam,floodplain farmable,Craton granite/gneiss,False,none
H+07+28,grassland,none,good,none,village,"strong food, route access",7,28,107.6,0.949,690.1,13.44,loam,grassland/pasture,Craton granite/gneiss,False,none
H+08+28,grassland,none,good,none,village,"strong food, route access",8,28,104.41,0.583,646.4,13.5,loam,grassland/pasture,Craton granite/gneiss,False,none
H+09+28,grassland,none,good,none,village,"strong food, route access",9,28,121.9,0.718,616.1,13.42,loam,grassland/pasture,Craton granite/gneiss,False,none
H+10+28,grassland,none,good,none,village,"strong food, route access",10,28,143.45,0.718,615.6,13.29,loam,grassland/pasture,Craton granite/gneiss,False,none
H+11+28,grassland,none,good,none,village,"strong food, route access",11,28,154.51,0.513,628.4,13.19,loam,grassland/pasture,Craton granite/gneiss,False,none
H+12+28,grassland,none,good,none,village,"strong food, route access",12,28,157.59,0.432,638.5,13.11,loam,grassland/pasture,Craton granite/gneiss,False,none
H+13+28,farmland,river,rich,none,none,excellent site left empty on purpose,13,28,159.89,0.416,650.6,13.0,loam,floodplain farmable,Craton granite/gneiss,False,none
H+14+28,grassland,none,good,none,village,"strong food, route access",14,28,169.41,0.317,662.2,12.83,loam,grassland/pasture,Craton granite/gneiss,False,none
H+15+28,grassland,none,good,none,village,"strong food, route access",15,28,177.52,0.568,673.8,12.66,loam,grassland/pasture,Craton granite/gneiss,False,none
H+16+28,grassland,none,good,none,village,"strong food, route access",16,28,174.91,0.913,683.7,12.57,loam,grassland/pasture,Craton granite/gneiss,False,none
H+17+28,grassland,none,good,greenstone_metals,village,"strong food, route access",17,28,151.5,0.797,697.3,12.64,loam,grassland/pasture,Craton granite/gneiss,False,none
H+18+28,farmland,none,rich,none,village,"strong food, route access",18,28,138.12,0.602,704.7,12.7,loam,floodplain farmable,Craton granite/gneiss,False,none
H+19+28,farmland,river,rich,none,city-candidate,"fresh water, strong food, route access",19,28,137.99,1.493,700.2,12.71,loam,floodplain farmable,Craton granite/gneiss,False,none
H+20+28,grassland,none,good,none,village,"strong food, route access",20,28,182.79,1.493,691.8,12.45,loam,grassland/pasture,Craton granite/gneiss,False,none
H+21+28,grassland,none,good,none,village,"strong food, route access",21,28,181.39,0.087,681.7,12.49,loam,grassland/pasture,Craton granite/gneiss,False,none
H+22+28,grassland,none,good,none,village,"strong food, route access",22,28,179.28,0.768,670.8,12.51,loam,grassland/pasture,Craton granite/gneiss,False,none
H+23+28,farmland,major_river,rich,fish,none,excellent site left empty on purpose,23,28,156.75,0.768,667.3,12.65,loam,floodplain farmable,Craton granite/gneiss,False,none
H+24+28,grassland,none,good,none,village,"strong food, route access",24,28,162.28,3.863,669.3,12.58,loam,grassland/pasture,Suture metamorphic,False,none
H+25+28,grassland,none,good,none,none,no reliable fresh water; too steep,25,28,278.18,55.219,677.4,11.78,rocky/lithosol,grassland/pasture,Suture metamorphic,False,none
H+26+28,high_peaks,none,modest,timber|stone,none,no reliable fresh water; too steep,26,28,1928.54,55.012,2551.1,1.02,mountain thin,boreal forest,Suture metamorphic,False,none
H+27+28,lake,lake,modest,evaporite_host|clay|fish,none,open water (lake/inland sea),27,28,588.76,44.916,593.3,9.71,clay basin,none/ocean,Basin sediment,True,none
H+28+28,lake,lake,modest,evaporite_host|clay|fish,none,open water (lake/inland sea),28,28,588.76,0.0,716.7,9.7,clay basin,none/ocean,Basin sediment,True,none
H+29+28,lake,lake,modest,evaporite_host|fish,none,open water (lake/inland sea),29,28,588.76,0.0,742.4,9.68,glacial till,none/ocean,Basin sediment,True,moraine
H+30+28,lake,lake,modest,evaporite_host|fish,none,open water (lake/inland sea),30,28,588.76,0.0,774.1,9.63,clay basin,none/ocean,Basin sediment,True,none
H+31+28,lake,lake,modest,evaporite_host|fish,none,open water (lake/inland sea),31,28,588.76,0.0,805.2,9.57,clay basin,none/ocean,Basin sediment,True,none
H+32+28,lake,lake,modest,evaporite_host|fish,none,open water (lake/inland sea),32,28,588.76,0.0,823.5,9.52,clay basin,none/ocean,Basin sediment,True,none
H+33+28,lake,lake,modest,evaporite_host|fish,none,open water (lake/inland sea),33,28,588.76,0.0,829.1,9.48,clay basin,none/ocean,Basin sediment,True,none
H+34+28,lake,lake,modest,evaporite_host|fish,none,open water (lake/inland sea),34,28,588.76,0.0,827.6,9.46,glacial till,none/ocean,Basin sediment,True,overdeep_basin
H+35+28,lake,lake,modest,evaporite_host|fish,none,open water (lake/inland sea),35,28,588.76,0.0,814.1,9.45,glacial till,none/ocean,Basin sediment,True,overdeep_basin
H+36+28,lake,lake,modest,evaporite_host|clay|fish,none,open water (lake/inland sea),36,28,588.76,0.0,803.9,9.44,glacial till,none/ocean,Basin sediment,True,overdeep_basin
H+37+28,lake,lake,modest,evaporite_host|fish,none,open water (lake/inland sea),37,28,588.76,2.486,803.7,9.43,glacial till,none/ocean,Basin sediment,True,overdeep_basin
H+38+28,forest,none,good,none,village,"adequate food, route access",38,28,663.34,2.567,853.3,8.92,loam,temperate forest,Craton granite/gneiss,False,none
H+39+28,lake,lake,modest,evaporite_host|fish,none,open water (lake/inland sea),39,28,588.76,17.4,751.1,9.39,clay basin,none/ocean,Basin sediment,True,none
H+40+28,inland_sea,inland_sea,modest,evaporite_host|fish,none,open water (lake/inland sea),40,28,66.77,17.4,729.5,12.75,clay basin,none/ocean,Basin sediment,True,none
H+41+28,inland_sea,inland_sea,modest,evaporite_host|fish,none,open water (lake/inland sea),41,28,66.37,0.014,704.4,12.72,clay basin,none/ocean,Basin sediment,True,none
H+42+28,inland_sea,inland_sea,modest,evaporite_host|fish,none,open water (lake/inland sea),42,28,65.98,0.014,699.4,12.7,clay basin,none/ocean,Basin sediment,True,none
H+43+28,inland_sea,inland_sea,modest,evaporite_host|fish,none,open water (lake/inland sea),43,28,65.58,0.014,697.7,12.68,clay basin,none/ocean,Basin sediment,True,none
H+44+28,inland_sea,inland_sea,modest,evaporite_host|fish,none,open water (lake/inland sea),44,28,65.19,0.014,683.6,12.68,clay basin,none/ocean,Basin sediment,True,none
H+45+28,inland_sea,inland_sea,modest,evaporite_host|fish,none,open water (lake/inland sea),45,28,64.8,0.014,669.6,12.7,clay basin,none/ocean,Basin sediment,True,none
H+46+28,inland_sea,inland_sea,modest,evaporite_host|fish,none,open water (lake/inland sea),46,28,64.41,0.014,668.8,12.76,clay basin,none/ocean,Basin sediment,True,none
H+47+28,inland_sea,inland_sea,modest,evaporite_host|fish,none,open water (lake/inland sea),47,28,64.02,0.015,668.6,12.83,clay basin,none/ocean,Basin sediment,True,none
H+48+28,inland_sea,inland_sea,modest,evaporite_host|fish,none,open water (lake/inland sea),48,28,63.64,0.015,659.8,12.9,clay basin,none/ocean,Basin sediment,True,none
H+49+28,inland_sea,inland_sea,modest,evaporite_host|fish,none,open water (lake/inland sea),49,28,63.41,0.023,654.9,12.96,clay basin,none/ocean,Basin sediment,True,none
H+50+28,inland_sea,inland_sea,modest,evaporite_host|fish,none,open water (lake/inland sea),50,28,63.66,0.023,648.1,13.0,clay basin,none/ocean,Basin sediment,True,none
H+51+28,inland_sea,inland_sea,modest,evaporite_host|fish,none,open water (lake/inland sea),51,28,64.03,0.021,629.7,13.05,clay basin,none/ocean,Basin sediment,True,none
H+52+28,inland_sea,inland_sea,modest,evaporite_host|fish,none,open water (lake/inland sea),52,28,64.42,0.019,615.2,13.12,clay basin,none/ocean,Basin sediment,True,none
H+53+28,inland_sea,inland_sea,modest,evaporite_host|fish,none,open water (lake/inland sea),53,28,64.81,0.018,612.9,13.18,clay basin,none/ocean,Basin sediment,True,none
H+54+28,inland_sea,inland_sea,modest,evaporite_host|fish,none,open water (lake/inland sea),54,28,65.21,0.017,613.8,13.22,clay basin,none/ocean,Basin sediment,True,none
H+55+28,inland_sea,inland_sea,modest,evaporite_host|fish,none,open water (lake/inland sea),55,28,65.6,0.017,615.0,13.24,clay basin,none/ocean,Basin sediment,True,none
H+56+28,inland_sea,inland_sea,modest,evaporite_host|fish,none,open water (lake/inland sea),56,28,65.99,0.016,618.1,13.23,clay basin,none/ocean,Basin sediment,True,none
H+57+28,inland_sea,inland_sea,modest,evaporite_host|fish,none,open water (lake/inland sea),57,28,66.39,17.412,615.6,13.22,clay basin,none/ocean,Basin sediment,True,none
H+58+28,inland_sea,inland_sea,modest,evaporite_host|fish,none,open water (lake/inland sea),58,28,66.78,17.399,606.4,13.21,clay basin,none/ocean,Basin sediment,True,none
H+59+28,lake,lake,modest,evaporite_host|fish,none,open water (lake/inland sea),59,28,588.76,17.399,836.6,9.8,clay basin,none/ocean,Basin sediment,True,none
H+60+28,grassland,none,good,none,village,"fresh water, strong food",60,28,98.99,16.326,635.5,12.97,loam,grassland/pasture,Craton granite/gneiss,False,none
H+61+28,grassland,none,good,none,town,"fresh water, strong food, route access",61,28,97.88,4.986,655.1,12.96,loam,grassland/pasture,Craton granite/gneiss,False,none
H+62+28,ocean,ocean,modest,fish,none,ocean,62,28,-48.33,4.878,721.0,13.55,none/ocean,none/ocean,Oceanic basalt,False,
H+63+28,ocean,ocean,modest,fish,none,ocean,63,28,-52.0,0.375,712.9,13.49,none/ocean,none/ocean,Oceanic basalt,False,
H+64+28,ocean,ocean,modest,fish,none,ocean,64,28,-54.43,0.456,704.5,13.43,none/ocean,none/ocean,Oceanic basalt,False,
H+65+28,ocean,ocean,modest,fish,none,ocean,65,28,-61.66,0.546,695.1,13.39,none/ocean,none/ocean,Oceanic basalt,False,
H+66+28,ocean,ocean,modest,fish,none,ocean,66,28,-66.89,0.314,687.7,13.37,none/ocean,none/ocean,Oceanic basalt,False,
H+67+28,ocean,ocean,modest,fish,none,ocean,67,28,-63.08,0.808,685.3,13.37,none/ocean,none/ocean,Oceanic basalt,False,
H+68+28,ocean,ocean,modest,fish,none,ocean,68,28,-41.11,0.732,685.5,13.39,none/ocean,none/ocean,Oceanic basalt,False,
H+69+28,ocean,ocean,modest,fish,none,ocean,69,28,-30.21,0.391,678.9,13.41,none/ocean,none/ocean,Oceanic basalt,False,
H+70+28,ocean,ocean,modest,fish,none,ocean,70,28,-35.87,0.27,664.8,13.44,none/ocean,none/ocean,Oceanic basalt,False,
H+71+28,ocean,ocean,modest,fish,none,ocean,71,28,-31.93,0.282,643.8,13.49,none/ocean,none/ocean,Oceanic basalt,False,
H+72+28,ocean,ocean,modest,fish,none,ocean,72,28,-25.7,0.452,631.7,13.56,none/ocean,none/ocean,Oceanic basalt,False,
H+73+28,ocean,ocean,modest,fish,none,ocean,73,28,-16.7,0.669,634.1,13.65,none/ocean,none/ocean,Oceanic basalt,False,
H+74+28,ocean,ocean,modest,fish,none,ocean,74,28,-3.4,0.656,639.2,13.75,none/ocean,none/ocean,Oceanic basalt,False,
H+75+28,coast,none,none,clay,farmstead,"fresh water, route access",75,28,8.3,0.716,590.9,13.79,sandy coastal,coastal scrub,Coastal sediment,False,none
H+76+28,coast,none,none,clay,farmstead,"fresh water, route access",76,28,27.08,0.836,606.7,13.76,sandy coastal,coastal scrub,Coastal sediment,False,none
H+77+28,coast,none,none,clay,none,no reliable fresh water; poor food; arid interior,77,28,42.9,0.848,601.7,13.72,sandy coastal,coastal scrub,Coastal sediment,False,none
H+78+28,coast,none,none,clay,none,no reliable fresh water; poor food; arid interior,78,28,45.39,0.329,584.3,13.74,sandy coastal,coastal scrub,Coastal sediment,False,none
H+79+28,coast,none,none,clay,none,no reliable fresh water; poor food; arid interior,79,28,45.9,0.417,573.2,13.74,sandy coastal,coastal scrub,Coastal sediment,False,none
H+00+29,coast,none,none,clay,none,no reliable fresh water; poor food; arid interior,0,29,49.75,0.41,834.2,14.06,sandy coastal,coastal scrub,Coastal sediment,False,none
H+01+29,coast,none,none,clay,none,no reliable fresh water; poor food; arid interior,1,29,57.85,0.614,827.5,14.01,sandy coastal,coastal scrub,Coastal sediment,False,none
H+02+29,coast,none,none,clay,none,no reliable fresh water; poor food; arid interior,2,29,67.05,0.657,813.6,13.95,sandy coastal,coastal scrub,Coastal sediment,False,none
H+03+29,coast,none,none,clay,none,no reliable fresh water; poor food; arid interior,3,29,69.78,0.453,800.7,13.93,sandy coastal,coastal scrub,Coastal sediment,False,none
H+04+29,farmland,none,rich,none,village,"strong food, route access",4,29,83.37,0.51,789.3,13.84,loam,floodplain farmable,Craton granite/gneiss,False,none
H+05+29,farmland,none,rich,none,village,"strong food, route access",5,29,98.68,0.51,768.7,13.75,loam,floodplain farmable,Craton granite/gneiss,False,none
H+06+29,farmland,none,rich,none,village,"strong food, route access",6,29,107.09,0.28,745.4,13.72,loam,floodplain farmable,Craton granite/gneiss,False,none
H+07+29,farmland,none,rich,none,village,"strong food, route access",7,29,113.61,0.307,713.1,13.71,loam,floodplain farmable,Craton granite/gneiss,False,none
H+08+29,grassland,none,good,greenstone_metals,village,"strong food, route access",8,29,114.64,0.438,661.9,13.75,loam,grassland/pasture,Craton granite/gneiss,False,none
H+09+29,grassland,none,good,none,village,"strong food, route access",9,29,127.79,0.542,624.6,13.71,loam,grassland/pasture,Craton granite/gneiss,False,none
H+10+29,grassland,none,good,none,village,"strong food, route access",10,29,144.06,0.656,619.8,13.62,loam,grassland/pasture,Craton granite/gneiss,False,none
H+11+29,grassland,none,good,none,village,"strong food, route access",11,29,163.74,0.656,628.2,13.47,loam,grassland/pasture,Craton granite/gneiss,False,none
H+12+29,grassland,none,good,none,village,"strong food, route access",12,29,169.8,0.407,645.4,13.36,loam,grassland/pasture,Craton granite/gneiss,False,none
H+13+29,grassland,none,good,none,village,"strong food, route access",13,29,172.38,0.416,672.6,13.24,loam,grassland/pasture,Craton granite/gneiss,False,none
H+14+29,grassland,none,good,none,village,"strong food, route access",14,29,169.92,0.27,682.9,13.14,loam,grassland/pasture,Craton granite/gneiss,False,none
H+15+29,grassland,none,good,none,village,"strong food, route access",15,29,178.03,0.27,680.5,12.96,loam,grassland/pasture,Craton granite/gneiss,False,none
H+16+29,grassland,none,good,none,village,"strong food, route access",16,29,175.42,0.797,681.2,12.86,loam,grassland/pasture,Craton granite/gneiss,False,none
H+17+29,grassland,none,good,none,village,"strong food, route access",17,29,156.17,0.659,688.5,12.89,loam,grassland/pasture,Craton granite/gneiss,False,none
H+18+29,grassland,none,good,none,village,"strong food, route access",18,29,144.39,0.443,692.5,12.92,loam,grassland/pasture,Craton granite/gneiss,False,none
H+19+29,farmland,river,rich,none,city-candidate,"fresh water, strong food, route access",19,29,142.69,1.354,694.3,12.92,loam,floodplain farmable,Craton granite/gneiss,False,none
H+20+29,grassland,none,good,none,village,"strong food, route access",20,29,183.3,1.354,695.9,12.67,loam,grassland/pasture,Craton granite/gneiss,False,none
H+21+29,grassland,none,good,none,village,"strong food, route access",21,29,181.9,0.087,691.9,12.7,loam,grassland/pasture,Craton granite/gneiss,False,none
H+22+29,grassland,none,good,none,village,"strong food, route access",22,29,179.79,0.768,687.2,12.72,loam,grassland/pasture,Craton granite/gneiss,False,none
H+23+29,farmland,major_river,rich,fish,city-candidate,"fresh water, strong food, route access, major river",23,29,157.26,0.768,684.4,12.85,loam,floodplain farmable,Craton granite/gneiss,False,none
H+24+29,grassland,none,good,none,village,"strong food, route access",24,29,162.79,3.863,683.1,12.77,loam,grassland/pasture,Suture metamorphic,False,none
H+25+29,grassland,none,good,none,none,no reliable fresh water; too steep,25,29,278.69,55.252,688.8,11.97,rocky/lithosol,grassland/pasture,Suture metamorphic,False,none
H+26+29,high_peaks,none,modest,timber|stone,none,no reliable fresh water; too steep,26,29,1936.25,55.252,2543.4,1.14,mountain thin,boreal forest,Suture metamorphic,False,none
H+27+29,lake,lake,modest,evaporite_host|clay|fish,none,open water (lake/inland sea),27,29,588.76,44.916,582.8,9.86,clay basin,none/ocean,Basin sediment,True,none
H+28+29,lake,lake,modest,evaporite_host|clay|fish,none,open water (lake/inland sea),28,29,588.76,0.0,704.7,9.84,clay basin,none/ocean,Basin sediment,True,none
H+29+29,lake,lake,modest,evaporite_host|fish,none,open water (lake/inland sea),29,29,588.76,0.0,728.8,9.81,glacial till,none/ocean,Basin sediment,True,moraine
H+30+29,lake,lake,modest,evaporite_host|fish,none,open water (lake/inland sea),30,29,588.76,0.0,754.6,9.76,clay basin,none/ocean,Basin sediment,True,none
H+31+29,lake,lake,modest,evaporite_host|fish,none,open water (lake/inland sea),31,29,588.76,0.0,781.2,9.71,clay basin,none/ocean,Basin sediment,True,none
H+32+29,lake,lake,modest,evaporite_host|fish,none,open water (lake/inland sea),32,29,588.76,0.0,799.3,9.66,clay basin,none/ocean,Basin sediment,True,none
H+33+29,lake,lake,modest,evaporite_host|fish,none,open water (lake/inland sea),33,29,588.76,0.0,810.9,9.63,clay basin,none/ocean,Basin sediment,True,none
H+34+29,lake,lake,modest,evaporite_host|fish,none,open water (lake/inland sea),34,29,588.76,0.0,810.8,9.61,clay basin,none/ocean,Basin sediment,True,none
H+35+29,lake,lake,modest,evaporite_host|fish,none,open water (lake/inland sea),35,29,588.76,0.0,792.0,9.6,glacial till,none/ocean,Basin sediment,True,overdeep_basin
H+36+29,lake,lake,modest,evaporite_host|fish,none,open water (lake/inland sea),36,29,588.76,0.0,778.1,9.6,glacial till,none/ocean,Basin sediment,True,overdeep_basin
H+37+29,lake,lake,modest,evaporite_host|fish,none,open water (lake/inland sea),37,29,588.76,2.486,775.7,9.6,glacial till,none/ocean,Basin sediment,True,overdeep_basin
H+38+29,lake,lake,modest,evaporite_host|fish,none,open water (lake/inland sea),38,29,588.76,2.486,765.4,9.59,glacial till,none/ocean,Basin sediment,True,overdeep_basin
H+39+29,lake,lake,modest,evaporite_host|fish,none,open water (lake/inland sea),39,29,588.76,17.4,748.4,9.58,clay basin,none/ocean,Basin sediment,True,none
H+40+29,inland_sea,inland_sea,modest,evaporite_host|fish,none,open water (lake/inland sea),40,29,66.79,17.399,734.6,12.95,clay basin,none/ocean,Basin sediment,True,none
H+41+29,inland_sea,inland_sea,modest,evaporite_host|fish,none,open water (lake/inland sea),41,29,66.39,17.412,711.6,12.93,clay basin,none/ocean,Basin sediment,True,none
H+42+29,inland_sea,inland_sea,modest,evaporite_host|fish,none,open water (lake/inland sea),42,29,66.0,0.017,690.8,12.92,clay basin,none/ocean,Basin sediment,True,none
H+43+29,inland_sea,inland_sea,modest,evaporite_host|fish,none,open water (lake/inland sea),43,29,65.61,0.018,682.6,12.91,clay basin,none/ocean,Basin sediment,True,none
H+44+29,inland_sea,inland_sea,modest,evaporite_host|fish,none,open water (lake/inland sea),44,29,65.22,0.019,676.3,12.91,clay basin,none/ocean,Basin sediment,True,none
H+45+29,inland_sea,inland_sea,modest,evaporite_host|fish,none,open water (lake/inland sea),45,29,64.84,0.02,668.2,12.93,clay basin,none/ocean,Basin sediment,True,none
H+46+29,inland_sea,inland_sea,modest,evaporite_host|fish,none,open water (lake/inland sea),46,29,64.46,0.021,663.4,12.99,clay basin,none/ocean,Basin sediment,True,none
H+47+29,inland_sea,inland_sea,modest,evaporite_host|fish,none,open water (lake/inland sea),47,29,64.1,0.022,659.6,13.08,clay basin,none/ocean,Basin sediment,True,none
H+48+29,inland_sea,inland_sea,modest,evaporite_host|fish,none,open water (lake/inland sea),48,29,63.78,0.024,657.9,13.16,clay basin,none/ocean,Basin sediment,True,none
H+49+29,inland_sea,inland_sea,modest,evaporite_host|fish,none,open water (lake/inland sea),49,29,63.62,0.023,664.9,13.24,clay basin,none/ocean,Basin sediment,True,none
H+50+29,inland_sea,inland_sea,modest,evaporite_host|fish,none,open water (lake/inland sea),50,29,63.79,0.017,658.9,13.3,clay basin,none/ocean,Basin sediment,True,none
H+51+29,inland_sea,inland_sea,modest,evaporite_host|fish,none,open water (lake/inland sea),51,29,64.11,0.013,632.3,13.36,clay basin,none/ocean,Basin sediment,True,none
H+52+29,inland_sea,inland_sea,modest,evaporite_host|fish,none,open water (lake/inland sea),52,29,64.47,0.013,614.6,13.43,clay basin,none/ocean,Basin sediment,True,none
H+53+29,inland_sea,inland_sea,modest,evaporite_host|fish,none,open water (lake/inland sea),53,29,64.85,0.013,616.0,13.49,clay basin,none/ocean,Basin sediment,True,none
H+54+29,inland_sea,inland_sea,modest,evaporite_host|fish,none,open water (lake/inland sea),54,29,65.24,0.013,619.8,13.53,clay basin,none/ocean,Basin sediment,True,none
H+55+29,inland_sea,inland_sea,modest,evaporite_host|fish,none,open water (lake/inland sea),55,29,65.63,0.013,622.2,13.55,clay basin,none/ocean,Basin sediment,True,none
H+56+29,inland_sea,inland_sea,modest,evaporite_host|fish,none,open water (lake/inland sea),56,29,66.02,0.013,626.5,13.54,clay basin,none/ocean,Basin sediment,True,none
H+57+29,inland_sea,inland_sea,modest,evaporite_host|fish,none,open water (lake/inland sea),57,29,66.41,0.013,622.4,13.53,clay basin,none/ocean,Basin sediment,True,none
H+58+29,inland_sea,inland_sea,modest,evaporite_host|fish,none,open water (lake/inland sea),58,29,66.8,17.399,611.1,13.51,clay basin,none/ocean,Basin sediment,True,none
H+59+29,lake,lake,modest,evaporite_host|fish,none,open water (lake/inland sea),59,29,588.76,17.399,842.4,10.09,clay basin,none/ocean,Basin sediment,True,none
H+60+29,grassland,none,good,none,village,"fresh water, strong food",60,29,98.39,16.346,639.1,13.24,loam,grassland/pasture,Craton granite/gneiss,False,none
H+61+29,grassland,none,good,none,town,"fresh water, strong food, route access",61,29,98.01,4.928,655.9,13.21,loam,grassland/pasture,Craton granite/gneiss,False,none
H+62+29,ocean,ocean,modest,fish,none,ocean,62,29,-49.82,4.956,710.8,13.79,none/ocean,none/ocean,Oceanic basalt,False,
H+63+29,ocean,ocean,modest,fish,none,ocean,63,29,-40.74,0.456,696.0,13.73,none/ocean,none/ocean,Oceanic basalt,False,
H+64+29,ocean,ocean,modest,fish,none,ocean,64,29,-45.28,0.559,697.5,13.68,none/ocean,none/ocean,Oceanic basalt,False,
H+65+29,ocean,ocean,modest,fish,none,ocean,65,29,-57.47,0.6,700.6,13.64,none/ocean,none/ocean,Oceanic basalt,False,
H+66+29,ocean,ocean,modest,fish,none,ocean,66,29,-60.52,0.517,696.4,13.62,none/ocean,none/ocean,Oceanic basalt,False,
H+67+29,ocean,ocean,modest,fish,none,ocean,67,29,-56.91,0.527,698.3,13.62,none/ocean,none/ocean,Oceanic basalt,False,
H+68+29,ocean,ocean,modest,fish,none,ocean,68,29,-41.96,0.499,698.5,13.64,none/ocean,none/ocean,Oceanic basalt,False,
H+69+29,ocean,ocean,modest,fish,none,ocean,69,29,-36.88,0.356,686.4,13.66,none/ocean,none/ocean,Oceanic basalt,False,
H+70+29,ocean,ocean,modest,fish,none,ocean,70,29,-39.58,0.266,671.8,13.7,none/ocean,none/ocean,Oceanic basalt,False,
H+71+29,ocean,ocean,modest,fish,none,ocean,71,29,-33.31,0.456,648.5,13.75,none/ocean,none/ocean,Oceanic basalt,False,
H+72+29,ocean,ocean,modest,fish,none,ocean,72,29,-22.32,0.367,633.8,13.81,none/ocean,none/ocean,Oceanic basalt,False,
H+73+29,ocean,ocean,modest,fish,none,ocean,73,29,-23.08,0.656,641.0,13.88,none/ocean,none/ocean,Oceanic basalt,False,
H+74+29,ocean,ocean,modest,fish,none,ocean,74,29,-13.18,0.716,653.1,13.96,none/ocean,none/ocean,Oceanic basalt,False,
H+75+29,coast,none,none,clay,farmstead,"fresh water, route access",75,29,2.0,0.836,603.9,14.02,sandy coastal,coastal scrub,Coastal sediment,False,none
H+76+29,coast,none,none,clay,farmstead,"fresh water, route access",76,29,17.46,0.848,618.1,13.99,sandy coastal,coastal scrub,Coastal sediment,False,none
H+77+29,coast,none,none,clay,none,no reliable fresh water; poor food; arid interior,77,29,35.52,0.996,613.6,13.92,sandy coastal,coastal scrub,Coastal sediment,False,none
H+78+29,coast,none,none,clay,none,no reliable fresh water; poor food; arid interior,78,29,47.41,0.715,595.2,13.88,sandy coastal,coastal scrub,Coastal sediment,False,none
H+79+29,coast,none,none,clay,none,no reliable fresh water; poor food; arid interior,79,29,58.41,0.625,586.0,13.82,sandy coastal,coastal scrub,Coastal sediment,False,none
H+00+30,coast,river,none,clay,farmstead,"fresh water, route access",0,30,39.43,0.614,841.4,14.4,sandy coastal,coastal scrub,Coastal sediment,False,none
H+01+30,coast,none,none,clay,none,no reliable fresh water; poor food; arid interior,1,30,47.33,0.7,834.0,14.35,sandy coastal,coastal scrub,Coastal sediment,False,none
H+02+30,coast,none,none,clay,none,no reliable fresh water; poor food; arid interior,2,30,68.26,0.754,818.3,14.21,sandy coastal,coastal scrub,Coastal sediment,False,none
H+03+30,forest,none,good,timber|clay,village,"adequate food, route access",3,30,82.86,0.555,800.1,14.12,sandy coastal,temperate forest,Coastal sediment,False,none
H+04+30,farmland,none,rich,none,village,"strong food, route access",4,30,98.17,0.51,781.3,14.03,loam,floodplain farmable,Craton granite/gneiss,False,none
H+05+30,farmland,none,rich,none,village,"strong food, route access",5,30,106.58,0.28,761.4,13.99,loam,floodplain farmable,Craton granite/gneiss,False,none
H+06+30,farmland,none,rich,none,village,"strong food, route access",6,30,113.1,0.269,743.8,13.98,loam,floodplain farmable,Craton granite/gneiss,False,none
H+07+30,farmland,none,rich,none,village,"strong food, route access",7,30,114.13,0.21,717.1,14.02,loam,floodplain farmable,Craton granite/gneiss,False,none
H+08+30,grassland,none,good,none,village,"strong food, route access",8,30,120.44,0.44,674.7,14.04,loam,grassland/pasture,Craton granite/gneiss,False,none
H+09+30,grassland,none,good,none,village,"strong food, route access",9,30,133.62,0.44,642.3,14.01,loam,grassland/pasture,Craton granite/gneiss,False,none
H+10+30,grassland,none,good,none,village,"strong food, route access",10,30,145.74,0.617,634.1,13.95,loam,grassland/pasture,Craton granite/gneiss,False,none
H+11+30,grassland,none,good,none,village,"strong food, route access",11,30,164.25,0.787,638.9,13.81,loam,grassland/pasture,Craton granite/gneiss,False,none
H+12+30,grassland,none,good,none,village,"strong food, route access",12,30,170.31,0.202,655.4,13.69,loam,grassland/pasture,Craton granite/gneiss,False,none
H+13+30,grassland,none,good,none,village,"strong food, route access",13,30,172.89,0.099,678.9,13.56,loam,grassland/pasture,Craton granite/gneiss,False,none
H+14+30,grassland,none,good,none,village,"strong food, route access",14,30,170.43,0.27,685.8,13.45,loam,grassland/pasture,Craton granite/gneiss,False,none
H+15+30,grassland,none,good,none,village,"strong food, route access",15,30,178.54,0.27,679.0,13.27,loam,grassland/pasture,Craton granite/gneiss,False,none
H+16+30,grassland,none,good,none,village,"strong food, route access",16,30,175.93,0.659,674.2,13.16,loam,grassland/pasture,Craton granite/gneiss,False,none
H+17+30,grassland,none,good,none,village,"strong food, route access",17,30,157.68,0.625,675.5,13.17,loam,grassland/pasture,Craton granite/gneiss,False,none
H+18+30,grassland,none,good,none,village,"strong food, route access",18,30,151.15,0.282,676.6,13.15,loam,grassland/pasture,Craton granite/gneiss,False,none
H+19+30,farmland,river,rich,none,city-candidate,"fresh water, strong food, route access",19,30,143.51,1.343,678.8,13.16,loam,floodplain farmable,Craton granite/gneiss,False,none
H+20+30,grassland,none,good,none,village,"strong food, route access",20,30,183.81,1.343,682.9,12.89,loam,grassland/pasture,Craton granite/gneiss,False,none
H+21+30,grassland,none,good,none,village,"strong food, route access",21,30,182.41,0.087,686.0,12.89,loam,grassland/pasture,Craton granite/gneiss,False,none
H+22+30,grassland,none,good,none,village,"strong food, route access",22,30,180.3,0.768,689.9,12.91,loam,grassland/pasture,Craton granite/gneiss,False,none
H+23+30,farmland,river,rich,none,none,excellent site left empty on purpose,23,30,157.77,0.768,689.8,13.03,loam,floodplain farmable,Craton granite/gneiss,False,none
H+24+30,grassland,none,good,limestone_karst,village,"strong food, route access",24,30,163.3,3.863,691.5,12.95,loam,grassland/pasture,Suture metamorphic,False,none
H+25+30,grassland,none,good,none,none,no reliable fresh water; too steep,25,30,279.2,55.235,698.5,12.13,rocky/lithosol,grassland/pasture,Suture metamorphic,False,none
H+26+30,high_peaks,none,modest,timber,none,no reliable fresh water; too steep,26,30,1933.78,55.153,2583.1,1.31,mountain thin,boreal forest,Suture metamorphic,False,none
H+27+30,lake,lake,modest,evaporite_host|clay|fish,none,open water (lake/inland sea),27,30,588.76,44.834,592.4,10.0,clay basin,none/ocean,Basin sediment,True,none
H+28+30,lake,lake,modest,evaporite_host|fish,none,open water (lake/inland sea),28,30,588.76,0.0,713.2,9.98,clay basin,none/ocean,Basin sediment,True,none
H+29+30,lake,lake,modest,evaporite_host|fish,none,open water (lake/inland sea),29,30,588.76,0.0,730.9,9.94,glacial till,none/ocean,Basin sediment,True,moraine
H+30+30,lake,lake,modest,evaporite_host|fish,none,open water (lake/inland sea),30,30,588.76,0.0,748.1,9.89,clay basin,none/ocean,Basin sediment,True,none
H+31+30,lake,lake,modest,evaporite_host|fish,none,open water (lake/inland sea),31,30,588.76,0.0,765.9,9.85,clay basin,none/ocean,Basin sediment,True,none
H+32+30,lake,lake,modest,evaporite_host|fish,none,open water (lake/inland sea),32,30,588.76,0.0,781.4,9.81,clay basin,none/ocean,Basin sediment,True,none
H+33+30,lake,lake,modest,evaporite_host|fish,none,open water (lake/inland sea),33,30,588.76,0.0,792.9,9.79,clay basin,none/ocean,Basin sediment,True,none
H+34+30,lake,lake,modest,evaporite_host|fish,none,open water (lake/inland sea),34,30,588.76,0.0,791.7,9.78,clay basin,none/ocean,Basin sediment,True,none
H+35+30,lake,lake,modest,evaporite_host|fish,none,open water (lake/inland sea),35,30,588.76,0.0,772.5,9.77,clay basin,none/ocean,Basin sediment,True,none
H+36+30,lake,lake,modest,evaporite_host|fish,none,open water (lake/inland sea),36,30,588.76,0.0,758.9,9.78,clay basin,none/ocean,Basin sediment,True,none
H+37+30,lake,lake,modest,evaporite_host|fish,none,open water (lake/inland sea),37,30,588.76,0.0,756.8,9.78,clay basin,none/ocean,Basin sediment,True,none
H+38+30,lake,lake,modest,evaporite_host|fish,none,open water (lake/inland sea),38,30,588.76,0.0,749.1,9.78,clay basin,none/ocean,Basin sediment,True,none
H+39+30,lake,lake,modest,evaporite_host|fish,none,open water (lake/inland sea),39,30,588.76,17.399,737.8,9.78,clay basin,none/ocean,Basin sediment,True,none
H+40+30,lake,lake,modest,evaporite_host|fish,none,open water (lake/inland sea),40,30,588.76,17.412,729.6,9.77,clay basin,none/ocean,Basin sediment,True,none
H+41+30,inland_sea,inland_sea,modest,evaporite_host|fish,none,open water (lake/inland sea),41,30,66.53,17.408,708.6,13.16,clay basin,none/ocean,Basin sediment,True,none
H+42+30,inland_sea,inland_sea,modest,evaporite_host|fish,none,open water (lake/inland sea),42,30,66.15,0.02,684.9,13.16,clay basin,none/ocean,Basin sediment,True,none
H+43+30,inland_sea,inland_sea,modest,evaporite_host|fish,none,open water (lake/inland sea),43,30,65.79,0.021,675.8,13.15,clay basin,none/ocean,Basin sediment,True,none
H+44+30,inland_sea,inland_sea,modest,evaporite_host|fish,none,open water (lake/inland sea),44,30,65.43,0.022,676.4,13.15,clay basin,none/ocean,Basin sediment,True,none
H+45+30,inland_sea,inland_sea,modest,evaporite_host|clay|fish,none,open water (lake/inland sea),45,30,65.09,0.023,673.2,13.18,clay basin,none/ocean,Basin sediment,True,none
H+46+30,inland_sea,inland_sea,modest,evaporite_host|fish,none,open water (lake/inland sea),46,30,64.77,0.023,666.1,13.25,clay basin,none/ocean,Basin sediment,True,none
H+47+30,inland_sea,inland_sea,modest,evaporite_host|fish,none,open water (lake/inland sea),47,30,64.49,0.024,661.4,13.34,clay basin,none/ocean,Basin sediment,True,none
H+48+30,inland_sea,inland_sea,modest,evaporite_host|fish,none,open water (lake/inland sea),48,30,64.3,0.024,661.3,13.44,clay basin,none/ocean,Basin sediment,True,none
H+49+30,inland_sea,inland_sea,modest,evaporite_host|fish,none,open water (lake/inland sea),49,30,64.23,0.022,666.2,13.53,clay basin,none/ocean,Basin sediment,True,none
H+50+30,inland_sea,inland_sea,modest,evaporite_host|fish,none,open water (lake/inland sea),50,30,64.31,0.019,661.7,13.6,clay basin,none/ocean,Basin sediment,True,none
H+51+30,inland_sea,inland_sea,modest,evaporite_host|fish,none,open water (lake/inland sea),51,30,64.5,0.017,644.5,13.67,clay basin,none/ocean,Basin sediment,True,none
H+52+30,inland_sea,inland_sea,modest,evaporite_host|fish,none,open water (lake/inland sea),52,30,64.78,0.015,630.3,13.73,clay basin,none/ocean,Basin sediment,True,none
H+53+30,inland_sea,inland_sea,modest,evaporite_host|fish,none,open water (lake/inland sea),53,30,65.1,0.013,626.8,13.77,clay basin,none/ocean,Basin sediment,True,none
H+54+30,inland_sea,inland_sea,modest,evaporite_host|fish,none,open water (lake/inland sea),54,30,65.44,0.012,626.9,13.8,clay basin,none/ocean,Basin sediment,True,none
H+55+30,inland_sea,inland_sea,modest,evaporite_host|fish,none,open water (lake/inland sea),55,30,65.8,0.012,629.7,13.82,clay basin,none/ocean,Basin sediment,True,none
H+56+30,inland_sea,inland_sea,modest,evaporite_host|fish,none,open water (lake/inland sea),56,30,66.17,0.012,633.9,13.81,clay basin,none/ocean,Basin sediment,True,none
H+57+30,inland_sea,inland_sea,modest,evaporite_host|fish,none,open water (lake/inland sea),57,30,66.54,17.407,627.5,13.8,clay basin,none/ocean,Basin sediment,True,none
H+58+30,lake,lake,modest,evaporite_host|fish,none,open water (lake/inland sea),58,30,588.76,17.407,839.9,10.38,clay basin,none/ocean,Basin sediment,True,none
H+59+30,grassland,none,good,none,farmstead,strong food,59,30,98.9,16.329,615.7,13.53,loam,grassland/pasture,Craton granite/gneiss,False,none
H+60+30,grassland,none,good,none,town,"fresh water, strong food, route access",60,30,98.52,0.057,636.0,13.49,loam,grassland/pasture,Craton granite/gneiss,False,none
H+61+30,grassland,none,good,none,town,"fresh water, strong food, route access",61,30,98.86,4.956,648.9,13.44,loam,grassland/pasture,Craton granite/gneiss,False,none
H+62+30,ocean,ocean,modest,fish,none,ocean,62,30,-37.01,4.529,705.6,14.03,none/ocean,none/ocean,Oceanic basalt,False,
H+63+30,ocean,ocean,modest,fish,none,ocean,63,30,-28.5,0.559,694.5,13.98,none/ocean,none/ocean,Oceanic basalt,False,
H+64+30,ocean,ocean,modest,fish,none,ocean,64,30,-39.46,0.6,693.8,13.93,none/ocean,none/ocean,Oceanic basalt,False,
H+65+30,ocean,ocean,modest,fish,none,ocean,65,30,-45.02,0.517,693.5,13.91,none/ocean,none/ocean,Oceanic basalt,False,
H+66+30,ocean,ocean,modest,fish,none,ocean,66,30,-45.56,0.647,688.9,13.9,none/ocean,none/ocean,Oceanic basalt,False,
H+67+30,ocean,ocean,modest,fish,none,ocean,67,30,-45.66,0.65,689.6,13.9,none/ocean,none/ocean,Oceanic basalt,False,
H+68+30,ocean,ocean,modest,fish,none,ocean,68,30,-45.97,0.542,691.0,13.91,none/ocean,none/ocean,Oceanic basalt,False,
H+69+30,ocean,ocean,modest,fish,none,ocean,69,30,-47.58,0.466,684.8,13.94,none/ocean,none/ocean,Oceanic basalt,False,
H+70+30,ocean,ocean,modest,fish,none,ocean,70,30,-46.99,0.578,674.9,13.97,none/ocean,none/ocean,Oceanic basalt,False,
H+71+30,ocean,ocean,modest,fish,none,ocean,71,30,-29.65,0.578,655.1,14.02,none/ocean,none/ocean,Oceanic basalt,False,
H+72+30,ocean,ocean,modest,fish,none,ocean,72,30,-26.34,0.41,642.1,14.08,none/ocean,none/ocean,Oceanic basalt,False,
H+73+30,ocean,ocean,modest,fish,none,ocean,73,30,-22.02,0.546,650.8,14.13,none/ocean,none/ocean,Oceanic basalt,False,
H+74+30,ocean,ocean,modest,fish,none,ocean,74,30,-5.64,0.546,665.7,14.18,none/ocean,none/ocean,Oceanic basalt,False,
H+75+30,coast,river,none,clay,farmstead,"fresh water, route access",75,30,1.34,0.537,613.8,14.21,sandy coastal,coastal scrub,Coastal sediment,False,none
H+76+30,coast,river,none,clay,farmstead,"fresh water, route access",76,30,5.63,0.996,621.7,14.22,sandy coastal,coastal scrub,Coastal sediment,False,none
H+77+30,coast,none,none,clay,none,no reliable fresh water; poor food; arid interior,77,30,25.95,0.715,619.2,14.12,sandy coastal,coastal scrub,Coastal sediment,False,none
H+78+30,coast,none,none,clay,none,no reliable fresh water; poor food; arid interior,78,30,39.65,0.873,611.1,14.06,sandy coastal,coastal scrub,Coastal sediment,False,none
H+79+30,coast,none,none,clay,none,no reliable fresh water; poor food; arid interior,79,30,65.85,0.873,608.1,13.93,sandy coastal,coastal scrub,Coastal sediment,False,none
H+00+31,coast,river,none,clay,farmstead,"fresh water, route access",0,31,26.32,0.7,852.7,14.75,sandy coastal,coastal scrub,Coastal sediment,False,none
H+01+31,coast,none,none,clay,none,no reliable fresh water; poor food; arid interior,1,31,45.64,0.754,846.3,14.63,sandy coastal,coastal scrub,Coastal sediment,False,none
H+02+31,coast,none,none,clay,none,no reliable fresh water; poor food; arid interior,2,31,66.22,1.059,831.5,14.5,sandy coastal,coastal scrub,Coastal sediment,False,none
H+03+31,forest,none,good,timber|clay,village,"adequate food, route access",3,31,84.86,1.105,805.8,14.39,sandy coastal,temperate forest,Coastal sediment,False,none
H+04+31,farmland,none,rich,none,village,"strong food, route access",4,31,100.06,0.94,771.4,14.3,loam,floodplain farmable,Craton granite/gneiss,False,none
H+05+31,farmland,none,rich,none,village,"strong food, route access",5,31,105.05,0.724,751.2,14.29,loam,floodplain farmable,Craton granite/gneiss,False,none
H+06+31,farmland,none,rich,none,village,"strong food, route access",6,31,113.62,0.841,741.0,14.27,loam,floodplain farmable,Craton granite/gneiss,False,none
H+07+31,farmland,none,rich,none,village,"strong food, route access",7,31,119.93,0.55,720.5,14.29,loam,floodplain farmable,Craton granite/gneiss,False,none
H+08+31,grassland,none,good,none,village,"strong food, route access",8,31,129.87,0.377,694.9,14.29,loam,grassland/pasture,Craton granite/gneiss,False,none
H+09+31,grassland,none,good,greenstone_metals,village,"strong food, route access",9,31,141.18,0.431,673.8,14.28,loam,grassland/pasture,Craton granite/gneiss,False,none
H+10+31,grassland,none,good,none,village,"strong food, route access",10,31,140.65,0.804,657.5,14.31,loam,grassland/pasture,Craton granite/gneiss,False,none
H+11+31,grassland,none,good,none,village,"strong food, route access",11,31,164.76,1.066,652.1,14.13,loam,grassland/pasture,Craton granite/gneiss,False,none
H+12+31,grassland,none,good,none,village,"strong food, route access",12,31,170.82,1.105,663.3,14.01,loam,grassland/pasture,Craton granite/gneiss,False,none
H+13+31,grassland,none,good,none,village,"strong food, route access",13,31,173.4,0.93,675.3,13.88,loam,grassland/pasture,Craton granite/gneiss,False,none
H+14+31,grassland,none,good,none,village,"strong food, route access",14,31,170.94,0.27,677.5,13.76,loam,grassland/pasture,Craton granite/gneiss,False,none
H+15+31,grassland,none,good,greenstone_metals,village,"strong food, route access",15,31,179.05,0.27,669.8,13.56,loam,grassland/pasture,Craton granite/gneiss,False,none
H+16+31,grassland,none,good,none,village,"strong food, route access",16,31,176.44,0.625,661.3,13.44,loam,grassland/pasture,Craton granite/gneiss,False,none
H+17+31,grassland,none,good,none,village,"strong food, route access",17,31,158.19,0.625,656.0,13.45,loam,grassland/pasture,Craton granite/gneiss,False,none
H+18+31,grassland,none,good,none,village,"strong food, route access",18,31,151.66,0.272,653.6,13.41,loam,grassland/pasture,Craton granite/gneiss,False,none
H+19+31,grassland,none,good,none,village,"strong food, route access",19,31,144.02,1.343,652.8,13.39,loam,grassland/pasture,Craton granite/gneiss,False,none
H+20+31,grassland,none,good,none,village,"strong food, route access",20,31,184.32,1.343,654.5,13.09,loam,grassland/pasture,Craton granite/gneiss,False,none
H+21+31,grassland,none,good,none,village,"strong food, route access",21,31,182.92,0.087,665.8,13.08,loam,grassland/pasture,Craton granite/gneiss,False,none
H+22+31,grassland,none,good,none,village,"strong food, route access",22,31,180.81,0.768,683.4,13.09,loam,grassland/pasture,Craton granite/gneiss,False,none
H+23+31,farmland,river,rich,none,town,"fresh water, strong food, route access",23,31,158.28,14.469,688.1,13.21,loam,floodplain farmable,Craton granite/gneiss,False,none
H+24+31,grassland,river,good,none,farmstead,"fresh water, strong food, route access",24,31,163.81,59.016,697.5,13.12,rocky/lithosol,grassland/pasture,Suture metamorphic,False,none
H+25+31,high_peaks,none,modest,limestone_karst|timber|stone,none,no reliable fresh water; too steep,25,31,1934.28,59.016,2619.7,1.54,mountain thin,boreal forest,Suture metamorphic,False,none
H+26+31,lake,lake,modest,evaporite_host|fish,none,open water (lake/inland sea),26,31,588.76,44.851,603.3,10.21,clay basin,none/ocean,Basin sediment,True,none
H+27+31,lake,lake,modest,evaporite_host|fish,none,open water (lake/inland sea),27,31,588.76,0.0,717.8,10.15,clay basin,none/ocean,Basin sediment,True,none
H+28+31,lake,lake,modest,evaporite_host|fish,none,open water (lake/inland sea),28,31,588.76,0.0,728.4,10.11,clay basin,none/ocean,Basin sediment,True,none
H+29+31,lake,lake,modest,evaporite_host|fish,none,open water (lake/inland sea),29,31,588.76,0.0,740.5,10.07,glacial till,none/ocean,Basin sediment,True,moraine
H+30+31,lake,lake,modest,evaporite_host|fish,none,open water (lake/inland sea),30,31,588.76,0.0,748.8,10.04,clay basin,none/ocean,Basin sediment,True,none
H+31+31,lake,lake,modest,evaporite_host|clay|fish,none,open water (lake/inland sea),31,31,588.76,0.0,754.1,10.01,clay basin,none/ocean,Basin sediment,True,none
H+32+31,lake,lake,modest,evaporite_host|fish,none,open water (lake/inland sea),32,31,588.76,0.0,766.4,9.98,clay basin,none/ocean,Basin sediment,True,none
H+33+31,lake,lake,modest,evaporite_host|fish,none,open water (lake/inland sea),33,31,588.76,0.0,779.0,9.96,clay basin,none/ocean,Basin sediment,True,none
H+34+31,lake,lake,modest,evaporite_host|fish,none,open water (lake/inland sea),34,31,588.76,0.0,777.5,9.96,clay basin,none/ocean,Basin sediment,True,none
H+35+31,lake,lake,modest,evaporite_host|fish,none,open water (lake/inland sea),35,31,588.76,0.0,760.0,9.96,clay basin,none/ocean,Basin sediment,True,none
H+36+31,lake,lake,modest,evaporite_host|fish,none,open water (lake/inland sea),36,31,588.76,0.0,748.1,9.97,clay basin,none/ocean,Basin sediment,True,none
H+37+31,lake,lake,modest,evaporite_host|fish,none,open water (lake/inland sea),37,31,588.76,0.0,744.7,9.99,clay basin,none/ocean,Basin sediment,True,none
H+38+31,lake,lake,modest,evaporite_host|fish,none,open water (lake/inland sea),38,31,588.76,0.0,736.9,10.0,clay basin,none/ocean,Basin sediment,True,none
H+39+31,lake,lake,modest,evaporite_host|fish,none,open water (lake/inland sea),39,31,588.76,0.0,729.9,10.0,clay basin,none/ocean,Basin sediment,True,none
H+40+31,lake,lake,modest,evaporite_host|fish,none,open water (lake/inland sea),40,31,588.76,17.408,725.4,10.0,clay basin,none/ocean,Basin sediment,True,none
H+41+31,inland_sea,inland_sea,modest,evaporite_host|fish,none,open water (lake/inland sea),41,31,66.76,17.4,706.0,13.4,clay basin,none/ocean,Basin sediment,True,none
H+42+31,inland_sea,inland_sea,modest,evaporite_host|fish,none,open water (lake/inland sea),42,31,66.41,17.412,676.8,13.4,clay basin,none/ocean,Basin sediment,True,none
H+43+31,inland_sea,inland_sea,modest,evaporite_host|clay|fish,none,open water (lake/inland sea),43,31,66.08,0.023,666.7,13.41,clay basin,none/ocean,Basin sediment,True,none
H+44+31,inland_sea,inland_sea,modest,evaporite_host|clay|fish,none,open water (lake/inland sea),44,31,65.76,0.023,683.6,13.41,clay basin,none/ocean,Basin sediment,True,none
H+45+31,inland_sea,inland_sea,modest,evaporite_host|clay|fish,none,open water (lake/inland sea),45,31,65.47,0.024,692.0,13.44,clay basin,none/ocean,Basin sediment,True,none
H+46+31,inland_sea,inland_sea,modest,evaporite_host|fish,none,open water (lake/inland sea),46,31,65.22,0.024,678.4,13.51,clay basin,none/ocean,Basin sediment,True,none
H+47+31,inland_sea,inland_sea,modest,evaporite_host|fish,none,open water (lake/inland sea),47,31,65.01,0.024,666.5,13.6,clay basin,none/ocean,Basin sediment,True,none
H+48+31,inland_sea,inland_sea,modest,evaporite_host|fish,none,open water (lake/inland sea),48,31,64.88,0.023,663.1,13.71,clay basin,none/ocean,Basin sediment,True,none
H+49+31,inland_sea,inland_sea,modest,evaporite_host|fish,none,open water (lake/inland sea),49,31,64.83,0.021,656.6,13.82,clay basin,none/ocean,Basin sediment,True,none
H+50+31,inland_sea,inland_sea,modest,evaporite_host|fish,none,open water (lake/inland sea),50,31,64.88,0.02,654.9,13.9,clay basin,none/ocean,Basin sediment,True,none
H+51+31,inland_sea,inland_sea,modest,evaporite_host|fish,none,open water (lake/inland sea),51,31,65.02,0.019,661.1,13.97,clay basin,none/ocean,Basin sediment,True,none
H+52+31,inland_sea,inland_sea,modest,evaporite_host|fish,none,open water (lake/inland sea),52,31,65.23,0.017,656.0,14.01,clay basin,none/ocean,Basin sediment,True,none
H+53+31,inland_sea,inland_sea,modest,evaporite_host|fish,none,open water (lake/inland sea),53,31,65.48,0.016,640.6,14.04,clay basin,none/ocean,Basin sediment,True,none
H+54+31,inland_sea,inland_sea,modest,evaporite_host|clay|fish,none,open water (lake/inland sea),54,31,65.78,0.014,631.5,14.06,clay basin,none/ocean,Basin sediment,True,none
H+55+31,inland_sea,inland_sea,modest,evaporite_host|clay|fish,none,open water (lake/inland sea),55,31,66.09,0.013,636.0,14.07,clay basin,none/ocean,Basin sediment,True,none
H+56+31,inland_sea,inland_sea,modest,evaporite_host|clay|fish,none,open water (lake/inland sea),56,31,66.43,0.012,641.6,14.07,clay basin,none/ocean,Basin sediment,True,none
H+57+31,inland_sea,inland_sea,modest,evaporite_host|fish,none,open water (lake/inland sea),57,31,66.77,17.399,632.2,14.06,clay basin,none/ocean,Basin sediment,True,none
H+58+31,lake,lake,modest,evaporite_host|fish,none,open water (lake/inland sea),58,31,588.76,17.399,839.0,10.64,clay basin,none/ocean,Basin sediment,True,none
H+59+31,grassland,none,good,none,village,"fresh water, strong food",59,31,97.32,16.381,612.7,13.79,loam,grassland/pasture,Craton granite/gneiss,False,none
H+60+31,farmland,river,rich,greenstone_metals,town,"fresh water, strong food, route access",60,31,96.81,4.27,628.6,13.75,loam,floodplain farmable,Craton granite/gneiss,False,none
H+61+31,ocean,ocean,modest,fish,none,ocean,61,31,-31.29,4.348,702.4,14.31,none/ocean,none/ocean,Oceanic basalt,False,
H+62+31,ocean,ocean,modest,fish,none,ocean,62,31,-23.37,0.455,707.0,14.27,none/ocean,none/ocean,Oceanic basalt,False,
H+63+31,ocean,ocean,modest,fish,none,ocean,63,31,-23.81,0.522,707.0,14.23,none/ocean,none/ocean,Oceanic basalt,False,
H+64+31,ocean,ocean,modest,fish,none,ocean,64,31,-31.15,0.507,698.2,14.21,none/ocean,none/ocean,Oceanic basalt,False,
H+65+31,ocean,ocean,modest,fish,none,ocean,65,31,-36.24,0.52,686.6,14.19,none/ocean,none/ocean,Oceanic basalt,False,
H+66+31,ocean,ocean,modest,fish,none,ocean,66,31,-26.15,0.65,679.8,14.19,none/ocean,none/ocean,Oceanic basalt,False,
H+67+31,ocean,ocean,modest,fish,none,ocean,67,31,-29.7,0.542,676.2,14.19,none/ocean,none/ocean,Oceanic basalt,False,
H+68+31,ocean,ocean,modest,fish,none,ocean,68,31,-33.59,0.505,679.1,14.21,none/ocean,none/ocean,Oceanic basalt,False,
H+69+31,ocean,ocean,modest,fish,none,ocean,69,31,-38.07,0.444,683.9,14.23,none/ocean,none/ocean,Oceanic basalt,False,
H+70+31,ocean,ocean,modest,fish,none,ocean,70,31,-42.94,0.443,680.3,14.26,none/ocean,none/ocean,Oceanic basalt,False,
H+71+31,ocean,ocean,modest,fish,none,ocean,71,31,-38.63,0.603,664.7,14.31,none/ocean,none/ocean,Oceanic basalt,False,
H+72+31,ocean,ocean,modest,fish,none,ocean,72,31,-20.55,0.603,654.3,14.36,none/ocean,none/ocean,Oceanic basalt,False,
H+73+31,ocean,ocean,modest,fish,none,ocean,73,31,-7.12,0.496,665.3,14.39,none/ocean,none/ocean,Oceanic basalt,False,
H+74+31,coast,none,none,none,farmstead,"fresh water, route access",74,31,1.51,0.569,621.7,14.39,sandy coastal,coastal scrub,Coastal sediment,False,none
H+75+31,coast,none,none,clay,farmstead,"fresh water, route access",75,31,15.52,0.472,624.2,14.3,sandy coastal,coastal scrub,Coastal sediment,False,none
H+76+31,coast,none,none,clay,none,no reliable fresh water; poor food; arid interior,76,31,19.44,0.46,614.9,14.28,sandy coastal,coastal scrub,Coastal sediment,False,none
H+77+31,coast,none,none,clay,none,no reliable fresh water; poor food; arid interior,77,31,31.28,0.395,614.5,14.22,sandy coastal,coastal scrub,Coastal sediment,False,none
H+78+31,coast,none,none,clay,none,no reliable fresh water; poor food; arid interior,78,31,42.6,0.785,627.2,14.18,sandy coastal,coastal scrub,Coastal sediment,False,none
H+79+31,coast,none,none,clay,none,no reliable fresh water; poor food; arid interior,79,31,66.16,0.785,634.6,14.08,sandy coastal,coastal scrub,Coastal sediment,False,none
H+00+32,coast,river,none,clay,farmstead,"fresh water, route access",0,32,25.81,0.661,852.1,15.03,sandy coastal,coastal scrub,Coastal sediment,False,none
H+01+32,coast,none,none,clay,none,no reliable fresh water; poor food; arid interior,1,32,34.45,1.059,847.8,14.97,sandy coastal,coastal scrub,Coastal sediment,False,none
H+02+32,coast,none,none,clay,none,no reliable fresh water; poor food; arid interior,2,32,51.71,1.179,836.1,14.86,sandy coastal,coastal scrub,Coastal sediment,False,none
H+03+32,coast,none,none,clay,none,no reliable fresh water; poor food; arid interior,3,32,71.87,1.551,811.0,14.74,sandy coastal,coastal scrub,Coastal sediment,False,none
H+04+32,farmland,none,rich,none,village,"strong food, route access",4,32,83.31,1.215,775.7,14.68,loam,floodplain farmable,Craton granite/gneiss,False,none
H+05+32,farmland,none,rich,none,village,"strong food, route access",5,32,88.38,0.918,757.2,14.67,loam,floodplain farmable,Craton granite/gneiss,False,none
H+06+32,farmland,none,rich,none,village,"strong food, route access",6,32,103.43,0.906,749.0,14.61,loam,floodplain farmable,Craton granite/gneiss,False,none
H+07+32,farmland,none,rich,none,village,"strong food, route access",7,32,119.07,0.881,730.4,14.58,loam,floodplain farmable,Craton granite/gneiss,False,none
H+08+32,farmland,none,rich,none,village,"strong food, route access",8,32,128.26,0.431,707.6,14.6,loam,floodplain farmable,Craton granite/gneiss,False,none
H+09+32,grassland,none,good,none,village,"strong food, route access",9,32,132.42,0.414,687.9,14.64,loam,grassland/pasture,Craton granite/gneiss,False,none
H+10+32,grassland,none,good,none,village,"strong food, route access",10,32,132.78,1.066,671.4,14.66,loam,grassland/pasture,Craton granite/gneiss,False,none
H+11+32,grassland,none,good,none,village,"strong food, route access",11,32,137.68,1.105,665.0,14.61,loam,grassland/pasture,Craton granite/gneiss,False,none
H+12+32,grassland,none,good,none,village,"strong food, route access",12,32,145.5,0.947,671.6,14.47,loam,grassland/pasture,Craton granite/gneiss,False,none
H+13+32,grassland,none,good,none,village,"strong food, route access",13,32,173.91,1.3,676.7,14.16,loam,grassland/pasture,Craton granite/gneiss,False,none
H+14+32,grassland,none,good,none,village,"strong food, route access",14,32,171.45,1.185,675.3,14.03,loam,grassland/pasture,Craton granite/gneiss,False,none
H+15+32,grassland,none,good,none,village,"strong food, route access",15,32,179.56,1.489,667.1,13.83,loam,grassland/pasture,Craton granite/gneiss,False,none
H+16+32,grassland,none,good,greenstone_metals,village,"strong food, route access",16,32,176.95,1.402,657.4,13.71,loam,grassland/pasture,Craton granite/gneiss,False,none
H+17+32,grassland,none,good,none,village,"strong food, route access",17,32,158.7,0.625,648.8,13.7,loam,grassland/pasture,Craton granite/gneiss,False,none
H+18+32,grassland,none,good,greenstone_metals,village,"strong food, route access",18,32,152.17,0.272,644.4,13.64,loam,grassland/pasture,Craton granite/gneiss,False,none
H+19+32,grassland,none,good,none,village,"strong food, route access",19,32,144.53,3.165,644.7,13.61,loam,grassland/pasture,Craton granite/gneiss,False,none
H+20+32,grassland,none,good,none,village,"strong food, route access",20,32,184.83,5.695,648.3,13.29,loam,grassland/pasture,Craton granite/gneiss,False,none
H+21+32,grassland,none,good,none,farmstead,strong food,21,32,183.43,9.653,660.3,13.26,loam,grassland/pasture,Craton granite/gneiss,False,none
H+22+32,grassland,none,good,none,farmstead,strong food,22,32,181.32,13.702,678.2,13.26,loam,grassland/pasture,Craton granite/gneiss,False,none
H+23+32,forest,none,good,timber|stone,farmstead,adequate food,23,32,592.36,14.469,886.6,10.57,loam,temperate forest,Craton granite/gneiss,False,none
H+24+32,grassland,none,good,none,none,no reliable fresh water; too steep,24,32,164.32,58.999,695.3,13.29,rocky/lithosol,grassland/pasture,Suture metamorphic,False,none
H+25+32,high_peaks,none,modest,timber,none,no reliable fresh water; too steep,25,32,1927.66,58.778,2614.0,1.75,mountain thin,boreal forest,Suture metamorphic,False,none
H+26+32,lake,lake,modest,evaporite_host|fish,none,open water (lake/inland sea),26,32,588.76,44.63,602.4,10.37,clay basin,none/ocean,Basin sediment,True,none
H+27+32,lake,lake,modest,evaporite_host|fish,none,open water (lake/inland sea),27,32,588.76,0.0,716.9,10.3,clay basin,none/ocean,Basin sediment,True,none
H+28+32,lake,lake,modest,evaporite_host|fish,none,open water (lake/inland sea),28,32,588.76,0.0,725.1,10.26,clay basin,none/ocean,Basin sediment,True,none
H+29+32,lake,lake,modest,evaporite_host|fish,none,open water (lake/inland sea),29,32,588.76,0.0,733.5,10.23,glacial till,none/ocean,Basin sediment,True,moraine
H+30+32,lake,lake,modest,evaporite_host|fish,none,open water (lake/inland sea),30,32,588.76,0.0,739.6,10.2,clay basin,none/ocean,Basin sediment,True,none
H+31+32,lake,lake,modest,evaporite_host|fish,none,open water (lake/inland sea),31,32,588.76,0.0,743.1,10.18,clay basin,none/ocean,Basin sediment,True,none
H+32+32,lake,lake,modest,evaporite_host|fish,none,open water (lake/inland sea),32,32,588.76,0.0,753.7,10.17,clay basin,none/ocean,Basin sediment,True,none
H+33+32,lake,lake,modest,evaporite_host|fish,none,open water (lake/inland sea),33,32,588.76,0.0,765.2,10.16,clay basin,none/ocean,Basin sediment,True,none
H+34+32,lake,lake,modest,evaporite_host|fish,none,open water (lake/inland sea),34,32,588.76,0.0,762.6,10.16,clay basin,none/ocean,Basin sediment,True,none
H+35+32,lake,lake,modest,evaporite_host|fish,none,open water (lake/inland sea),35,32,588.76,0.0,743.9,10.17,clay basin,none/ocean,Basin sediment,True,none
H+36+32,lake,lake,modest,evaporite_host|fish,none,open water (lake/inland sea),36,32,588.76,0.0,731.5,10.18,clay basin,none/ocean,Basin sediment,True,none
H+37+32,lake,lake,modest,evaporite_host|fish,none,open water (lake/inland sea),37,32,588.76,0.0,730.2,10.2,clay basin,none/ocean,Basin sediment,True,none
H+38+32,lake,lake,modest,evaporite_host|fish,none,open water (lake/inland sea),38,32,588.76,0.0,726.3,10.22,clay basin,none/ocean,Basin sediment,True,none
H+39+32,lake,lake,modest,evaporite_host|fish,none,open water (lake/inland sea),39,32,588.76,0.0,721.3,10.23,clay basin,none/ocean,Basin sediment,True,none
H+40+32,lake,lake,modest,evaporite_host|fish,none,open water (lake/inland sea),40,32,588.76,17.4,717.7,10.24,clay basin,none/ocean,Basin sediment,True,none
H+41+32,lake,lake,modest,evaporite_host|clay|fish,none,open water (lake/inland sea),41,32,588.76,17.412,701.0,10.25,clay basin,none/ocean,Basin sediment,True,none
H+42+32,inland_sea,inland_sea,modest,evaporite_host|clay|fish,none,open water (lake/inland sea),42,32,66.76,17.4,675.1,13.66,clay basin,none/ocean,Basin sediment,True,none
H+43+32,inland_sea,inland_sea,modest,evaporite_host|clay|fish,none,open water (lake/inland sea),43,32,66.46,17.41,667.8,13.67,clay basin,none/ocean,Basin sediment,True,none
H+44+32,inland_sea,inland_sea,modest,evaporite_host|clay|fish,none,open water (lake/inland sea),44,32,66.18,17.419,688.9,13.67,clay basin,none/ocean,Basin sediment,True,none
H+45+32,inland_sea,inland_sea,modest,evaporite_host|clay|fish,none,open water (lake/inland sea),45,32,65.94,0.024,699.8,13.7,clay basin,none/ocean,Basin sediment,True,none
H+46+32,inland_sea,inland_sea,modest,evaporite_host|clay|fish,none,open water (lake/inland sea),46,32,65.73,0.024,684.4,13.77,clay basin,none/ocean,Basin sediment,True,none
H+47+32,inland_sea,inland_sea,modest,evaporite_host|fish,none,open water (lake/inland sea),47,32,65.57,0.024,670.4,13.87,clay basin,none/ocean,Basin sediment,True,none
H+48+32,inland_sea,inland_sea,modest,evaporite_host|fish,none,open water (lake/inland sea),48,32,65.47,0.023,665.8,13.99,clay basin,none/ocean,Basin sediment,True,none
H+49+32,inland_sea,inland_sea,modest,evaporite_host|fish,none,open water (lake/inland sea),49,32,65.44,0.021,657.3,14.1,clay basin,none/ocean,Basin sediment,True,none
H+50+32,inland_sea,inland_sea,modest,evaporite_host|fish,none,open water (lake/inland sea),50,32,65.48,0.02,656.0,14.2,clay basin,none/ocean,Basin sediment,True,none
H+51+32,inland_sea,inland_sea,modest,evaporite_host|fish,none,open water (lake/inland sea),51,32,65.58,0.019,664.9,14.26,clay basin,none/ocean,Basin sediment,True,none
H+52+32,inland_sea,inland_sea,modest,evaporite_host|clay|fish,none,open water (lake/inland sea),52,32,65.74,0.018,661.5,14.29,clay basin,none/ocean,Basin sediment,True,none
H+53+32,inland_sea,inland_sea,modest,evaporite_host|clay|fish,none,open water (lake/inland sea),53,32,65.95,0.017,646.4,14.31,clay basin,none/ocean,Basin sediment,True,none
H+54+32,inland_sea,inland_sea,modest,evaporite_host|clay|fish,none,open water (lake/inland sea),54,32,66.2,0.016,637.5,14.31,clay basin,none/ocean,Basin sediment,True,none
H+55+32,inland_sea,inland_sea,modest,evaporite_host|clay|fish,none,open water (lake/inland sea),55,32,66.47,17.41,640.8,14.32,clay basin,none/ocean,Basin sediment,True,none
H+56+32,inland_sea,inland_sea,modest,evaporite_host|clay|fish,none,open water (lake/inland sea),56,32,66.77,17.4,644.8,14.32,clay basin,none/ocean,Basin sediment,True,none
H+57+32,lake,lake,modest,evaporite_host|clay|fish,none,open water (lake/inland sea),57,32,588.76,17.4,870.6,10.92,clay basin,none/ocean,Basin sediment,True,none
H+58+32,grassland,none,good,none,farmstead,strong food,58,32,97.83,16.364,618.1,14.09,loam,grassland/pasture,Craton granite/gneiss,False,none
H+59+32,grassland,none,good,none,town,"fresh water, strong food, route access",59,32,97.32,0.071,617.3,14.05,loam,grassland/pasture,Craton granite/gneiss,False,none
H+60+32,grassland,none,good,none,town,"fresh water, strong food, route access",60,32,99.16,4.348,630.2,13.99,loam,grassland/pasture,Craton granite/gneiss,False,none
H+61+32,ocean,ocean,modest,fish,none,ocean,61,32,-28.31,4.249,702.8,14.56,none/ocean,none/ocean,Oceanic basalt,False,
H+62+32,ocean,ocean,modest,fish,none,ocean,62,32,-14.32,0.466,708.1,14.52,none/ocean,none/ocean,Oceanic basalt,False,
H+63+32,ocean,ocean,modest,fish,none,ocean,63,32,-15.95,0.507,709.4,14.5,none/ocean,none/ocean,Oceanic basalt,False,
H+64+32,ocean,ocean,modest,fish,none,ocean,64,32,-20.64,0.588,700.3,14.49,none/ocean,none/ocean,Oceanic basalt,False,
H+65+32,ocean,ocean,modest,fish,none,ocean,65,32,-24.15,0.675,688.0,14.49,none/ocean,none/ocean,Oceanic basalt,False,
H+66+32,ocean,ocean,modest,fish,none,ocean,66,32,-18.35,0.378,682.2,14.49,none/ocean,none/ocean,Oceanic basalt,False,
H+67+32,ocean,ocean,modest,fish,none,ocean,67,32,-18.42,0.505,680.5,14.5,none/ocean,none/ocean,Oceanic basalt,False,
H+68+32,ocean,ocean,modest,fish,none,ocean,68,32,-24.75,0.576,684.1,14.51,none/ocean,none/ocean,Oceanic basalt,False,
H+69+32,ocean,ocean,modest,fish,none,ocean,69,32,-31.02,0.442,689.6,14.53,none/ocean,none/ocean,Oceanic basalt,False,
H+70+32,ocean,ocean,modest,fish,none,ocean,70,32,-31.4,0.443,686.8,14.56,none/ocean,none/ocean,Oceanic basalt,False,
H+71+32,ocean,ocean,modest,fish,none,ocean,71,32,-22.9,0.524,671.8,14.6,none/ocean,none/ocean,Oceanic basalt,False,
H+72+32,ocean,ocean,modest,fish,none,ocean,72,32,-14.1,0.556,661.5,14.65,none/ocean,none/ocean,Oceanic basalt,False,
H+73+32,coast,none,none,none,farmstead,"fresh water, route access",73,32,2.59,0.556,612.5,14.64,sandy coastal,coastal scrub,Coastal sediment,False,none
H+74+32,coast,none,none,none,farmstead,"fresh water, route access",74,32,18.57,0.569,631.0,14.52,sandy coastal,coastal scrub,Coastal sediment,False,none
H+75+32,coast,none,none,clay,none,no reliable fresh water; poor food; arid interior,75,32,20.59,0.196,632.8,14.47,sandy coastal,coastal scrub,Coastal sediment,False,none
H+76+32,coast,none,none,clay,none,no reliable fresh water; poor food; arid interior,76,32,26.48,0.286,621.3,14.41,sandy coastal,coastal scrub,Coastal sediment,False,none
H+77+32,coast,none,none,clay,none,no reliable fresh water; poor food; arid interior,77,32,35.05,0.553,622.7,14.34,sandy coastal,coastal scrub,Coastal sediment,False,none
H+78+32,coast,none,none,clay,none,no reliable fresh water; poor food; arid interior,78,32,51.64,0.58,639.7,14.27,sandy coastal,coastal scrub,Coastal sediment,False,none
H+79+32,coast,none,none,clay,none,no reliable fresh water; poor food; arid interior,79,32,66.67,0.585,650.0,14.25,sandy coastal,coastal scrub,Coastal sediment,False,none
H+00+33,coast,river,none,clay,farmstead,"fresh water, route access",0,33,23.86,0.538,838.0,15.3,sandy coastal,coastal scrub,Coastal sediment,False,none
H+01+33,coast,river,none,none,farmstead,"fresh water, route access",1,33,16.34,1.179,840.6,15.35,sandy coastal,coastal scrub,Coastal sediment,False,none
H+02+33,coast,none,none,none,farmstead,"fresh water, route access",2,33,25.35,1.551,839.1,15.29,sandy coastal,coastal scrub,Coastal sediment,False,none
H+03+33,coast,none,none,none,none,no reliable fresh water; poor food; arid interior,3,33,46.86,1.215,818.1,15.16,sandy coastal,coastal scrub,Coastal sediment,False,none
H+04+33,coast,none,none,none,none,no reliable fresh water; poor food; arid interior,4,33,60.83,1.001,787.2,15.08,loam,coastal scrub,Craton granite/gneiss,False,none
H+05+33,coast,none,none,none,none,no reliable fresh water; poor food; arid interior,5,33,76.24,1.264,770.2,15.01,loam,coastal scrub,Craton granite/gneiss,False,none
H+06+33,farmland,none,rich,none,village,"strong food, route access",6,33,92.64,0.881,758.0,14.94,loam,floodplain farmable,Craton granite/gneiss,False,none
H+07+33,farmland,none,rich,none,village,"strong food, route access",7,33,116.28,1.119,737.4,14.85,loam,floodplain farmable,Craton granite/gneiss,False,none
H+08+33,farmland,none,rich,none,village,"strong food, route access",8,33,119.98,0.414,709.3,14.9,loam,floodplain farmable,Craton granite/gneiss,False,none
H+09+33,grassland,none,good,none,village,"strong food, route access",9,33,120.09,0.423,685.2,14.97,loam,grassland/pasture,Craton granite/gneiss,False,none
H+10+33,grassland,none,good,none,village,"strong food, route access",10,33,120.29,0.58,679.7,15.0,loam,grassland/pasture,Craton granite/gneiss,False,none
H+11+33,grassland,none,good,none,village,"strong food, route access",11,33,127.2,0.61,685.5,14.92,loam,grassland/pasture,Craton granite/gneiss,False,none
H+12+33,grassland,none,good,none,village,"strong food, route access",12,33,134.89,1.3,683.8,14.78,loam,grassland/pasture,Craton granite/gneiss,False,none
H+13+33,grassland,none,good,none,village,"strong food, route access",13,33,135.9,1.267,677.0,14.65,loam,grassland/pasture,Craton granite/gneiss,False,none
H+14+33,grassland,none,good,none,village,"strong food, route access",14,33,138.02,1.385,672.8,14.48,loam,grassland/pasture,Craton granite/gneiss,False,none
H+15+33,grassland,none,good,none,village,"strong food, route access",15,33,134.89,1.489,674.0,14.35,loam,grassland/pasture,Craton granite/gneiss,False,none
H+16+33,grassland,none,good,none,village,"strong food, route access",16,33,177.46,1.682,671.6,13.92,loam,grassland/pasture,Craton granite/gneiss,False,none
H+17+33,grassland,none,good,none,village,"strong food, route access",17,33,151.86,0.853,660.2,13.96,loam,grassland/pasture,Craton granite/gneiss,False,none
H+18+33,grassland,none,good,none,village,"strong food, route access",18,33,147.15,3.077,652.2,13.88,loam,grassland/pasture,Craton granite/gneiss,False,none
H+19+33,grassland,none,good,none,village,"strong food, route access",19,33,239.47,3.874,660.6,13.19,loam,grassland/pasture,Craton granite/gneiss,False,none
H+20+33,grassland,none,good,greenstone_metals,village,"strong food, route access",20,33,355.68,5.742,674.2,12.37,loam,grassland/pasture,Craton granite/gneiss,False,none
H+21+33,farmland,none,rich,stone,farmstead,strong food,21,33,473.03,9.724,701.4,11.56,loam,floodplain farmable,Craton granite/gneiss,False,none
H+22+33,forest,none,good,timber|stone,farmstead,adequate food,22,33,591.85,13.685,740.9,10.77,loam,temperate forest,Craton granite/gneiss,False,none
H+23+33,hills,none,good,timber,farmstead,adequate food,23,33,724.21,18.663,796.1,9.89,loam,temperate forest,Craton granite/gneiss,False,none
H+24+33,hills,none,good,limestone_karst|timber,none,no reliable fresh water; too steep,24,33,856.69,35.699,853.8,8.96,rocky/lithosol,temperate forest,Suture metamorphic,False,none
H+25+33,lake,lake,modest,evaporite_host|fish,none,open water (lake/inland sea),25,33,588.76,44.63,655.3,10.63,clay basin,none/ocean,Basin sediment,True,none
H+26+33,lake,lake,modest,evaporite_host|fish,none,open water (lake/inland sea),26,33,588.76,0.0,703.1,10.54,clay basin,none/ocean,Basin sediment,True,none
H+27+33,lake,lake,modest,evaporite_host|fish,none,open water (lake/inland sea),27,33,588.76,0.0,705.6,10.47,clay basin,none/ocean,Basin sediment,True,none
H+28+33,lake,lake,modest,evaporite_host|fish,none,open water (lake/inland sea),28,33,588.76,0.0,706.6,10.44,clay basin,none/ocean,Basin sediment,True,none
H+29+33,lake,lake,modest,evaporite_host|fish,none,open water (lake/inland sea),29,33,588.76,0.0,705.0,10.41,glacial till,none/ocean,Basin sediment,True,moraine
H+30+33,lake,lake,modest,evaporite_host|fish,none,open water (lake/inland sea),30,33,588.76,0.0,713.0,10.39,clay basin,none/ocean,Basin sediment,True,none
H+31+33,lake,lake,modest,evaporite_host|fish,none,open water (lake/inland sea),31,33,588.76,0.0,724.5,10.38,clay basin,none/ocean,Basin sediment,True,none
H+32+33,lake,lake,modest,evaporite_host|fish,none,open water (lake/inland sea),32,33,588.76,0.0,735.4,10.37,clay basin,none/ocean,Basin sediment,True,none
H+33+33,lake,lake,modest,evaporite_host|fish,none,open water (lake/inland sea),33,33,588.76,0.0,745.7,10.37,clay basin,none/ocean,Basin sediment,True,none
H+34+33,lake,lake,modest,evaporite_host|fish,none,open water (lake/inland sea),34,33,588.76,0.0,743.1,10.37,clay basin,none/ocean,Basin sediment,True,none
H+35+33,lake,lake,modest,evaporite_host|fish,none,open water (lake/inland sea),35,33,588.76,0.0,720.6,10.39,clay basin,none/ocean,Basin sediment,True,none
H+36+33,lake,lake,modest,evaporite_host|fish,none,open water (lake/inland sea),36,33,588.76,0.0,705.1,10.41,clay basin,none/ocean,Basin sediment,True,none
H+37+33,lake,lake,modest,evaporite_host|fish,none,open water (lake/inland sea),37,33,588.76,0.0,713.7,10.43,clay basin,none/ocean,Basin sediment,True,none
H+38+33,lake,lake,modest,evaporite_host|fish,none,open water (lake/inland sea),38,33,588.76,0.0,723.3,10.45,clay basin,none/ocean,Basin sediment,True,none
H+39+33,lake,lake,modest,evaporite_host|fish,none,open water (lake/inland sea),39,33,588.76,0.0,716.2,10.47,clay basin,none/ocean,Basin sediment,True,none
H+40+33,lake,lake,modest,evaporite_host|clay|fish,none,open water (lake/inland sea),40,33,588.76,0.0,703.5,10.49,clay basin,none/ocean,Basin sediment,True,none
H+41+33,lake,lake,modest,evaporite_host|clay|fish,none,open water (lake/inland sea),41,33,588.76,17.4,689.4,10.51,clay basin,none/ocean,Basin sediment,True,none
H+42+33,lake,lake,modest,evaporite_host|clay|fish,none,open water (lake/inland sea),42,33,588.76,17.41,675.3,10.52,clay basin,none/ocean,Basin sediment,True,none
H+43+33,lake,lake,modest,evaporite_host|clay|fish,none,open water (lake/inland sea),43,33,588.76,17.419,674.9,10.53,clay basin,none/ocean,Basin sediment,True,none
H+44+33,inland_sea,inland_sea,modest,evaporite_host|clay|fish,none,open water (lake/inland sea),44,33,66.66,17.403,696.1,13.93,clay basin,none/ocean,Basin sediment,True,none
H+45+33,inland_sea,inland_sea,modest,evaporite_host|clay|fish,none,open water (lake/inland sea),45,33,66.45,17.41,705.9,13.96,clay basin,none/ocean,Basin sediment,True,none
H+46+33,inland_sea,inland_sea,modest,evaporite_host|clay|fish,none,open water (lake/inland sea),46,33,66.28,17.416,688.7,14.03,clay basin,none/ocean,Basin sediment,True,none
H+47+33,inland_sea,inland_sea,modest,evaporite_host|clay|fish,none,open water (lake/inland sea),47,33,66.15,17.42,670.8,14.13,clay basin,none/ocean,Basin sediment,True,none
H+48+33,inland_sea,inland_sea,modest,evaporite_host|fish,none,open water (lake/inland sea),48,33,66.07,0.022,662.5,14.25,clay basin,none/ocean,Basin sediment,True,none
H+49+33,inland_sea,inland_sea,modest,evaporite_host|fish,none,open water (lake/inland sea),49,33,66.04,0.021,653.2,14.37,clay basin,none/ocean,Basin sediment,True,none
H+50+33,inland_sea,inland_sea,modest,evaporite_host|fish,none,open water (lake/inland sea),50,33,66.07,0.02,649.9,14.47,clay basin,none/ocean,Basin sediment,True,none
H+51+33,inland_sea,inland_sea,modest,evaporite_host|fish,none,open water (lake/inland sea),51,33,66.15,0.02,646.8,14.53,clay basin,none/ocean,Basin sediment,True,none
H+52+33,inland_sea,inland_sea,modest,evaporite_host|clay|fish,none,open water (lake/inland sea),52,33,66.29,17.416,640.4,14.56,clay basin,none/ocean,Basin sediment,True,none
H+53+33,inland_sea,inland_sea,modest,evaporite_host|clay|fish,none,open water (lake/inland sea),53,33,66.46,17.41,638.6,14.57,clay basin,none/ocean,Basin sediment,True,none
H+54+33,inland_sea,inland_sea,modest,evaporite_host|clay|fish,none,open water (lake/inland sea),54,33,66.67,17.403,639.0,14.58,clay basin,none/ocean,Basin sediment,True,none
H+55+33,lake,lake,modest,evaporite_host|clay|fish,none,open water (lake/inland sea),55,33,588.76,17.41,871.6,11.19,clay basin,none/ocean,Basin sediment,True,none
H+56+33,lake,lake,modest,evaporite_host|clay|fish,none,open water (lake/inland sea),56,33,588.76,17.4,632.5,11.2,clay basin,none/ocean,Basin sediment,True,none
H+57+33,grassland,none,good,none,farmstead,strong food,57,33,99.97,16.293,630.7,14.38,loam,grassland/pasture,Craton granite/gneiss,False,none
H+58+33,grassland,none,good,none,town,"fresh water, strong food, route access",58,33,99.46,0.071,631.5,14.36,loam,grassland/pasture,Craton granite/gneiss,False,none
H+59+33,grassland,none,good,none,town,"fresh water, strong food, route access",59,33,98.95,4.191,632.2,14.32,loam,grassland/pasture,Craton granite/gneiss,False,none
H+60+33,ocean,ocean,modest,fish,none,ocean,60,33,-26.78,4.198,701.6,14.91,none/ocean,none/ocean,Oceanic basalt,False,
H+61+33,ocean,ocean,modest,fish,none,ocean,61,33,-15.42,0.7,709.4,14.85,none/ocean,none/ocean,Oceanic basalt,False,
H+62+33,ocean,ocean,modest,fish,none,ocean,62,33,-1.96,0.466,706.5,14.81,none/ocean,none/ocean,Oceanic basalt,False,
H+63+33,ocean,ocean,modest,fish,none,ocean,63,33,-3.0,0.696,700.9,14.79,none/ocean,none/ocean,Oceanic basalt,False,
H+64+33,ocean,ocean,modest,fish,none,ocean,64,33,-3.91,0.802,696.5,14.79,none/ocean,none/ocean,Oceanic basalt,False,
H+65+33,ocean,ocean,modest,fish,none,ocean,65,33,-8.26,0.947,689.6,14.8,none/ocean,none/ocean,Oceanic basalt,False,
H+66+33,ocean,ocean,modest,fish,none,ocean,66,33,-8.83,0.832,689.5,14.8,none/ocean,none/ocean,Oceanic basalt,False,
H+67+33,ocean,ocean,modest,fish,none,ocean,67,33,-7.46,0.576,700.4,14.81,none/ocean,none/ocean,Oceanic basalt,False,
H+68+33,ocean,ocean,modest,fish,none,ocean,68,33,-17.75,0.51,705.0,14.82,none/ocean,none/ocean,Oceanic basalt,False,
H+69+33,ocean,ocean,modest,fish,none,ocean,69,33,-20.24,0.906,703.3,14.84,none/ocean,none/ocean,Oceanic basalt,False,
H+70+33,ocean,ocean,modest,fish,none,ocean,70,33,-18.11,0.835,699.6,14.86,none/ocean,none/ocean,Oceanic basalt,False,
H+71+33,ocean,ocean,modest,fish,none,ocean,71,33,-7.78,0.67,684.5,14.9,none/ocean,none/ocean,Oceanic basalt,False,
H+72+33,ocean,ocean,modest,fish,none,ocean,72,33,-2.81,0.504,673.2,14.93,none/ocean,none/ocean,Oceanic basalt,False,
H+73+33,coast,major_river,modest,fish,town,"fresh water, route access, major river",73,33,4.86,0.475,624.2,14.9,sandy coastal,coastal scrub,Coastal sediment,False,none
H+74+33,coast,major_river,modest,clay|fish,town,"fresh water, route access, major river",74,33,19.11,0.475,642.7,14.76,sandy coastal,coastal scrub,Coastal sediment,False,none
H+75+33,coast,river,none,clay,farmstead,"fresh water, route access",75,33,19.62,0.229,641.8,14.71,sandy coastal,coastal scrub,Coastal sediment,False,none
H+76+33,coast,river,none,clay,farmstead,"fresh water, route access",76,33,24.23,0.361,630.3,14.64,sandy coastal,coastal scrub,Coastal sediment,False,none
H+77+33,coast,none,none,clay,none,no reliable fresh water; poor food; arid interior,77,33,34.23,0.58,631.7,14.55,sandy coastal,coastal scrub,Coastal sediment,False,none
H+78+33,coast,none,none,clay,none,no reliable fresh water; poor food; arid interior,78,33,49.13,0.585,642.3,14.48,sandy coastal,coastal scrub,Coastal sediment,False,none
H+79+33,coast,none,none,clay,none,no reliable fresh water; poor food; arid interior,79,33,63.16,0.468,651.0,14.46,sandy coastal,coastal scrub,Coastal sediment,False,none
H+00+34,coast,major_river,modest,fish,town,"fresh water, route access, major river",0,34,7.72,0.538,838.8,15.65,sandy coastal,coastal scrub,Coastal sediment,False,none
H+01+34,coast,none,none,none,farmstead,"fresh water, route access",1,34,10.25,0.503,844.5,15.63,sandy coastal,coastal scrub,Coastal sediment,False,none
H+02+34,coast,river,none,none,farmstead,"fresh water, route access",2,34,19.93,0.897,848.4,15.58,sandy coastal,coastal scrub,Coastal sediment,False,none
H+03+34,coast,none,none,none,none,no reliable fresh water; poor food; arid interior,3,34,30.81,1.001,831.2,15.52,sandy coastal,coastal scrub,Coastal sediment,False,none
H+04+34,coast,none,none,none,none,no reliable fresh water; poor food; arid interior,4,34,38.32,1.264,804.2,15.49,loam,coastal scrub,Craton granite/gneiss,False,none
H+05+34,coast,none,none,none,none,no reliable fresh water; poor food; arid interior,5,34,67.73,1.189,788.9,15.31,loam,coastal scrub,Craton granite/gneiss,False,none
H+06+34,farmland,none,rich,none,village,"strong food, route access",6,34,82.7,1.119,775.2,15.25,loam,floodplain farmable,Craton granite/gneiss,False,none
H+07+34,farmland,none,rich,none,village,"strong food, route access",7,34,110.76,1.164,753.2,15.12,loam,floodplain farmable,Craton granite/gneiss,False,none
H+08+34,farmland,none,rich,none,village,"strong food, route access",8,34,115.89,0.715,721.8,15.16,loam,floodplain farmable,Craton granite/gneiss,False,none
H+09+34,grassland,none,good,none,village,"strong food, route access",9,34,115.85,0.454,695.1,15.21,loam,grassland/pasture,Craton granite/gneiss,False,none
H+10+34,grassland,none,good,none,village,"strong food, route access",10,34,109.31,0.596,692.0,15.28,loam,grassland/pasture,Craton granite/gneiss,False,none
H+11+34,grassland,none,good,none,village,"strong food, route access",11,34,122.51,0.694,698.1,15.16,loam,grassland/pasture,Craton granite/gneiss,False,none
H+12+34,grassland,none,good,none,village,"strong food, route access",12,34,124.47,0.393,687.7,15.05,loam,grassland/pasture,Craton granite/gneiss,False,none
H+13+34,grassland,none,good,none,village,"strong food, route access",13,34,127.08,0.457,671.8,14.9,loam,grassland/pasture,Craton granite/gneiss,False,none
H+14+34,grassland,none,good,none,village,"strong food, route access",14,34,130.7,0.577,665.5,14.73,loam,grassland/pasture,Craton granite/gneiss,False,none
H+15+34,grassland,none,good,none,village,"strong food, route access",15,34,128.73,1.624,674.3,14.58,loam,grassland/pasture,Craton granite/gneiss,False,none
H+16+34,grassland,none,good,none,village,"strong food, route access",16,34,127.01,1.682,681.1,14.45,loam,grassland/pasture,Craton granite/gneiss,False,none
H+17+34,grassland,none,good,none,village,"strong food, route access",17,34,143.73,3.174,674.2,14.21,loam,grassland/pasture,Craton granite/gneiss,False,none
H+18+34,grassland,none,good,none,village,"strong food, route access",18,34,238.96,3.874,667.3,13.48,loam,grassland/pasture,Craton granite/gneiss,False,none
H+19+34,grassland,none,good,none,village,"strong food, route access",19,34,355.17,3.912,677.9,12.63,loam,grassland/pasture,Craton granite/gneiss,False,none
H+20+34,farmland,none,rich,stone,village,"strong food, route access",20,34,472.52,3.961,715.8,11.8,loam,floodplain farmable,Craton granite/gneiss,False,none
H+21+34,forest,none,good,timber|stone,village,"adequate food, route access",21,34,591.34,3.961,753.9,10.99,loam,temperate forest,Craton granite/gneiss,False,none
H+22+34,lake,lake,modest,evaporite_host|clay|fish,none,open water (lake/inland sea),22,34,588.76,4.515,690.4,10.99,clay basin,none/ocean,Basin sediment,True,none
H+23+34,lake,lake,modest,evaporite_host|clay|fish,none,open water (lake/inland sea),23,34,588.76,8.931,692.6,10.96,clay basin,none/ocean,Basin sediment,True,none
H+24+34,lake,lake,modest,evaporite_host|fish,none,open water (lake/inland sea),24,34,588.76,8.931,699.1,10.91,clay basin,none/ocean,Basin sediment,True,none
H+25+34,lake,lake,modest,evaporite_host|fish,none,open water (lake/inland sea),25,34,588.76,0.0,700.5,10.83,clay basin,none/ocean,Basin sediment,True,none
H+26+34,lake,lake,modest,evaporite_host|fish,none,open water (lake/inland sea),26,34,588.76,0.0,693.9,10.76,clay basin,none/ocean,Basin sediment,True,none
H+27+34,lake,lake,modest,evaporite_host|fish,none,open water (lake/inland sea),27,34,588.76,0.0,693.3,10.7,clay basin,none/ocean,Basin sediment,True,none
H+28+34,lake,lake,modest,evaporite_host|fish,none,open water (lake/inland sea),28,34,588.76,0.0,691.7,10.66,clay basin,none/ocean,Basin sediment,True,none
H+29+34,lake,lake,modest,evaporite_host|fish,none,open water (lake/inland sea),29,34,588.76,0.0,686.2,10.64,glacial till,none/ocean,Basin sediment,True,moraine
H+30+34,lake,lake,modest,evaporite_host|fish,none,open water (lake/inland sea),30,34,588.76,0.0,693.9,10.63,clay basin,none/ocean,Basin sediment,True,none
H+31+34,lake,lake,modest,evaporite_host|fish,none,open water (lake/inland sea),31,34,588.76,0.0,706.9,10.62,clay basin,none/ocean,Basin sediment,True,none
H+32+34,lake,lake,modest,evaporite_host|fish,none,open water (lake/inland sea),32,34,588.76,0.0,717.3,10.62,clay basin,none/ocean,Basin sediment,True,none
H+33+34,lake,lake,modest,evaporite_host|fish,none,open water (lake/inland sea),33,34,588.76,0.0,728.2,10.62,clay basin,none/ocean,Basin sediment,True,none
H+34+34,lake,lake,modest,evaporite_host|fish,none,open water (lake/inland sea),34,34,588.76,0.0,727.3,10.63,clay basin,none/ocean,Basin sediment,True,none
H+35+34,lake,lake,modest,evaporite_host|fish,none,open water (lake/inland sea),35,34,588.76,0.0,704.7,10.64,clay basin,none/ocean,Basin sediment,True,none
H+36+34,lake,lake,modest,evaporite_host|fish,none,open water (lake/inland sea),36,34,588.76,0.0,688.5,10.66,clay basin,none/ocean,Basin sediment,True,none
H+37+34,lake,lake,modest,evaporite_host|fish,none,open water (lake/inland sea),37,34,588.76,0.0,700.9,10.68,clay basin,none/ocean,Basin sediment,True,none
H+38+34,lake,lake,modest,evaporite_host|fish,none,open water (lake/inland sea),38,34,588.76,0.0,716.0,10.7,clay basin,none/ocean,Basin sediment,True,none
H+39+34,lake,lake,modest,evaporite_host|fish,none,open water (lake/inland sea),39,34,588.76,0.0,708.4,10.71,clay basin,none/ocean,Basin sediment,True,none
H+40+34,lake,lake,modest,evaporite_host|clay|fish,none,open water (lake/inland sea),40,34,588.76,0.0,692.8,10.74,clay basin,none/ocean,Basin sediment,True,none
H+41+34,lake,lake,modest,evaporite_host|clay|fish,none,open water (lake/inland sea),41,34,588.76,8.12,681.4,10.76,clay basin,none/ocean,Basin sediment,True,none
H+42+34,hills,none,good,timber|stone,none,no reliable fresh water; too steep,42,34,832.35,22.779,941.6,9.2,loam,temperate forest,Craton granite/gneiss,False,none
H+43+34,lake,lake,modest,evaporite_host|clay|fish,none,open water (lake/inland sea),43,34,588.76,17.403,637.6,10.8,clay basin,none/ocean,Basin sediment,True,none
H+44+34,lake,lake,modest,evaporite_host|clay|fish,none,open water (lake/inland sea),44,34,588.76,17.41,702.4,10.8,clay basin,none/ocean,Basin sediment,True,none
H+45+34,lake,lake,modest,evaporite_host|clay|fish,none,open water (lake/inland sea),45,34,588.76,17.416,711.9,10.83,clay basin,none/ocean,Basin sediment,True,none
H+46+34,lake,lake,modest,evaporite_host|clay|fish,none,open water (lake/inland sea),46,34,588.76,17.42,692.2,10.9,clay basin,none/ocean,Basin sediment,True,none
H+47+34,inland_sea,inland_sea,modest,evaporite_host|clay|fish,none,open water (lake/inland sea),47,34,66.74,17.401,668.6,14.4,clay basin,none/ocean,Basin sediment,True,none
H+48+34,inland_sea,inland_sea,modest,evaporite_host|clay|fish,none,open water (lake/inland sea),48,34,66.67,17.403,653.8,14.51,clay basin,none/ocean,Basin sediment,True,none
H+49+34,inland_sea,inland_sea,modest,evaporite_host|clay|fish,none,open water (lake/inland sea),49,34,66.65,17.404,640.8,14.63,clay basin,none/ocean,Basin sediment,True,none
H+50+34,inland_sea,inland_sea,modest,evaporite_host|clay|fish,none,open water (lake/inland sea),50,34,66.67,17.403,636.6,14.73,clay basin,none/ocean,Basin sediment,True,none
H+51+34,inland_sea,inland_sea,modest,evaporite_host|clay|fish,none,open water (lake/inland sea),51,34,66.74,17.401,630.2,14.8,clay basin,none/ocean,Basin sediment,True,none
H+52+34,lake,lake,modest,evaporite_host|clay|fish,none,open water (lake/inland sea),52,34,588.76,17.416,855.3,11.44,clay basin,none/ocean,Basin sediment,True,none
H+53+34,lake,lake,modest,evaporite_host|clay|fish,none,open water (lake/inland sea),53,34,588.76,17.41,629.2,11.46,clay basin,none/ocean,Basin sediment,True,none
H+54+34,lake,lake,modest,evaporite_host|clay|fish,none,open water (lake/inland sea),54,34,588.76,17.403,633.9,11.47,clay basin,none/ocean,Basin sediment,True,none
H+55+34,grassland,none,good,none,farmstead,strong food,55,34,101.21,16.252,629.4,14.65,loam,grassland/pasture,Craton granite/gneiss,False,none
H+56+34,grassland,none,good,none,farmstead,strong food,56,34,100.7,16.269,623.1,14.67,loam,grassland/pasture,Craton granite/gneiss,False,none
H+57+34,grassland,none,good,none,town,"fresh water, strong food, route access",57,34,100.19,0.024,624.5,14.67,loam,grassland/pasture,Craton granite/gneiss,False,none
H+58+34,grassland,none,good,none,town,"fresh water, strong food, route access",58,34,99.68,3.446,632.1,14.66,loam,grassland/pasture,Craton granite/gneiss,False,none
H+59+34,ocean,ocean,modest,fish,none,ocean,59,34,-3.71,3.446,696.5,15.27,none/ocean,none/ocean,Oceanic basalt,False,
H+60+34,ocean,ocean,modest,fish,none,ocean,60,34,-7.37,0.86,702.0,15.22,none/ocean,none/ocean,Oceanic basalt,False,
H+61+34,coast,river,none,none,farmstead,"fresh water, route access",61,34,5.58,0.7,647.9,15.12,loam,coastal scrub,Craton granite/gneiss,False,none
H+62+34,coast,none,none,none,farmstead,"fresh water, route access",62,34,11.01,0.467,645.9,15.04,loam,coastal scrub,Craton granite/gneiss,False,none
H+63+34,coast,none,none,none,farmstead,"fresh water, route access",63,34,17.89,0.727,640.3,14.98,loam,coastal scrub,Craton granite/gneiss,False,none
H+64+34,coast,none,none,none,farmstead,"fresh water, route access",64,34,20.15,0.947,637.5,14.96,loam,coastal scrub,Craton granite/gneiss,False,none
H+65+34,coast,none,none,none,farmstead,"fresh water, route access",65,34,16.14,0.832,632.5,14.99,loam,coastal scrub,Craton granite/gneiss,False,none
H+66+34,coast,none,none,none,farmstead,"fresh water, route access",66,34,1.28,1.103,634.0,15.09,loam,coastal scrub,Craton granite/gneiss,False,none
H+67+34,ocean,ocean,modest,fish,none,ocean,67,34,-4.47,0.443,712.9,15.1,none/ocean,none/ocean,Oceanic basalt,False,
H+68+34,ocean,ocean,modest,fish,none,ocean,68,34,-2.44,0.593,718.3,15.11,none/ocean,none/ocean,Oceanic basalt,False,
H+69+34,coast,none,none,none,farmstead,"fresh water, route access",69,34,6.95,0.906,651.4,15.08,loam,coastal scrub,Craton granite/gneiss,False,none
H+70+34,coast,none,none,none,farmstead,"fresh water, route access",70,34,3.84,1.033,650.9,15.12,loam,coastal scrub,Craton granite/gneiss,False,none
H+71+34,coast,none,none,none,farmstead,"fresh water, route access",71,34,12.32,0.75,639.8,15.09,loam,coastal scrub,Craton granite/gneiss,False,none
H+72+34,coast,major_river,modest,fish,town,"fresh water, route access, major river",72,34,11.25,0.469,630.4,15.12,loam,coastal scrub,Craton granite/gneiss,False,none
H+73+34,coast,none,none,none,farmstead,"fresh water, route access",73,34,13.69,0.431,640.6,15.1,sandy coastal,coastal scrub,Coastal sediment,False,none
H+74+34,coast,none,none,clay,none,no reliable fresh water; poor food; arid interior,74,34,24.43,0.358,654.0,14.99,sandy coastal,coastal scrub,Coastal sediment,False,none
H+75+34,coast,river,none,clay,farmstead,"fresh water, route access",75,34,26.36,0.241,647.8,14.93,sandy coastal,coastal scrub,Coastal sediment,False,none
H+76+34,coast,none,none,clay,none,no reliable fresh water; poor food; arid interior,76,34,28.25,0.265,634.4,14.87,sandy coastal,coastal scrub,Coastal sediment,False,none
H+77+34,coast,none,none,clay,none,no reliable fresh water; poor food; arid interior,77,34,36.21,0.52,636.2,14.79,sandy coastal,coastal scrub,Coastal sediment,False,none
H+78+34,coast,none,none,clay,none,no reliable fresh water; poor food; arid interior,78,34,51.82,0.605,644.1,14.7,sandy coastal,coastal scrub,Coastal sediment,False,none
H+79+34,coast,none,none,clay,none,no reliable fresh water; poor food; arid interior,79,34,69.98,0.605,652.3,14.64,sandy coastal,coastal scrub,Coastal sediment,False,none
H+00+35,ocean,ocean,modest,fish,none,ocean,0,35,-1.16,0.38,954.5,15.95,none/ocean,none/ocean,Oceanic basalt,False,
H+01+35,coast,river,none,none,farmstead,"fresh water, route access",1,35,3.84,0.537,867.5,15.93,sandy coastal,coastal scrub,Coastal sediment,False,none
H+02+35,coast,none,none,none,farmstead,"fresh water, route access",2,35,12.99,0.594,864.7,15.89,sandy coastal,coastal scrub,Coastal sediment,False,none
H+03+35,coast,none,none,none,none,no reliable fresh water; poor food; arid interior,3,35,25.05,0.524,851.4,15.83,sandy coastal,coastal scrub,Coastal sediment,False,none
H+04+35,coast,river,none,none,farmstead,"fresh water, route access",4,35,32.06,1.189,831.0,15.8,sandy coastal,coastal scrub,Coastal sediment,False,none
H+05+35,coast,river,none,none,farmstead,"fresh water, route access",5,35,56.17,0.884,818.2,15.66,loam,coastal scrub,Craton granite/gneiss,False,none
H+06+35,coast,none,none,none,none,no reliable fresh water; poor food; arid interior,6,35,75.84,1.164,806.3,15.56,loam,coastal scrub,Craton granite/gneiss,False,none
H+07+35,farmland,none,rich,none,village,"strong food, route access",7,35,94.43,0.715,783.9,15.48,loam,floodplain farmable,Craton granite/gneiss,False,none
H+08+35,farmland,none,rich,none,village,"strong food, route access",8,35,102.93,0.653,745.3,15.47,loam,floodplain farmable,Craton granite/gneiss,False,none
H+09+35,farmland,none,rich,none,village,"strong food, route access",9,35,102.25,0.63,713.2,15.51,loam,floodplain farmable,Craton granite/gneiss,False,none
H+10+35,farmland,river,rich,none,city-candidate,"fresh water, strong food, route access",10,35,101.68,0.694,704.3,15.52,loam,floodplain farmable,Craton granite/gneiss,False,none
H+11+35,farmland,none,rich,none,village,"strong food, route access",11,35,112.68,0.465,700.4,15.41,loam,floodplain farmable,Craton granite/gneiss,False,none
H+12+35,grassland,none,good,none,village,"strong food, route access",12,35,116.83,0.54,684.6,15.28,loam,grassland/pasture,Craton granite/gneiss,False,none
H+13+35,grassland,none,good,none,village,"strong food, route access",13,35,113.38,0.577,667.3,15.18,loam,grassland/pasture,Craton granite/gneiss,False,none
H+14+35,grassland,none,good,none,village,"strong food, route access",14,35,113.72,0.566,659.7,15.02,loam,grassland/pasture,Craton granite/gneiss,False,none
H+15+35,farmland,river,rich,none,city-candidate,"fresh water, strong food, route access",15,35,106.59,1.221,669.8,14.92,loam,floodplain farmable,Craton granite/gneiss,False,none
H+16+35,grassland,none,good,none,village,"strong food, route access",16,35,143.22,3.174,683.0,14.53,loam,grassland/pasture,Craton granite/gneiss,False,none
H+17+35,grassland,none,good,none,village,"strong food, route access",17,35,238.45,3.874,682.7,13.79,loam,grassland/pasture,Craton granite/gneiss,False,none
H+18+35,grassland,none,good,none,village,"strong food, route access",18,35,354.66,3.912,678.5,12.92,loam,grassland/pasture,Craton granite/gneiss,False,none
H+19+35,farmland,none,rich,stone,village,"strong food, route access",19,35,472.01,3.961,703.2,12.08,loam,floodplain farmable,Craton granite/gneiss,False,none
H+20+35,forest,none,good,timber|stone,village,"adequate food, route access",20,35,590.83,3.961,745.0,11.24,loam,temperate forest,Craton granite/gneiss,False,none
H+21+35,lake,lake,modest,evaporite_host|clay|fish,none,open water (lake/inland sea),21,35,588.76,0.086,687.5,11.22,clay basin,none/ocean,Basin sediment,True,none
H+22+35,lake,lake,modest,evaporite_host|clay|fish,none,open water (lake/inland sea),22,35,588.76,0.0,689.5,11.2,clay basin,none/ocean,Basin sediment,True,none
H+23+35,lake,lake,modest,evaporite_host|clay|fish,none,open water (lake/inland sea),23,35,588.76,0.0,691.7,11.18,clay basin,none/ocean,Basin sediment,True,none
H+24+35,lake,lake,modest,evaporite_host|clay|fish,none,open water (lake/inland sea),24,35,588.76,0.0,691.7,11.14,clay basin,none/ocean,Basin sediment,True,none
H+25+35,lake,lake,modest,evaporite_host|clay|fish,none,open water (lake/inland sea),25,35,588.76,0.0,686.2,11.08,clay basin,none/ocean,Basin sediment,True,none
H+26+35,lake,lake,modest,evaporite_host|fish,none,open water (lake/inland sea),26,35,588.76,0.0,676.0,11.01,clay basin,none/ocean,Basin sediment,True,none
H+27+35,lake,lake,modest,evaporite_host|fish,none,open water (lake/inland sea),27,35,588.76,0.0,674.3,10.96,clay basin,none/ocean,Basin sediment,True,none
H+28+35,lake,lake,modest,evaporite_host|fish,none,open water (lake/inland sea),28,35,588.76,0.0,684.2,10.94,clay basin,none/ocean,Basin sediment,True,none
H+29+35,lake,lake,modest,evaporite_host|fish,none,open water (lake/inland sea),29,35,588.76,0.0,693.3,10.93,glacial till,none/ocean,Basin sediment,True,moraine
H+30+35,lake,lake,modest,evaporite_host|fish,none,open water (lake/inland sea),30,35,588.76,0.0,694.6,10.92,clay basin,none/ocean,Basin sediment,True,none
H+31+35,lake,lake,modest,evaporite_host|fish,none,open water (lake/inland sea),31,35,588.76,0.0,691.7,10.92,clay basin,none/ocean,Basin sediment,True,none
H+32+35,lake,lake,modest,evaporite_host|fish,none,open water (lake/inland sea),32,35,588.76,0.0,699.2,10.93,clay basin,none/ocean,Basin sediment,True,none
H+33+35,lake,lake,modest,evaporite_host|fish,none,open water (lake/inland sea),33,35,588.76,0.0,715.7,10.93,clay basin,none/ocean,Basin sediment,True,none
H+34+35,lake,lake,modest,evaporite_host|fish,none,open water (lake/inland sea),34,35,588.76,0.0,718.5,10.94,clay basin,none/ocean,Basin sediment,True,none
H+35+35,lake,lake,modest,evaporite_host|fish,none,open water (lake/inland sea),35,35,588.76,0.0,698.2,10.94,clay basin,none/ocean,Basin sediment,True,none
H+36+35,lake,lake,modest,evaporite_host|fish,none,open water (lake/inland sea),36,35,588.76,0.0,683.1,10.93,clay basin,none/ocean,Basin sediment,True,none
H+37+35,lake,lake,modest,evaporite_host|fish,none,open water (lake/inland sea),37,35,588.76,0.0,689.2,10.93,clay basin,none/ocean,Basin sediment,True,none
H+38+35,lake,lake,modest,evaporite_host|fish,none,open water (lake/inland sea),38,35,588.76,0.0,696.2,10.94,clay basin,none/ocean,Basin sediment,True,none
H+39+35,lake,lake,modest,evaporite_host|clay|fish,none,open water (lake/inland sea),39,35,588.76,0.0,689.2,10.96,clay basin,none/ocean,Basin sediment,True,none
H+40+35,lake,lake,modest,evaporite_host|clay|fish,none,open water (lake/inland sea),40,35,588.76,8.12,675.8,10.99,clay basin,none/ocean,Basin sediment,True,none
H+41+35,hills,none,good,timber|stone,none,no reliable fresh water; too steep,41,35,832.35,22.779,932.6,9.44,loam,temperate forest,Suture metamorphic,False,none
H+42+35,grassland,none,good,none,none,no reliable fresh water; too steep,42,35,148.99,22.779,674.5,13.92,loam,grassland/pasture,Craton granite/gneiss,False,none
H+43+35,grassland,none,good,none,farmstead,strong food,43,35,107.84,16.031,685.9,14.21,loam,grassland/pasture,Craton granite/gneiss,False,none
H+44+35,farmland,none,rich,none,farmstead,strong food,44,35,107.33,16.048,701.5,14.22,loam,floodplain farmable,Craton granite/gneiss,False,none
H+45+35,farmland,none,rich,none,farmstead,strong food,45,35,106.82,16.065,704.9,14.25,loam,floodplain farmable,Craton granite/gneiss,False,none
H+46+35,lake,lake,modest,evaporite_host|clay|fish,none,open water (lake/inland sea),46,35,588.76,17.401,923.3,11.19,clay basin,none/ocean,Basin sediment,True,none
H+47+35,lake,lake,modest,evaporite_host|clay|fish,none,open water (lake/inland sea),47,35,588.76,17.403,666.7,11.29,clay basin,none/ocean,Basin sediment,True,none
H+48+35,lake,lake,modest,evaporite_host|clay|fish,none,open water (lake/inland sea),48,35,588.76,17.404,645.8,11.4,clay basin,none/ocean,Basin sediment,True,none
H+49+35,lake,lake,modest,evaporite_host|clay|fish,none,open water (lake/inland sea),49,35,588.76,17.404,627.8,11.51,clay basin,none/ocean,Basin sediment,True,none
H+50+35,lake,lake,modest,evaporite_host|clay|fish,none,open water (lake/inland sea),50,35,588.76,17.403,624.5,11.61,clay basin,none/ocean,Basin sediment,True,none
H+51+35,lake,lake,modest,evaporite_host|clay|fish,none,open water (lake/inland sea),51,35,588.76,17.401,625.9,11.67,clay basin,none/ocean,Basin sediment,True,none
H+52+35,grassland,none,good,none,farmstead,strong food,52,35,102.74,16.201,624.5,14.87,loam,grassland/pasture,Craton granite/gneiss,False,none
H+53+35,grassland,none,good,none,farmstead,strong food,53,35,102.23,16.218,622.0,14.91,loam,grassland/pasture,Craton granite/gneiss,False,none
H+54+35,grassland,none,good,none,farmstead,strong food,54,35,101.72,16.235,620.6,14.93,loam,grassland/pasture,Craton granite/gneiss,False,none
H+55+35,grassland,none,good,none,village,"strong food, route access",55,35,101.21,0.017,623.0,14.95,loam,grassland/pasture,Craton granite/gneiss,False,none
H+56+35,grassland,none,good,none,village,"strong food, route access",56,35,100.7,0.017,626.0,14.97,loam,grassland/pasture,Craton granite/gneiss,False,none
H+57+35,grassland,none,good,none,town,"fresh water, strong food, route access",57,35,100.19,3.034,621.2,14.97,loam,grassland/pasture,Craton granite/gneiss,False,none
H+58+35,coast,major_river,modest,fish,town,"fresh water, route access, major river",58,35,9.17,3.034,612.2,15.55,loam,coastal scrub,Craton granite/gneiss,False,none
H+59+35,coast,river,none,none,farmstead,"fresh water, route access",59,35,11.4,0.626,611.4,15.5,loam,coastal scrub,Craton granite/gneiss,False,none
H+60+35,coast,none,none,none,farmstead,"fresh water, route access",60,35,18.42,0.86,626.5,15.41,loam,coastal scrub,Craton granite/gneiss,False,none
H+61+35,coast,river,none,greenstone_metals,farmstead,"fresh water, route access",61,35,17.65,1.205,644.3,15.36,loam,coastal scrub,Craton granite/gneiss,False,none
H+62+35,coast,none,none,none,farmstead,"fresh water, route access",62,35,20.2,1.941,659.0,15.29,loam,coastal scrub,Craton granite/gneiss,False,none
H+63+35,coast,none,none,none,farmstead,"fresh water, route access",63,35,26.62,2.353,665.2,15.22,loam,coastal scrub,Craton granite/gneiss,False,none
H+64+35,coast,none,none,none,farmstead,"fresh water, route access",64,35,32.29,2.535,654.5,15.16,loam,coastal scrub,Craton granite/gneiss,False,none
H+65+35,coast,none,none,greenstone_metals,farmstead,"fresh water, route access",65,35,34.37,2.494,638.8,15.14,loam,coastal scrub,Craton granite/gneiss,False,none
H+66+35,coast,none,none,none,farmstead,"fresh water, route access",66,35,7.03,3.405,636.1,15.31,loam,coastal scrub,Craton granite/gneiss,False,none
H+67+35,ocean,ocean,modest,fish,none,ocean,67,35,-4.92,3.103,706.5,15.36,none/ocean,none/ocean,Oceanic basalt,False,
H+68+35,coast,river,none,none,farmstead,"fresh water, route access",68,35,2.61,2.291,648.0,15.35,loam,coastal scrub,Craton granite/gneiss,False,none
H+69+35,coast,none,none,none,farmstead,"fresh water, route access",69,35,22.07,1.315,658.4,15.24,loam,coastal scrub,Craton granite/gneiss,False,none
H+70+35,coast,none,none,none,farmstead,"fresh water, route access",70,35,34.82,1.033,665.8,15.17,loam,coastal scrub,Craton granite/gneiss,False,none
H+71+35,coast,none,none,none,farmstead,"fresh water, route access",71,35,23.66,0.565,660.8,15.26,loam,coastal scrub,Craton granite/gneiss,False,none
H+72+35,coast,river,none,none,farmstead,"fresh water, route access",72,35,19.58,0.663,654.9,15.31,loam,coastal scrub,Craton granite/gneiss,False,none
H+73+35,coast,none,none,none,none,no reliable fresh water; poor food; arid interior,73,35,26.62,0.431,652.9,15.26,sandy coastal,coastal scrub,Coastal sediment,False,none
H+74+35,coast,none,none,clay,none,no reliable fresh water; poor food; arid interior,74,35,33.59,0.305,648.0,15.19,sandy coastal,coastal scrub,Coastal sediment,False,none
H+75+35,coast,river,none,clay,farmstead,"fresh water, route access",75,35,26.87,0.3,642.7,15.21,sandy coastal,coastal scrub,Coastal sediment,False,none
H+76+35,coast,none,none,clay,none,no reliable fresh water; poor food; arid interior,76,35,28.76,0.328,643.4,15.16,sandy coastal,coastal scrub,Coastal sediment,False,none
H+77+35,coast,none,none,clay,none,no reliable fresh water; poor food; arid interior,77,35,38.6,1.076,646.8,15.07,sandy coastal,coastal scrub,Coastal sediment,False,none
H+78+35,coast,none,none,clay,none,no reliable fresh water; poor food; arid interior,78,35,66.49,0.93,644.5,14.88,sandy coastal,coastal scrub,Coastal sediment,False,none
H+79+35,coast,none,none,clay,none,no reliable fresh water; poor food; arid interior,79,35,69.47,0.116,648.9,14.88,sandy coastal,coastal scrub,Coastal sediment,False,none
H+00+36,ocean,ocean,modest,fish,none,ocean,0,36,-6.26,0.359,977.0,16.22,none/ocean,none/ocean,Oceanic basalt,False,
H+01+36,coast,river,none,none,farmstead,"fresh water, route access",1,36,4.5,0.359,883.2,16.2,sandy coastal,coastal scrub,Coastal sediment,False,none
H+02+36,coast,river,none,none,farmstead,"fresh water, route access",2,36,9.32,0.524,874.5,16.19,sandy coastal,coastal scrub,Coastal sediment,False,none
H+03+36,coast,river,none,none,farmstead,"fresh water, route access",3,36,24.43,0.504,863.2,16.12,sandy coastal,coastal scrub,Coastal sediment,False,none
H+04+36,coast,none,none,clay,none,no reliable fresh water; poor food; arid interior,4,36,37.96,0.618,847.0,16.06,sandy coastal,coastal scrub,Coastal sediment,False,none
H+05+36,coast,none,none,none,none,no reliable fresh water; poor food; arid interior,5,36,56.5,0.645,835.6,15.95,loam,coastal scrub,Craton granite/gneiss,False,none
H+06+36,coast,none,none,greenstone_metals,none,no reliable fresh water; poor food; arid interior,6,36,73.47,0.699,824.8,15.85,loam,coastal scrub,Craton granite/gneiss,False,none
H+07+36,farmland,none,rich,none,village,"strong food, route access",7,36,85.64,0.624,802.3,15.79,loam,floodplain farmable,Craton granite/gneiss,False,none
H+08+36,farmland,none,rich,none,village,"strong food, route access",8,36,83.35,0.653,758.4,15.83,loam,floodplain farmable,Craton granite/gneiss,False,none
H+09+36,farmland,river,rich,none,city-candidate,"fresh water, strong food, route access",9,36,92.77,0.637,722.3,15.78,loam,floodplain farmable,Craton granite/gneiss,False,none
H+10+36,farmland,none,rich,none,village,"strong food, route access",10,36,98.74,0.518,710.0,15.73,loam,floodplain farmable,Craton granite/gneiss,False,none
H+11+36,farmland,none,rich,none,village,"strong food, route access",11,36,101.97,0.495,700.5,15.66,loam,floodplain farmable,Craton granite/gneiss,False,none
H+12+36,grassland,none,good,none,village,"strong food, route access",12,36,100.63,0.54,682.9,15.57,loam,grassland/pasture,Craton granite/gneiss,False,none
H+13+36,grassland,none,good,none,village,"strong food, route access",13,36,99.72,0.518,666.5,15.44,loam,grassland/pasture,Craton granite/gneiss,False,none
H+14+36,farmland,river,rich,none,city-candidate,"fresh water, strong food, route access",14,36,101.0,1.39,658.4,15.29,loam,floodplain farmable,Craton granite/gneiss,False,none
H+15+36,grassland,none,good,none,village,"strong food, route access",15,36,142.71,3.174,668.2,14.87,loam,grassland/pasture,Craton granite/gneiss,False,none
H+16+36,grassland,none,good,none,village,"strong food, route access",16,36,237.94,3.874,683.7,14.11,loam,grassland/pasture,Craton granite/gneiss,False,none
H+17+36,grassland,none,good,none,village,"strong food, route access",17,36,354.15,3.912,686.2,13.23,loam,grassland/pasture,Craton granite/gneiss,False,none
H+18+36,farmland,none,rich,stone,village,"strong food, route access",18,36,471.5,3.961,704.5,12.37,loam,floodplain farmable,Craton granite/gneiss,False,none
H+19+36,forest,none,good,timber|stone,village,"adequate food, route access",19,36,590.32,3.961,738.4,11.52,loam,temperate forest,Craton granite/gneiss,False,none
H+20+36,lake,lake,modest,evaporite_host|clay|fish,none,open water (lake/inland sea),20,36,588.76,0.069,677.9,11.48,clay basin,none/ocean,Basin sediment,True,none
H+21+36,lake,lake,modest,evaporite_host|clay|fish,none,open water (lake/inland sea),21,36,588.76,0.0,680.2,11.44,clay basin,none/ocean,Basin sediment,True,none
H+22+36,lake,lake,modest,evaporite_host|clay|fish,none,open water (lake/inland sea),22,36,588.76,0.0,686.4,11.43,clay basin,none/ocean,Basin sediment,True,none
H+23+36,lake,lake,modest,evaporite_host|clay|fish,none,open water (lake/inland sea),23,36,588.76,0.0,689.1,11.42,clay basin,none/ocean,Basin sediment,True,none
H+24+36,lake,lake,modest,evaporite_host|clay|fish,none,open water (lake/inland sea),24,36,588.76,0.0,685.2,11.38,clay basin,none/ocean,Basin sediment,True,none
H+25+36,lake,lake,modest,evaporite_host|clay|fish,none,open water (lake/inland sea),25,36,588.76,0.0,676.5,11.34,clay basin,none/ocean,Basin sediment,True,none
H+26+36,lake,lake,modest,evaporite_host|clay|fish,none,open water (lake/inland sea),26,36,588.76,0.0,665.2,11.29,clay basin,none/ocean,Basin sediment,True,none
H+27+36,lake,lake,modest,evaporite_host|fish,none,open water (lake/inland sea),27,36,588.76,4.465,663.5,11.26,clay basin,none/ocean,Basin sediment,True,none
H+28+36,lake,lake,modest,evaporite_host|fish,none,open water (lake/inland sea),28,36,588.76,52.419,682.1,11.25,clay basin,none/ocean,Basin sediment,True,none
H+29+36,lake,lake,modest,evaporite_host|fish,none,open water (lake/inland sea),29,36,588.76,52.419,702.7,11.24,glacial till,none/ocean,Basin sediment,True,u_valley;moraine
H+30+36,lake,lake,modest,evaporite_host|fish,none,open water (lake/inland sea),30,36,588.76,0.0,699.6,11.25,clay basin,none/ocean,Basin sediment,True,none
H+31+36,lake,lake,modest,evaporite_host|fish,none,open water (lake/inland sea),31,36,588.76,0.0,685.1,11.26,clay basin,none/ocean,Basin sediment,True,none
H+32+36,lake,lake,modest,evaporite_host|fish,none,open water (lake/inland sea),32,36,588.76,0.0,690.7,11.27,clay basin,none/ocean,Basin sediment,True,none
H+33+36,lake,lake,modest,evaporite_host|clay|fish,none,open water (lake/inland sea),33,36,588.76,0.0,711.1,11.28,clay basin,none/ocean,Basin sediment,True,none
H+34+36,lake,lake,modest,evaporite_host|fish,none,open water (lake/inland sea),34,36,588.76,0.0,716.3,11.28,clay basin,none/ocean,Basin sediment,True,none
H+35+36,lake,lake,modest,evaporite_host|fish,none,open water (lake/inland sea),35,36,588.76,0.0,697.1,11.26,clay basin,none/ocean,Basin sediment,True,none
H+36+36,lake,lake,modest,evaporite_host|fish,none,open water (lake/inland sea),36,36,588.76,0.0,682.6,11.23,clay basin,none/ocean,Basin sediment,True,none
H+37+36,lake,lake,modest,evaporite_host|fish,none,open water (lake/inland sea),37,36,588.76,0.0,683.8,11.2,clay basin,none/ocean,Basin sediment,True,none
H+38+36,lake,lake,modest,evaporite_host|clay|fish,none,open water (lake/inland sea),38,36,588.76,0.0,684.5,11.19,clay basin,none/ocean,Basin sediment,True,none
H+39+36,lake,lake,modest,evaporite_host|clay|fish,none,open water (lake/inland sea),39,36,588.76,8.12,677.6,11.21,clay basin,none/ocean,Basin sediment,True,none
H+40+36,hills,none,good,timber|stone,farmstead,adequate food,40,36,832.35,18.774,928.2,9.67,loam,temperate forest,Suture metamorphic,False,none
H+41+36,grassland,none,good,none,farmstead,strong food,41,36,269.13,18.791,660.5,13.38,loam,grassland/pasture,Suture metamorphic,False,none
H+42+36,grassland,none,good,none,village,"strong food, route access",42,36,144.14,4.166,674.9,14.24,loam,grassland/pasture,Suture metamorphic,False,none
H+43+36,grassland,none,good,none,village,"strong food, route access",43,36,107.33,1.227,690.1,14.51,loam,grassland/pasture,Craton granite/gneiss,False,none
H+44+36,grassland,none,good,none,village,"strong food, route access",44,36,106.82,0.017,699.8,14.53,loam,grassland/pasture,Craton granite/gneiss,False,none
H+45+36,farmland,river,rich,none,town,"fresh water, strong food, route access",45,36,106.31,16.082,698.3,14.56,loam,floodplain farmable,Craton granite/gneiss,False,none
H+46+36,farmland,river,rich,none,town,"fresh water, strong food, route access",46,36,105.8,16.099,685.1,14.63,loam,floodplain farmable,Craton granite/gneiss,False,none
H+47+36,farmland,river,rich,none,town,"fresh water, strong food, route access",47,36,105.29,16.116,666.5,14.72,loam,floodplain farmable,Craton granite/gneiss,False,none
H+48+36,farmland,river,rich,none,town,"fresh water, strong food, route access",48,36,104.78,16.133,643.0,14.83,loam,floodplain farmable,Craton granite/gneiss,False,none
H+49+36,farmland,river,rich,none,town,"fresh water, strong food, route access",49,36,104.27,16.15,622.5,14.93,loam,floodplain farmable,Craton granite/gneiss,False,none
H+50+36,farmland,river,rich,none,town,"fresh water, strong food, route access",50,36,103.76,16.167,620.1,15.02,loam,floodplain farmable,Craton granite/gneiss,False,none
H+51+36,farmland,river,rich,none,town,"fresh water, strong food, route access",51,36,103.25,16.184,626.7,15.09,loam,floodplain farmable,Craton granite/gneiss,False,none
H+52+36,farmland,river,rich,none,city-candidate,"fresh water, strong food, route access",52,36,102.74,0.017,627.7,15.14,loam,floodplain farmable,Craton granite/gneiss,False,none
H+53+36,farmland,river,rich,none,city-candidate,"fresh water, strong food, route access",53,36,102.23,0.017,619.1,15.18,loam,floodplain farmable,Craton granite/gneiss,False,none
H+54+36,farmland,river,rich,none,city-candidate,"fresh water, strong food, route access",54,36,101.72,0.017,612.7,15.21,loam,floodplain farmable,Craton granite/gneiss,False,none
H+55+36,farmland,river,rich,none,city-candidate,"fresh water, strong food, route access",55,36,101.21,0.017,620.3,15.24,loam,floodplain farmable,Craton granite/gneiss,False,none
H+56+36,farmland,river,rich,none,city-candidate,"fresh water, strong food, route access",56,36,100.7,2.579,630.2,15.27,loam,floodplain farmable,Craton granite/gneiss,False,none
H+57+36,coast,major_river,modest,greenstone_metals|fish,town,"fresh water, route access, major river",57,36,23.34,2.579,620.7,15.77,loam,coastal scrub,Craton granite/gneiss,False,none
H+58+36,coast,none,none,none,farmstead,"fresh water, route access",58,36,25.07,1.514,599.0,15.74,loam,coastal scrub,Craton granite/gneiss,False,none
H+59+36,coast,none,none,none,farmstead,"fresh water, route access",59,36,28.6,2.504,596.8,15.69,loam,coastal scrub,Craton granite/gneiss,False,none
H+60+36,coast,none,none,none,farmstead,"fresh water, route access",60,36,29.66,3.54,618.9,15.64,loam,coastal scrub,Craton granite/gneiss,False,none
H+61+36,coast,none,none,none,none,no reliable fresh water; poor food; arid interior,61,36,53.8,3.911,641.6,15.43,volcanic andisol,coastal scrub,Arc andesite/volcanic,False,none
H+62+36,coast,none,none,none,none,no reliable fresh water; poor food; arid interior,62,36,78.42,4.111,667.9,15.22,volcanic andisol,coastal scrub,Arc andesite/volcanic,False,none
H+63+36,grassland,none,good,none,village,"strong food, route access",63,36,97.2,4.183,682.4,15.05,volcanic andisol,grassland/pasture,Arc andesite/volcanic,False,none
H+64+36,grassland,none,good,none,village,"strong food, route access",64,36,108.33,3.949,665.7,14.94,volcanic andisol,grassland/pasture,Arc andesite/volcanic,False,none
H+65+36,grassland,none,good,none,town,"fresh water, strong food, route access",65,36,109.18,3.92,641.9,14.91,volcanic andisol,grassland/pasture,Arc andesite/volcanic,False,none
H+66+36,grassland,none,good,none,town,"fresh water, strong food, route access",66,36,88.17,4.439,636.0,15.03,volcanic andisol,grassland/pasture,Arc andesite/volcanic,False,none
H+67+36,coast,river,none,none,farmstead,"fresh water, route access",67,36,71.33,4.767,636.3,15.15,volcanic andisol,coastal scrub,Arc andesite/volcanic,False,none
H+68+36,coast,none,none,none,farmstead,"fresh water, route access",68,36,61.52,4.861,642.5,15.22,volcanic andisol,coastal scrub,Arc andesite/volcanic,False,none
H+69+36,coast,none,none,none,none,no reliable fresh water; poor food; arid interior,69,36,48.44,5.145,661.2,15.31,volcanic andisol,coastal scrub,Arc andesite/volcanic,False,none
H+70+36,coast,none,none,none,none,no reliable fresh water; poor food; arid interior,70,36,40.61,4.917,673.3,15.38,loam,coastal scrub,Craton granite/gneiss,False,none
H+71+36,coast,none,none,none,none,no reliable fresh water; poor food; arid interior,71,36,39.48,3.789,671.9,15.4,loam,coastal scrub,Craton granite/gneiss,False,none
H+72+36,coast,river,none,none,farmstead,"fresh water, route access",72,36,24.42,2.745,668.3,15.5,loam,coastal scrub,Craton granite/gneiss,False,none
H+73+36,coast,river,none,clay,farmstead,"fresh water, route access",73,36,27.01,0.769,657.7,15.49,sandy coastal,coastal scrub,Coastal sediment,False,none
H+74+36,coast,none,none,clay,none,no reliable fresh water; poor food; arid interior,74,36,35.89,0.3,640.6,15.44,sandy coastal,coastal scrub,Coastal sediment,False,none
H+75+36,coast,river,none,clay,farmstead,"fresh water, route access",75,36,31.9,0.168,637.8,15.46,sandy coastal,coastal scrub,Coastal sediment,False,none
H+76+36,coast,none,none,clay,none,no reliable fresh water; poor food; arid interior,76,36,35.11,3.1,650.4,15.42,sandy coastal,coastal scrub,Coastal sediment,False,none
H+77+36,coast,none,none,clay,none,no reliable fresh water; poor food; arid interior,77,36,70.88,1.908,654.9,15.16,sandy coastal,coastal scrub,Coastal sediment,False,none
H+78+36,coast,none,none,clay,none,no reliable fresh water; poor food; arid interior,78,36,65.98,0.163,644.4,15.16,sandy coastal,coastal scrub,Coastal sediment,False,none
H+79+36,coast,none,none,clay,none,no reliable fresh water; poor food; arid interior,79,36,69.27,0.127,645.5,15.13,sandy coastal,coastal scrub,Coastal sediment,False,none
H+00+37,ocean,ocean,modest,fish,none,ocean,0,37,-1.58,0.281,967.2,16.5,none/ocean,none/ocean,Oceanic basalt,False,
H+01+37,coast,major_river,modest,clay|fish,town,"fresh water, route access, major river",1,37,6.84,0.281,874.0,16.47,sandy coastal,coastal scrub,Coastal sediment,False,none
H+02+37,coast,major_river,modest,fish,town,"fresh water, route access, major river",2,37,14.26,0.339,864.7,16.45,sandy coastal,coastal scrub,Coastal sediment,False,none
H+03+37,coast,major_river,modest,fish,town,"fresh water, route access, major river",3,37,24.18,0.871,853.8,16.42,sandy coastal,coastal scrub,Coastal sediment,False,none
H+04+37,coast,major_river,modest,fish,town,"fresh water, route access, major river",4,37,41.52,0.578,838.8,16.33,sandy coastal,coastal scrub,Coastal sediment,False,none
H+05+37,coast,river,none,none,farmstead,"fresh water, route access",5,37,54.18,0.643,827.0,16.26,sandy coastal,coastal scrub,Coastal sediment,False,none
H+06+37,coast,none,none,none,none,no reliable fresh water; poor food; arid interior,6,37,66.92,0.624,813.3,16.16,sandy coastal,coastal scrub,Coastal sediment,False,none
H+07+37,coast,none,none,none,none,no reliable fresh water; poor food; arid interior,7,37,69.89,0.525,792.1,16.14,loam,coastal scrub,Craton granite/gneiss,False,none
H+08+37,coast,river,none,none,farmstead,"fresh water, route access",8,37,73.66,0.637,761.1,16.12,loam,coastal scrub,Craton granite/gneiss,False,none
H+09+37,farmland,none,rich,none,village,"strong food, route access",9,37,83.22,0.518,734.1,16.05,loam,floodplain farmable,Craton granite/gneiss,False,none
H+10+37,farmland,none,rich,none,village,"strong food, route access",10,37,88.25,0.548,719.7,15.98,loam,floodplain farmable,Craton granite/gneiss,False,none
H+11+37,farmland,none,rich,none,village,"strong food, route access",11,37,92.19,0.491,706.6,15.89,loam,floodplain farmable,Craton granite/gneiss,False,none
H+12+37,grassland,none,good,none,village,"strong food, route access",12,37,87.47,0.439,687.4,15.82,loam,grassland/pasture,Craton granite/gneiss,False,none
H+13+37,farmland,major_river,rich,fish,city-candidate,"fresh water, strong food, route access, major river",13,37,84.18,1.934,670.2,15.72,loam,floodplain farmable,Craton granite/gneiss,False,none
H+14+37,grassland,none,good,none,village,"strong food, route access",14,37,142.2,3.174,661.2,15.2,loam,grassland/pasture,Craton granite/gneiss,False,none
H+15+37,grassland,none,good,none,village,"strong food, route access",15,37,237.43,3.874,668.5,14.44,volcanic andisol,grassland/pasture,Hotspot basalt,False,none
H+16+37,grassland,none,good,obsidian,village,"strong food, route access",16,37,353.64,3.912,682.7,13.55,volcanic andisol,grassland/pasture,Hotspot basalt,False,none
H+17+37,forest,none,good,timber|obsidian,village,"adequate food, route access",17,37,470.99,3.961,707.7,12.67,volcanic andisol,temperate forest,Hotspot basalt,False,none
H+18+37,forest,none,good,timber|obsidian,village,"adequate food, route access",18,37,589.81,3.961,742.0,11.81,volcanic andisol,temperate forest,Hotspot basalt,False,none
H+19+37,lake,lake,modest,evaporite_host|clay|fish,none,open water (lake/inland sea),19,37,588.76,0.052,679.8,11.75,clay basin,none/ocean,Basin sediment,True,none
H+20+37,lake,lake,modest,evaporite_host|clay|fish,none,open water (lake/inland sea),20,37,588.76,0.0,674.9,11.7,clay basin,none/ocean,Basin sediment,True,none
H+21+37,lake,lake,modest,evaporite_host|clay|fish,none,open water (lake/inland sea),21,37,588.76,0.0,676.7,11.68,clay basin,none/ocean,Basin sediment,True,none
H+22+37,lake,lake,modest,evaporite_host|clay|fish,none,open water (lake/inland sea),22,37,588.76,0.0,683.8,11.67,clay basin,none/ocean,Basin sediment,True,none
H+23+37,lake,lake,modest,evaporite_host|clay|fish,none,open water (lake/inland sea),23,37,588.76,0.0,686.6,11.66,clay basin,none/ocean,Basin sediment,True,none
H+24+37,lake,lake,modest,evaporite_host|clay|fish,none,open water (lake/inland sea),24,37,588.76,0.0,681.4,11.64,clay basin,none/ocean,Basin sediment,True,none
H+25+37,lake,lake,modest,evaporite_host|clay|fish,none,open water (lake/inland sea),25,37,588.76,0.0,674.6,11.61,clay basin,none/ocean,Basin sediment,True,none
H+26+37,lake,lake,modest,evaporite_host|fish,none,open water (lake/inland sea),26,37,588.76,4.465,672.4,11.58,clay basin,none/ocean,Basin sediment,True,none
H+27+37,hills,none,good,none,none,no reliable fresh water; too steep,27,37,722.71,47.954,786.2,10.69,rocky/lithosol,temperate forest,Suture metamorphic,False,none
H+28+37,high_peaks,none,none,none,none,no reliable fresh water; poor food; too steep; arid interior,28,37,2161.32,52.527,2561.3,1.34,mountain thin,alpine tundra,Suture metamorphic,False,none
H+29+37,lake,lake,modest,evaporite_host|fish,none,open water (lake/inland sea),29,37,588.76,52.419,599.7,11.57,glacial till,none/ocean,Basin sediment,True,u_valley;moraine
H+30+37,lake,lake,modest,evaporite_host|fish,none,open water (lake/inland sea),30,37,588.76,0.0,703.0,11.59,clay basin,none/ocean,Basin sediment,True,none
H+31+37,lake,lake,modest,evaporite_host|fish,none,open water (lake/inland sea),31,37,588.76,0.0,687.1,11.6,clay basin,none/ocean,Basin sediment,True,none
H+32+37,lake,lake,modest,evaporite_host|fish,none,open water (lake/inland sea),32,37,588.76,0.0,690.8,11.62,clay basin,none/ocean,Basin sediment,True,none
H+33+37,lake,lake,modest,evaporite_host|fish,none,open water (lake/inland sea),33,37,588.76,0.0,703.9,11.64,clay basin,none/ocean,Basin sediment,True,none
H+34+37,lake,lake,modest,evaporite_host|fish,none,open water (lake/inland sea),34,37,588.76,0.0,708.7,11.64,clay basin,none/ocean,Basin sediment,True,none
H+35+37,lake,lake,modest,evaporite_host|fish,none,open water (lake/inland sea),35,37,588.76,0.0,699.7,11.6,clay basin,none/ocean,Basin sediment,True,none
H+36+37,lake,lake,modest,evaporite_host|fish,none,open water (lake/inland sea),36,37,588.76,0.0,692.1,11.54,clay basin,none/ocean,Basin sediment,True,none
H+37+37,lake,lake,modest,evaporite_host|fish,none,open water (lake/inland sea),37,37,588.76,0.0,692.3,11.49,clay basin,none/ocean,Basin sediment,True,none
H+38+37,lake,lake,modest,evaporite_host|fish,none,open water (lake/inland sea),38,37,588.76,0.0,690.9,11.46,clay basin,none/ocean,Basin sediment,True,none
H+39+37,lake,lake,modest,evaporite_host|clay|fish,none,open water (lake/inland sea),39,37,588.76,8.137,683.9,11.48,clay basin,none/ocean,Basin sediment,True,none
H+40+37,hills,none,good,timber|stone,farmstead,adequate food,40,37,832.85,19.113,941.8,9.93,loam,temperate forest,Suture metamorphic,False,none
H+41+37,grassland,none,good,none,farmstead,strong food,41,37,259.45,19.113,669.0,13.72,loam,grassland/pasture,Suture metamorphic,False,none
H+42+37,grassland,none,good,none,village,"strong food, route access",42,37,132.12,4.404,675.6,14.61,loam,grassland/pasture,Suture metamorphic,False,none
H+43+37,grassland,none,good,none,village,"strong food, route access",43,37,107.33,1.023,686.1,14.82,loam,grassland/pasture,Craton granite/gneiss,False,none
H+44+37,grassland,none,good,none,village,"strong food, route access",44,37,106.82,0.017,696.9,14.84,loam,grassland/pasture,Craton granite/gneiss,False,none
H+45+37,farmland,river,rich,none,city-candidate,"fresh water, strong food, route access",45,37,106.31,0.017,696.9,14.87,loam,floodplain farmable,Craton granite/gneiss,False,none
H+46+37,farmland,river,rich,none,city-candidate,"fresh water, strong food, route access",46,37,105.8,0.017,684.9,14.93,loam,floodplain farmable,Craton granite/gneiss,False,none
H+47+37,farmland,river,rich,none,city-candidate,"fresh water, strong food, route access",47,37,105.29,0.017,668.2,15.01,loam,floodplain farmable,Craton granite/gneiss,False,none
H+48+37,farmland,river,rich,none,none,excellent site left empty on purpose,48,37,104.78,0.017,647.1,15.11,loam,floodplain farmable,Craton granite/gneiss,False,none
H+49+37,farmland,river,rich,none,none,excellent site left empty on purpose,49,37,104.27,0.017,631.2,15.2,loam,floodplain farmable,Craton granite/gneiss,False,none
H+50+37,farmland,river,rich,none,city-candidate,"fresh water, strong food, route access",50,37,103.76,0.017,627.8,15.28,loam,floodplain farmable,Craton granite/gneiss,False,none
H+51+37,farmland,river,rich,none,none,excellent site left empty on purpose,51,37,103.25,0.017,628.5,15.35,loam,floodplain farmable,Craton granite/gneiss,False,none
H+52+37,farmland,river,rich,none,city-candidate,"fresh water, strong food, route access",52,37,102.74,0.017,629.0,15.4,loam,floodplain farmable,Craton granite/gneiss,False,none
H+53+37,farmland,river,rich,none,city-candidate,"fresh water, strong food, route access",53,37,102.23,0.017,626.1,15.44,loam,floodplain farmable,Craton granite/gneiss,False,none
H+54+37,farmland,river,rich,none,city-candidate,"fresh water, strong food, route access",54,37,101.72,0.017,623.5,15.48,loam,floodplain farmable,Craton granite/gneiss,False,none
H+55+37,farmland,river,rich,none,city-candidate,"fresh water, strong food, route access",55,37,101.21,2.017,624.8,15.52,loam,floodplain farmable,Craton granite/gneiss,False,none
H+56+37,coast,major_river,modest,fish,town,"fresh water, route access, major river",56,37,40.69,2.017,625.7,15.93,loam,coastal scrub,Craton granite/gneiss,False,none
H+57+37,coast,river,none,none,farmstead,"fresh water, route access",57,37,37.47,3.6,618.7,15.95,loam,coastal scrub,Craton granite/gneiss,False,none
H+58+37,coast,none,none,none,none,no reliable fresh water; poor food; arid interior,58,37,70.48,4.165,607.0,15.72,volcanic andisol,coastal scrub,Arc andesite/volcanic,False,none
H+59+37,grassland,none,good,none,village,"strong food, route access",59,37,103.73,4.598,606.2,15.48,volcanic andisol,grassland/pasture,Arc andesite/volcanic,False,none
H+60+37,grassland,none,good,none,village,"strong food, route access",60,37,135.86,4.861,624.1,15.24,volcanic andisol,grassland/pasture,Arc andesite/volcanic,False,none
H+61+37,grassland,none,good,none,village,"strong food, route access",61,37,171.13,4.87,642.7,14.97,volcanic andisol,grassland/pasture,Arc andesite/volcanic,False,none
H+62+37,grassland,none,good,none,village,"strong food, route access",62,37,201.75,4.497,658.0,14.72,volcanic andisol,grassland/pasture,Arc andesite/volcanic,False,none
H+63+37,grassland,none,good,volcanic_host,village,"strong food, route access",63,37,222.7,4.183,664.8,14.53,volcanic andisol,grassland/pasture,Arc andesite/volcanic,False,none
H+64+37,grassland,none,good,none,village,"strong food, route access",64,37,226.79,3.949,656.3,14.44,volcanic andisol,grassland/pasture,Arc andesite/volcanic,False,none
H+65+37,grassland,none,good,none,town,"fresh water, strong food, route access",65,37,221.35,4.439,643.3,14.44,volcanic andisol,grassland/pasture,Arc andesite/volcanic,False,none
H+66+37,grassland,river,good,none,town,"fresh water, strong food, route access",66,37,214.34,4.767,635.9,14.47,volcanic andisol,grassland/pasture,Arc andesite/volcanic,False,none
H+67+37,grassland,none,good,none,town,"fresh water, strong food, route access",67,37,207.34,4.861,629.9,14.52,volcanic andisol,grassland/pasture,Arc andesite/volcanic,False,none
H+68+37,grassland,none,good,none,village,"strong food, route access",68,37,202.8,5.145,635.2,14.55,volcanic andisol,grassland/pasture,Arc andesite/volcanic,False,none
H+69+37,grassland,none,good,none,village,"strong food, route access",69,37,188.13,4.917,654.5,14.65,volcanic andisol,grassland/pasture,Arc andesite/volcanic,False,none
H+70+37,grassland,none,good,none,village,"strong food, route access",70,37,153.16,5.602,666.8,14.89,volcanic andisol,grassland/pasture,Arc andesite/volcanic,False,none
H+71+37,grassland,none,good,none,village,"strong food, route access",71,37,106.76,6.101,668.3,15.19,volcanic andisol,grassland/pasture,Arc andesite/volcanic,False,none
H+72+37,coast,none,none,none,none,no reliable fresh water; poor food; arid interior,72,37,50.07,5.84,666.9,15.56,volcanic andisol,coastal scrub,Arc andesite/volcanic,False,none
H+73+37,coast,river,none,clay,farmstead,"fresh water, route access",73,37,30.44,3.977,660.0,15.7,sandy coastal,coastal scrub,Coastal sediment,False,none
H+74+37,coast,none,none,clay,none,no reliable fresh water; poor food; arid interior,74,37,36.4,1.692,648.8,15.68,sandy coastal,coastal scrub,Coastal sediment,False,none
H+75+37,coast,river,none,clay,farmstead,"fresh water, route access",75,37,32.41,5.203,645.1,15.73,sandy coastal,coastal scrub,Coastal sediment,False,none
H+76+37,grassland,none,good,clay,village,"strong food, route access",76,37,128.11,3.19,650.3,15.1,sandy coastal,grassland/pasture,Coastal sediment,False,none
H+77+37,coast,none,none,clay,none,no reliable fresh water; poor food; arid interior,77,37,70.37,1.925,653.5,15.45,sandy coastal,coastal scrub,Coastal sediment,False,none
H+78+37,coast,none,none,clay,none,no reliable fresh water; poor food; arid interior,78,37,65.47,0.163,646.3,15.44,sandy coastal,coastal scrub,Coastal sediment,False,none
H+79+37,coast,none,none,clay,none,no reliable fresh water; poor food; arid interior,79,37,68.76,0.127,647.8,15.37,sandy coastal,coastal scrub,Coastal sediment,False,none
H+00+38,coast,river,none,clay,farmstead,"fresh water, route access",0,38,5.27,0.441,864.3,16.77,sandy coastal,coastal scrub,Coastal sediment,False,none
H+01+38,coast,none,none,clay,farmstead,"fresh water, route access",1,38,9.44,1.094,858.4,16.76,sandy coastal,coastal scrub,Coastal sediment,False,none
H+02+38,coast,none,none,clay,none,no reliable fresh water; poor food; arid interior,2,38,20.24,1.002,848.2,16.71,sandy coastal,coastal scrub,Coastal sediment,False,none
H+03+38,coast,none,none,none,none,no reliable fresh water; poor food; arid interior,3,38,50.3,1.002,837.5,16.55,sandy coastal,coastal scrub,Coastal sediment,False,none
H+04+38,coast,none,none,none,none,no reliable fresh water; poor food; arid interior,4,38,55.6,0.469,824.0,16.53,sandy coastal,coastal scrub,Coastal sediment,False,none
H+05+38,coast,river,none,none,farmstead,"fresh water, route access",5,38,54.95,0.399,812.4,16.54,sandy coastal,coastal scrub,Coastal sediment,False,none
H+06+38,coast,river,none,none,farmstead,"fresh water, route access",6,38,59.64,0.342,796.9,16.47,sandy coastal,coastal scrub,Coastal sediment,False,none
H+07+38,coast,river,none,none,farmstead,"fresh water, route access",7,38,69.23,0.32,780.2,16.39,sandy coastal,coastal scrub,Coastal sediment,False,none
H+08+38,coast,none,none,none,none,no reliable fresh water; poor food; arid interior,8,38,70.03,0.44,768.7,16.36,loam,coastal scrub,Craton granite/gneiss,False,none
H+09+38,coast,none,none,none,none,no reliable fresh water; poor food; arid interior,9,38,71.81,0.548,755.0,16.32,loam,coastal scrub,Craton granite/gneiss,False,none
H+10+38,coast,none,none,none,none,no reliable fresh water; poor food; arid interior,10,38,77.45,0.622,737.4,16.24,loam,coastal scrub,Craton granite/gneiss,False,none
H+11+38,farmland,none,rich,none,village,"strong food, route access",11,38,81.95,0.627,718.2,16.14,loam,floodplain farmable,Craton granite/gneiss,False,none
H+12+38,coast,major_river,modest,fish,town,"fresh water, route access, major river",12,38,74.35,2.245,694.9,16.08,loam,coastal scrub,Craton granite/gneiss,False,none
H+13+38,grassland,none,good,none,village,"strong food, route access",13,38,141.69,3.174,675.1,15.52,volcanic andisol,grassland/pasture,Hotspot basalt,False,none
H+14+38,grassland,none,good,none,village,"strong food, route access",14,38,236.92,3.874,663.9,14.77,volcanic andisol,grassland/pasture,Hotspot basalt,False,none
H+15+38,grassland,none,good,none,village,"strong food, route access",15,38,353.13,3.912,667.0,13.87,volcanic andisol,grassland/pasture,Hotspot basalt,False,none
H+16+38,grassland,none,good,none,village,"strong food, route access",16,38,470.48,3.961,699.4,12.98,volcanic andisol,grassland/pasture,Hotspot basalt,False,none
H+17+38,forest,none,good,timber,village,"adequate food, route access",17,38,589.3,3.961,740.2,12.1,volcanic andisol,temperate forest,Hotspot basalt,False,none
H+18+38,lake,lake,modest,evaporite_host|clay|fish,none,open water (lake/inland sea),18,38,588.76,0.035,681.5,12.02,clay basin,none/ocean,Basin sediment,True,none
H+19+38,lake,lake,modest,evaporite_host|clay|fish,none,open water (lake/inland sea),19,38,588.76,0.0,674.9,11.96,clay basin,none/ocean,Basin sediment,True,none
H+20+38,lake,lake,modest,evaporite_host|clay|fish,none,open water (lake/inland sea),20,38,588.76,0.0,665.8,11.93,clay basin,none/ocean,Basin sediment,True,none
H+21+38,lake,lake,modest,evaporite_host|clay|fish,none,open water (lake/inland sea),21,38,588.76,0.0,666.6,11.91,clay basin,none/ocean,Basin sediment,True,none
H+22+38,lake,lake,modest,evaporite_host|clay|fish,none,open water (lake/inland sea),22,38,588.76,0.0,674.8,11.9,clay basin,none/ocean,Basin sediment,True,none
H+23+38,lake,lake,modest,evaporite_host|clay|fish,none,open water (lake/inland sea),23,38,588.76,0.0,678.2,11.9,clay basin,none/ocean,Basin sediment,True,none
H+24+38,lake,lake,modest,evaporite_host|clay|fish,none,open water (lake/inland sea),24,38,588.76,0.0,673.7,11.88,clay basin,none/ocean,Basin sediment,True,none
H+25+38,lake,lake,modest,evaporite_host|clay|fish,none,open water (lake/inland sea),25,38,588.76,4.448,672.7,11.87,clay basin,none/ocean,Basin sediment,True,none
H+26+38,forest,none,good,timber,farmstead,"adequate food, route access",26,38,722.2,4.573,795.7,10.99,loam,temperate forest,Suture metamorphic,False,none
H+27+38,grassland,none,good,none,none,no reliable fresh water; too steep,27,38,585.52,52.527,674.2,11.88,rocky/lithosol,grassland/pasture,Suture metamorphic,False,none
H+28+38,hills,none,good,none,none,no reliable fresh water; too steep,28,38,772.18,46.305,893.6,10.68,rocky/lithosol,temperate forest,Suture metamorphic,False,none
H+29+38,lake,lake,modest,evaporite_host|fish,none,open water (lake/inland sea),29,38,588.76,6.114,683.5,11.89,glacial till,none/ocean,Basin sediment,True,moraine
H+30+38,lake,lake,modest,evaporite_host|fish,none,open water (lake/inland sea),30,38,588.76,0.0,707.0,11.92,clay basin,none/ocean,Basin sediment,True,none
H+31+38,lake,lake,modest,evaporite_host|clay|fish,none,open water (lake/inland sea),31,38,588.76,0.0,687.6,11.94,clay basin,none/ocean,Basin sediment,True,none
H+32+38,lake,lake,modest,evaporite_host|clay|fish,none,open water (lake/inland sea),32,38,588.76,0.0,688.2,11.97,clay basin,none/ocean,Basin sediment,True,none
H+33+38,lake,lake,modest,evaporite_host|clay|fish,none,open water (lake/inland sea),33,38,588.76,0.0,693.5,12.0,clay basin,none/ocean,Basin sediment,True,none
H+34+38,lake,lake,modest,evaporite_host|clay|fish,none,open water (lake/inland sea),34,38,588.76,0.0,700.5,11.99,clay basin,none/ocean,Basin sediment,True,none
H+35+38,lake,lake,modest,evaporite_host|fish,none,open water (lake/inland sea),35,38,588.76,0.0,707.6,11.94,clay basin,none/ocean,Basin sediment,True,none
H+36+38,lake,lake,modest,evaporite_host|fish,none,open water (lake/inland sea),36,38,588.76,0.0,710.2,11.86,clay basin,none/ocean,Basin sediment,True,none
H+37+38,lake,lake,modest,evaporite_host|fish,none,open water (lake/inland sea),37,38,588.76,0.0,708.4,11.8,clay basin,none/ocean,Basin sediment,True,none
H+38+38,lake,lake,modest,evaporite_host|fish,none,open water (lake/inland sea),38,38,588.76,8.137,702.8,11.76,glacial till,none/ocean,Basin sediment,True,u_valley
H+39+38,hills,none,good,timber,farmstead,adequate food,39,38,832.86,13.39,968.9,10.18,loam,temperate forest,Suture metamorphic,False,none
H+40+38,grassland,none,good,stone,farmstead,strong food,40,38,431.16,13.407,675.7,12.83,loam,grassland/pasture,Suture metamorphic,False,none
H+41+38,grassland,none,good,none,village,"strong food, route access",41,38,264.24,5.564,681.1,13.99,loam,grassland/pasture,Suture metamorphic,False,none
H+42+38,grassland,none,good,none,village,"strong food, route access",42,38,138.02,4.207,676.2,14.87,loam,grassland/pasture,Suture metamorphic,False,none
H+43+38,grassland,none,good,none,village,"strong food, route access",43,38,107.33,1.023,678.6,15.13,loam,grassland/pasture,Craton granite/gneiss,False,none
H+44+38,grassland,none,good,none,village,"strong food, route access",44,38,106.82,0.017,689.0,15.15,loam,grassland/pasture,Craton granite/gneiss,False,none
H+45+38,grassland,none,good,none,village,"strong food, route access",45,38,106.31,0.017,690.2,15.17,loam,grassland/pasture,Craton granite/gneiss,False,none
H+46+38,grassland,none,good,none,village,"strong food, route access",46,38,105.8,0.017,680.2,15.23,loam,grassland/pasture,Craton granite/gneiss,False,none
H+47+38,grassland,none,good,none,village,"strong food, route access",47,38,105.29,0.017,666.4,15.3,loam,grassland/pasture,Craton granite/gneiss,False,none
H+48+38,grassland,none,good,none,village,"strong food, route access",48,38,104.78,0.017,649.0,15.38,loam,grassland/pasture,Craton granite/gneiss,False,none
H+49+38,grassland,none,good,none,village,"strong food, route access",49,38,104.27,0.017,638.9,15.46,loam,grassland/pasture,Craton granite/gneiss,False,none
H+50+38,grassland,none,good,none,village,"strong food, route access",50,38,103.76,0.017,633.5,15.53,loam,grassland/pasture,Craton granite/gneiss,False,none
H+51+38,farmland,river,rich,greenstone_metals,city-candidate,"fresh water, strong food, route access",51,38,103.25,0.017,627.4,15.59,loam,floodplain farmable,Craton granite/gneiss,False,none
H+52+38,farmland,river,rich,none,city-candidate,"fresh water, strong food, route access",52,38,102.74,0.017,629.1,15.64,loam,floodplain farmable,Craton granite/gneiss,False,none
H+53+38,farmland,river,rich,none,none,excellent site left empty on purpose,53,38,102.23,0.017,635.9,15.68,loam,floodplain farmable,Craton granite/gneiss,False,none
H+54+38,farmland,river,rich,none,none,excellent site left empty on purpose,54,38,101.72,1.45,639.0,15.72,loam,floodplain farmable,Craton granite/gneiss,False,none
H+55+38,coast,major_river,modest,fish,town,"fresh water, route access, major river",55,38,58.2,2.387,631.2,16.03,loam,coastal scrub,Craton granite/gneiss,False,none
H+56+38,grassland,none,good,none,village,"strong food, route access",56,38,84.82,3.878,618.7,15.89,volcanic andisol,grassland/pasture,Arc andesite/volcanic,False,none
H+57+38,grassland,none,good,none,village,"strong food, route access",57,38,145.46,4.218,613.4,15.5,volcanic andisol,grassland/pasture,Arc andesite/volcanic,False,none
H+58+38,grassland,none,good,none,village,"strong food, route access",58,38,195.42,4.524,613.8,15.16,volcanic andisol,grassland/pasture,Arc andesite/volcanic,False,none
H+59+38,grassland,none,good,none,village,"strong food, route access",59,38,241.68,4.917,615.0,14.85,volcanic andisol,grassland/pasture,Arc andesite/volcanic,False,none
H+60+38,grassland,none,good,none,village,"strong food, route access",60,38,281.71,5.174,625.8,14.56,volcanic andisol,grassland/pasture,Arc andesite/volcanic,False,none
H+61+38,grassland,none,good,none,village,"strong food, route access",61,38,317.24,5.19,636.9,14.31,volcanic andisol,grassland/pasture,Arc andesite/volcanic,False,none
H+62+38,grassland,none,good,none,village,"strong food, route access",62,38,336.67,4.542,635.6,14.13,volcanic andisol,grassland/pasture,Arc andesite/volcanic,False,none
H+63+38,grassland,none,good,none,village,"strong food, route access",63,38,336.05,4.414,631.5,14.08,volcanic andisol,grassland/pasture,Arc andesite/volcanic,False,none
H+64+38,grassland,none,good,none,village,"strong food, route access",64,38,330.12,3.89,634.1,14.05,volcanic andisol,grassland/pasture,Arc andesite/volcanic,False,none
H+65+38,grassland,river,good,none,town,"fresh water, strong food, route access",65,38,324.5,3.672,636.3,14.04,volcanic andisol,grassland/pasture,Arc andesite/volcanic,False,none
H+66+38,grassland,none,good,none,village,"strong food, route access",66,38,325.13,3.926,627.8,14.02,volcanic andisol,grassland/pasture,Arc andesite/volcanic,False,none
H+67+38,grassland,none,good,none,village,"strong food, route access",67,38,327.5,4.157,614.5,14.0,volcanic andisol,grassland/pasture,Arc andesite/volcanic,False,none
H+68+38,grassland,none,good,none,village,"strong food, route access",68,38,330.71,4.753,619.5,13.99,volcanic andisol,grassland/pasture,Arc andesite/volcanic,False,none
H+69+38,grassland,none,good,none,village,"strong food, route access",69,38,321.21,5.602,639.7,14.05,volcanic andisol,grassland/pasture,Arc andesite/volcanic,False,none
H+70+38,grassland,none,good,none,village,"strong food, route access",70,38,289.8,6.101,652.2,14.25,volcanic andisol,grassland/pasture,Arc andesite/volcanic,False,none
H+71+38,grassland,none,good,none,village,"strong food, route access",71,38,225.26,6.433,657.3,14.66,volcanic andisol,grassland/pasture,Arc andesite/volcanic,False,none
H+72+38,grassland,none,good,none,village,"strong food, route access",72,38,149.75,6.405,658.8,15.14,volcanic andisol,grassland/pasture,Arc andesite/volcanic,False,none
H+73+38,grassland,none,good,none,village,"strong food, route access",73,38,87.16,5.381,657.8,15.56,volcanic andisol,grassland/pasture,Arc andesite/volcanic,False,none
H+74+38,coast,river,none,none,farmstead,"fresh water, route access",74,38,36.91,7.391,657.0,15.92,volcanic andisol,coastal scrub,Arc andesite/volcanic,False,none
H+75+38,grassland,none,good,clay,village,"strong food, route access",75,38,188.52,5.203,654.8,14.96,sandy coastal,grassland/pasture,Coastal sediment,False,none
H+76+38,grassland,none,good,clay,village,"strong food, route access",76,38,127.6,2.03,651.6,15.36,sandy coastal,grassland/pasture,Coastal sediment,False,none
H+77+38,coast,none,none,clay,none,no reliable fresh water; poor food; arid interior,77,38,69.86,1.925,652.8,15.71,sandy coastal,coastal scrub,Coastal sediment,False,none
H+78+38,coast,none,none,clay,none,no reliable fresh water; poor food; arid interior,78,38,64.96,0.163,648.7,15.68,sandy coastal,coastal scrub,Coastal sediment,False,none
H+79+38,coast,none,none,clay,none,no reliable fresh water; poor food; arid interior,79,38,68.25,0.127,649.7,15.58,sandy coastal,coastal scrub,Coastal sediment,False,none
H+00+39,coast,none,none,clay,none,no reliable fresh water; poor food; arid interior,0,39,18.51,0.792,850.8,17.01,sandy coastal,coastal scrub,Coastal sediment,False,none
H+01+39,coast,none,none,clay,farmstead,"fresh water, route access",1,39,42.26,1.094,845.6,16.86,sandy coastal,coastal scrub,Coastal sediment,False,none
H+02+39,coast,none,none,clay,farmstead,"fresh water, route access",2,39,49.79,0.985,836.0,16.83,sandy coastal,coastal scrub,Coastal sediment,False,none
H+03+39,coast,none,none,none,none,no reliable fresh water; poor food; arid interior,3,39,55.09,0.177,826.7,16.82,sandy coastal,coastal scrub,Coastal sediment,False,none
H+04+39,coast,none,none,none,none,no reliable fresh water; poor food; arid interior,4,39,54.44,0.156,817.3,16.83,sandy coastal,coastal scrub,Coastal sediment,False,none
H+05+39,coast,none,none,none,none,no reliable fresh water; poor food; arid interior,5,39,59.13,0.32,807.8,16.78,sandy coastal,coastal scrub,Coastal sediment,False,none
H+06+39,coast,none,none,none,none,no reliable fresh water; poor food; arid interior,6,39,68.72,0.32,797.8,16.67,sandy coastal,coastal scrub,Coastal sediment,False,none
H+07+39,coast,none,none,none,none,no reliable fresh water; poor food; arid interior,7,39,69.52,0.155,788.6,16.62,sandy coastal,coastal scrub,Coastal sediment,False,none
H+08+39,coast,none,none,none,none,no reliable fresh water; poor food; arid interior,8,39,65.39,0.237,782.8,16.61,sandy coastal,coastal scrub,Coastal sediment,False,none
H+09+39,coast,none,none,none,none,no reliable fresh water; poor food; arid interior,9,39,58.79,0.622,771.8,16.6,loam,coastal scrub,Craton granite/gneiss,False,none
H+10+39,coast,none,none,none,none,no reliable fresh water; poor food; arid interior,10,39,63.13,0.647,754.1,16.51,loam,coastal scrub,Craton granite/gneiss,False,none
H+11+39,coast,major_river,modest,fish,town,"fresh water, route access, major river",11,39,65.44,2.525,732.1,16.42,loam,coastal scrub,Craton granite/gneiss,False,none
H+12+39,forest,none,good,none,village,"adequate food, route access",12,39,141.18,3.174,702.2,15.82,volcanic andisol,temperate forest,Hotspot basalt,False,none
H+13+39,grassland,none,good,none,village,"strong food, route access",13,39,236.41,3.874,674.1,15.08,volcanic andisol,grassland/pasture,Hotspot basalt,False,none
H+14+39,grassland,none,good,none,village,"strong food, route access",14,39,352.62,3.912,659.6,14.2,volcanic andisol,grassland/pasture,Hotspot basalt,False,none
H+15+39,grassland,none,good,none,village,"strong food, route access",15,39,469.97,3.961,680.6,13.3,volcanic andisol,grassland/pasture,Hotspot basalt,False,none
H+16+39,forest,none,good,timber,farmstead,"adequate food, route access",16,39,588.79,4.395,725.3,12.41,volcanic andisol,temperate forest,Hotspot basalt,False,none
H+17+39,lake,lake,modest,evaporite_host|clay|fish,none,open water (lake/inland sea),17,39,588.76,4.396,673.1,12.3,clay basin,none/ocean,Basin sediment,True,none
H+18+39,lake,lake,modest,evaporite_host|clay|fish,none,open water (lake/inland sea),18,39,588.76,0.0,672.7,12.23,clay basin,none/ocean,Basin sediment,True,none
H+19+39,lake,lake,modest,evaporite_host|clay|fish,none,open water (lake/inland sea),19,39,588.76,0.0,666.8,12.18,clay basin,none/ocean,Basin sediment,True,none
H+20+39,lake,lake,modest,evaporite_host|clay|fish,none,open water (lake/inland sea),20,39,588.76,0.0,658.1,12.15,clay basin,none/ocean,Basin sediment,True,none
H+21+39,lake,lake,modest,evaporite_host|clay|fish,none,open water (lake/inland sea),21,39,588.76,0.0,657.4,12.13,clay basin,none/ocean,Basin sediment,True,none
H+22+39,lake,lake,modest,evaporite_host|clay|fish,none,open water (lake/inland sea),22,39,588.76,0.0,664.3,12.13,clay basin,none/ocean,Basin sediment,True,none
H+23+39,lake,lake,modest,evaporite_host|clay|fish,none,open water (lake/inland sea),23,39,588.76,0.0,669.4,12.12,clay basin,none/ocean,Basin sediment,True,none
H+24+39,lake,lake,modest,evaporite_host|clay|fish,none,open water (lake/inland sea),24,39,588.76,4.431,670.3,12.12,clay basin,none/ocean,Basin sediment,True,none
H+25+39,forest,none,good,timber|stone,farmstead,"adequate food, route access",25,39,721.69,4.573,785.7,11.25,loam,temperate forest,Suture metamorphic,False,none
H+26+39,grassland,none,good,none,village,"strong food, route access",26,39,585.01,4.573,669.9,12.14,loam,grassland/pasture,Suture metamorphic,False,none
H+27+39,farmland,river,rich,limestone_karst,town,"fresh water, strong food, route access",27,39,565.12,6.902,703.7,12.28,loam,floodplain farmable,Suture metamorphic,False,none
H+28+39,forest,none,good,none,farmstead,"adequate food, route access",28,39,769.09,6.799,916.3,10.98,loam,temperate forest,Suture metamorphic,False,none
H+29+39,lake,lake,modest,evaporite_host|fish,none,open water (lake/inland sea),29,39,588.76,6.011,684.2,12.18,glacial till,none/ocean,Basin sediment,True,moraine
H+30+39,lake,lake,modest,evaporite_host|clay|fish,none,open water (lake/inland sea),30,39,588.76,0.0,703.4,12.22,clay basin,none/ocean,Basin sediment,True,none
H+31+39,lake,lake,modest,evaporite_host|clay|fish,none,open water (lake/inland sea),31,39,588.76,0.0,684.1,12.26,clay basin,none/ocean,Basin sediment,True,none
H+32+39,lake,lake,modest,evaporite_host|clay|fish,none,open water (lake/inland sea),32,39,588.76,0.0,684.6,12.29,clay basin,none/ocean,Basin sediment,True,none
H+33+39,lake,lake,modest,evaporite_host|clay|fish,none,open water (lake/inland sea),33,39,588.76,0.0,694.2,12.32,clay basin,none/ocean,Basin sediment,True,none
H+34+39,lake,lake,modest,evaporite_host|clay|fish,none,open water (lake/inland sea),34,39,588.76,0.0,708.4,12.31,clay basin,none/ocean,Basin sediment,True,none
H+35+39,lake,lake,modest,evaporite_host|fish,none,open water (lake/inland sea),35,39,588.76,0.0,724.0,12.26,clay basin,none/ocean,Basin sediment,True,none
H+36+39,lake,lake,modest,evaporite_host|fish,none,open water (lake/inland sea),36,39,588.76,0.0,730.9,12.19,clay basin,none/ocean,Basin sediment,True,none
H+37+39,lake,lake,modest,evaporite_host|fish,none,open water (lake/inland sea),37,39,588.76,0.0,727.9,12.12,clay basin,none/ocean,Basin sediment,True,none
H+38+39,lake,lake,modest,evaporite_host|fish,none,open water (lake/inland sea),38,39,588.76,8.153,719.1,12.08,glacial till,none/ocean,Basin sediment,True,u_valley
H+39+39,hills,none,good,timber,none,no reliable fresh water; too steep,39,39,833.36,36.098,984.2,10.49,rocky/lithosol,temperate forest,Suture metamorphic,False,none
H+40+39,grassland,none,good,stone,none,no reliable fresh water; too steep,40,39,429.67,49.554,679.9,13.16,rocky/lithosol,grassland/pasture,Suture metamorphic,False,none
H+41+39,grassland,none,good,none,village,"strong food, route access",41,39,263.58,5.536,684.5,14.3,loam,grassland/pasture,Suture metamorphic,False,none
H+42+39,grassland,none,good,none,village,"strong food, route access",42,39,134.53,4.302,678.1,15.2,loam,grassland/pasture,Suture metamorphic,False,none
H+43+39,grassland,none,good,none,village,"strong food, route access",43,39,107.33,0.907,676.0,15.43,loam,grassland/pasture,Craton granite/gneiss,False,none
H+44+39,grassland,none,good,none,village,"strong food, route access",44,39,106.82,0.017,680.5,15.45,loam,grassland/pasture,Craton granite/gneiss,False,none
H+45+39,grassland,none,good,none,village,"strong food, route access",45,39,106.31,0.017,679.0,15.47,loam,grassland/pasture,Craton granite/gneiss,False,none
H+46+39,grassland,none,good,none,village,"strong food, route access",46,39,105.8,0.017,669.2,15.52,loam,grassland/pasture,Craton granite/gneiss,False,none
H+47+39,grassland,none,good,none,village,"strong food, route access",47,39,105.29,0.017,656.0,15.58,loam,grassland/pasture,Craton granite/gneiss,False,none
H+48+39,farmland,river,rich,none,none,excellent site left empty on purpose,48,39,104.78,0.017,638.8,15.65,loam,floodplain farmable,Craton granite/gneiss,False,none
H+49+39,farmland,river,rich,greenstone_metals,city-candidate,"fresh water, strong food, route access",49,39,104.27,0.017,626.7,15.71,loam,floodplain farmable,Craton granite/gneiss,False,none
H+50+39,farmland,river,rich,greenstone_metals,city-candidate,"fresh water, strong food, route access",50,39,103.76,0.017,620.0,15.77,loam,floodplain farmable,Craton granite/gneiss,False,none
H+51+39,farmland,river,rich,none,city-candidate,"fresh water, strong food, route access",51,39,103.25,0.017,620.5,15.81,loam,floodplain farmable,Craton granite/gneiss,False,none
H+52+39,farmland,river,rich,greenstone_metals,city-candidate,"fresh water, strong food, route access",52,39,102.74,0.017,628.8,15.85,loam,floodplain farmable,Craton granite/gneiss,False,none
H+53+39,farmland,river,rich,none,city-candidate,"fresh water, strong food, route access",53,39,102.23,1.45,635.1,15.88,loam,floodplain farmable,Craton granite/gneiss,False,none
H+54+39,coast,major_river,modest,fish,town,"fresh water, route access, major river",54,39,58.71,2.532,636.4,16.19,loam,coastal scrub,Craton granite/gneiss,False,none
H+55+39,grassland,none,good,none,village,"strong food, route access",55,39,129.82,3.428,631.6,15.77,volcanic andisol,grassland/pasture,Arc andesite/volcanic,False,none
H+56+39,grassland,none,good,none,village,"strong food, route access",56,39,201.17,3.897,621.2,15.33,volcanic andisol,grassland/pasture,Arc andesite/volcanic,False,none
H+57+39,grassland,none,good,none,village,"strong food, route access",57,39,271.99,4.218,609.0,14.88,volcanic andisol,grassland/pasture,Arc andesite/volcanic,False,none
H+58+39,grassland,none,good,none,village,"strong food, route access",58,39,331.14,4.524,600.0,14.5,volcanic andisol,grassland/pasture,Arc andesite/volcanic,False,none
H+59+39,grassland,none,good,none,village,"strong food, route access",59,39,389.19,4.917,600.2,14.12,volcanic andisol,grassland/pasture,Arc andesite/volcanic,False,none
H+60+39,grassland,none,good,none,village,"strong food, route access",60,39,436.93,5.174,614.8,13.8,volcanic andisol,grassland/pasture,Arc andesite/volcanic,False,none
H+61+39,grassland,none,good,none,village,"strong food, route access",61,39,472.93,5.19,623.9,13.56,volcanic andisol,grassland/pasture,Arc andesite/volcanic,False,none
H+62+39,grassland,none,good,none,village,"strong food, route access",62,39,468.48,4.584,612.8,13.55,volcanic andisol,grassland/pasture,Arc andesite/volcanic,False,none
H+63+39,grassland,none,good,none,village,"strong food, route access",63,39,446.82,5.078,607.3,13.64,volcanic andisol,grassland/pasture,Arc andesite/volcanic,False,none
H+64+39,grassland,none,good,none,village,"strong food, route access",64,39,425.06,4.323,610.8,13.73,volcanic andisol,grassland/pasture,Arc andesite/volcanic,False,none
H+65+39,grassland,river,good,none,town,"fresh water, strong food, route access",65,39,413.97,3.465,614.8,13.76,volcanic andisol,grassland/pasture,Arc andesite/volcanic,False,none
H+66+39,grassland,none,good,none,village,"strong food, route access",66,39,422.23,3.237,610.7,13.69,volcanic andisol,grassland/pasture,Arc andesite/volcanic,False,none
H+67+39,grassland,none,good,none,village,"strong food, route access",67,39,432.26,3.492,603.2,13.62,volcanic andisol,grassland/pasture,Arc andesite/volcanic,False,none
H+68+39,grassland,none,good,none,village,"strong food, route access",68,39,444.99,4.126,610.0,13.53,volcanic andisol,grassland/pasture,Arc andesite/volcanic,False,none
H+69+39,grassland,none,good,none,village,"strong food, route access",69,39,442.86,5.102,622.9,13.54,volcanic andisol,grassland/pasture,Arc andesite/volcanic,False,none
H+70+39,grassland,none,good,none,village,"strong food, route access",70,39,418.25,6.433,632.2,13.69,volcanic andisol,grassland/pasture,Arc andesite/volcanic,False,none
H+71+39,grassland,none,good,none,village,"strong food, route access",71,39,341.89,6.405,637.4,14.16,volcanic andisol,grassland/pasture,Arc andesite/volcanic,False,none
H+72+39,grassland,none,good,none,village,"strong food, route access",72,39,248.6,6.792,638.8,14.74,volcanic andisol,grassland/pasture,Arc andesite/volcanic,False,none
H+73+39,grassland,none,good,none,village,"strong food, route access",73,39,171.17,5.881,643.7,15.25,volcanic andisol,grassland/pasture,Arc andesite/volcanic,False,none
H+74+39,grassland,none,good,none,village,"strong food, route access",74,39,258.63,7.391,653.2,14.7,volcanic andisol,grassland/pasture,Arc andesite/volcanic,False,none
H+75+39,grassland,none,good,none,village,"strong food, route access",75,39,188.01,2.354,657.3,15.17,volcanic andisol,grassland/pasture,Arc andesite/volcanic,False,none
H+76+39,grassland,none,good,clay,village,"strong food, route access",76,39,127.09,2.03,656.4,15.57,sandy coastal,grassland/pasture,Coastal sediment,False,none
H+77+39,coast,none,none,clay,none,no reliable fresh water; poor food; arid interior,77,39,69.35,1.925,656.2,15.9,sandy coastal,coastal scrub,Coastal sediment,False,none
H+78+39,coast,river,none,clay,farmstead,"fresh water, route access",78,39,64.45,0.163,649.9,15.86,sandy coastal,coastal scrub,Coastal sediment,False,none
H+79+39,coast,none,none,clay,none,no reliable fresh water; poor food; arid interior,79,39,66.31,0.271,648.2,15.77,sandy coastal,coastal scrub,Coastal sediment,False,none
H+00+40,coast,none,none,clay,none,no reliable fresh water; poor food; arid interior,0,40,41.75,4.304,829.9,17.18,sandy coastal,coastal scrub,Coastal sediment,False,none
H+01+40,coast,none,none,clay,farmstead,"fresh water, route access",1,40,49.28,4.554,826.8,17.14,sandy coastal,coastal scrub,Coastal sediment,False,none
H+02+40,coast,none,none,clay,farmstead,"fresh water, route access",2,40,54.58,0.529,819.9,17.12,sandy coastal,coastal scrub,Coastal sediment,False,none
H+03+40,coast,none,none,none,farmstead,"fresh water, route access",3,40,53.93,0.264,814.7,17.14,sandy coastal,coastal scrub,Coastal sediment,False,none
H+04+40,coast,none,none,none,none,no reliable fresh water; poor food; arid interior,4,40,58.62,0.32,815.0,17.11,sandy coastal,coastal scrub,Coastal sediment,False,none
H+05+40,coast,none,none,none,none,no reliable fresh water; poor food; arid interior,5,40,68.21,0.32,809.2,17.02,sandy coastal,coastal scrub,Coastal sediment,False,none
H+06+40,coast,none,none,none,none,no reliable fresh water; poor food; arid interior,6,40,69.01,0.155,805.0,16.94,sandy coastal,coastal scrub,Coastal sediment,False,none
H+07+40,coast,none,none,none,none,no reliable fresh water; poor food; arid interior,7,40,64.88,0.237,801.8,16.9,sandy coastal,coastal scrub,Coastal sediment,False,none
H+08+40,coast,river,none,none,farmstead,"fresh water, route access",8,40,58.28,0.237,796.9,16.87,sandy coastal,coastal scrub,Coastal sediment,False,none
H+09+40,coast,none,none,none,none,no reliable fresh water; poor food; arid interior,9,40,53.86,0.396,785.6,16.83,sandy coastal,coastal scrub,Coastal sediment,False,none
H+10+40,coast,major_river,modest,fish,town,"fresh water, route access, major river",10,40,43.71,2.38,769.9,16.82,loam,coastal scrub,Craton granite/gneiss,False,none
H+11+40,forest,none,good,none,village,"adequate food, route access",11,40,115.13,3.818,748.0,16.26,volcanic andisol,temperate forest,Hotspot basalt,False,none
H+12+40,forest,none,good,none,farmstead,"adequate food, route access",12,40,229.66,4.082,710.3,15.42,volcanic andisol,temperate forest,Hotspot basalt,False,none
H+13+40,grassland,none,good,none,village,"strong food, route access",13,40,352.11,4.082,669.0,14.51,volcanic andisol,grassland/pasture,Hotspot basalt,False,none
H+14+40,grassland,none,good,none,village,"strong food, route access",14,40,469.46,3.961,670.0,13.63,volcanic andisol,grassland/pasture,Hotspot basalt,False,none
H+15+40,forest,none,good,timber,farmstead,"adequate food, route access",15,40,588.28,4.412,703.3,12.74,volcanic andisol,temperate forest,Hotspot basalt,False,none
H+16+40,forest,none,good,timber,farmstead,"adequate food, route access",16,40,720.64,4.412,759.9,11.77,volcanic andisol,temperate forest,Hotspot basalt,False,none
H+17+40,lake,lake,modest,evaporite_host|fish,none,open water (lake/inland sea),17,40,588.76,4.396,639.5,12.53,clay basin,none/ocean,Basin sediment,True,none
H+18+40,lake,lake,modest,evaporite_host|clay|fish,none,open water (lake/inland sea),18,40,588.76,0.0,663.7,12.45,clay basin,none/ocean,Basin sediment,True,none
H+19+40,lake,lake,modest,evaporite_host|fish,none,open water (lake/inland sea),19,40,588.76,0.0,661.3,12.4,clay basin,none/ocean,Basin sediment,True,none
H+20+40,lake,lake,modest,evaporite_host|fish,none,open water (lake/inland sea),20,40,588.76,0.0,657.0,12.37,clay basin,none/ocean,Basin sediment,True,none
H+21+40,lake,lake,modest,evaporite_host|clay|fish,none,open water (lake/inland sea),21,40,588.76,0.0,655.3,12.35,clay basin,none/ocean,Basin sediment,True,none
H+22+40,lake,lake,modest,evaporite_host|clay|fish,none,open water (lake/inland sea),22,40,588.76,0.0,660.5,12.34,clay basin,none/ocean,Basin sediment,True,none
H+23+40,lake,lake,modest,evaporite_host|clay|fish,none,open water (lake/inland sea),23,40,588.76,4.414,666.7,12.34,clay basin,none/ocean,Basin sediment,True,none
H+24+40,forest,none,good,timber,farmstead,"adequate food, route access",24,40,721.18,4.573,778.2,11.48,volcanic andisol,temperate forest,Hotspot basalt,False,none
H+25+40,grassland,none,good,none,village,"strong food, route access",25,40,584.5,4.573,659.6,12.38,loam,grassland/pasture,Suture metamorphic,False,none
H+26+40,farmland,river,rich,none,town,"fresh water, strong food, route access",26,40,458.82,4.206,689.3,13.21,loam,floodplain farmable,Suture metamorphic,False,none
H+27+40,forest,none,good,none,farmstead,"adequate food, route access",27,40,570.48,6.62,754.8,12.51,loam,temperate forest,Suture metamorphic,False,none
H+28+40,forest,none,good,none,farmstead,"adequate food, route access",28,40,765.82,6.511,899.3,11.28,loam,temperate forest,Suture metamorphic,False,none
H+29+40,lake,lake,modest,evaporite_host|clay|fish,none,open water (lake/inland sea),29,40,588.76,6.303,675.0,12.47,glacial till,none/ocean,Basin sediment,True,moraine
H+30+40,lake,lake,modest,evaporite_host|clay|fish,none,open water (lake/inland sea),30,40,588.76,0.0,692.9,12.5,clay basin,none/ocean,Basin sediment,True,none
H+31+40,lake,lake,modest,evaporite_host|clay|fish,none,open water (lake/inland sea),31,40,588.76,0.0,680.4,12.54,clay basin,none/ocean,Basin sediment,True,none
H+32+40,lake,lake,modest,evaporite_host|clay|fish,none,open water (lake/inland sea),32,40,588.76,0.0,681.8,12.57,clay basin,none/ocean,Basin sediment,True,none
H+33+40,lake,lake,modest,evaporite_host|clay|fish,none,open water (lake/inland sea),33,40,588.76,0.0,695.5,12.6,clay basin,none/ocean,Basin sediment,True,none
H+34+40,lake,lake,modest,evaporite_host|clay|fish,none,open water (lake/inland sea),34,40,588.76,0.0,715.0,12.6,clay basin,none/ocean,Basin sediment,True,none
H+35+40,lake,lake,modest,evaporite_host|fish,none,open water (lake/inland sea),35,40,588.76,0.0,737.6,12.57,clay basin,none/ocean,Basin sediment,True,none
H+36+40,lake,lake,modest,evaporite_host|fish,none,open water (lake/inland sea),36,40,588.76,0.0,748.7,12.53,clay basin,none/ocean,Basin sediment,True,none
H+37+40,lake,lake,modest,evaporite_host|fish,none,open water (lake/inland sea),37,40,588.76,0.0,746.0,12.48,clay basin,none/ocean,Basin sediment,True,none
H+38+40,lake,lake,modest,evaporite_host|clay|fish,none,open water (lake/inland sea),38,40,588.76,44.251,736.8,12.44,glacial till,none/ocean,Basin sediment,True,u_valley
H+39+40,high_peaks,none,modest,timber,none,no reliable fresh water; too steep,39,40,1916.29,49.867,2645.9,3.82,mountain thin,boreal forest,Suture metamorphic,False,none
H+40+40,grassland,none,good,stone,none,no reliable fresh water; too steep,40,40,420.28,49.867,678.7,13.56,rocky/lithosol,grassland/pasture,Suture metamorphic,False,none
H+41+40,grassland,river,good,none,farmstead,"fresh water, strong food, route access",41,40,253.28,54.811,683.2,14.69,rocky/lithosol,grassland/pasture,Suture metamorphic,False,none
H+42+40,farmland,river,rich,limestone_karst,town,"fresh water, strong food, route access",42,40,112.47,4.694,680.1,15.65,loam,floodplain farmable,Suture metamorphic,False,none
H+43+40,farmland,river,rich,none,city-candidate,"fresh water, strong food, route access",43,40,107.33,0.171,677.0,15.71,loam,floodplain farmable,Craton granite/gneiss,False,none
H+44+40,farmland,river,rich,none,city-candidate,"fresh water, strong food, route access",44,40,106.82,0.017,675.2,15.73,loam,floodplain farmable,Craton granite/gneiss,False,none
H+45+40,farmland,river,rich,greenstone_metals,city-candidate,"fresh water, strong food, route access",45,40,106.31,0.017,670.0,15.75,loam,floodplain farmable,Craton granite/gneiss,False,none
H+46+40,farmland,river,rich,none,city-candidate,"fresh water, strong food, route access",46,40,105.8,0.017,659.3,15.79,loam,floodplain farmable,Craton granite/gneiss,False,none
H+47+40,farmland,river,rich,none,city-candidate,"fresh water, strong food, route access",47,40,105.29,0.017,644.2,15.85,loam,floodplain farmable,Craton granite/gneiss,False,none
H+48+40,farmland,river,rich,none,city-candidate,"fresh water, strong food, route access",48,40,104.78,0.017,624.7,15.91,loam,floodplain farmable,Craton granite/gneiss,False,none
H+49+40,farmland,river,rich,none,city-candidate,"fresh water, strong food, route access",49,40,104.27,0.017,607.2,15.96,loam,floodplain farmable,Craton granite/gneiss,False,none
H+50+40,farmland,river,rich,none,city-candidate,"fresh water, strong food, route access",50,40,103.76,0.017,599.2,16.0,loam,floodplain farmable,Craton granite/gneiss,False,none
H+51+40,farmland,river,rich,none,none,excellent site left empty on purpose,51,40,103.25,0.017,611.7,16.03,loam,floodplain farmable,Craton granite/gneiss,False,none
H+52+40,farmland,river,rich,none,city-candidate,"fresh water, strong food, route access",52,40,102.74,1.45,626.3,16.05,loam,floodplain farmable,Craton granite/gneiss,False,none
H+53+40,coast,major_river,modest,fish,town,"fresh water, route access, major river",53,40,59.22,2.532,621.9,16.36,loam,coastal scrub,Craton granite/gneiss,False,none
H+54+40,grassland,none,good,none,village,"strong food, route access",54,40,134.69,3.282,614.3,15.9,volcanic andisol,grassland/pasture,Arc andesite/volcanic,False,none
H+55+40,grassland,none,good,none,village,"strong food, route access",55,40,232.65,3.428,620.5,15.3,volcanic andisol,grassland/pasture,Arc andesite/volcanic,False,none
H+56+40,grassland,none,good,none,village,"strong food, route access",56,40,318.1,3.897,623.5,14.77,volcanic andisol,grassland/pasture,Arc andesite/volcanic,False,none
H+57+40,grassland,none,good,none,village,"strong food, route access",57,40,394.21,4.074,601.9,14.29,volcanic andisol,grassland/pasture,Arc andesite/volcanic,False,none
H+58+40,grassland,none,good,none,village,"strong food, route access",58,40,465.41,4.476,583.0,13.84,volcanic andisol,grassland/pasture,Arc andesite/volcanic,False,none
H+59+40,grassland,none,good,none,village,"strong food, route access",59,40,527.07,4.596,588.3,13.44,volcanic andisol,grassland/pasture,Arc andesite/volcanic,False,none
H+60+40,grassland,none,good,none,village,"strong food, route access",60,40,581.62,4.823,610.3,13.09,volcanic andisol,grassland/pasture,Arc andesite/volcanic,False,none
H+61+40,grassland,none,good,none,village,"strong food, route access",61,40,606.01,4.584,607.2,12.93,volcanic andisol,grassland/pasture,Arc andesite/volcanic,False,none
H+62+40,grassland,none,good,none,village,"strong food, route access",62,40,599.16,5.078,592.6,12.96,volcanic andisol,grassland/pasture,Arc andesite/volcanic,False,none
H+63+40,grassland,none,good,none,village,"strong food, route access",63,40,554.74,4.885,586.5,13.21,volcanic andisol,grassland/pasture,Arc andesite/volcanic,False,none
H+64+40,grassland,none,good,none,village,"strong food, route access",64,40,517.92,4.627,589.9,13.4,volcanic andisol,grassland/pasture,Arc andesite/volcanic,False,none
H+65+40,grassland,river,good,none,town,"fresh water, strong food, route access",65,40,508.55,3.574,594.9,13.43,volcanic andisol,grassland/pasture,Arc andesite/volcanic,False,none
H+66+40,grassland,none,good,none,village,"strong food, route access",66,40,512.2,3.12,598.0,13.39,volcanic andisol,grassland/pasture,Arc andesite/volcanic,False,none
H+67+40,grassland,none,good,none,village,"strong food, route access",67,40,531.97,3.324,605.9,13.26,volcanic andisol,grassland/pasture,Arc andesite/volcanic,False,none
H+68+40,grassland,none,good,volcanic_host,village,"strong food, route access",68,40,552.91,3.668,614.5,13.11,volcanic andisol,grassland/pasture,Arc andesite/volcanic,False,none
H+69+40,grassland,none,good,none,village,"strong food, route access",69,40,557.93,4.656,608.6,13.06,volcanic andisol,grassland/pasture,Arc andesite/volcanic,False,none
H+70+40,grassland,none,good,obsidian,village,"strong food, route access",70,40,530.79,6.297,607.4,13.21,volcanic andisol,grassland/pasture,Arc andesite/volcanic,False,none
H+71+40,grassland,none,good,obsidian,village,"strong food, route access",71,40,452.36,6.792,611.7,13.69,volcanic andisol,grassland/pasture,Arc andesite/volcanic,False,none
H+72+40,grassland,none,good,none,village,"strong food, route access",72,40,347.6,6.396,616.3,14.33,volcanic andisol,grassland/pasture,Arc andesite/volcanic,False,none
H+73+40,grassland,none,good,obsidian,village,"strong food, route access",73,40,340.55,5.646,629.6,14.36,volcanic andisol,grassland/pasture,Arc andesite/volcanic,False,none
H+74+40,grassland,none,good,obsidian,village,"strong food, route access",74,40,258.12,2.748,651.8,14.9,volcanic andisol,grassland/pasture,Arc andesite/volcanic,False,none
H+75+40,grassland,none,good,obsidian,village,"strong food, route access",75,40,187.5,2.354,659.5,15.37,volcanic andisol,grassland/pasture,Arc andesite/volcanic,False,none
H+76+40,grassland,none,good,obsidian,village,"strong food, route access",76,40,126.58,2.03,658.2,15.75,volcanic andisol,grassland/pasture,Arc andesite/volcanic,False,none
H+77+40,coast,none,none,clay,none,no reliable fresh water; poor food; arid interior,77,40,68.84,1.925,655.9,16.08,sandy coastal,coastal scrub,Coastal sediment,False,none
H+78+40,coast,river,none,clay,farmstead,"fresh water, route access",78,40,63.94,0.192,648.0,16.03,sandy coastal,coastal scrub,Coastal sediment,False,none
H+79+40,coast,river,none,clay,farmstead,"fresh water, route access",79,40,58.17,4.515,644.3,15.98,sandy coastal,coastal scrub,Coastal sediment,False,none
H+00+41,ocean,ocean,modest,fish,none,ocean,0,41,-87.35,4.554,903.8,17.76,none/ocean,none/ocean,Oceanic basalt,False,
H+01+41,coast,none,none,clay,farmstead,"fresh water, route access",1,41,38.71,4.342,819.3,17.52,sandy coastal,coastal scrub,Coastal sediment,False,none
H+02+41,coast,none,none,none,farmstead,"fresh water, route access",2,41,46.02,4.442,813.9,17.5,sandy coastal,coastal scrub,Coastal sediment,False,none
H+03+41,coast,none,none,none,farmstead,"fresh water, route access",3,41,52.12,0.457,810.5,17.47,sandy coastal,coastal scrub,Coastal sediment,False,none
H+04+41,coast,none,none,none,none,no reliable fresh water; poor food; arid interior,4,41,60.46,0.55,813.7,17.41,sandy coastal,coastal scrub,Coastal sediment,False,none
H+05+41,coast,none,none,none,none,no reliable fresh water; poor food; arid interior,5,41,68.5,0.589,809.7,17.32,sandy coastal,coastal scrub,Coastal sediment,False,none
H+06+41,coast,none,none,none,none,no reliable fresh water; poor food; arid interior,6,41,64.37,0.237,808.0,17.27,sandy coastal,coastal scrub,Coastal sediment,False,none
H+07+41,coast,none,none,none,none,no reliable fresh water; poor food; arid interior,7,41,57.77,0.271,807.0,17.21,sandy coastal,coastal scrub,Coastal sediment,False,none
H+08+41,coast,river,none,none,farmstead,"fresh water, route access",8,41,53.35,0.406,803.6,17.14,sandy coastal,coastal scrub,Coastal sediment,False,none
H+09+41,coast,major_river,modest,fish,town,"fresh water, route access, major river",9,41,41.99,0.535,794.0,17.1,sandy coastal,coastal scrub,Coastal sediment,False,none
H+10+41,coast,none,none,none,none,no reliable fresh water; poor food; arid interior,10,41,58.03,3.584,776.7,16.9,volcanic andisol,coastal scrub,Hotspot basalt,False,none
H+11+41,forest,none,good,none,farmstead,"adequate food, route access",11,41,165.56,4.402,751.3,16.1,volcanic andisol,temperate forest,Hotspot basalt,False,none
H+12+41,forest,none,good,none,farmstead,"adequate food, route access",12,41,297.63,4.843,713.3,15.14,volcanic andisol,temperate forest,Hotspot basalt,False,none
H+13+41,grassland,none,good,volcanic_host,village,"strong food, route access",13,41,442.92,4.843,688.0,14.1,volcanic andisol,grassland/pasture,Hotspot basalt,False,none
H+14+41,forest,none,good,timber,farmstead,"adequate food, route access",14,41,587.77,4.828,717.8,13.06,volcanic andisol,temperate forest,Hotspot basalt,False,none
H+15+41,forest,none,good,none,farmstead,"adequate food, route access",15,41,720.13,4.412,749.6,12.1,volcanic andisol,temperate forest,Hotspot basalt,False,none
H+16+41,lake,lake,modest,evaporite_host|fish,none,open water (lake/inland sea),16,41,588.76,4.396,629.2,12.86,clay basin,none/ocean,Basin sediment,True,none
H+17+41,lake,lake,modest,evaporite_host|fish,none,open water (lake/inland sea),17,41,588.76,0.0,657.4,12.77,clay basin,none/ocean,Basin sediment,True,none
H+18+41,lake,lake,modest,evaporite_host|fish,none,open water (lake/inland sea),18,41,588.76,0.0,660.1,12.69,clay basin,none/ocean,Basin sediment,True,none
H+19+41,lake,lake,modest,evaporite_host|fish,none,open water (lake/inland sea),19,41,588.76,0.0,657.4,12.64,clay basin,none/ocean,Basin sediment,True,none
H+20+41,lake,lake,modest,evaporite_host|fish,none,open water (lake/inland sea),20,41,588.76,0.0,653.2,12.6,clay basin,none/ocean,Basin sediment,True,none
H+21+41,lake,lake,modest,evaporite_host|fish,none,open water (lake/inland sea),21,41,588.76,0.0,652.6,12.57,clay basin,none/ocean,Basin sediment,True,none
H+22+41,lake,lake,modest,evaporite_host|clay|fish,none,open water (lake/inland sea),22,41,588.76,4.397,659.0,12.56,clay basin,none/ocean,Basin sediment,True,none
H+23+41,forest,none,good,timber|obsidian,farmstead,"adequate food, route access",23,41,720.67,4.573,772.9,11.71,volcanic andisol,temperate forest,Hotspot basalt,False,none
H+24+41,grassland,none,good,none,village,"strong food, route access",24,41,583.99,4.573,652.2,12.61,volcanic andisol,grassland/pasture,Hotspot basalt,False,none
H+25+41,grassland,none,good,none,village,"strong food, route access",25,41,458.31,4.206,681.7,13.44,volcanic andisol,grassland/pasture,Hotspot basalt,False,none
H+26+41,farmland,river,rich,none,town,"fresh water, strong food, route access",26,41,398.31,6.174,698.7,13.86,loam,floodplain farmable,Suture metamorphic,False,none
H+27+41,forest,none,good,none,farmstead,"adequate food, route access",27,41,583.53,6.477,793.5,12.69,loam,temperate forest,Suture metamorphic,False,none
H+28+41,forest,none,good,none,farmstead,"adequate food, route access",28,41,777.85,6.477,901.7,11.48,loam,temperate forest,Suture metamorphic,False,none
H+29+41,lake,lake,modest,evaporite_host|clay|fish,none,open water (lake/inland sea),29,41,588.76,6.84,669.2,12.74,glacial till,none/ocean,Basin sediment,True,outwash
H+30+41,lake,lake,modest,evaporite_host|clay|fish,none,open water (lake/inland sea),30,41,588.76,0.0,688.4,12.77,clay basin,none/ocean,Basin sediment,True,none
H+31+41,lake,lake,modest,evaporite_host|clay|fish,none,open water (lake/inland sea),31,41,588.76,0.0,676.3,12.8,clay basin,none/ocean,Basin sediment,True,none
H+32+41,lake,lake,modest,evaporite_host|clay|fish,none,open water (lake/inland sea),32,41,588.76,0.0,676.3,12.82,clay basin,none/ocean,Basin sediment,True,none
H+33+41,lake,lake,modest,evaporite_host|clay|fish,none,open water (lake/inland sea),33,41,588.76,0.0,688.8,12.85,clay basin,none/ocean,Basin sediment,True,none
H+34+41,lake,lake,modest,evaporite_host|clay|fish,none,open water (lake/inland sea),34,41,588.76,0.0,707.0,12.87,clay basin,none/ocean,Basin sediment,True,none
H+35+41,lake,lake,modest,evaporite_host|clay|fish,none,open water (lake/inland sea),35,41,588.76,0.0,727.1,12.87,clay basin,none/ocean,Basin sediment,True,none
H+36+41,lake,lake,modest,evaporite_host|clay|fish,none,open water (lake/inland sea),36,41,588.76,0.0,736.5,12.86,clay basin,none/ocean,Basin sediment,True,none
H+37+41,lake,lake,modest,evaporite_host|fish,none,open water (lake/inland sea),37,41,588.76,0.0,735.4,12.84,clay basin,none/ocean,Basin sediment,True,none
H+38+41,lake,lake,modest,evaporite_host|clay|fish,none,open water (lake/inland sea),38,41,588.76,44.251,728.7,12.83,glacial till,none/ocean,Basin sediment,True,u_valley
H+39+41,high_peaks,none,modest,timber|stone,none,no reliable fresh water; too steep,39,41,1905.94,49.522,2618.7,4.27,mountain thin,boreal forest,Suture metamorphic,False,none
H+40+41,high_peaks,none,modest,timber|stone,none,no reliable fresh water; too steep,40,41,1897.6,55.238,674.2,4.32,mountain thin,boreal forest,Suture metamorphic,False,none
H+41+41,grassland,none,good,limestone_karst,none,no reliable fresh water; too steep,41,41,240.46,55.252,678.8,15.1,rocky/lithosol,grassland/pasture,Suture metamorphic,False,none
H+42+41,grassland,none,good,none,village,"strong food, route access",42,41,112.21,4.275,678.9,15.95,loam,grassland/pasture,Suture metamorphic,False,none
H+43+41,grassland,none,good,none,village,"strong food, route access",43,41,107.33,0.163,677.9,15.99,loam,grassland/pasture,Craton granite/gneiss,False,none
H+44+41,grassland,none,good,none,village,"strong food, route access",44,41,106.82,0.017,676.0,15.99,loam,grassland/pasture,Craton granite/gneiss,False,none
H+45+41,grassland,none,good,none,village,"strong food, route access",45,41,106.31,0.017,670.5,16.01,loam,grassland/pasture,Craton granite/gneiss,False,none
H+46+41,grassland,none,good,none,village,"strong food, route access",46,41,105.8,0.017,659.4,16.05,loam,grassland/pasture,Craton granite/gneiss,False,none
H+47+41,grassland,none,good,greenstone_metals,village,"strong food, route access",47,41,105.29,0.017,642.4,16.11,loam,grassland/pasture,Craton granite/gneiss,False,none
H+48+41,grassland,none,good,none,village,"strong food, route access",48,41,104.78,0.017,619.6,16.16,loam,grassland/pasture,Craton granite/gneiss,False,none
H+49+41,farmland,river,rich,none,city-candidate,"fresh water, strong food, route access",49,41,104.27,0.017,597.8,16.2,loam,floodplain farmable,Craton granite/gneiss,False,none
H+50+41,farmland,river,rich,none,city-candidate,"fresh water, strong food, route access",50,41,103.76,0.017,585.9,16.23,loam,floodplain farmable,Craton granite/gneiss,False,none
H+51+41,farmland,river,rich,none,city-candidate,"fresh water, strong food, route access",51,41,103.25,1.45,595.1,16.24,loam,floodplain farmable,Craton granite/gneiss,False,none
H+52+41,coast,major_river,modest,fish,town,"fresh water, route access, major river",52,41,59.73,2.532,607.1,16.54,loam,coastal scrub,Craton granite/gneiss,False,none
H+53+41,grassland,none,good,none,village,"strong food, route access",53,41,135.2,3.282,599.8,16.07,volcanic andisol,grassland/pasture,Arc andesite/volcanic,False,none
H+54+41,grassland,none,good,none,village,"strong food, route access",54,41,233.16,3.282,590.7,15.46,volcanic andisol,grassland/pasture,Arc andesite/volcanic,False,none
H+55+41,grassland,none,good,none,village,"strong food, route access",55,41,329.38,3.224,598.0,14.87,volcanic andisol,grassland/pasture,Arc andesite/volcanic,False,none
H+56+41,grassland,none,good,none,village,"strong food, route access",56,41,422.17,3.469,607.5,14.3,volcanic andisol,grassland/pasture,Arc andesite/volcanic,False,none
H+57+41,grassland,none,good,none,village,"strong food, route access",57,41,497.96,3.458,599.2,13.83,volcanic andisol,grassland/pasture,Arc andesite/volcanic,False,none
H+58+41,grassland,none,good,none,village,"strong food, route access",58,41,570.03,3.487,582.3,13.37,volcanic andisol,grassland/pasture,Arc andesite/volcanic,False,none
H+59+41,grassland,none,good,none,village,"strong food, route access",59,41,636.45,3.646,588.9,12.94,volcanic andisol,grassland/pasture,Arc andesite/volcanic,False,none
H+60+41,grassland,none,good,none,village,"strong food, route access",60,41,686.33,3.49,601.6,12.63,volcanic andisol,grassland/pasture,Arc andesite/volcanic,False,none
H+61+41,grassland,none,good,none,village,"strong food, route access",61,41,714.74,3.853,597.4,12.46,volcanic andisol,grassland/pasture,Arc andesite/volcanic,False,none
H+62+41,grassland,none,good,volcanic_host,village,"strong food, route access",62,41,701.31,4.885,575.2,12.54,volcanic andisol,grassland/pasture,Arc andesite/volcanic,False,none
H+63+41,grassland,none,good,none,village,"strong food, route access",63,41,656.71,4.627,569.7,12.8,volcanic andisol,grassland/pasture,Arc andesite/volcanic,False,none
H+64+41,grassland,none,good,none,village,"strong food, route access",64,41,615.77,4.7,574.4,13.04,volcanic andisol,grassland/pasture,Arc andesite/volcanic,False,none
H+65+41,grassland,river,good,volcanic_host,town,"fresh water, strong food, route access",65,41,600.55,4.055,583.1,13.11,volcanic andisol,grassland/pasture,Arc andesite/volcanic,False,none
H+66+41,grassland,none,good,none,village,"strong food, route access",66,41,605.8,3.569,592.0,13.06,volcanic andisol,grassland/pasture,Arc andesite/volcanic,False,none
H+67+41,grassland,none,good,none,village,"strong food, route access",67,41,627.99,3.201,608.1,12.91,volcanic andisol,grassland/pasture,Arc andesite/volcanic,False,none
H+68+41,grassland,none,good,none,village,"strong food, route access",68,41,647.26,3.145,617.3,12.77,volcanic andisol,grassland/pasture,Arc andesite/volcanic,False,none
H+69+41,grassland,none,good,none,village,"strong food, route access",69,41,650.13,3.978,607.4,12.72,volcanic andisol,grassland/pasture,Arc andesite/volcanic,False,none
H+70+41,grassland,none,good,obsidian,village,"strong food, route access",70,41,607.34,5.166,602.9,12.96,volcanic andisol,grassland/pasture,Arc andesite/volcanic,False,none
H+71+41,grassland,none,good,obsidian,village,"strong food, route access",71,41,539.49,6.396,609.5,13.35,volcanic andisol,grassland/pasture,Arc andesite/volcanic,False,none
H+72+41,grassland,none,good,obsidian,village,"strong food, route access",72,41,435.76,5.227,616.6,13.97,volcanic andisol,grassland/pasture,Arc andesite/volcanic,False,none
H+73+41,grassland,none,good,obsidian,village,"strong food, route access",73,41,340.04,5.796,632.5,14.57,volcanic andisol,grassland/pasture,Arc andesite/volcanic,False,none
H+74+41,grassland,river,good,obsidian,town,"fresh water, strong food, route access",74,41,257.61,5.616,653.2,15.1,volcanic andisol,grassland/pasture,Arc andesite/volcanic,False,none
H+75+41,grassland,river,good,obsidian,town,"fresh water, strong food, route access",75,41,186.99,4.817,659.3,15.55,volcanic andisol,grassland/pasture,Arc andesite/volcanic,False,none
H+76+41,grassland,major_river,rich,volcanic_host|obsidian|fish,city-candidate,"fresh water, strong food, route access, major river",76,41,126.07,4.054,656.3,15.92,volcanic andisol,grassland/pasture,Arc andesite/volcanic,False,none
H+77+41,coast,major_river,modest,obsidian|fish,town,"fresh water, route access, major river",77,41,68.33,3.665,651.7,16.24,volcanic andisol,coastal scrub,Arc andesite/volcanic,False,none
H+78+41,coast,major_river,modest,clay|fish,town,"fresh water, route access, major river",78,41,63.43,4.69,641.6,16.19,sandy coastal,coastal scrub,Coastal sediment,False,none
H+79+41,ocean,ocean,modest,fish,none,ocean,79,41,-77.27,4.943,700.1,16.51,none/ocean,none/ocean,Oceanic basalt,False,
H+00+42,ocean,ocean,modest,fish,none,ocean,0,42,-91.54,4.342,893.3,18.06,none/ocean,none/ocean,Oceanic basalt,False,
H+01+42,ocean,ocean,modest,fish,none,ocean,1,42,-87.23,4.442,892.4,18.08,none/ocean,none/ocean,Oceanic basalt,False,
H+02+42,coast,none,none,none,farmstead,"fresh water, route access",2,42,38.41,4.287,809.3,17.85,sandy coastal,coastal scrub,Coastal sediment,False,none
H+03+42,coast,none,none,none,farmstead,"fresh water, route access",3,42,43.96,0.55,809.1,17.84,sandy coastal,coastal scrub,Coastal sediment,False,none
H+04+42,coast,none,none,none,farmstead,"fresh water, route access",4,42,50.83,0.589,814.0,17.79,sandy coastal,coastal scrub,Coastal sediment,False,none
H+05+42,coast,none,none,none,none,no reliable fresh water; poor food; arid interior,5,42,63.86,0.654,811.8,17.66,sandy coastal,coastal scrub,Coastal sediment,False,none
H+06+42,coast,none,none,none,none,no reliable fresh water; poor food; arid interior,6,42,57.26,0.271,813.1,17.61,sandy coastal,coastal scrub,Coastal sediment,False,none
H+07+42,coast,none,none,none,none,no reliable fresh water; poor food; arid interior,7,42,49.64,0.374,812.5,17.53,sandy coastal,coastal scrub,Coastal sediment,False,none
H+08+42,coast,river,none,none,farmstead,"fresh water, route access",8,42,41.17,0.406,811.4,17.45,sandy coastal,coastal scrub,Coastal sediment,False,none
H+09+42,coast,major_river,modest,fish,town,"fresh water, route access, major river",9,42,39.14,1.165,804.7,17.33,sandy coastal,coastal scrub,Coastal sediment,False,none
H+10+42,coast,none,none,none,none,no reliable fresh water; poor food; arid interior,10,42,74.09,3.953,775.5,16.97,volcanic andisol,coastal scrub,Hotspot basalt,False,none
H+11+42,forest,none,good,none,farmstead,"adequate food, route access",11,42,192.69,4.737,734.6,16.09,volcanic andisol,temperate forest,Hotspot basalt,False,none
H+12+42,forest,none,good,none,farmstead,"adequate food, route access",12,42,334.79,5.138,707.3,15.08,volcanic andisol,temperate forest,Hotspot basalt,False,none
H+13+42,forest,none,good,none,farmstead,"adequate food, route access",13,42,487.44,5.641,721.7,14.0,volcanic andisol,temperate forest,Hotspot basalt,False,none
H+14+42,forest,none,good,none,farmstead,"adequate food, route access",14,42,642.42,5.579,762.0,12.91,volcanic andisol,temperate forest,Hotspot basalt,False,none
H+15+42,lake,lake,modest,evaporite_host|fish,none,open water (lake/inland sea),15,42,588.76,7.285,647.2,13.18,clay basin,none/ocean,Basin sediment,True,none
H+16+42,lake,lake,modest,evaporite_host|fish,none,open water (lake/inland sea),16,42,588.76,7.285,655.3,13.1,clay basin,none/ocean,Basin sediment,True,none
H+17+42,lake,lake,modest,evaporite_host|fish,none,open water (lake/inland sea),17,42,588.76,0.0,663.9,13.02,clay basin,none/ocean,Basin sediment,True,none
H+18+42,lake,lake,modest,evaporite_host|fish,none,open water (lake/inland sea),18,42,588.76,0.0,669.5,12.94,clay basin,none/ocean,Basin sediment,True,none
H+19+42,lake,lake,modest,evaporite_host|fish,none,open water (lake/inland sea),19,42,588.76,0.0,660.9,12.88,clay basin,none/ocean,Basin sediment,True,none
H+20+42,lake,lake,modest,evaporite_host|fish,none,open water (lake/inland sea),20,42,588.76,0.0,649.8,12.83,clay basin,none/ocean,Basin sediment,True,none
H+21+42,lake,lake,modest,evaporite_host|fish,none,open water (lake/inland sea),21,42,588.76,4.38,651.2,12.8,clay basin,none/ocean,Basin sediment,True,none
H+22+42,forest,none,good,timber,farmstead,"adequate food, route access",22,42,720.16,4.573,764.3,11.94,volcanic andisol,temperate forest,Hotspot basalt,False,none
H+23+42,grassland,none,good,none,village,"strong food, route access",23,42,583.48,4.573,649.0,12.83,volcanic andisol,grassland/pasture,Hotspot basalt,False,none
H+24+42,grassland,none,good,none,village,"strong food, route access",24,42,457.8,4.206,683.6,13.66,volcanic andisol,grassland/pasture,Hotspot basalt,False,none
H+25+42,forest,river,good,timber,town,"fresh water, adequate food, route access",25,42,338.13,4.006,704.6,14.47,volcanic andisol,temperate forest,Hotspot basalt,False,none
H+26+42,farmland,none,rich,none,village,"strong food, route access",26,42,397.99,6.301,703.1,14.12,loam,floodplain farmable,Suture metamorphic,False,none
H+27+42,forest,none,good,none,farmstead,"adequate food, route access",27,42,587.02,6.898,792.5,12.94,loam,temperate forest,Suture metamorphic,False,none
H+28+42,forest,none,good,timber,farmstead,"adequate food, route access",28,42,793.95,7.061,918.6,11.65,loam,temperate forest,Suture metamorphic,False,none
H+29+42,lake,lake,modest,evaporite_host|clay|fish,none,open water (lake/inland sea),29,42,588.76,6.84,666.4,13.02,glacial till,none/ocean,Basin sediment,True,outwash
H+30+42,lake,lake,modest,evaporite_host|clay|fish,none,open water (lake/inland sea),30,42,588.76,0.0,693.0,13.03,clay basin,none/ocean,Basin sediment,True,none
H+31+42,lake,lake,modest,evaporite_host|clay|fish,none,open water (lake/inland sea),31,42,588.76,0.0,683.2,13.05,clay basin,none/ocean,Basin sediment,True,none
H+32+42,lake,lake,modest,evaporite_host|clay|fish,none,open water (lake/inland sea),32,42,588.76,0.0,681.3,13.06,clay basin,none/ocean,Basin sediment,True,none
H+33+42,lake,lake,modest,evaporite_host|clay|fish,none,open water (lake/inland sea),33,42,588.76,0.0,689.3,13.08,clay basin,none/ocean,Basin sediment,True,none
H+34+42,lake,lake,modest,evaporite_host|clay|fish,none,open water (lake/inland sea),34,42,588.76,0.0,700.5,13.12,clay basin,none/ocean,Basin sediment,True,none
H+35+42,lake,lake,modest,evaporite_host|clay|fish,none,open water (lake/inland sea),35,42,588.76,0.0,703.6,13.15,clay basin,none/ocean,Basin sediment,True,none
H+36+42,lake,lake,modest,evaporite_host|clay|fish,none,open water (lake/inland sea),36,42,588.76,0.0,702.1,13.18,clay basin,none/ocean,Basin sediment,True,none
H+37+42,lake,lake,modest,evaporite_host|clay|fish,none,open water (lake/inland sea),37,42,588.76,0.0,706.9,13.2,clay basin,none/ocean,Basin sediment,True,none
H+38+42,lake,lake,modest,evaporite_host|clay|fish,none,open water (lake/inland sea),38,42,588.76,43.906,708.2,13.21,glacial till,none/ocean,Basin sediment,True,u_valley
H+39+42,lake,lake,modest,evaporite_host|clay|fish,none,open water (lake/inland sea),39,42,588.76,43.906,692.6,13.21,clay basin,none/ocean,Basin sediment,True,none
H+40+42,high_peaks,none,modest,timber|stone,none,no reliable fresh water; too steep,40,42,1898.01,55.383,2508.8,4.68,mountain thin,boreal forest,Suture metamorphic,False,none
H+41+42,grassland,none,good,limestone_karst,none,no reliable fresh water; too steep,41,42,236.51,55.51,677.6,15.46,rocky/lithosol,grassland/pasture,Suture metamorphic,False,none
H+42+42,farmland,river,rich,none,town,"fresh water, strong food, route access",42,42,108.47,4.728,683.6,16.26,loam,floodplain farmable,Suture metamorphic,False,none
H+43+42,farmland,river,rich,none,city-candidate,"fresh water, strong food, route access",43,42,107.33,0.436,688.6,16.25,loam,floodplain farmable,Craton granite/gneiss,False,none
H+44+42,farmland,river,rich,none,city-candidate,"fresh water, strong food, route access",44,42,106.82,0.017,688.1,16.25,loam,floodplain farmable,Craton granite/gneiss,False,none
H+45+42,farmland,river,rich,none,city-candidate,"fresh water, strong food, route access",45,42,106.31,0.017,682.4,16.27,loam,floodplain farmable,Craton granite/gneiss,False,none
H+46+42,farmland,river,rich,none,city-candidate,"fresh water, strong food, route access",46,42,105.8,0.017,671.3,16.31,loam,floodplain farmable,Craton granite/gneiss,False,none
H+47+42,farmland,river,rich,none,city-candidate,"fresh water, strong food, route access",47,42,105.29,0.017,652.2,16.36,loam,floodplain farmable,Craton granite/gneiss,False,none
H+48+42,farmland,river,rich,none,none,excellent site left empty on purpose,48,42,104.78,0.017,624.7,16.41,loam,floodplain farmable,Craton granite/gneiss,False,none
H+49+42,farmland,river,rich,none,city-candidate,"fresh water, strong food, route access",49,42,104.27,0.017,598.3,16.44,loam,floodplain farmable,Craton granite/gneiss,False,none
H+50+42,farmland,river,rich,none,city-candidate,"fresh water, strong food, route access",50,42,103.76,1.45,580.0,16.46,loam,floodplain farmable,Craton granite/gneiss,False,none
H+51+42,coast,major_river,modest,fish,town,"fresh water, route access, major river",51,42,60.24,2.532,572.6,16.75,loam,coastal scrub,Craton granite/gneiss,False,none
H+52+42,grassland,none,good,none,village,"strong food, route access",52,42,135.71,3.282,575.8,16.27,volcanic andisol,grassland/pasture,Arc andesite/volcanic,False,none
H+53+42,grassland,none,good,none,village,"strong food, route access",53,42,233.67,3.282,572.9,15.65,volcanic andisol,grassland/pasture,Arc andesite/volcanic,False,none
H+54+42,grassland,none,good,none,village,"strong food, route access",54,42,329.89,3.224,568.3,15.05,volcanic andisol,grassland/pasture,Arc andesite/volcanic,False,none
H+55+42,grassland,none,good,none,village,"strong food, route access",55,42,422.68,3.11,573.5,14.48,volcanic andisol,grassland/pasture,Arc andesite/volcanic,False,none
H+56+42,grassland,none,good,none,village,"strong food, route access",56,42,498.47,2.543,582.9,14.02,volcanic andisol,grassland/pasture,Arc andesite/volcanic,False,none
H+57+42,grassland,none,good,volcanic_host,village,"strong food, route access",57,42,570.54,2.419,588.1,13.57,volcanic andisol,grassland/pasture,Arc andesite/volcanic,False,none
H+58+42,grassland,none,good,none,village,"strong food, route access",58,42,636.96,2.231,598.6,13.15,volcanic andisol,grassland/pasture,Arc andesite/volcanic,False,none
H+59+42,grassland,none,good,none,village,"strong food, route access",59,42,693.99,1.918,602.5,12.78,volcanic andisol,grassland/pasture,Arc andesite/volcanic,False,none
H+60+42,grassland,none,good,none,village,"strong food, route access",60,42,750.14,2.127,601.4,12.43,volcanic andisol,grassland/pasture,Arc andesite/volcanic,False,none
H+61+42,grassland,none,good,none,village,"strong food, route access",61,42,786.95,2.855,589.5,12.22,volcanic andisol,grassland/pasture,Arc andesite/volcanic,False,none
H+62+42,grassland,none,good,none,village,"strong food, route access",62,42,785.72,4.3,565.8,12.23,volcanic andisol,grassland/pasture,Arc andesite/volcanic,False,none
H+63+42,grassland,none,good,none,village,"strong food, route access",63,42,756.79,4.7,562.9,12.4,volcanic andisol,grassland/pasture,Arc andesite/volcanic,False,none
H+64+42,grassland,none,good,none,village,"strong food, route access",64,42,722.19,4.159,568.8,12.61,volcanic andisol,grassland/pasture,Arc andesite/volcanic,False,none
H+65+42,grassland,none,good,none,village,"strong food, route access",65,42,708.84,4.132,582.9,12.67,volcanic andisol,grassland/pasture,Arc andesite/volcanic,False,none
H+66+42,grassland,none,good,none,village,"strong food, route access",66,42,712.86,3.687,592.8,12.64,volcanic andisol,grassland/pasture,Arc andesite/volcanic,False,none
H+67+42,grassland,none,good,none,village,"strong food, route access",67,42,717.0,3.139,600.9,12.6,volcanic andisol,grassland/pasture,Arc andesite/volcanic,False,none
H+68+42,grassland,none,good,none,village,"strong food, route access",68,42,711.27,2.61,609.2,12.61,volcanic andisol,grassland/pasture,Arc andesite/volcanic,False,none
H+69+42,grassland,none,good,obsidian,village,"strong food, route access",69,42,696.93,2.986,611.5,12.66,volcanic andisol,grassland/pasture,Arc andesite/volcanic,False,none
H+70+42,grassland,none,good,obsidian,village,"strong food, route access",70,42,657.99,3.95,614.8,12.86,volcanic andisol,grassland/pasture,Arc andesite/volcanic,False,none
H+71+42,grassland,none,good,obsidian,village,"strong food, route access",71,42,592.58,5.227,626.3,13.23,volcanic andisol,grassland/pasture,Arc andesite/volcanic,False,none
H+72+42,grassland,none,good,volcanic_host|obsidian,village,"strong food, route access",72,42,513.93,5.796,636.2,13.68,volcanic andisol,grassland/pasture,Arc andesite/volcanic,False,none
H+73+42,grassland,river,good,obsidian,town,"fresh water, strong food, route access",73,42,426.08,5.616,644.7,14.22,volcanic andisol,grassland/pasture,Arc andesite/volcanic,False,none
H+74+42,grassland,none,good,obsidian,village,"strong food, route access",74,42,331.5,5.378,652.1,14.81,volcanic andisol,grassland/pasture,Arc andesite/volcanic,False,none
H+75+42,grassland,none,good,obsidian,village,"strong food, route access",75,42,247.68,5.319,653.4,15.34,volcanic andisol,grassland/pasture,Arc andesite/volcanic,False,none
H+76+42,grassland,none,good,obsidian,village,"strong food, route access",76,42,178.27,4.403,649.6,15.76,volcanic andisol,grassland/pasture,Arc andesite/volcanic,False,none
H+77+42,grassland,none,good,obsidian,town,"fresh water, strong food, route access",77,42,119.39,3.653,643.1,16.08,volcanic andisol,grassland/pasture,Arc andesite/volcanic,False,none
H+78+42,coast,none,none,clay,farmstead,"fresh water, route access",78,42,71.01,4.982,631.6,16.31,sandy coastal,coastal scrub,Coastal sediment,False,none
H+79+42,ocean,ocean,modest,fish,none,ocean,79,42,-78.45,4.982,690.7,16.68,none/ocean,none/ocean,Oceanic basalt,False,
H+00+43,ocean,ocean,modest,fish,none,ocean,0,43,-95.57,0.278,875.6,18.35,none/ocean,none/ocean,Oceanic basalt,False,
H+01+43,ocean,ocean,modest,fish,none,ocean,1,43,-90.19,4.296,876.9,18.36,none/ocean,none/ocean,Oceanic basalt,False,
H+02+43,coast,none,none,none,farmstead,"fresh water, route access",2,43,38.69,4.414,799.8,18.14,sandy coastal,coastal scrub,Coastal sediment,False,none
H+03+43,coast,none,none,none,farmstead,"fresh water, route access",3,43,39.34,4.28,804.3,18.16,sandy coastal,coastal scrub,Coastal sediment,False,none
H+04+43,coast,none,none,none,farmstead,"fresh water, route access",4,43,44.24,0.654,812.3,18.13,sandy coastal,coastal scrub,Coastal sediment,False,none
H+05+43,coast,none,none,none,farmstead,"fresh water, route access",5,43,49.42,0.481,811.7,18.05,sandy coastal,coastal scrub,Coastal sediment,False,none
H+06+43,coast,none,none,none,none,no reliable fresh water; poor food; arid interior,6,43,49.13,0.374,813.4,17.94,sandy coastal,coastal scrub,Coastal sediment,False,none
H+07+43,coast,none,none,none,none,no reliable fresh water; poor food; arid interior,7,43,38.41,0.374,811.2,17.87,sandy coastal,coastal scrub,Coastal sediment,False,none
H+08+43,coast,river,none,none,farmstead,"fresh water, route access",8,43,32.13,0.301,809.1,17.76,sandy coastal,coastal scrub,Coastal sediment,False,none
H+09+43,coast,major_river,modest,fish,town,"fresh water, route access, major river",9,43,26.66,1.581,803.6,17.63,sandy coastal,coastal scrub,Coastal sediment,False,none
H+10+43,coast,none,none,none,none,no reliable fresh water; poor food; arid interior,10,43,62.92,4.325,772.8,17.25,volcanic andisol,coastal scrub,Hotspot basalt,False,none
H+11+43,forest,none,good,none,farmstead,"adequate food, route access",11,43,180.66,5.138,731.0,16.37,volcanic andisol,temperate forest,Hotspot basalt,False,none
H+12+43,forest,none,good,volcanic_host,farmstead,"adequate food, route access",12,43,318.21,5.973,713.2,15.38,volcanic andisol,temperate forest,Hotspot basalt,False,none
H+13+43,forest,none,good,timber,farmstead,"adequate food, route access",13,43,475.05,7.185,736.2,14.29,volcanic andisol,temperate forest,Hotspot basalt,False,none
H+14+43,forest,none,good,timber,farmstead,"adequate food, route access",14,43,639.37,7.983,787.3,13.16,volcanic andisol,temperate forest,Hotspot basalt,False,none
H+15+43,forest,none,good,none,farmstead,adequate food,15,43,807.31,8.417,841.6,12.0,volcanic andisol,temperate forest,Hotspot basalt,False,none
H+16+43,lake,lake,modest,evaporite_host|fish,none,open water (lake/inland sea),16,43,588.76,7.285,627.0,13.35,clay basin,none/ocean,Basin sediment,True,none
H+17+43,lake,lake,modest,evaporite_host|fish,none,open water (lake/inland sea),17,43,588.76,7.252,670.8,13.27,clay basin,none/ocean,Basin sediment,True,none
H+18+43,lake,lake,modest,evaporite_host|fish,none,open water (lake/inland sea),18,43,588.76,0.0,676.1,13.19,clay basin,none/ocean,Basin sediment,True,none
H+19+43,lake,lake,modest,evaporite_host|fish,none,open water (lake/inland sea),19,43,588.76,0.0,665.9,13.13,clay basin,none/ocean,Basin sediment,True,none
H+20+43,lake,lake,modest,evaporite_host|fish,none,open water (lake/inland sea),20,43,588.76,4.363,653.6,13.07,clay basin,none/ocean,Basin sediment,True,none
H+21+43,forest,none,good,none,farmstead,"adequate food, route access",21,43,719.65,4.573,760.2,12.18,volcanic andisol,temperate forest,Hotspot basalt,False,none
H+22+43,grassland,none,good,none,village,"strong food, route access",22,43,582.97,4.573,645.2,13.06,volcanic andisol,grassland/pasture,Hotspot basalt,False,none
H+23+43,grassland,none,good,none,village,"strong food, route access",23,43,457.29,4.206,674.2,13.88,volcanic andisol,grassland/pasture,Hotspot basalt,False,none
H+24+43,forest,none,good,timber,farmstead,"adequate food, route access",24,43,337.62,4.006,701.1,14.68,volcanic andisol,temperate forest,Hotspot basalt,False,none
H+25+43,forest,river,good,timber,town,"fresh water, adequate food, route access",25,43,256.13,4.729,710.8,15.25,volcanic andisol,temperate forest,Hotspot basalt,False,none
H+26+43,grassland,none,good,none,village,"strong food, route access",26,43,391.42,6.52,699.6,14.42,loam,grassland/pasture,Suture metamorphic,False,none
H+27+43,forest,none,good,timber,farmstead,"adequate food, route access",27,43,582.12,7.061,779.7,13.23,loam,temperate forest,Suture metamorphic,False,none
H+28+43,forest,none,good,timber,farmstead,"adequate food, route access",28,43,784.17,7.355,897.9,11.98,loam,temperate forest,Suture metamorphic,False,none
H+29+43,lake,lake,modest,evaporite_host|clay|fish,none,open water (lake/inland sea),29,43,588.76,6.514,666.6,13.28,glacial till,none/ocean,Basin sediment,True,outwash
H+30+43,lake,lake,modest,evaporite_host|clay|fish,none,open water (lake/inland sea),30,43,588.76,0.0,698.7,13.29,clay basin,none/ocean,Basin sediment,True,none
H+31+43,lake,lake,modest,evaporite_host|clay|fish,none,open water (lake/inland sea),31,43,588.76,0.0,693.2,13.29,clay basin,none/ocean,Basin sediment,True,none
H+32+43,lake,lake,modest,evaporite_host|clay|fish,none,open water (lake/inland sea),32,43,588.76,0.0,689.6,13.29,clay basin,none/ocean,Basin sediment,True,none
H+33+43,lake,lake,modest,evaporite_host|clay|fish,none,open water (lake/inland sea),33,43,588.76,0.0,691.3,13.31,clay basin,none/ocean,Basin sediment,True,none
H+34+43,lake,lake,modest,evaporite_host|clay|fish,none,open water (lake/inland sea),34,43,588.76,0.0,693.5,13.36,clay basin,none/ocean,Basin sediment,True,none
H+35+43,lake,lake,modest,evaporite_host|clay|fish,none,open water (lake/inland sea),35,43,588.76,0.0,684.5,13.42,clay basin,none/ocean,Basin sediment,True,none
H+36+43,lake,lake,modest,evaporite_host|clay|fish,none,open water (lake/inland sea),36,43,588.76,0.0,676.5,13.48,clay basin,none/ocean,Basin sediment,True,none
H+37+43,lake,lake,modest,evaporite_host|clay|fish,none,open water (lake/inland sea),37,43,588.76,0.0,683.2,13.53,clay basin,none/ocean,Basin sediment,True,none
H+38+43,lake,lake,modest,evaporite_host|clay|fish,none,open water (lake/inland sea),38,43,588.76,0.0,687.4,13.56,clay basin,none/ocean,Basin sediment,True,none
H+39+43,lake,lake,modest,evaporite_host|clay|fish,none,open water (lake/inland sea),39,43,588.76,43.768,674.8,13.55,clay basin,none/ocean,Basin sediment,True,none
H+40+43,high_peaks,none,modest,timber|stone,none,no reliable fresh water; too steep,40,43,1901.81,55.51,2462.1,4.98,mountain thin,boreal forest,Suture metamorphic,False,none
H+41+43,grassland,none,good,none,none,no reliable fresh water; too steep,41,43,250.31,55.514,668.2,15.67,rocky/lithosol,grassland/pasture,Suture metamorphic,False,none
H+42+43,grassland,none,good,none,village,"strong food, route access",42,43,120.41,4.903,680.1,16.47,loam,grassland/pasture,Suture metamorphic,False,none
H+43+43,grassland,none,good,none,village,"strong food, route access",43,43,107.33,0.908,692.3,16.51,loam,grassland/pasture,Craton granite/gneiss,False,none
H+44+43,grassland,none,good,none,village,"strong food, route access",44,43,106.82,0.017,696.8,16.5,loam,grassland/pasture,Craton granite/gneiss,False,none
H+45+43,grassland,none,good,none,village,"strong food, route access",45,43,106.31,0.017,693.0,16.52,loam,grassland/pasture,Craton granite/gneiss,False,none
H+46+43,grassland,none,good,none,village,"strong food, route access",46,43,105.8,0.017,681.4,16.56,loam,grassland/pasture,Craton granite/gneiss,False,none
H+47+43,farmland,river,rich,none,city-candidate,"fresh water, strong food, route access",47,43,105.29,0.017,659.0,16.61,loam,floodplain farmable,Craton granite/gneiss,False,none
H+48+43,farmland,river,rich,none,city-candidate,"fresh water, strong food, route access",48,43,104.78,0.017,626.2,16.66,loam,floodplain farmable,Craton granite/gneiss,False,none
H+49+43,farmland,river,rich,none,city-candidate,"fresh water, strong food, route access",49,43,104.27,1.45,594.8,16.69,loam,floodplain farmable,Craton granite/gneiss,False,none
H+50+43,coast,major_river,modest,fish,town,"fresh water, route access, major river",50,43,60.75,2.532,572.0,16.97,loam,coastal scrub,Craton granite/gneiss,False,none
H+51+43,grassland,none,good,none,village,"strong food, route access",51,43,136.22,3.282,555.5,16.49,loam,grassland/pasture,Craton granite/gneiss,False,none
H+52+43,grassland,none,good,none,village,"strong food, route access",52,43,234.18,3.282,552.4,15.86,volcanic andisol,grassland/pasture,Arc andesite/volcanic,False,none
H+53+43,grassland,none,good,none,village,"strong food, route access",53,43,330.4,3.224,549.8,15.25,volcanic andisol,grassland/pasture,Arc andesite/volcanic,False,none
H+54+43,grassland,none,good,none,village,"strong food, route access",54,43,423.19,3.11,551.1,14.67,volcanic andisol,grassland/pasture,Arc andesite/volcanic,False,none
H+55+43,grassland,none,good,none,village,"strong food, route access",55,43,498.98,2.543,561.6,14.22,volcanic andisol,grassland/pasture,Arc andesite/volcanic,False,none
H+56+43,grassland,none,good,none,village,"strong food, route access",56,43,571.05,2.419,570.7,13.78,volcanic andisol,grassland/pasture,Arc andesite/volcanic,False,none
H+57+43,grassland,none,good,volcanic_host,village,"strong food, route access",57,43,637.47,2.231,584.0,13.36,volcanic andisol,grassland/pasture,Arc andesite/volcanic,False,none
H+58+43,grassland,none,good,none,village,"strong food, route access",58,43,694.5,1.918,605.7,13.0,volcanic andisol,grassland/pasture,Arc andesite/volcanic,False,none
H+59+43,grassland,none,good,none,village,"strong food, route access",59,43,750.65,1.889,616.1,12.64,volcanic andisol,grassland/pasture,Arc andesite/volcanic,False,none
H+60+43,grassland,none,good,none,village,"strong food, route access",60,43,787.46,1.436,589.7,12.41,volcanic andisol,grassland/pasture,Arc andesite/volcanic,False,none
H+61+43,grassland,none,good,none,village,"strong food, route access",61,43,830.05,1.478,596.3,12.17,volcanic andisol,grassland/pasture,Arc andesite/volcanic,False,none
H+62+43,grassland,none,good,none,village,"strong food, route access",62,43,847.76,3.033,585.0,12.07,volcanic andisol,grassland/pasture,Arc andesite/volcanic,False,none
H+63+43,grassland,none,good,none,village,"strong food, route access",63,43,846.96,4.159,574.8,12.06,volcanic andisol,grassland/pasture,Arc andesite/volcanic,False,none
H+64+43,grassland,none,good,none,village,"strong food, route access",64,43,832.78,4.132,577.8,12.14,volcanic andisol,grassland/pasture,Arc andesite/volcanic,False,none
H+65+43,grassland,none,good,none,village,"strong food, route access",65,43,823.47,3.821,588.0,12.19,volcanic andisol,grassland/pasture,Arc andesite/volcanic,False,none
H+66+43,grassland,none,good,none,village,"strong food, route access",66,43,811.18,4.04,588.6,12.26,volcanic andisol,grassland/pasture,Arc andesite/volcanic,False,none
H+67+43,grassland,none,good,none,village,"strong food, route access",67,43,789.58,3.915,593.1,12.39,volcanic andisol,grassland/pasture,Arc andesite/volcanic,False,none
H+68+43,grassland,none,good,none,village,"strong food, route access",68,43,755.34,3.443,604.8,12.58,volcanic andisol,grassland/pasture,Arc andesite/volcanic,False,none
H+69+43,grassland,none,good,obsidian,village,"strong food, route access",69,43,715.71,2.655,612.4,12.79,volcanic andisol,grassland/pasture,Arc andesite/volcanic,False,none
H+70+43,grassland,none,good,obsidian,village,"strong food, route access",70,43,666.96,2.48,622.9,13.04,volcanic andisol,grassland/pasture,Arc andesite/volcanic,False,none
H+71+43,grassland,none,good,obsidian,village,"strong food, route access",71,43,614.56,3.354,641.4,13.32,volcanic andisol,grassland/pasture,Arc andesite/volcanic,False,none
H+72+43,grassland,river,good,obsidian,town,"fresh water, strong food, route access",72,43,559.93,4.462,652.2,13.61,volcanic andisol,grassland/pasture,Arc andesite/volcanic,False,none
H+73+43,grassland,none,good,obsidian,village,"strong food, route access",73,43,492.84,5.378,651.0,14.0,volcanic andisol,grassland/pasture,Arc andesite/volcanic,False,none
H+74+43,grassland,none,good,obsidian,village,"strong food, route access",74,43,407.26,5.319,650.5,14.53,volcanic andisol,grassland/pasture,Arc andesite/volcanic,False,none
H+75+43,grassland,none,good,volcanic_host|obsidian,village,"strong food, route access",75,43,310.37,5.329,645.4,15.14,volcanic andisol,grassland/pasture,Arc andesite/volcanic,False,none
H+76+43,grassland,none,good,obsidian,town,"fresh water, strong food, route access",76,43,228.99,4.6,637.8,15.63,volcanic andisol,grassland/pasture,Arc andesite/volcanic,False,none
H+77+43,grassland,none,good,none,town,"fresh water, strong food, route access",77,43,155.21,7.85,629.8,16.04,volcanic andisol,grassland/pasture,Arc andesite/volcanic,False,none
H+78+43,ocean,ocean,modest,fish,none,ocean,78,43,-78.35,7.785,683.1,16.96,none/ocean,none/ocean,Oceanic basalt,False,
H+79+43,ocean,ocean,modest,fish,none,ocean,79,43,-79.89,0.099,684.8,16.87,none/ocean,none/ocean,Oceanic basalt,False,
H+00+44,ocean,ocean,modest,fish,none,ocean,0,44,-98.27,0.269,860.4,18.61,none/ocean,none/ocean,Oceanic basalt,False,
H+01+44,ocean,ocean,modest,fish,none,ocean,1,44,-93.72,4.414,864.3,18.62,none/ocean,none/ocean,Oceanic basalt,False,
H+02+44,ocean,ocean,modest,fish,none,ocean,2,44,-89.07,4.343,872.7,18.66,none/ocean,none/ocean,Oceanic basalt,False,
H+03+44,coast,none,none,none,farmstead,"fresh water, route access",3,44,41.23,4.471,799.0,18.42,sandy coastal,coastal scrub,Coastal sediment,False,none
H+04+44,coast,none,none,clay,farmstead,"fresh water, route access",4,44,40.42,4.29,801.9,18.42,sandy coastal,coastal scrub,Coastal sediment,False,none
H+05+44,coast,none,none,clay,farmstead,"fresh water, route access",5,44,43.35,0.741,801.4,18.36,sandy coastal,coastal scrub,Coastal sediment,False,none
H+06+44,coast,none,none,none,farmstead,"fresh water, route access",6,44,37.9,0.56,803.7,18.28,sandy coastal,coastal scrub,Coastal sediment,False,none
H+07+44,coast,none,none,none,none,no reliable fresh water; poor food; arid interior,7,44,31.62,0.308,799.9,18.17,sandy coastal,coastal scrub,Coastal sediment,False,none
H+08+44,coast,major_river,modest,fish,town,"fresh water, route access, major river",8,44,26.15,0.265,789.4,18.04,sandy coastal,coastal scrub,Coastal sediment,False,none
H+09+44,coast,none,none,none,none,no reliable fresh water; poor food; arid interior,9,44,34.09,0.961,779.3,17.82,sandy coastal,coastal scrub,Coastal sediment,False,none
H+10+44,coast,none,none,none,none,no reliable fresh water; poor food; arid interior,10,44,34.6,4.869,762.1,17.67,volcanic andisol,coastal scrub,Hotspot basalt,False,none
H+11+44,forest,none,good,volcanic_host,farmstead,"adequate food, route access",11,44,139.04,5.973,739.3,16.87,volcanic andisol,temperate forest,Hotspot basalt,False,none
H+12+44,forest,none,good,none,farmstead,"adequate food, route access",12,44,259.49,7.185,727.8,16.0,volcanic andisol,temperate forest,Hotspot basalt,False,none
H+13+44,forest,none,good,timber,farmstead,"adequate food, route access",13,44,399.87,7.983,721.1,15.02,volcanic andisol,temperate forest,Hotspot basalt,False,none
H+14+44,forest,none,good,timber,farmstead,adequate food,14,44,554.8,8.598,766.1,13.95,volcanic andisol,temperate forest,Hotspot basalt,False,none
H+15+44,forest,none,good,timber,farmstead,adequate food,15,44,686.57,9.193,788.3,13.04,volcanic andisol,temperate forest,Hotspot basalt,False,none
H+16+44,forest,none,good,none,farmstead,adequate food,16,44,806.33,9.445,808.3,12.19,volcanic andisol,temperate forest,Hotspot basalt,False,none
H+17+44,lake,lake,modest,evaporite_host|clay|fish,none,open water (lake/inland sea),17,44,588.76,7.252,639.8,13.53,clay basin,none/ocean,Basin sediment,True,none
H+18+44,lake,lake,modest,evaporite_host|clay|fish,none,open water (lake/inland sea),18,44,588.76,2.812,674.0,13.45,clay basin,none/ocean,Basin sediment,True,none
H+19+44,lake,lake,modest,evaporite_host|fish,none,open water (lake/inland sea),19,44,588.76,4.346,669.9,13.38,clay basin,none/ocean,Basin sediment,True,none
H+20+44,forest,none,good,none,farmstead,"adequate food, route access",20,44,719.14,5.235,770.2,12.47,volcanic andisol,temperate forest,Hotspot basalt,False,none
H+21+44,grassland,none,good,none,village,"strong food, route access",21,44,582.46,4.573,646.0,13.32,volcanic andisol,grassland/pasture,Hotspot basalt,False,none
H+22+44,grassland,none,good,none,village,"strong food, route access",22,44,456.78,4.206,666.0,14.12,volcanic andisol,grassland/pasture,Hotspot basalt,False,none
H+23+44,grassland,none,good,none,village,"strong food, route access",23,44,337.11,4.006,684.7,14.91,volcanic andisol,grassland/pasture,Hotspot basalt,False,none
H+24+44,forest,river,good,none,town,"fresh water, adequate food, route access",24,44,229.07,3.618,706.5,15.64,volcanic andisol,temperate forest,Hotspot basalt,False,none
H+25+44,forest,none,good,none,farmstead,"adequate food, route access",25,44,243.9,4.917,712.0,15.58,volcanic andisol,temperate forest,Hotspot basalt,False,none
H+26+44,grassland,none,good,none,village,"strong food, route access",26,44,385.65,6.549,691.5,14.71,loam,grassland/pasture,Suture metamorphic,False,none
H+27+44,forest,none,good,timber,farmstead,"adequate food, route access",27,44,563.52,7.355,749.4,13.61,loam,temperate forest,Suture metamorphic,False,none
H+28+44,forest,none,good,timber|stone,farmstead,"adequate food, route access",28,44,770.29,7.232,877.9,12.33,loam,temperate forest,Suture metamorphic,False,none
H+29+44,lake,lake,modest,evaporite_host|clay|fish,none,open water (lake/inland sea),29,44,588.76,6.051,660.8,13.54,glacial till,none/ocean,Basin sediment,True,outwash
H+30+44,lake,lake,modest,evaporite_host|clay|fish,none,open water (lake/inland sea),30,44,588.76,0.0,696.2,13.54,clay basin,none/ocean,Basin sediment,True,none
H+31+44,lake,lake,modest,evaporite_host|clay|fish,none,open water (lake/inland sea),31,44,588.76,0.0,693.5,13.54,clay basin,none/ocean,Basin sediment,True,none
H+32+44,lake,lake,modest,evaporite_host|clay|fish,none,open water (lake/inland sea),32,44,588.76,0.0,689.0,13.54,clay basin,none/ocean,Basin sediment,True,none
H+33+44,lake,lake,modest,evaporite_host|clay|fish,none,open water (lake/inland sea),33,44,588.76,0.0,689.5,13.56,clay basin,none/ocean,Basin sediment,True,none
H+34+44,lake,lake,modest,evaporite_host|clay|fish,none,open water (lake/inland sea),34,44,588.76,0.0,686.3,13.61,clay basin,none/ocean,Basin sediment,True,none
H+35+44,lake,lake,modest,evaporite_host|clay|fish,none,open water (lake/inland sea),35,44,588.76,0.0,678.8,13.68,clay basin,none/ocean,Basin sediment,True,none
H+36+44,lake,lake,modest,evaporite_host|clay|fish,none,open water (lake/inland sea),36,44,588.76,0.0,674.2,13.75,clay basin,none/ocean,Basin sediment,True,none
H+37+44,lake,lake,modest,evaporite_host|clay|fish,none,open water (lake/inland sea),37,44,588.76,0.0,668.8,13.82,clay basin,none/ocean,Basin sediment,True,none
H+38+44,lake,lake,modest,evaporite_host|clay|fish,none,open water (lake/inland sea),38,44,588.76,0.0,657.7,13.85,glacial till,none/ocean,Basin sediment,True,overdeep_basin
H+39+44,lake,lake,modest,evaporite_host|clay|fish,none,open water (lake/inland sea),39,44,588.76,44.232,646.6,13.84,clay basin,none/ocean,Basin sediment,True,none
H+40+44,high_peaks,none,modest,timber|stone,none,no reliable fresh water; too steep,40,44,1915.73,55.514,2376.0,5.18,mountain thin,boreal forest,Suture metamorphic,False,none
H+41+44,grassland,none,good,none,none,no reliable fresh water; too steep,41,44,267.5,55.452,646.7,15.83,rocky/lithosol,grassland/pasture,Suture metamorphic,False,none
H+42+44,grassland,none,good,none,village,"strong food, route access",42,44,134.57,4.988,658.7,16.64,loam,grassland/pasture,Suture metamorphic,False,none
H+43+44,grassland,none,good,none,village,"strong food, route access",43,44,107.33,1.341,675.3,16.77,loam,grassland/pasture,Craton granite/gneiss,False,none
H+44+44,grassland,none,good,none,village,"strong food, route access",44,44,106.82,0.017,686.6,16.75,loam,grassland/pasture,Craton granite/gneiss,False,none
H+45+44,grassland,none,good,none,village,"strong food, route access",45,44,106.31,0.017,686.6,16.77,loam,grassland/pasture,Craton granite/gneiss,False,none
H+46+44,grassland,none,good,none,village,"strong food, route access",46,44,105.8,0.017,677.8,16.81,loam,grassland/pasture,Craton granite/gneiss,False,none
H+47+44,farmland,river,rich,none,none,excellent site left empty on purpose,47,44,105.29,0.017,657.0,16.86,loam,floodplain farmable,Craton granite/gneiss,False,none
H+48+44,farmland,river,rich,none,city-candidate,"fresh water, strong food, route access",48,44,104.78,1.321,619.3,16.91,loam,floodplain farmable,Craton granite/gneiss,False,none
H+49+44,coast,major_river,modest,fish,town,"fresh water, route access, major river",49,44,65.15,2.403,581.7,17.19,loam,coastal scrub,Craton granite/gneiss,False,none
H+50+44,grassland,none,good,none,village,"strong food, route access",50,44,136.73,3.282,556.6,16.73,loam,grassland/pasture,Craton granite/gneiss,False,none
H+51+44,grassland,none,good,none,village,"strong food, route access",51,44,234.69,3.282,540.0,16.09,volcanic andisol,grassland/pasture,Arc andesite/volcanic,False,none
H+52+44,grassland,none,good,none,village,"strong food, route access",52,44,330.91,3.224,535.3,15.47,volcanic andisol,grassland/pasture,Arc andesite/volcanic,False,none
H+53+44,grassland,none,good,none,village,"strong food, route access",53,44,423.7,3.11,541.1,14.89,volcanic andisol,grassland/pasture,Arc andesite/volcanic,False,none
H+54+44,grassland,none,good,none,village,"strong food, route access",54,44,499.49,2.543,552.6,14.42,volcanic andisol,grassland/pasture,Arc andesite/volcanic,False,none
H+55+44,grassland,none,good,none,village,"strong food, route access",55,44,571.56,2.419,564.5,13.99,volcanic andisol,grassland/pasture,Arc andesite/volcanic,False,none
H+56+44,grassland,none,good,none,village,"strong food, route access",56,44,637.98,2.231,576.4,13.59,volcanic andisol,grassland/pasture,Arc andesite/volcanic,False,none
H+57+44,grassland,none,good,none,village,"strong food, route access",57,44,695.01,1.918,588.0,13.23,volcanic andisol,grassland/pasture,Arc andesite/volcanic,False,none
H+58+44,grassland,none,good,none,village,"strong food, route access",58,44,751.16,1.889,611.2,12.87,volcanic andisol,grassland/pasture,Arc andesite/volcanic,False,none
H+59+44,grassland,none,good,none,village,"strong food, route access",59,44,787.97,1.436,606.5,12.63,volcanic andisol,grassland/pasture,Arc andesite/volcanic,False,none
H+60+44,grassland,none,good,none,village,"strong food, route access",60,44,830.56,1.436,615.2,12.38,volcanic andisol,grassland/pasture,Arc andesite/volcanic,False,none
H+61+44,grassland,none,good,none,village,"strong food, route access",61,44,860.74,1.339,610.8,12.21,volcanic andisol,grassland/pasture,Arc andesite/volcanic,False,none
H+62+44,grassland,none,good,none,farmstead,strong food,62,44,900.39,1.781,627.6,11.97,volcanic andisol,grassland/pasture,Arc andesite/volcanic,False,none
H+63+44,grassland,none,good,none,farmstead,strong food,63,44,923.44,3.022,612.4,11.82,volcanic andisol,grassland/pasture,Arc andesite/volcanic,False,none
H+64+44,grassland,none,good,none,farmstead,strong food,64,44,935.96,3.75,607.0,11.72,volcanic andisol,grassland/pasture,Arc andesite/volcanic,False,none
H+65+44,grassland,none,good,none,farmstead,strong food,65,44,932.39,4.04,596.0,11.73,volcanic andisol,grassland/pasture,Arc andesite/volcanic,False,none
H+66+44,grassland,none,good,volcanic_host,farmstead,strong food,66,44,907.04,4.299,586.1,11.89,volcanic andisol,grassland/pasture,Arc andesite/volcanic,False,none
H+67+44,grassland,none,good,none,village,"strong food, route access",67,44,858.63,4.379,584.5,12.19,volcanic andisol,grassland/pasture,Arc andesite/volcanic,False,none
H+68+44,grassland,none,good,none,village,"strong food, route access",68,44,795.34,3.927,598.4,12.57,volcanic andisol,grassland/pasture,Arc andesite/volcanic,False,none
H+69+44,grassland,none,good,none,village,"strong food, route access",69,44,721.5,3.543,610.4,13.0,volcanic andisol,grassland/pasture,Arc andesite/volcanic,False,none
H+70+44,grassland,none,good,obsidian,village,"strong food, route access",70,44,659.19,2.928,629.7,13.34,volcanic andisol,grassland/pasture,Arc andesite/volcanic,False,none
H+71+44,grassland,river,good,obsidian,town,"fresh water, strong food, route access",71,44,612.66,1.796,645.9,13.57,volcanic andisol,grassland/pasture,Arc andesite/volcanic,False,none
H+72+44,grassland,none,good,obsidian,village,"strong food, route access",72,44,577.09,2.808,652.4,13.73,volcanic andisol,grassland/pasture,Arc andesite/volcanic,False,none
H+73+44,grassland,none,good,obsidian,village,"strong food, route access",73,44,540.79,4.451,646.8,13.93,volcanic andisol,grassland/pasture,Arc andesite/volcanic,False,none
H+74+44,grassland,none,good,obsidian,village,"strong food, route access",74,44,470.23,5.329,634.7,14.36,volcanic andisol,grassland/pasture,Arc andesite/volcanic,False,none
H+75+44,grassland,none,good,obsidian,town,"fresh water, strong food, route access",75,44,366.99,4.6,629.5,15.0,volcanic andisol,grassland/pasture,Arc andesite/volcanic,False,none
H+76+44,grassland,none,good,obsidian,village,"fresh water, strong food",76,44,272.28,11.753,622.9,15.58,volcanic andisol,grassland/pasture,Arc andesite/volcanic,False,none
H+77+44,ocean,ocean,modest,fish,none,ocean,77,44,-80.31,13.027,678.9,17.28,none/ocean,none/ocean,Oceanic basalt,False,
H+78+44,ocean,ocean,modest,fish,none,ocean,78,44,-82.22,9.753,684.8,17.19,none/ocean,none/ocean,Oceanic basalt,False,
H+79+44,ocean,ocean,modest,fish,none,ocean,79,44,-82.85,0.152,697.1,17.1,none/ocean,none/ocean,Oceanic basalt,False,
H+00+45,ocean,ocean,modest,fish,none,ocean,0,45,-99.18,0.182,845.1,18.85,none/ocean,none/ocean,Oceanic basalt,False,
H+01+45,ocean,ocean,modest,fish,none,ocean,1,45,-95.63,0.218,850.6,18.87,none/ocean,none/ocean,Oceanic basalt,False,
H+02+45,ocean,ocean,modest,fish,none,ocean,2,45,-92.91,4.471,862.1,18.9,none/ocean,none/ocean,Oceanic basalt,False,
H+03+45,ocean,ocean,modest,fish,none,ocean,3,45,-88.28,4.317,868.2,18.92,none/ocean,none/ocean,Oceanic basalt,False,
H+04+45,coast,none,none,clay,farmstead,"fresh water, route access",4,45,37.39,4.305,787.9,18.68,sandy coastal,coastal scrub,Coastal sediment,False,none
H+05+45,coast,major_river,modest,clay|fish,town,"fresh water, route access, major river",5,45,21.1,3.628,787.9,18.74,sandy coastal,coastal scrub,Coastal sediment,False,none
H+06+45,coast,major_river,modest,fish,town,"fresh water, route access, major river",6,45,22.38,0.517,792.0,18.62,sandy coastal,coastal scrub,Coastal sediment,False,none
H+07+45,coast,major_river,modest,fish,town,"fresh water, route access, major river",7,45,25.64,0.265,788.8,18.46,sandy coastal,coastal scrub,Coastal sediment,False,none
H+08+45,coast,none,none,none,none,no reliable fresh water; poor food; arid interior,8,45,33.58,0.265,773.7,18.25,sandy coastal,coastal scrub,Coastal sediment,False,none
H+09+45,coast,none,none,none,none,no reliable fresh water; poor food; arid interior,9,45,34.09,0.313,761.1,18.08,sandy coastal,coastal scrub,Coastal sediment,False,none
H+10+45,coast,river,none,none,farmstead,"fresh water, route access",10,45,25.21,3.794,754.2,17.99,sandy coastal,coastal scrub,Coastal sediment,False,none
H+11+45,coast,none,none,none,none,no reliable fresh water; poor food; arid interior,11,45,71.09,6.28,745.0,17.58,volcanic andisol,coastal scrub,Hotspot basalt,False,none
H+12+45,forest,none,good,none,farmstead,"adequate food, route access",12,45,179.54,7.344,737.5,16.78,volcanic andisol,temperate forest,Hotspot basalt,False,none
H+13+45,forest,none,good,none,farmstead,adequate food,13,45,296.87,8.598,731.7,15.95,volcanic andisol,temperate forest,Hotspot basalt,False,none
H+14+45,forest,none,good,timber,farmstead,adequate food,14,45,410.77,9.193,718.5,15.15,volcanic andisol,temperate forest,Hotspot basalt,False,none
H+15+45,forest,none,good,timber,farmstead,adequate food,15,45,522.98,9.445,744.1,14.36,volcanic andisol,temperate forest,Hotspot basalt,False,none
H+16+45,forest,none,good,timber,farmstead,adequate food,16,45,608.48,8.599,748.3,13.73,volcanic andisol,temperate forest,Hotspot basalt,False,none
H+17+45,forest,none,good,timber,farmstead,adequate food,17,45,662.85,8.221,723.8,13.3,volcanic andisol,temperate forest,Hotspot basalt,False,none
H+18+45,grassland,none,good,none,village,"strong food, route access",18,45,673.13,7.228,684.5,13.15,volcanic andisol,grassland/pasture,Hotspot basalt,False,none
H+19+45,grassland,none,good,none,village,"strong food, route access",19,45,637.25,6.302,669.7,13.3,volcanic andisol,grassland/pasture,Hotspot basalt,False,none
H+20+45,grassland,none,good,none,village,"strong food, route access",20,45,562.09,5.525,668.4,13.73,volcanic andisol,grassland/pasture,Hotspot basalt,False,none
H+21+45,grassland,none,good,none,village,"strong food, route access",21,45,456.27,4.784,674.4,14.38,volcanic andisol,grassland/pasture,Hotspot basalt,False,none
H+22+45,grassland,none,good,none,village,"strong food, route access",22,45,336.6,4.006,677.5,15.14,volcanic andisol,grassland/pasture,Hotspot basalt,False,none
H+23+45,grassland,none,good,none,village,"strong food, route access",23,45,228.56,3.618,688.3,15.85,volcanic andisol,grassland/pasture,Hotspot basalt,False,none
H+24+45,forest,major_river,good,fish,none,excellent site left empty on purpose,24,45,160.55,2.778,711.7,16.32,volcanic andisol,temperate forest,Hotspot basalt,False,none
H+25+45,farmland,none,rich,none,village,"strong food, route access",25,45,236.0,4.993,715.1,15.87,loam,floodplain farmable,Suture metamorphic,False,none
H+26+45,grassland,none,good,none,village,"strong food, route access",26,45,385.78,5.925,688.5,14.95,loam,grassland/pasture,Suture metamorphic,False,none
H+27+45,forest,none,good,timber|stone,farmstead,"adequate food, route access",27,45,553.32,7.232,732.6,13.93,loam,temperate forest,Suture metamorphic,False,none
H+28+45,forest,none,good,timber|stone,farmstead,"adequate food, route access",28,45,754.81,6.716,854.2,12.68,loam,temperate forest,Suture metamorphic,False,none
H+29+45,lake,lake,modest,evaporite_host|clay|fish,none,open water (lake/inland sea),29,45,588.76,5.619,656.2,13.78,glacial till,none/ocean,Basin sediment,True,outwash
H+30+45,lake,lake,modest,evaporite_host|clay|fish,none,open water (lake/inland sea),30,45,588.76,0.0,690.0,13.79,clay basin,none/ocean,Basin sediment,True,none
H+31+45,lake,lake,modest,evaporite_host|clay|fish,none,open water (lake/inland sea),31,45,588.76,0.0,687.3,13.79,clay basin,none/ocean,Basin sediment,True,none
H+32+45,lake,lake,modest,evaporite_host|clay|fish,none,open water (lake/inland sea),32,45,588.76,0.0,682.0,13.79,glacial till,none/ocean,Basin sediment,True,overdeep_basin
H+33+45,lake,lake,modest,evaporite_host|clay|fish,none,open water (lake/inland sea),33,45,588.76,0.0,683.1,13.81,glacial till,none/ocean,Basin sediment,True,overdeep_basin
H+34+45,lake,lake,modest,evaporite_host|clay|fish,none,open water (lake/inland sea),34,45,588.76,0.0,678.0,13.86,glacial till,none/ocean,Basin sediment,True,overdeep_basin
H+35+45,lake,lake,modest,evaporite_host|clay|fish,none,open water (lake/inland sea),35,45,588.76,0.0,673.5,13.93,glacial till,none/ocean,Basin sediment,True,overdeep_basin
H+36+45,lake,lake,modest,evaporite_host|clay|fish,none,open water (lake/inland sea),36,45,588.76,0.0,672.4,14.0,glacial till,none/ocean,Basin sediment,True,overdeep_basin
H+37+45,lake,lake,modest,evaporite_host|clay|fish,none,open water (lake/inland sea),37,45,588.76,0.0,657.8,14.07,glacial till,none/ocean,Basin sediment,True,overdeep_basin
H+38+45,lake,lake,modest,evaporite_host|clay|fish,none,open water (lake/inland sea),38,45,588.76,0.0,634.8,14.1,glacial till,none/ocean,Basin sediment,True,overdeep_basin
H+39+45,lake,lake,modest,evaporite_host|clay|fish,none,open water (lake/inland sea),39,45,588.76,44.744,624.8,14.09,clay basin,none/ocean,Basin sediment,True,none
H+40+45,high_peaks,none,modest,limestone_karst|timber|stone|metals,none,no reliable fresh water; too steep,40,45,1931.07,55.452,2308.2,5.33,mountain thin,boreal forest,Suture metamorphic,False,none
H+41+45,grassland,none,good,none,none,no reliable fresh water; too steep,41,45,284.22,55.415,629.3,15.98,rocky/lithosol,grassland/pasture,Suture metamorphic,False,none
H+42+45,grassland,none,good,none,village,"strong food, route access",42,45,147.56,4.71,640.1,16.81,loam,grassland/pasture,Suture metamorphic,False,none
H+43+45,farmland,river,rich,none,none,excellent site left empty on purpose,43,45,107.33,1.59,658.3,17.03,loam,floodplain farmable,Craton granite/gneiss,False,none
H+44+45,farmland,major_river,rich,fish,city-candidate,"fresh water, strong food, route access, major river",44,45,106.82,0.12,673.5,17.01,loam,floodplain farmable,Craton granite/gneiss,False,none
H+45+45,farmland,major_river,rich,fish,city-candidate,"fresh water, strong food, route access, major river",45,45,106.31,0.137,675.8,17.03,loam,floodplain farmable,Craton granite/gneiss,False,none
H+46+45,farmland,major_river,rich,fish,city-candidate,"fresh water, strong food, route access, major river",46,45,105.8,0.192,669.8,17.07,loam,floodplain farmable,Craton granite/gneiss,False,none
H+47+45,farmland,major_river,rich,fish,city-candidate,"fresh water, strong food, route access, major river",47,45,105.29,0.439,651.8,17.12,loam,floodplain farmable,Craton granite/gneiss,False,none
H+48+45,farmland,major_river,rich,fish,city-candidate,"fresh water, strong food, route access, major river",48,45,92.13,1.521,612.2,17.25,loam,floodplain farmable,Craton granite/gneiss,False,none
H+49+45,grassland,none,good,none,village,"strong food, route access",49,45,137.24,3.282,571.6,16.98,loam,grassland/pasture,Craton granite/gneiss,False,none
H+50+45,grassland,none,good,none,village,"strong food, route access",50,45,235.2,3.282,546.0,16.34,loam,grassland/pasture,Craton granite/gneiss,False,none
H+51+45,grassland,none,good,none,village,"strong food, route access",51,45,331.42,3.224,530.6,15.72,volcanic andisol,grassland/pasture,Arc andesite/volcanic,False,none
H+52+45,grassland,none,good,none,village,"strong food, route access",52,45,424.21,3.11,530.5,15.12,volcanic andisol,grassland/pasture,Arc andesite/volcanic,False,none
H+53+45,grassland,none,good,none,village,"strong food, route access",53,45,500.0,2.543,546.6,14.63,volcanic andisol,grassland/pasture,Arc andesite/volcanic,False,none
H+54+45,grassland,none,good,volcanic_host,village,"strong food, route access",54,45,572.07,2.419,560.6,14.18,volcanic andisol,grassland/pasture,Arc andesite/volcanic,False,none
H+55+45,grassland,none,good,none,village,"strong food, route access",55,45,638.49,2.231,570.9,13.79,volcanic andisol,grassland/pasture,Arc andesite/volcanic,False,none
H+56+45,grassland,none,good,none,village,"strong food, route access",56,45,695.52,1.918,580.7,13.45,volcanic andisol,grassland/pasture,Arc andesite/volcanic,False,none
H+57+45,grassland,none,good,none,village,"strong food, route access",57,45,751.67,1.889,596.8,13.11,volcanic andisol,grassland/pasture,Arc andesite/volcanic,False,none
H+58+45,grassland,none,good,none,village,"strong food, route access",58,45,788.48,1.436,599.0,12.88,volcanic andisol,grassland/pasture,Arc andesite/volcanic,False,none
H+59+45,grassland,none,good,none,village,"strong food, route access",59,45,831.07,1.436,616.6,12.62,volcanic andisol,grassland/pasture,Arc andesite/volcanic,False,none
H+60+45,grassland,none,good,volcanic_host,village,"strong food, route access",60,45,861.25,1.339,617.7,12.45,volcanic andisol,grassland/pasture,Arc andesite/volcanic,False,none
H+61+45,grassland,none,good,none,farmstead,strong food,61,45,900.9,1.625,641.1,12.22,volcanic andisol,grassland/pasture,Arc andesite/volcanic,False,none
H+62+45,grassland,none,good,none,farmstead,strong food,62,45,949.13,1.708,654.1,11.93,volcanic andisol,grassland/pasture,Arc andesite/volcanic,False,none
H+63+45,grassland,none,good,none,farmstead,strong food,63,45,999.87,2.548,660.4,11.59,volcanic andisol,grassland/pasture,Arc andesite/volcanic,False,none
H+64+45,grassland,none,good,none,farmstead,strong food,64,45,1033.91,3.384,647.1,11.36,volcanic andisol,grassland/pasture,Arc andesite/volcanic,False,none
H+65+45,grassland,none,good,none,farmstead,strong food,65,45,1036.0,4.299,605.7,11.34,volcanic andisol,grassland/pasture,Arc andesite/volcanic,False,none
H+66+45,grassland,none,good,none,farmstead,strong food,66,45,990.02,4.379,578.7,11.63,volcanic andisol,grassland/pasture,Arc andesite/volcanic,False,none
H+67+45,grassland,none,good,none,farmstead,strong food,67,45,913.16,4.076,574.3,12.12,volcanic andisol,grassland/pasture,Arc andesite/volcanic,False,none
H+68+45,grassland,none,good,none,village,"strong food, route access",68,45,827.8,4.152,593.6,12.63,volcanic andisol,grassland/pasture,Arc andesite/volcanic,False,none
H+69+45,grassland,none,good,obsidian,village,"strong food, route access",69,45,747.02,4.068,613.6,13.1,volcanic andisol,grassland/pasture,Arc andesite/volcanic,False,none
H+70+45,grassland,none,good,obsidian,village,"strong food, route access",70,45,666.54,4.005,632.9,13.56,volcanic andisol,grassland/pasture,Arc andesite/volcanic,False,none
H+71+45,grassland,none,good,obsidian,village,"strong food, route access",71,45,622.54,3.006,648.9,13.77,volcanic andisol,grassland/pasture,Arc andesite/volcanic,False,none
H+72+45,grassland,none,good,obsidian,village,"strong food, route access",72,45,604.73,2.131,653.6,13.82,volcanic andisol,grassland/pasture,Arc andesite/volcanic,False,none
H+73+45,grassland,none,good,obsidian,village,"strong food, route access",73,45,565.84,3.187,642.7,14.03,volcanic andisol,grassland/pasture,Arc andesite/volcanic,False,none
H+74+45,grassland,none,good,obsidian,village,"strong food, route access",74,45,497.86,4.362,627.0,14.44,volcanic andisol,grassland/pasture,Arc andesite/volcanic,False,none
H+75+45,grassland,none,good,obsidian,town,"fresh water, strong food, route access",75,45,407.23,4.498,621.7,14.99,volcanic andisol,grassland/pasture,Arc andesite/volcanic,False,none
H+76+45,grassland,none,good,obsidian,village,"fresh water, strong food",76,45,310.51,13.027,618.2,15.58,volcanic andisol,grassland/pasture,Arc andesite/volcanic,False,none
H+77+45,grassland,none,good,none,village,"fresh water, strong food",77,45,210.37,9.869,614.6,16.16,volcanic andisol,grassland/pasture,Arc andesite/volcanic,False,none
H+78+45,ocean,ocean,modest,fish,none,ocean,78,45,-85.7,10.334,692.8,17.45,none/ocean,none/ocean,Oceanic basalt,False,
H+79+45,ocean,ocean,modest,fish,none,ocean,79,45,-87.42,0.152,711.1,17.35,none/ocean,none/ocean,Oceanic basalt,False,
H+00+46,ocean,ocean,modest,fish,none,ocean,0,46,-100.49,0.162,820.5,19.07,none/ocean,none/ocean,Oceanic basalt,False,
H+01+46,ocean,ocean,modest,fish,none,ocean,1,46,-98.01,0.17,830.0,19.09,none/ocean,none/ocean,Oceanic basalt,False,
H+02+46,ocean,ocean,modest,fish,none,ocean,2,46,-95.94,0.255,847.1,19.11,none/ocean,none/ocean,Oceanic basalt,False,
H+03+46,ocean,ocean,modest,fish,none,ocean,3,46,-91.77,4.305,857.0,19.13,none/ocean,none/ocean,Oceanic basalt,False,
H+04+46,ocean,ocean,modest,fish,none,ocean,4,46,-87.72,4.17,862.6,19.13,none/ocean,none/ocean,Oceanic basalt,False,
H+05+46,coast,none,none,none,farmstead,"fresh water, route access",5,46,21.87,3.789,785.4,18.94,sandy coastal,coastal scrub,Coastal sediment,False,none
H+06+46,coast,none,none,none,farmstead,"fresh water, route access",6,46,25.13,3.73,783.9,18.82,sandy coastal,coastal scrub,Coastal sediment,False,none
H+07+46,coast,none,none,none,farmstead,"fresh water, route access",7,46,33.07,0.265,778.8,18.64,sandy coastal,coastal scrub,Coastal sediment,False,none
H+08+46,coast,none,none,none,none,no reliable fresh water; poor food; arid interior,8,46,33.58,0.313,763.7,18.5,sandy coastal,coastal scrub,Coastal sediment,False,none
H+09+46,coast,river,none,none,farmstead,"fresh water, route access",9,46,24.7,0.313,752.0,18.42,sandy coastal,coastal scrub,Coastal sediment,False,none
H+10+46,coast,none,none,none,none,no reliable fresh water; poor food; arid interior,10,46,28.04,1.435,751.4,18.27,sandy coastal,coastal scrub,Coastal sediment,False,none
H+11+46,coast,none,none,none,none,no reliable fresh water; poor food; arid interior,11,46,31.15,4.946,749.3,18.13,sandy coastal,coastal scrub,Coastal sediment,False,none
H+12+46,forest,none,good,none,farmstead,"adequate food, route access",12,46,84.3,7.086,739.5,17.7,volcanic andisol,temperate forest,Hotspot basalt,False,none
H+13+46,forest,none,good,none,farmstead,"adequate food, route access",13,46,174.88,7.863,726.3,17.03,volcanic andisol,temperate forest,Hotspot basalt,False,none
H+14+46,forest,none,good,volcanic_host,farmstead,adequate food,14,46,261.62,8.712,709.8,16.39,volcanic andisol,temperate forest,Hotspot basalt,False,none
H+15+46,forest,none,good,timber,farmstead,adequate food,15,46,350.52,8.599,701.7,15.74,volcanic andisol,temperate forest,Hotspot basalt,False,none
H+16+46,forest,none,good,timber,farmstead,adequate food,16,46,416.22,8.221,700.6,15.24,volcanic andisol,temperate forest,Hotspot basalt,False,none
H+17+46,grassland,none,good,none,village,"strong food, route access",17,46,456.28,7.228,698.6,14.89,volcanic andisol,grassland/pasture,Hotspot basalt,False,none
H+18+46,grassland,none,good,none,village,"strong food, route access",18,46,468.65,6.816,691.6,14.72,volcanic andisol,grassland/pasture,Hotspot basalt,False,none
H+19+46,grassland,none,good,none,village,"strong food, route access",19,46,448.18,6.302,688.9,14.77,volcanic andisol,grassland/pasture,Hotspot basalt,False,none
H+20+46,grassland,none,good,none,village,"strong food, route access",20,46,396.34,5.525,691.0,15.03,volcanic andisol,grassland/pasture,Hotspot basalt,False,none
H+21+46,grassland,none,good,none,village,"strong food, route access",21,46,312.74,4.784,688.2,15.52,volcanic andisol,grassland/pasture,Hotspot basalt,False,none
H+22+46,grassland,none,good,none,village,"strong food, route access",22,46,224.57,3.734,683.2,16.08,volcanic andisol,grassland/pasture,Hotspot basalt,False,none
H+23+46,grassland,none,good,none,village,"strong food, route access",23,46,143.55,2.834,691.1,16.62,volcanic andisol,grassland/pasture,Hotspot basalt,False,none
H+24+46,farmland,major_river,rich,fish,city-candidate,"fresh water, strong food, route access, major river",24,46,114.51,4.05,709.8,16.84,loam,floodplain farmable,Suture metamorphic,False,none
H+25+46,farmland,none,rich,none,village,"strong food, route access",25,46,226.95,5.294,713.1,16.16,loam,floodplain farmable,Suture metamorphic,False,none
H+26+46,grassland,none,good,none,village,"strong food, route access",26,46,377.63,5.861,697.2,15.24,loam,grassland/pasture,Suture metamorphic,False,none
H+27+46,forest,none,good,timber,farmstead,"adequate food, route access",27,46,553.48,6.795,752.9,14.17,loam,temperate forest,Suture metamorphic,False,none
H+28+46,forest,none,good,timber|stone,farmstead,"adequate food, route access",28,46,757.33,6.899,866.4,12.9,loam,temperate forest,Suture metamorphic,False,none
H+29+46,lake,lake,modest,evaporite_host|clay|fish,none,open water (lake/inland sea),29,46,588.76,5.619,651.7,14.03,glacial till,none/ocean,Basin sediment,True,outwash
H+30+46,lake,lake,modest,evaporite_host|clay|fish,none,open water (lake/inland sea),30,46,588.76,0.0,682.2,14.03,clay basin,none/ocean,Basin sediment,True,none
H+31+46,lake,lake,modest,evaporite_host|clay|fish,none,open water (lake/inland sea),31,46,588.76,0.0,677.7,14.03,glacial till,none/ocean,Basin sediment,True,overdeep_basin
H+32+46,lake,lake,modest,evaporite_host|clay|fish,none,open water (lake/inland sea),32,46,588.76,0.0,670.2,14.03,glacial till,none/ocean,Basin sediment,True,overdeep_basin
H+33+46,lake,lake,modest,evaporite_host|clay|fish,none,open water (lake/inland sea),33,46,588.76,0.0,664.6,14.06,glacial till,none/ocean,Basin sediment,True,overdeep_basin
H+34+46,lake,lake,modest,evaporite_host|clay|fish,none,open water (lake/inland sea),34,46,588.76,0.0,656.3,14.11,glacial till,none/ocean,Basin sediment,True,overdeep_basin
H+35+46,lake,lake,modest,evaporite_host|clay|fish,none,open water (lake/inland sea),35,46,588.76,0.0,651.6,14.18,glacial till,none/ocean,Basin sediment,True,overdeep_basin
H+36+46,lake,lake,modest,evaporite_host|clay|fish,none,open water (lake/inland sea),36,46,588.76,0.0,650.6,14.26,glacial till,none/ocean,Basin sediment,True,overdeep_basin
H+37+46,lake,lake,modest,evaporite_host|clay|fish,none,open water (lake/inland sea),37,46,588.76,0.0,641.6,14.32,glacial till,none/ocean,Basin sediment,True,overdeep_basin
H+38+46,lake,lake,modest,evaporite_host|clay|fish,none,open water (lake/inland sea),38,46,588.76,0.0,626.4,14.35,glacial till,none/ocean,Basin sediment,True,overdeep_basin
H+39+46,lake,lake,modest,evaporite_host|clay|fish,none,open water (lake/inland sea),39,46,588.76,45.264,616.7,14.34,clay basin,none/ocean,Basin sediment,True,none
H+40+46,high_peaks,none,modest,timber|stone,none,no reliable fresh water; too steep,40,46,1946.68,55.415,2268.8,5.48,mountain thin,boreal forest,Suture metamorphic,False,none
H+41+46,grassland,none,good,none,none,no reliable fresh water; too steep,41,46,288.86,55.484,619.9,16.21,rocky/lithosol,grassland/pasture,Suture metamorphic,False,none
H+42+46,grassland,none,good,none,village,"strong food, route access",42,46,155.03,4.461,639.9,17.03,loam,grassland/pasture,Suture metamorphic,False,none
H+43+46,farmland,major_river,rich,fish,city-candidate,"fresh water, strong food, route access, major river",43,46,108.76,1.647,660.3,17.29,loam,floodplain farmable,Craton granite/gneiss,False,none
H+44+46,grassland,none,good,none,village,"strong food, route access",44,46,110.42,0.215,672.6,17.27,loam,grassland/pasture,Craton granite/gneiss,False,none
H+45+46,grassland,none,good,none,village,"strong food, route access",45,46,107.2,0.679,673.9,17.3,loam,grassland/pasture,Craton granite/gneiss,False,none
H+46+46,grassland,none,good,none,village,"strong food, route access",46,46,111.56,0.534,666.3,17.3,loam,grassland/pasture,Craton granite/gneiss,False,none
H+47+46,farmland,river,rich,none,city-candidate,"fresh water, strong food, route access",47,46,108.49,0.992,647.8,17.37,loam,floodplain farmable,Craton granite/gneiss,False,none
H+48+46,grassland,none,good,none,village,"strong food, route access",48,46,137.75,3.282,611.2,17.22,loam,grassland/pasture,Craton granite/gneiss,False,none
H+49+46,grassland,none,good,none,village,"strong food, route access",49,46,235.71,3.282,570.0,16.61,loam,grassland/pasture,Craton granite/gneiss,False,none
H+50+46,grassland,none,good,none,village,"strong food, route access",50,46,331.93,3.224,546.4,15.99,loam,grassland/pasture,Craton granite/gneiss,False,none
H+51+46,grassland,none,good,none,village,"strong food, route access",51,46,424.72,3.11,543.3,15.38,volcanic andisol,grassland/pasture,Arc andesite/volcanic,False,none
H+52+46,grassland,none,good,none,village,"strong food, route access",52,46,500.51,2.543,550.5,14.87,volcanic andisol,grassland/pasture,Arc andesite/volcanic,False,none
H+53+46,grassland,none,good,none,village,"strong food, route access",53,46,572.58,2.419,555.0,14.4,volcanic andisol,grassland/pasture,Arc andesite/volcanic,False,none
H+54+46,grassland,none,good,none,village,"strong food, route access",54,46,639.0,2.231,558.5,13.97,volcanic andisol,grassland/pasture,Arc andesite/volcanic,False,none
H+55+46,grassland,none,good,none,village,"strong food, route access",55,46,696.03,1.918,567.0,13.63,volcanic andisol,grassland/pasture,Arc andesite/volcanic,False,none
H+56+46,grassland,none,good,none,village,"strong food, route access",56,46,752.18,1.889,585.1,13.3,volcanic andisol,grassland/pasture,Arc andesite/volcanic,False,none
H+57+46,grassland,none,good,volcanic_host,village,"strong food, route access",57,46,788.99,1.436,582.5,13.11,volcanic andisol,grassland/pasture,Arc andesite/volcanic,False,none
H+58+46,grassland,none,good,none,village,"strong food, route access",58,46,831.57,3.548,599.2,12.87,volcanic andisol,grassland/pasture,Arc andesite/volcanic,False,none
H+59+46,grassland,none,good,none,village,"strong food, route access",59,46,861.76,4.554,598.0,12.71,volcanic andisol,grassland/pasture,Arc andesite/volcanic,False,none
H+60+46,grassland,none,good,none,farmstead,strong food,60,46,901.41,4.268,622.8,12.49,volcanic andisol,grassland/pasture,Arc andesite/volcanic,False,none
H+61+46,grassland,none,good,none,farmstead,strong food,61,46,949.64,3.786,648.0,12.21,volcanic andisol,grassland/pasture,Arc andesite/volcanic,False,none
H+62+46,grassland,none,good,none,farmstead,strong food,62,46,1000.38,3.564,662.6,11.9,volcanic andisol,grassland/pasture,Arc andesite/volcanic,False,none
H+63+46,grassland,none,good,none,farmstead,strong food,63,46,1036.16,2.793,649.4,11.67,volcanic andisol,grassland/pasture,Arc andesite/volcanic,False,none
H+64+46,grassland,none,good,none,farmstead,strong food,64,46,1093.48,3.021,692.8,11.29,volcanic andisol,grassland/pasture,Arc andesite/volcanic,False,none
H+65+46,grassland,none,good,none,farmstead,strong food,65,46,1114.44,4.147,640.1,11.14,volcanic andisol,grassland/pasture,Arc andesite/volcanic,False,none
H+66+46,grassland,none,good,none,farmstead,strong food,66,46,1035.44,4.076,565.0,11.65,volcanic andisol,grassland/pasture,Arc andesite/volcanic,False,none
H+67+46,grassland,none,good,none,farmstead,strong food,67,46,952.37,4.152,573.8,12.17,volcanic andisol,grassland/pasture,Arc andesite/volcanic,False,none
H+68+46,grassland,none,good,none,village,"strong food, route access",68,46,869.07,4.068,596.9,12.67,volcanic andisol,grassland/pasture,Arc andesite/volcanic,False,none
H+69+46,grassland,none,good,none,village,"strong food, route access",69,46,786.69,4.005,620.5,13.14,volcanic andisol,grassland/pasture,Arc andesite/volcanic,False,none
H+70+46,grassland,none,good,obsidian,village,"strong food, route access",70,46,712.73,3.896,643.1,13.55,volcanic andisol,grassland/pasture,Arc andesite/volcanic,False,none
H+71+46,grassland,none,good,obsidian,village,"strong food, route access",71,46,659.95,3.429,654.5,13.81,volcanic andisol,grassland/pasture,Arc andesite/volcanic,False,none
H+72+46,grassland,none,good,obsidian,village,"strong food, route access",72,46,626.85,2.422,657.6,13.96,volcanic andisol,grassland/pasture,Arc andesite/volcanic,False,none
H+73+46,grassland,none,good,obsidian,village,"strong food, route access",73,46,574.63,2.559,652.3,14.25,volcanic andisol,grassland/pasture,Arc andesite/volcanic,False,none
H+74+46,grassland,none,good,obsidian,village,"strong food, route access",74,46,509.65,3.414,645.0,14.63,volcanic andisol,grassland/pasture,Arc andesite/volcanic,False,none
H+75+46,grassland,none,good,obsidian,town,"fresh water, strong food, route access",75,46,423.38,3.762,638.3,15.15,volcanic andisol,grassland/pasture,Arc andesite/volcanic,False,none
H+76+46,grassland,none,good,none,town,"fresh water, strong food, route access",76,46,323.72,3.778,631.9,15.75,volcanic andisol,grassland/pasture,Arc andesite/volcanic,False,none
H+77+46,grassland,none,good,none,village,"fresh water, strong food",77,46,224.33,10.403,627.5,16.32,volcanic andisol,grassland/pasture,Arc andesite/volcanic,False,none
H+78+46,ocean,ocean,modest,fish,none,ocean,78,46,-87.75,10.403,704.3,17.7,none/ocean,none/ocean,Oceanic basalt,False,
H+79+46,ocean,ocean,modest,fish,none,ocean,79,46,-90.78,0.113,720.8,17.63,none/ocean,none/ocean,Oceanic basalt,False,
H+00+47,ocean,ocean,modest,fish,none,ocean,0,47,-102.95,0.165,792.7,19.28,none/ocean,none/ocean,Oceanic basalt,False,
H+01+47,ocean,ocean,modest,fish,none,ocean,1,47,-100.58,0.192,807.4,19.29,none/ocean,none/ocean,Oceanic basalt,False,
H+02+47,ocean,ocean,modest,fish,none,ocean,2,47,-98.3,0.218,831.5,19.31,none/ocean,none/ocean,Oceanic basalt,False,
H+03+47,ocean,ocean,modest,fish,none,ocean,3,47,-95.94,0.274,845.7,19.33,none/ocean,none/ocean,Oceanic basalt,False,
H+04+47,ocean,ocean,modest,fish,none,ocean,4,47,-91.8,3.789,859.9,19.32,none/ocean,none/ocean,Oceanic basalt,False,
H+05+47,ocean,ocean,modest,fish,none,ocean,5,47,-86.79,3.978,862.2,19.28,none/ocean,none/ocean,Oceanic basalt,False,
H+06+47,coast,none,none,none,farmstead,"fresh water, route access",6,47,32.56,4.133,773.4,18.97,sandy coastal,coastal scrub,Coastal sediment,False,none
H+07+47,coast,none,none,none,farmstead,"fresh water, route access",7,47,33.07,0.313,763.7,18.86,sandy coastal,coastal scrub,Coastal sediment,False,none
H+08+47,coast,river,none,none,farmstead,"fresh water, route access",8,47,24.19,0.313,746.9,18.81,sandy coastal,coastal scrub,Coastal sediment,False,none
H+09+47,coast,none,none,none,none,no reliable fresh water; poor food; arid interior,9,47,27.53,0.111,735.3,18.68,sandy coastal,coastal scrub,Coastal sediment,False,none
H+10+47,coast,none,none,none,none,no reliable fresh water; poor food; arid interior,10,47,30.64,0.104,741.7,18.55,sandy coastal,coastal scrub,Coastal sediment,False,none
H+11+47,coast,river,none,none,farmstead,"fresh water, route access",11,47,30.11,1.806,747.4,18.45,sandy coastal,coastal scrub,Coastal sediment,False,none
H+12+47,coast,none,none,none,none,no reliable fresh water; poor food; arid interior,12,47,34.37,4.684,733.7,18.33,sandy coastal,coastal scrub,Coastal sediment,False,none
H+13+47,coast,none,none,none,none,no reliable fresh water; poor food; arid interior,13,47,59.72,6.73,710.2,18.07,volcanic andisol,coastal scrub,Hotspot basalt,False,none
H+14+47,grassland,none,good,none,village,"strong food, route access",14,47,130.98,7.318,694.6,17.52,volcanic andisol,grassland/pasture,Hotspot basalt,False,none
H+15+47,grassland,none,good,none,village,"strong food, route access",15,47,197.8,7.28,687.8,17.0,volcanic andisol,grassland/pasture,Hotspot basalt,False,none
H+16+47,grassland,none,good,none,village,"strong food, route access",16,47,248.23,6.935,688.8,16.59,volcanic andisol,grassland/pasture,Hotspot basalt,False,none
H+17+47,grassland,none,good,none,village,"strong food, route access",17,47,273.53,6.504,697.9,16.34,volcanic andisol,grassland/pasture,Hotspot basalt,False,none
H+18+47,forest,none,good,none,farmstead,"adequate food, route access",18,47,283.88,6.159,703.5,16.17,volcanic andisol,temperate forest,Hotspot basalt,False,none
H+19+47,forest,none,good,none,farmstead,"adequate food, route access",19,47,276.48,5.723,703.4,16.12,volcanic andisol,temperate forest,Hotspot basalt,False,none
H+20+47,forest,none,good,timber,farmstead,"adequate food, route access",20,47,242.33,5.134,701.2,16.25,volcanic andisol,temperate forest,Hotspot basalt,False,none
H+21+47,grassland,none,good,none,village,"strong food, route access",21,47,182.34,4.347,691.6,16.58,volcanic andisol,grassland/pasture,Hotspot basalt,False,none
H+22+47,grassland,none,good,none,village,"strong food, route access",22,47,118.7,3.529,681.3,16.97,volcanic andisol,grassland/pasture,Hotspot basalt,False,none
H+23+47,farmland,major_river,rich,fish,city-candidate,"fresh water, strong food, route access, major river",23,47,101.58,1.399,685.2,17.1,loam,floodplain farmable,Craton granite/gneiss,False,none
H+24+47,grassland,none,good,none,village,"strong food, route access",24,47,111.12,3.861,699.8,17.08,loam,grassland/pasture,Suture metamorphic,False,none
H+25+47,farmland,none,rich,none,village,"strong food, route access",25,47,219.36,5.276,706.3,16.44,loam,floodplain farmable,Suture metamorphic,False,none
H+26+47,farmland,none,rich,none,village,"strong food, route access",26,47,376.32,5.905,707.9,15.49,loam,floodplain farmable,Suture metamorphic,False,none
H+27+47,forest,none,good,limestone_karst|timber|stone,farmstead,"adequate food, route access",27,47,550.36,6.899,774.3,14.43,loam,temperate forest,Suture metamorphic,False,none
H+28+47,forest,none,good,timber|stone,farmstead,"adequate food, route access",28,47,751.13,6.872,873.3,13.18,loam,temperate forest,Suture metamorphic,False,none
H+29+47,lake,lake,modest,evaporite_host|clay|fish,none,open water (lake/inland sea),29,47,588.76,5.412,647.7,14.27,glacial till,none/ocean,Basin sediment,True,outwash
H+30+47,lake,lake,modest,evaporite_host|clay|fish,none,open water (lake/inland sea),30,47,588.76,0.0,671.5,14.28,clay basin,none/ocean,Basin sediment,True,none
H+31+47,lake,lake,modest,evaporite_host|clay|fish,none,open water (lake/inland sea),31,47,588.76,0.0,664.4,14.28,glacial till,none/ocean,Basin sediment,True,overdeep_basin
H+32+47,lake,lake,modest,evaporite_host|clay|fish,none,open water (lake/inland sea),32,47,588.76,0.0,655.3,14.28,glacial till,none/ocean,Basin sediment,True,overdeep_basin
H+33+47,lake,lake,modest,evaporite_host|clay|fish,none,open water (lake/inland sea),33,47,588.76,0.0,641.8,14.3,glacial till,none/ocean,Basin sediment,True,overdeep_basin
H+34+47,lake,lake,modest,evaporite_host|clay|fish,none,open water (lake/inland sea),34,47,588.76,0.0,630.2,14.36,glacial till,none/ocean,Basin sediment,True,overdeep_basin
H+35+47,lake,lake,modest,evaporite_host|clay|fish,none,open water (lake/inland sea),35,47,588.76,0.0,625.8,14.43,glacial till,none/ocean,Basin sediment,True,overdeep_basin
H+36+47,lake,lake,modest,evaporite_host|clay|fish,none,open water (lake/inland sea),36,47,588.76,0.0,624.9,14.51,glacial till,none/ocean,Basin sediment,True,overdeep_basin
H+37+47,lake,lake,modest,evaporite_host|clay|fish,none,open water (lake/inland sea),37,47,588.76,0.0,623.7,14.57,glacial till,none/ocean,Basin sediment,True,overdeep_basin
H+38+47,lake,lake,modest,evaporite_host|clay|fish,none,open water (lake/inland sea),38,47,588.76,0.0,619.7,14.6,glacial till,none/ocean,Basin sediment,True,overdeep_basin
H+39+47,lake,lake,modest,evaporite_host|clay|fish,none,open water (lake/inland sea),39,47,588.76,45.488,611.0,14.59,clay basin,none/ocean,Basin sediment,True,none
H+40+47,high_peaks,none,modest,timber|stone,none,no reliable fresh water; too steep,40,47,1953.39,55.605,2235.2,5.69,mountain thin,boreal forest,Suture metamorphic,False,none
H+41+47,grassland,none,good,none,none,no reliable fresh water; too steep,41,47,285.25,55.884,611.3,16.49,rocky/lithosol,grassland/pasture,Suture metamorphic,False,none
H+42+47,grassland,none,good,none,village,"strong food, route access",42,47,158.18,4.496,640.4,17.28,loam,grassland/pasture,Suture metamorphic,False,none
H+43+47,farmland,river,rich,none,city-candidate,"fresh water, strong food, route access",43,47,112.06,1.699,660.4,17.55,loam,floodplain farmable,Craton granite/gneiss,False,none
H+44+47,grassland,none,good,greenstone_metals,village,"strong food, route access",44,47,116.85,0.374,666.2,17.5,loam,grassland/pasture,Craton granite/gneiss,False,none
H+45+47,grassland,none,good,none,village,"strong food, route access",45,47,127.57,0.679,664.6,17.44,loam,grassland/pasture,Craton granite/gneiss,False,none
H+46+47,grassland,none,good,none,village,"strong food, route access",46,47,124.55,0.536,656.5,17.49,loam,grassland/pasture,Craton granite/gneiss,False,none
H+47+47,grassland,none,good,none,village,"strong food, route access",47,47,138.26,3.282,641.3,17.44,loam,grassland/pasture,Craton granite/gneiss,False,none
H+48+47,grassland,none,good,none,village,"strong food, route access",48,47,236.22,3.282,613.2,16.84,loam,grassland/pasture,Craton granite/gneiss,False,none
H+49+47,grassland,none,good,none,village,"strong food, route access",49,47,332.44,3.224,574.5,16.25,loam,grassland/pasture,Craton granite/gneiss,False,none
H+50+47,grassland,none,good,none,village,"strong food, route access",50,47,425.23,3.11,558.8,15.66,loam,grassland/pasture,Craton granite/gneiss,False,none
H+51+47,grassland,none,good,volcanic_host,village,"strong food, route access",51,47,501.02,2.543,570.8,15.16,volcanic andisol,grassland/pasture,Arc andesite/volcanic,False,none
H+52+47,grassland,none,good,volcanic_host,village,"strong food, route access",52,47,573.09,2.419,576.2,14.66,volcanic andisol,grassland/pasture,Arc andesite/volcanic,False,none
H+53+47,grassland,none,good,none,farmstead,strong food,53,47,639.51,9.647,561.0,14.2,volcanic andisol,grassland/pasture,Arc andesite/volcanic,False,none
H+54+47,hills,none,good,none,farmstead,strong food,54,47,696.54,11.548,548.3,13.82,volcanic andisol,grassland/pasture,Arc andesite/volcanic,False,none
H+55+47,hills,none,good,none,farmstead,strong food,55,47,752.69,10.659,564.9,13.47,volcanic andisol,grassland/pasture,Arc andesite/volcanic,False,none
H+56+47,grassland,none,good,none,farmstead,strong food,56,47,789.5,8.962,572.6,13.28,volcanic andisol,grassland/pasture,Arc andesite/volcanic,False,none
H+57+47,grassland,none,good,none,village,"strong food, route access",57,47,832.08,7.731,588.5,13.07,volcanic andisol,grassland/pasture,Arc andesite/volcanic,False,none
H+58+47,grassland,none,good,none,village,"strong food, route access",58,47,725.15,4.554,525.7,13.84,volcanic andisol,grassland/pasture,Arc andesite/volcanic,False,none
H+59+47,grassland,none,good,none,village,"strong food, route access",59,47,773.36,4.268,595.8,13.59,volcanic andisol,grassland/pasture,Arc andesite/volcanic,False,none
H+60+47,grassland,none,good,none,village,"strong food, route access",60,47,836.06,3.786,627.9,13.24,volcanic andisol,grassland/pasture,Arc andesite/volcanic,False,none
H+61+47,grassland,none,good,none,village,"strong food, route access",61,47,893.47,3.564,639.0,12.9,volcanic andisol,grassland/pasture,Arc andesite/volcanic,False,none
H+62+47,grassland,none,good,none,farmstead,strong food,62,47,952.38,3.349,662.3,12.53,volcanic andisol,grassland/pasture,Arc andesite/volcanic,False,none
H+63+47,grassland,none,good,none,farmstead,strong food,63,47,1002.86,3.611,669.4,12.21,volcanic andisol,grassland/pasture,Arc andesite/volcanic,False,none
H+64+47,grassland,none,good,volcanic_host,farmstead,strong food,64,47,1028.27,3.46,640.7,12.03,volcanic andisol,grassland/pasture,Arc andesite/volcanic,False,none
H+65+47,grassland,none,good,none,farmstead,strong food,65,47,1025.08,3.477,607.2,12.05,volcanic andisol,grassland/pasture,Arc andesite/volcanic,False,none
H+66+47,grassland,none,good,none,farmstead,strong food,66,47,994.13,2.762,598.6,12.24,volcanic andisol,grassland/pasture,Arc andesite/volcanic,False,none
H+67+47,grassland,none,good,none,farmstead,strong food,67,47,942.13,2.435,596.6,12.56,volcanic andisol,grassland/pasture,Arc andesite/volcanic,False,none
H+68+47,grassland,none,good,none,village,"strong food, route access",68,47,889.22,3.418,616.5,12.86,volcanic andisol,grassland/pasture,Arc andesite/volcanic,False,none
H+69+47,grassland,none,good,none,village,"strong food, route access",69,47,829.61,3.896,639.1,13.17,volcanic andisol,grassland/pasture,Arc andesite/volcanic,False,none
H+70+47,grassland,none,good,obsidian,village,"strong food, route access",70,47,762.83,3.429,655.6,13.52,volcanic andisol,grassland/pasture,Arc andesite/volcanic,False,none
H+71+47,grassland,none,good,obsidian,village,"strong food, route access",71,47,699.51,3.472,658.8,13.85,volcanic andisol,grassland/pasture,Arc andesite/volcanic,False,none
H+72+47,grassland,none,good,obsidian,village,"strong food, route access",72,47,642.03,2.771,658.1,14.15,volcanic andisol,grassland/pasture,Arc andesite/volcanic,False,none
H+73+47,grassland,none,good,obsidian,village,"strong food, route access",73,47,576.4,2.479,662.8,14.52,volcanic andisol,grassland/pasture,Arc andesite/volcanic,False,none
H+74+47,grassland,none,good,obsidian,village,"strong food, route access",74,47,502.01,2.862,666.7,14.95,volcanic andisol,grassland/pasture,Arc andesite/volcanic,False,none
H+75+47,grassland,none,good,obsidian,village,"strong food, route access",75,47,416.14,3.159,661.4,15.46,volcanic andisol,grassland/pasture,Arc andesite/volcanic,False,none
H+76+47,grassland,none,good,none,town,"fresh water, strong food, route access",76,47,321.39,3.444,650.6,16.01,volcanic andisol,grassland/pasture,Arc andesite/volcanic,False,none
H+77+47,grassland,none,good,none,village,"fresh water, strong food",77,47,218.05,10.193,646.3,16.62,volcanic andisol,grassland/pasture,Arc andesite/volcanic,False,none
H+78+47,ocean,ocean,modest,fish,none,ocean,78,47,-87.4,10.182,721.5,17.96,none/ocean,none/ocean,Oceanic basalt,False,
H+79+47,ocean,ocean,modest,fish,none,ocean,79,47,-93.36,0.199,735.0,17.9,none/ocean,none/ocean,Oceanic basalt,False,
H+00+48,ocean,ocean,modest,fish,none,ocean,0,48,-106.35,0.192,771.2,19.48,none/ocean,none/ocean,Oceanic basalt,False,
H+01+48,ocean,ocean,modest,fish,none,ocean,1,48,-103.03,0.158,784.6,19.49,none/ocean,none/ocean,Oceanic basalt,False,
H+02+48,ocean,ocean,modest,fish,none,ocean,2,48,-100.87,0.202,807.3,19.5,none/ocean,none/ocean,Oceanic basalt,False,
H+03+48,ocean,ocean,modest,fish,none,ocean,3,48,-98.82,0.234,821.3,19.52,none/ocean,none/ocean,Oceanic basalt,False,
H+04+48,ocean,ocean,modest,fish,none,ocean,4,48,-95.95,0.305,834.9,19.51,none/ocean,none/ocean,Oceanic basalt,False,
H+05+48,ocean,ocean,modest,fish,none,ocean,5,48,-91.43,4.133,838.5,19.46,none/ocean,none/ocean,Oceanic basalt,False,
H+06+48,coast,none,none,none,farmstead,"fresh water, route access",6,48,31.82,4.286,753.6,19.17,sandy coastal,coastal scrub,Coastal sediment,False,none
H+07+48,coast,river,none,none,farmstead,"fresh water, route access",7,48,23.68,3.868,744.0,19.14,sandy coastal,coastal scrub,Coastal sediment,False,none
H+08+48,coast,none,none,none,farmstead,"fresh water, route access",8,48,27.33,0.121,731.8,19.04,sandy coastal,coastal scrub,Coastal sediment,False,none
H+09+48,coast,none,none,none,farmstead,"fresh water, route access",9,48,30.13,0.141,725.3,18.94,sandy coastal,coastal scrub,Coastal sediment,False,none
H+10+48,coast,river,none,none,farmstead,"fresh water, route access",10,48,29.6,0.142,730.6,18.86,sandy coastal,coastal scrub,Coastal sediment,False,none
H+11+48,coast,river,none,none,farmstead,"fresh water, route access",11,48,33.86,0.206,733.6,18.74,sandy coastal,coastal scrub,Coastal sediment,False,none
H+12+48,coast,river,none,none,farmstead,"fresh water, route access",12,48,40.02,0.657,721.1,18.6,sandy coastal,coastal scrub,Coastal sediment,False,none
H+13+48,coast,river,none,none,farmstead,"fresh water, route access",13,48,45.23,2.858,701.3,18.47,sandy coastal,coastal scrub,Coastal sediment,False,none
H+14+48,coast,none,none,none,none,no reliable fresh water; poor food; arid interior,14,48,52.06,4.858,691.7,18.32,sandy coastal,coastal scrub,Coastal sediment,False,none
H+15+48,coast,none,none,none,none,no reliable fresh water; poor food; arid interior,15,48,65.26,6.099,693.9,18.14,volcanic andisol,coastal scrub,Hotspot basalt,False,none
H+16+48,forest,none,good,none,farmstead,"adequate food, route access",16,48,97.14,5.88,703.0,17.84,volcanic andisol,temperate forest,Hotspot basalt,False,none
H+17+48,forest,none,good,none,farmstead,"adequate food, route access",17,48,114.55,5.644,715.8,17.63,volcanic andisol,temperate forest,Hotspot basalt,False,none
H+18+48,forest,none,good,none,farmstead,"adequate food, route access",18,48,121.65,5.407,722.1,17.48,volcanic andisol,temperate forest,Hotspot basalt,False,none
H+19+48,forest,none,good,none,farmstead,"adequate food, route access",19,48,115.12,5.379,716.0,17.41,volcanic andisol,temperate forest,Hotspot basalt,False,none
H+20+48,forest,river,good,timber,town,"fresh water, adequate food, route access",20,48,98.44,4.797,702.9,17.42,volcanic andisol,temperate forest,Hotspot basalt,False,none
H+21+48,grassland,none,good,none,village,"strong food, route access",21,48,102.13,2.674,686.0,17.32,loam,grassland/pasture,Craton granite/gneiss,False,none
H+22+48,grassland,none,good,none,village,"strong food, route access",22,48,101.06,0.588,671.4,17.3,loam,grassland/pasture,Craton granite/gneiss,False,none
H+23+48,farmland,major_river,rich,fish,city-candidate,"fresh water, strong food, route access, major river",23,48,94.65,0.549,671.5,17.36,loam,floodplain farmable,Craton granite/gneiss,False,none
H+24+48,farmland,river,rich,none,city-candidate,"fresh water, strong food, route access",24,48,106.77,3.753,684.2,17.33,loam,floodplain farmable,Suture metamorphic,False,none
H+25+48,grassland,none,good,none,village,"strong food, route access",25,48,210.24,5.536,694.8,16.73,loam,grassland/pasture,Suture metamorphic,False,none
H+26+48,farmland,none,rich,none,village,"strong food, route access",26,48,369.06,6.044,706.1,15.78,loam,floodplain farmable,Suture metamorphic,False,none
H+27+48,forest,none,good,timber,farmstead,"adequate food, route access",27,48,544.97,6.872,776.0,14.71,loam,temperate forest,Suture metamorphic,False,none
H+28+48,forest,none,good,limestone_karst|timber,farmstead,"adequate food, route access",28,48,749.75,7.37,878.5,13.44,loam,temperate forest,Suture metamorphic,False,none
H+29+48,lake,lake,modest,evaporite_host|clay|fish,none,open water (lake/inland sea),29,48,588.76,5.366,647.3,14.51,glacial till,none/ocean,Basin sediment,True,outwash
H+30+48,lake,lake,modest,evaporite_host|clay|fish,none,open water (lake/inland sea),30,48,588.76,0.0,664.8,14.52,clay basin,none/ocean,Basin sediment,True,none
H+31+48,lake,lake,modest,evaporite_host|clay|fish,none,open water (lake/inland sea),31,48,588.76,0.0,652.0,14.52,glacial till,none/ocean,Basin sediment,True,overdeep_basin
H+32+48,lake,lake,modest,evaporite_host|clay|fish,none,open water (lake/inland sea),32,48,588.76,0.0,643.8,14.53,glacial till,none/ocean,Basin sediment,True,overdeep_basin
H+33+48,lake,lake,modest,evaporite_host|clay|fish,none,open water (lake/inland sea),33,48,588.76,0.0,635.5,14.55,glacial till,none/ocean,Basin sediment,True,overdeep_basin
H+34+48,lake,lake,modest,evaporite_host|clay|fish,none,open water (lake/inland sea),34,48,588.76,0.0,626.0,14.61,glacial till,none/ocean,Basin sediment,True,overdeep_basin
H+35+48,lake,lake,modest,evaporite_host|clay|fish,none,open water (lake/inland sea),35,48,588.76,0.0,616.6,14.68,glacial till,none/ocean,Basin sediment,True,overdeep_basin
H+36+48,lake,lake,modest,evaporite_host|clay|fish,none,open water (lake/inland sea),36,48,588.76,0.0,611.8,14.76,glacial till,none/ocean,Basin sediment,True,overdeep_basin
H+37+48,lake,lake,modest,evaporite_host|clay|fish,none,open water (lake/inland sea),37,48,588.76,0.0,615.5,14.82,glacial till,none/ocean,Basin sediment,True,overdeep_basin
H+38+48,lake,lake,modest,evaporite_host|clay|fish,none,open water (lake/inland sea),38,48,588.76,0.0,618.9,14.85,glacial till,none/ocean,Basin sediment,True,overdeep_basin
H+39+48,lake,lake,modest,evaporite_host|clay|fish,none,open water (lake/inland sea),39,48,588.76,45.767,612.6,14.84,clay basin,none/ocean,Basin sediment,True,none
H+40+48,high_peaks,none,modest,timber,none,no reliable fresh water; too steep,40,48,1961.76,55.884,2242.4,5.88,mountain thin,boreal forest,Suture metamorphic,False,none
H+41+48,grassland,none,good,none,none,no reliable fresh water; too steep,41,48,293.05,56.157,609.9,16.69,rocky/lithosol,grassland/pasture,Suture metamorphic,False,none
H+42+48,grassland,none,good,none,village,"strong food, route access",42,48,163.04,4.722,629.2,17.51,loam,grassland/pasture,Suture metamorphic,False,none
H+43+48,farmland,river,rich,none,none,excellent site left empty on purpose,43,48,117.36,2.071,640.0,17.78,loam,floodplain farmable,Craton granite/gneiss,False,none
H+44+48,grassland,none,good,none,village,"strong food, route access",44,48,128.08,0.374,638.8,17.7,loam,grassland/pasture,Craton granite/gneiss,False,none
H+45+48,grassland,none,good,greenstone_metals,village,"strong food, route access",45,48,132.05,0.25,634.6,17.69,loam,grassland/pasture,Craton granite/gneiss,False,none
H+46+48,grassland,none,good,none,village,"strong food, route access",46,48,138.77,3.282,629.1,17.67,loam,grassland/pasture,Craton granite/gneiss,False,none
H+47+48,grassland,none,good,none,village,"strong food, route access",47,48,236.73,3.282,621.8,17.07,loam,grassland/pasture,Craton granite/gneiss,False,none
H+48+48,grassland,none,good,none,village,"strong food, route access",48,48,332.95,3.224,608.9,16.49,loam,grassland/pasture,Craton granite/gneiss,False,none
H+49+48,grassland,none,good,none,village,"strong food, route access",49,48,425.74,3.11,590.6,15.92,loam,grassland/pasture,Craton granite/gneiss,False,none
H+50+48,grassland,none,good,none,village,"strong food, route access",50,48,501.53,2.543,583.5,15.45,loam,grassland/pasture,Craton granite/gneiss,False,none
H+51+48,grassland,none,good,none,farmstead,strong food,51,48,573.6,13.353,586.0,14.96,volcanic andisol,grassland/pasture,Arc andesite/volcanic,False,none
H+52+48,hills,none,good,none,farmstead,strong food,52,48,640.02,15.567,580.7,14.49,volcanic andisol,grassland/pasture,Arc andesite/volcanic,False,none
H+53+48,grassland,none,good,none,farmstead,strong food,53,48,350.1,11.548,528.9,16.33,volcanic andisol,grassland/pasture,Arc andesite/volcanic,False,none
H+54+48,grassland,none,good,none,farmstead,strong food,54,48,432.93,10.659,523.6,15.77,volcanic andisol,grassland/pasture,Arc andesite/volcanic,False,none
H+55+48,grassland,none,good,none,farmstead,strong food,55,48,520.63,8.962,547.4,15.2,volcanic andisol,grassland/pasture,Arc andesite/volcanic,False,none
H+56+48,grassland,none,good,none,village,"strong food, route access",56,48,600.15,7.731,574.6,14.74,volcanic andisol,grassland/pasture,Arc andesite/volcanic,False,none
H+57+48,grassland,none,good,none,village,"strong food, route access",57,48,661.84,5.675,584.3,14.43,volcanic andisol,grassland/pasture,Arc andesite/volcanic,False,none
H+58+48,grassland,none,good,none,village,"strong food, route access",58,48,705.87,2.394,580.5,14.24,volcanic andisol,grassland/pasture,Arc andesite/volcanic,False,none
H+59+48,grassland,none,good,none,village,"strong food, route access",59,48,748.65,2.914,590.3,14.06,volcanic andisol,grassland/pasture,Arc andesite/volcanic,False,none
H+60+48,grassland,none,good,none,village,"strong food, route access",60,48,802.39,3.144,615.9,13.78,volcanic andisol,grassland/pasture,Arc andesite/volcanic,False,none
H+61+48,grassland,none,good,none,village,"strong food, route access",61,48,851.9,3.554,622.7,13.49,volcanic andisol,grassland/pasture,Arc andesite/volcanic,False,none
H+62+48,grassland,none,good,none,village,"strong food, route access",62,48,894.52,3.654,625.8,13.23,volcanic andisol,grassland/pasture,Arc andesite/volcanic,False,none
H+63+48,grassland,none,good,none,farmstead,strong food,63,48,924.48,3.763,621.0,13.04,volcanic andisol,grassland/pasture,Arc andesite/volcanic,False,none
H+64+48,grassland,none,good,none,farmstead,strong food,64,48,928.6,3.322,597.1,13.0,volcanic andisol,grassland/pasture,Arc andesite/volcanic,False,none
H+65+48,grassland,none,good,none,farmstead,strong food,65,48,920.77,3.477,598.5,13.05,volcanic andisol,grassland/pasture,Arc andesite/volcanic,False,none
H+66+48,grassland,none,good,none,farmstead,strong food,66,48,911.28,3.005,612.5,13.11,volcanic andisol,grassland/pasture,Arc andesite/volcanic,False,none
H+67+48,grassland,none,good,none,farmstead,strong food,67,48,904.43,2.721,630.4,13.13,volcanic andisol,grassland/pasture,Arc andesite/volcanic,False,none
H+68+48,grassland,none,good,none,village,"strong food, route access",68,48,888.71,1.97,644.9,13.17,volcanic andisol,grassland/pasture,Arc andesite/volcanic,False,none
H+69+48,grassland,none,good,obsidian,village,"strong food, route access",69,48,860.82,3.267,659.1,13.27,volcanic andisol,grassland/pasture,Arc andesite/volcanic,False,none
H+70+48,grassland,none,good,obsidian,village,"strong food, route access",70,48,803.67,3.472,661.7,13.55,volcanic andisol,grassland/pasture,Arc andesite/volcanic,False,none
H+71+48,grassland,none,good,obsidian,village,"strong food, route access",71,48,725.15,2.858,657.7,13.98,volcanic andisol,grassland/pasture,Arc andesite/volcanic,False,none
H+72+48,grassland,none,good,obsidian,village,"strong food, route access",72,48,648.31,2.752,659.2,14.4,volcanic andisol,grassland/pasture,Arc andesite/volcanic,False,none
H+73+48,grassland,none,good,obsidian,village,"strong food, route access",73,48,565.77,2.91,665.2,14.87,volcanic andisol,grassland/pasture,Arc andesite/volcanic,False,none
H+74+48,grassland,none,good,obsidian,village,"strong food, route access",74,48,478.46,2.91,671.0,15.38,volcanic andisol,grassland/pasture,Arc andesite/volcanic,False,none
H+75+48,grassland,none,good,obsidian,town,"fresh water, strong food, route access",75,48,395.07,2.903,668.8,15.86,volcanic andisol,grassland/pasture,Arc andesite/volcanic,False,none
H+76+48,grassland,none,good,none,village,"fresh water, strong food",76,48,307.97,12.825,658.9,16.36,volcanic andisol,grassland/pasture,Arc andesite/volcanic,False,none
H+77+48,ocean,ocean,modest,fish,none,ocean,77,48,-76.78,12.825,722.6,18.29,none/ocean,none/ocean,Oceanic basalt,False,
H+78+48,ocean,ocean,modest,fish,none,ocean,78,48,-88.19,0.38,731.4,18.23,none/ocean,none/ocean,Oceanic basalt,False,
H+79+48,ocean,ocean,modest,fish,none,ocean,79,48,-96.09,0.263,742.9,18.19,none/ocean,none/ocean,Oceanic basalt,False,
H+00+49,ocean,ocean,modest,fish,none,ocean,0,49,-107.38,0.145,748.4,19.66,none/ocean,none/ocean,Oceanic basalt,False,
H+01+49,ocean,ocean,modest,fish,none,ocean,1,49,-106.94,0.202,757.9,19.67,none/ocean,none/ocean,Oceanic basalt,False,
H+02+49,ocean,ocean,modest,fish,none,ocean,2,49,-104.04,0.174,775.7,19.69,none/ocean,none/ocean,Oceanic basalt,False,
H+03+49,ocean,ocean,modest,fish,none,ocean,3,49,-102.61,0.222,788.0,19.7,none/ocean,none/ocean,Oceanic basalt,False,
H+04+49,ocean,ocean,modest,fish,none,ocean,4,49,-99.35,0.264,797.4,19.7,none/ocean,none/ocean,Oceanic basalt,False,
H+05+49,ocean,ocean,modest,fish,none,ocean,5,49,-96.76,4.286,802.6,19.66,none/ocean,none/ocean,Oceanic basalt,False,
H+06+49,ocean,ocean,modest,fish,none,ocean,6,49,-92.37,4.14,799.9,19.59,none/ocean,none/ocean,Oceanic basalt,False,
H+07+49,coast,none,none,none,farmstead,"fresh water, route access",7,49,26.82,4.073,720.6,19.35,sandy coastal,coastal scrub,Coastal sediment,False,none
H+08+49,coast,major_river,modest,fish,town,"fresh water, route access, major river",8,49,25.89,3.873,721.5,19.29,sandy coastal,coastal scrub,Coastal sediment,False,none
H+09+49,coast,major_river,modest,clay|fish,town,"fresh water, route access, major river",9,49,29.14,0.108,726.1,19.21,sandy coastal,coastal scrub,Coastal sediment,False,none
H+10+49,coast,none,none,none,farmstead,"fresh water, route access",10,49,30.64,0.296,726.3,19.14,sandy coastal,coastal scrub,Coastal sediment,False,none
H+11+49,coast,none,none,none,none,no reliable fresh water; poor food; arid interior,11,49,39.51,0.296,722.2,19.0,sandy coastal,coastal scrub,Coastal sediment,False,none
H+12+49,coast,none,none,none,none,no reliable fresh water; poor food; arid interior,12,49,44.72,0.228,713.6,18.87,sandy coastal,coastal scrub,Coastal sediment,False,none
H+13+49,coast,none,none,none,none,no reliable fresh water; poor food; arid interior,13,49,51.55,0.359,701.8,18.72,sandy coastal,coastal scrub,Coastal sediment,False,none
H+14+49,coast,none,none,none,none,no reliable fresh water; poor food; arid interior,14,49,62.31,0.359,699.9,18.54,sandy coastal,coastal scrub,Coastal sediment,False,none
H+15+49,coast,river,none,none,farmstead,"fresh water, route access",15,49,60.06,1.236,713.4,18.45,sandy coastal,coastal scrub,Coastal sediment,False,none
H+16+49,coast,river,none,none,farmstead,"fresh water, route access",16,49,69.31,1.508,731.0,18.29,sandy coastal,coastal scrub,Coastal sediment,False,none
H+17+49,coast,river,none,none,farmstead,"fresh water, route access",17,49,72.96,1.623,742.5,18.18,sandy coastal,coastal scrub,Coastal sediment,False,none
H+18+49,coast,river,none,none,farmstead,"fresh water, route access",18,49,76.43,1.507,745.8,18.04,sandy coastal,coastal scrub,Coastal sediment,False,none
H+19+49,forest,river,good,none,town,"fresh water, adequate food, route access",19,49,81.32,1.127,729.8,17.89,sandy coastal,temperate forest,Coastal sediment,False,none
H+20+49,farmland,none,rich,none,village,"strong food, route access",20,49,89.59,0.418,700.9,17.73,loam,floodplain farmable,Craton granite/gneiss,False,none
H+21+49,grassland,none,good,none,village,"strong food, route access",21,49,100.55,0.365,679.4,17.58,loam,grassland/pasture,Craton granite/gneiss,False,none
H+22+49,farmland,major_river,rich,fish,none,excellent site left empty on purpose,22,49,94.14,0.404,665.6,17.59,loam,floodplain farmable,Craton granite/gneiss,False,none
H+23+49,grassland,none,good,none,village,"strong food, route access",23,49,106.26,0.404,661.2,17.53,loam,grassland/pasture,Craton granite/gneiss,False,none
H+24+49,grassland,none,good,none,village,"strong food, route access",24,49,108.4,3.395,664.8,17.57,loam,grassland/pasture,Suture metamorphic,False,none
H+25+49,grassland,none,good,none,village,"strong food, route access",25,49,204.73,5.478,674.5,17.02,loam,grassland/pasture,Suture metamorphic,False,none
H+26+49,grassland,none,good,none,village,"strong food, route access",26,49,352.7,6.409,697.4,16.14,loam,grassland/pasture,Suture metamorphic,False,none
H+27+49,forest,none,good,none,farmstead,"adequate food, route access",27,49,528.65,7.37,766.5,15.08,loam,temperate forest,Suture metamorphic,False,none
H+28+49,forest,none,good,timber,farmstead,"adequate food, route access",28,49,740.3,7.376,881.8,13.75,loam,temperate forest,Suture metamorphic,False,none
H+29+49,lake,lake,modest,evaporite_host|clay|fish,none,open water (lake/inland sea),29,49,588.76,5.051,654.9,14.76,glacial till,none/ocean,Basin sediment,True,outwash
H+30+49,lake,lake,modest,evaporite_host|clay|fish,none,open water (lake/inland sea),30,49,588.76,0.0,665.8,14.77,clay basin,none/ocean,Basin sediment,True,none
H+31+49,lake,lake,modest,evaporite_host|clay|fish,none,open water (lake/inland sea),31,49,588.76,0.0,644.7,14.77,glacial till,none/ocean,Basin sediment,True,overdeep_basin
H+32+49,lake,lake,modest,evaporite_host|clay|fish,none,open water (lake/inland sea),32,49,588.76,0.0,638.8,14.78,glacial till,none/ocean,Basin sediment,True,overdeep_basin
H+33+49,lake,lake,modest,evaporite_host|clay|fish,none,open water (lake/inland sea),33,49,588.76,0.0,643.1,14.81,glacial till,none/ocean,Basin sediment,True,overdeep_basin
H+34+49,lake,lake,modest,evaporite_host|clay|fish,none,open water (lake/inland sea),34,49,588.76,0.0,638.8,14.86,glacial till,none/ocean,Basin sediment,True,overdeep_basin
H+35+49,lake,lake,modest,evaporite_host|clay|fish,none,open water (lake/inland sea),35,49,588.76,0.0,617.4,14.93,glacial till,none/ocean,Basin sediment,True,overdeep_basin
H+36+49,lake,lake,modest,evaporite_host|clay|fish,none,open water (lake/inland sea),36,49,588.76,0.0,603.1,15.01,glacial till,none/ocean,Basin sediment,True,overdeep_basin
H+37+49,lake,lake,modest,evaporite_host|clay|fish,none,open water (lake/inland sea),37,49,588.76,0.0,615.5,15.07,glacial till,none/ocean,Basin sediment,True,overdeep_basin
H+38+49,lake,lake,modest,evaporite_host|clay|fish,none,open water (lake/inland sea),38,49,588.76,0.0,630.6,15.1,glacial till,none/ocean,Basin sediment,True,overdeep_basin
H+39+49,lake,lake,modest,evaporite_host|clay|fish,none,open water (lake/inland sea),39,49,588.76,46.3,625.5,15.08,clay basin,none/ocean,Basin sediment,True,none
H+40+49,high_peaks,none,modest,none,none,no reliable fresh water; too steep,40,49,1977.77,56.157,2287.0,6.02,mountain thin,shrub/steppe,Suture metamorphic,False,none
H+41+49,grassland,none,good,none,none,no reliable fresh water; too steep,41,49,304.7,56.141,616.8,16.86,rocky/lithosol,grassland/pasture,Suture metamorphic,False,none
H+42+49,grassland,none,good,none,village,"strong food, route access",42,49,179.49,4.225,620.1,17.65,loam,grassland/pasture,Suture metamorphic,False,none
H+43+49,farmland,river,rich,none,city-candidate,"fresh water, strong food, route access",43,49,131.88,1.787,620.1,17.94,loam,floodplain farmable,Craton granite/gneiss,False,none
H+44+49,grassland,none,good,none,village,"strong food, route access",44,49,135.65,0.252,612.7,17.9,loam,grassland/pasture,Craton granite/gneiss,False,none
H+45+49,grassland,none,good,none,village,"strong food, route access",45,49,139.28,3.282,605.9,17.89,loam,grassland/pasture,Craton granite/gneiss,False,none
H+46+49,grassland,none,good,none,village,"strong food, route access",46,49,237.24,3.282,598.7,17.28,loam,grassland/pasture,Craton granite/gneiss,False,none
H+47+49,grassland,none,good,none,village,"strong food, route access",47,49,333.46,3.224,592.3,16.7,loam,grassland/pasture,Craton granite/gneiss,False,none
H+48+49,grassland,none,good,none,village,"strong food, route access",48,49,426.25,3.11,599.9,16.14,loam,grassland/pasture,Craton granite/gneiss,False,none
H+49+49,grassland,none,good,none,farmstead,strong food,49,49,502.04,10.749,609.5,15.7,loam,grassland/pasture,Craton granite/gneiss,False,none
H+50+49,grassland,none,good,none,farmstead,strong food,50,49,574.11,13.37,603.6,15.26,loam,grassland/pasture,Craton granite/gneiss,False,none
H+51+49,grassland,none,good,none,farmstead,strong food,51,49,173.01,15.567,553.5,17.86,loam,grassland/pasture,Craton granite/gneiss,False,none
H+52+49,grassland,none,good,volcanic_host,farmstead,strong food,52,49,251.53,12.95,533.7,17.3,volcanic andisol,grassland/pasture,Arc andesite/volcanic,False,none
H+53+49,grassland,none,good,none,village,"strong food, route access",53,49,342.6,4.669,530.4,16.65,volcanic andisol,grassland/pasture,Arc andesite/volcanic,False,none
H+54+49,grassland,none,good,none,village,"strong food, route access",54,49,429.71,4.354,537.9,16.05,volcanic andisol,grassland/pasture,Arc andesite/volcanic,False,none
H+55+49,grassland,none,good,none,village,"strong food, route access",55,49,519.04,3.977,555.4,15.47,volcanic andisol,grassland/pasture,Arc andesite/volcanic,False,none
H+56+49,grassland,none,good,none,village,"strong food, route access",56,49,581.15,3.258,564.4,15.13,volcanic andisol,grassland/pasture,Arc andesite/volcanic,False,none
H+57+49,grassland,none,good,none,village,"strong food, route access",57,49,634.06,3.051,576.2,14.88,volcanic andisol,grassland/pasture,Arc andesite/volcanic,False,none
H+58+49,grassland,none,good,none,village,"strong food, route access",58,49,670.25,3.079,572.6,14.76,volcanic andisol,grassland/pasture,Arc andesite/volcanic,False,none
H+59+49,grassland,none,good,volcanic_host,village,"strong food, route access",59,49,708.07,3.48,583.5,14.62,volcanic andisol,grassland/pasture,Arc andesite/volcanic,False,none
H+60+49,grassland,none,good,none,village,"strong food, route access",60,49,745.28,3.615,600.1,14.46,volcanic andisol,grassland/pasture,Arc andesite/volcanic,False,none
H+61+49,grassland,none,good,none,village,"strong food, route access",61,49,784.91,3.686,608.9,14.23,volcanic andisol,grassland/pasture,Arc andesite/volcanic,False,none
H+62+49,grassland,none,good,none,village,"strong food, route access",62,49,811.6,3.763,591.4,14.07,volcanic andisol,grassland/pasture,Arc andesite/volcanic,False,none
H+63+49,grassland,none,good,none,village,"strong food, route access",63,49,829.81,3.293,582.1,13.95,volcanic andisol,grassland/pasture,Arc andesite/volcanic,False,none
H+64+49,grassland,none,good,none,village,"strong food, route access",64,49,832.18,3.214,573.5,13.93,volcanic andisol,grassland/pasture,Arc andesite/volcanic,False,none
H+65+49,grassland,none,good,none,village,"strong food, route access",65,49,821.13,3.321,578.3,13.99,volcanic andisol,grassland/pasture,Arc andesite/volcanic,False,none
H+66+49,grassland,none,good,none,village,"strong food, route access",66,49,822.79,2.95,608.9,13.98,volcanic andisol,grassland/pasture,Arc andesite/volcanic,False,none
H+67+49,grassland,none,good,none,village,"strong food, route access",67,49,841.34,3.496,661.5,13.84,volcanic andisol,grassland/pasture,Arc andesite/volcanic,False,none
H+68+49,grassland,none,good,none,village,"strong food, route access",68,49,860.31,3.289,682.2,13.65,volcanic andisol,grassland/pasture,Arc andesite/volcanic,False,none
H+69+49,grassland,none,good,obsidian,village,"strong food, route access",69,49,853.79,2.111,670.5,13.61,volcanic andisol,grassland/pasture,Arc andesite/volcanic,False,none
H+70+49,grassland,none,good,volcanic_host|obsidian,village,"strong food, route access",70,49,810.89,2.959,665.0,13.79,volcanic andisol,grassland/pasture,Arc andesite/volcanic,False,none
H+71+49,grassland,none,good,obsidian,village,"strong food, route access",71,49,722.11,3.052,657.0,14.27,volcanic andisol,grassland/pasture,Arc andesite/volcanic,False,none
H+72+49,grassland,none,good,obsidian,village,"strong food, route access",72,49,630.56,3.336,663.3,14.79,volcanic andisol,grassland/pasture,Arc andesite/volcanic,False,none
H+73+49,grassland,none,good,obsidian,village,"strong food, route access",73,49,530.47,3.336,666.0,15.37,volcanic andisol,grassland/pasture,Arc andesite/volcanic,False,none
H+74+49,grassland,none,good,obsidian,village,"strong food, route access",74,49,437.71,3.092,667.7,15.91,volcanic andisol,grassland/pasture,Arc andesite/volcanic,False,none
H+75+49,grassland,none,good,obsidian,town,"fresh water, strong food, route access",75,49,352.33,2.846,664.5,16.39,volcanic andisol,grassland/pasture,Arc andesite/volcanic,False,none
H+76+49,grassland,none,good,obsidian,village,"fresh water, strong food",76,49,272.62,11.704,656.0,16.84,volcanic andisol,grassland/pasture,Arc andesite/volcanic,False,none
H+77+49,ocean,ocean,modest,fish,none,ocean,77,49,-78.5,11.704,721.9,18.55,none/ocean,none/ocean,Oceanic basalt,False,
H+78+49,ocean,ocean,modest,fish,none,ocean,78,49,-90.07,0.386,728.0,18.5,none/ocean,none/ocean,Oceanic basalt,False,
H+79+49,ocean,ocean,modest,fish,none,ocean,79,49,-95.17,0.17,738.8,18.47,none/ocean,none/ocean,Oceanic basalt,False,
H+00+50,ocean,ocean,modest,fish,none,ocean,0,50,-107.18,0.032,723.9,19.85,none/ocean,none/ocean,Oceanic basalt,False,
H+01+50,ocean,ocean,modest,fish,none,ocean,1,50,-108.14,0.137,733.2,19.86,none/ocean,none/ocean,Oceanic basalt,False,
H+02+50,ocean,ocean,modest,fish,none,ocean,2,50,-108.66,0.202,750.9,19.88,none/ocean,none/ocean,Oceanic basalt,False,
H+03+50,ocean,ocean,modest,fish,none,ocean,3,50,-106.74,0.246,761.7,19.9,none/ocean,none/ocean,Oceanic basalt,False,
H+04+50,ocean,ocean,modest,fish,none,ocean,4,50,-104.17,0.247,767.8,19.9,none/ocean,none/ocean,Oceanic basalt,False,
H+05+50,ocean,ocean,modest,fish,none,ocean,5,50,-100.68,0.277,773.9,19.87,none/ocean,none/ocean,Oceanic basalt,False,
H+06+50,ocean,ocean,modest,fish,none,ocean,6,50,-95.36,4.073,775.3,19.81,none/ocean,none/ocean,Oceanic basalt,False,
H+07+50,ocean,ocean,modest,fish,none,ocean,7,50,-90.3,3.964,770.3,19.76,none/ocean,none/ocean,Oceanic basalt,False,
H+08+50,coast,none,none,none,farmstead,"fresh water, route access",8,50,28.63,4.094,703.0,19.52,sandy coastal,coastal scrub,Coastal sediment,False,none
H+09+50,coast,none,none,clay,farmstead,"fresh water, route access",9,50,30.34,3.959,709.6,19.46,sandy coastal,coastal scrub,Coastal sediment,False,none
H+10+50,coast,none,none,none,farmstead,"fresh water, route access",10,50,39.0,0.289,712.7,19.35,sandy coastal,coastal scrub,Coastal sediment,False,none
H+11+50,coast,none,none,none,farmstead,"fresh water, route access",11,50,40.04,0.367,713.3,19.27,sandy coastal,coastal scrub,Coastal sediment,False,none
H+12+50,coast,none,none,none,none,no reliable fresh water; poor food; arid interior,12,50,51.04,0.367,710.8,19.1,sandy coastal,coastal scrub,Coastal sediment,False,none
H+13+50,coast,none,none,none,none,no reliable fresh water; poor food; arid interior,13,50,61.8,0.359,705.8,18.93,sandy coastal,coastal scrub,Coastal sediment,False,none
H+14+50,coast,major_river,modest,fish,town,"fresh water, route access, major river",14,50,59.55,0.308,710.2,18.84,sandy coastal,coastal scrub,Coastal sediment,False,none
H+15+50,coast,none,none,none,none,no reliable fresh water; poor food; arid interior,15,50,68.8,0.308,728.3,18.67,sandy coastal,coastal scrub,Coastal sediment,False,none
H+16+50,coast,none,none,none,none,no reliable fresh water; poor food; arid interior,16,50,70.36,0.18,749.7,18.56,sandy coastal,coastal scrub,Coastal sediment,False,none
H+17+50,coast,none,none,none,none,no reliable fresh water; poor food; arid interior,17,50,75.74,0.18,764.6,18.44,sandy coastal,coastal scrub,Coastal sediment,False,none
H+18+50,forest,none,good,none,village,"adequate food, route access",18,50,80.81,0.281,769.4,18.29,sandy coastal,temperate forest,Coastal sediment,False,none
H+19+50,forest,none,good,none,village,"adequate food, route access",19,50,89.25,0.36,751.8,18.12,sandy coastal,temperate forest,Coastal sediment,False,none
H+20+50,farmland,none,rich,none,village,"strong food, route access",20,50,100.04,0.36,719.6,17.94,loam,floodplain farmable,Craton granite/gneiss,False,none
H+21+50,farmland,major_river,rich,fish,city-candidate,"fresh water, strong food, route access, major river",21,50,93.63,0.404,695.4,17.9,loam,floodplain farmable,Craton granite/gneiss,False,none
H+22+50,grassland,none,good,none,village,"strong food, route access",22,50,105.75,0.404,679.0,17.8,loam,grassland/pasture,Craton granite/gneiss,False,none
H+23+50,grassland,none,good,none,village,"strong food, route access",23,50,107.89,0.071,669.9,17.8,loam,grassland/pasture,Craton granite/gneiss,False,none
H+24+50,farmland,river,rich,none,none,excellent site left empty on purpose,24,50,106.71,3.267,666.5,17.86,loam,floodplain farmable,Suture metamorphic,False,none
H+25+50,grassland,none,good,none,village,"strong food, route access",25,50,198.87,5.128,671.8,17.34,loam,grassland/pasture,Suture metamorphic,False,none
H+26+50,grassland,none,good,none,village,"strong food, route access",26,50,342.88,6.192,693.2,16.48,loam,grassland/pasture,Suture metamorphic,False,none
H+27+50,forest,none,good,none,farmstead,"adequate food, route access",27,50,519.02,7.376,756.6,15.41,loam,temperate forest,Suture metamorphic,False,none
H+28+50,forest,none,good,timber,farmstead,"adequate food, route access",28,50,732.02,7.1,871.9,14.07,loam,temperate forest,Suture metamorphic,False,none
H+29+50,lake,lake,modest,evaporite_host|clay|fish,none,open water (lake/inland sea),29,50,588.76,4.775,652.6,15.03,glacial till,none/ocean,Basin sediment,True,outwash
H+30+50,lake,lake,modest,evaporite_host|clay|fish,none,open water (lake/inland sea),30,50,588.76,0.0,662.9,15.03,glacial till,none/ocean,Basin sediment,True,overdeep_basin
H+31+50,lake,lake,modest,evaporite_host|clay|fish,none,open water (lake/inland sea),31,50,588.76,0.0,643.5,15.03,glacial till,none/ocean,Basin sediment,True,overdeep_basin
H+32+50,lake,lake,modest,evaporite_host|clay|fish,none,open water (lake/inland sea),32,50,588.76,0.0,639.6,15.04,glacial till,none/ocean,Basin sediment,True,overdeep_basin
H+33+50,lake,lake,modest,evaporite_host|clay|fish,none,open water (lake/inland sea),33,50,588.76,0.0,645.4,15.06,glacial till,none/ocean,Basin sediment,True,overdeep_basin
H+34+50,lake,lake,modest,evaporite_host|clay|fish,none,open water (lake/inland sea),34,50,588.76,0.0,642.5,15.11,glacial till,none/ocean,Basin sediment,True,overdeep_basin
H+35+50,lake,lake,modest,evaporite_host|clay|fish,none,open water (lake/inland sea),35,50,588.76,0.0,623.0,15.19,glacial till,none/ocean,Basin sediment,True,overdeep_basin
H+36+50,lake,lake,modest,evaporite_host|clay|fish,none,open water (lake/inland sea),36,50,588.76,0.0,609.7,15.26,glacial till,none/ocean,Basin sediment,True,overdeep_basin
H+37+50,lake,lake,modest,evaporite_host|clay|fish,none,open water (lake/inland sea),37,50,588.76,0.0,620.4,15.31,glacial till,none/ocean,Basin sediment,True,overdeep_basin
H+38+50,lake,lake,modest,evaporite_host|clay|fish,none,open water (lake/inland sea),38,50,588.76,0.0,632.8,15.34,glacial till,none/ocean,Basin sediment,True,overdeep_basin
H+39+50,lake,lake,modest,evaporite_host|clay|fish,none,open water (lake/inland sea),39,50,588.76,46.672,626.8,15.31,clay basin,none/ocean,Basin sediment,True,none
H+40+50,high_peaks,none,modest,none,none,no reliable fresh water; too steep,40,50,1988.92,56.141,2291.6,6.18,mountain thin,shrub/steppe,Suture metamorphic,False,none
H+41+50,grassland,none,good,limestone_karst,none,no reliable fresh water; too steep,41,50,306.24,56.089,614.6,17.08,rocky/lithosol,grassland/pasture,Suture metamorphic,False,none
H+42+50,grassland,none,good,none,village,"strong food, route access",42,50,185.5,4.136,611.3,17.83,loam,grassland/pasture,Suture metamorphic,False,none
H+43+50,farmland,river,rich,none,city-candidate,"fresh water, strong food, route access",43,50,140.14,1.512,607.0,18.1,loam,floodplain farmable,Craton granite/gneiss,False,none
H+44+50,grassland,none,good,none,village,"strong food, route access",44,50,141.72,3.218,597.3,18.09,loam,grassland/pasture,Craton granite/gneiss,False,none
H+45+50,grassland,none,good,none,village,"strong food, route access",45,50,237.75,3.282,589.8,17.48,loam,grassland/pasture,Craton granite/gneiss,False,none
H+46+50,grassland,none,good,none,village,"strong food, route access",46,50,333.97,3.224,583.8,16.89,loam,grassland/pasture,Craton granite/gneiss,False,none
H+47+50,grassland,none,good,none,farmstead,strong food,47,50,426.76,8.483,585.0,16.33,loam,grassland/pasture,Craton granite/gneiss,False,none
H+48+50,grassland,none,good,none,farmstead,strong food,48,50,502.55,11.009,603.0,15.9,loam,grassland/pasture,Craton granite/gneiss,False,none
H+49+50,grassland,none,good,none,farmstead,strong food,49,50,179.57,13.151,590.1,18.06,loam,grassland/pasture,Craton granite/gneiss,False,none
H+50+50,grassland,none,good,none,farmstead,strong food,50,50,177.41,13.223,576.3,18.12,loam,grassland/pasture,Craton granite/gneiss,False,none
H+51+50,grassland,none,good,none,village,"strong food, route access",51,50,172.5,2.634,551.0,18.15,loam,grassland/pasture,Craton granite/gneiss,False,none
H+52+50,grassland,none,good,none,village,"strong food, route access",52,50,202.52,4.669,530.9,17.92,volcanic andisol,grassland/pasture,Arc andesite/volcanic,False,none
H+53+50,grassland,none,good,none,village,"strong food, route access",53,50,299.1,4.354,530.6,17.24,volcanic andisol,grassland/pasture,Arc andesite/volcanic,False,none
H+54+50,grassland,none,good,none,village,"strong food, route access",54,50,399.74,5.628,535.0,16.55,volcanic andisol,grassland/pasture,Arc andesite/volcanic,False,none
H+55+50,grassland,none,good,none,village,"strong food, route access",55,50,483.4,5.179,548.6,16.01,volcanic andisol,grassland/pasture,Arc andesite/volcanic,False,none
H+56+50,grassland,none,good,none,village,"strong food, route access",56,50,542.53,4.609,556.4,15.67,volcanic andisol,grassland/pasture,Arc andesite/volcanic,False,none
H+57+50,grassland,none,good,none,village,"strong food, route access",57,50,577.89,3.971,560.9,15.54,volcanic andisol,grassland/pasture,Arc andesite/volcanic,False,none
H+58+50,grassland,none,good,none,village,"strong food, route access",58,50,603.67,3.48,561.1,15.48,volcanic andisol,grassland/pasture,Arc andesite/volcanic,False,none
H+59+50,grassland,none,good,none,village,"strong food, route access",59,50,636.83,3.615,573.0,15.37,volcanic andisol,grassland/pasture,Arc andesite/volcanic,False,none
H+60+50,grassland,none,good,none,village,"strong food, route access",60,50,674.33,3.686,591.0,15.19,volcanic andisol,grassland/pasture,Arc andesite/volcanic,False,none
H+61+50,grassland,none,good,none,village,"strong food, route access",61,50,710.85,3.486,596.3,14.98,volcanic andisol,grassland/pasture,Arc andesite/volcanic,False,none
H+62+50,grassland,none,good,volcanic_host,village,"strong food, route access",62,50,736.91,3.378,584.0,14.82,volcanic andisol,grassland/pasture,Arc andesite/volcanic,False,none
H+63+50,grassland,none,good,none,village,"strong food, route access",63,50,746.67,3.105,571.4,14.75,volcanic andisol,grassland/pasture,Arc andesite/volcanic,False,none
H+64+50,grassland,none,good,none,village,"strong food, route access",64,50,748.08,2.803,569.3,14.73,volcanic andisol,grassland/pasture,Arc andesite/volcanic,False,none
H+65+50,grassland,none,good,volcanic_host,village,"strong food, route access",65,50,743.19,2.653,574.2,14.76,volcanic andisol,grassland/pasture,Arc andesite/volcanic,False,none
H+66+50,grassland,none,good,none,village,"strong food, route access",66,50,736.46,3.496,597.9,14.8,volcanic andisol,grassland/pasture,Arc andesite/volcanic,False,none
H+67+50,grassland,none,good,none,village,"strong food, route access",67,50,761.64,3.289,656.1,14.61,volcanic andisol,grassland/pasture,Arc andesite/volcanic,False,none
H+68+50,grassland,none,good,obsidian,village,"strong food, route access",68,50,790.48,3.666,678.1,14.36,volcanic andisol,grassland/pasture,Arc andesite/volcanic,False,none
H+69+50,grassland,none,good,obsidian,village,"strong food, route access",69,50,798.09,3.508,666.8,14.23,volcanic andisol,grassland/pasture,Arc andesite/volcanic,False,none
H+70+50,grassland,none,good,obsidian,village,"strong food, route access",70,50,756.11,3.692,651.2,14.4,volcanic andisol,grassland/pasture,Arc andesite/volcanic,False,none
H+71+50,grassland,none,good,obsidian,village,"strong food, route access",71,50,681.78,3.252,647.5,14.79,volcanic andisol,grassland/pasture,Arc andesite/volcanic,False,none
H+72+50,grassland,none,good,obsidian,village,"strong food, route access",72,50,584.23,3.478,649.8,15.35,volcanic andisol,grassland/pasture,Arc andesite/volcanic,False,none
H+73+50,grassland,none,good,obsidian,village,"strong food, route access",73,50,479.89,3.478,653.5,15.96,volcanic andisol,grassland/pasture,Arc andesite/volcanic,False,none
H+74+50,grassland,none,good,obsidian,town,"fresh water, strong food, route access",74,50,379.87,3.334,655.1,16.54,volcanic andisol,grassland/pasture,Arc andesite/volcanic,False,none
H+75+50,grassland,none,good,obsidian,village,"fresh water, strong food",75,50,306.6,12.627,653.3,16.95,volcanic andisol,grassland/pasture,Arc andesite/volcanic,False,none
H+76+50,ocean,ocean,modest,fish,none,ocean,76,50,-72.2,12.627,716.0,18.88,none/ocean,none/ocean,Oceanic basalt,False,
H+77+50,ocean,ocean,modest,fish,none,ocean,77,50,-84.53,0.411,720.9,18.81,none/ocean,none/ocean,Oceanic basalt,False,
H+78+50,ocean,ocean,modest,fish,none,ocean,78,50,-96.66,0.404,728.8,18.77,none/ocean,none/ocean,Oceanic basalt,False,
H+79+50,ocean,ocean,modest,fish,none,ocean,79,50,-96.91,0.058,741.7,18.76,none/ocean,none/ocean,Oceanic basalt,False,
H+00+51,ocean,ocean,modest,fish,none,ocean,0,51,-107.74,0.083,716.8,20.04,none/ocean,none/ocean,Oceanic basalt,False,
H+01+51,ocean,ocean,modest,fish,none,ocean,1,51,-108.96,0.05,728.3,20.05,none/ocean,none/ocean,Oceanic basalt,False,
H+02+51,ocean,ocean,modest,fish,none,ocean,2,51,-109.62,0.096,748.2,20.08,none/ocean,none/ocean,Oceanic basalt,False,
H+03+51,ocean,ocean,modest,fish,none,ocean,3,51,-110.2,0.201,751.1,20.11,none/ocean,none/ocean,Oceanic basalt,False,
H+04+51,ocean,ocean,modest,fish,none,ocean,4,51,-108.73,0.268,741.4,20.12,none/ocean,none/ocean,Oceanic basalt,False,
H+05+51,ocean,ocean,modest,fish,none,ocean,5,51,-103.77,0.28,746.6,20.1,none/ocean,none/ocean,Oceanic basalt,False,
H+06+51,ocean,ocean,modest,fish,none,ocean,6,51,-98.68,0.309,756.0,20.05,none/ocean,none/ocean,Oceanic basalt,False,
H+07+51,ocean,ocean,modest,fish,none,ocean,7,51,-94.19,4.094,752.8,20.0,none/ocean,none/ocean,Oceanic basalt,False,
H+08+51,ocean,ocean,modest,fish,none,ocean,8,51,-88.42,4.091,744.9,19.94,none/ocean,none/ocean,Oceanic basalt,False,
H+09+51,coast,none,none,clay,farmstead,"fresh water, route access",9,51,34.31,4.226,677.4,19.66,sandy coastal,coastal scrub,Coastal sediment,False,none
H+10+51,coast,none,none,none,farmstead,"fresh water, route access",10,51,35.28,4.158,691.3,19.59,sandy coastal,coastal scrub,Coastal sediment,False,none
H+11+51,coast,none,none,none,farmstead,"fresh water, route access",11,51,42.8,0.445,708.9,19.46,sandy coastal,coastal scrub,Coastal sediment,False,none
H+12+51,coast,none,none,none,farmstead,"fresh water, route access",12,51,51.38,0.679,716.2,19.32,sandy coastal,coastal scrub,Coastal sediment,False,none
H+13+51,coast,major_river,modest,fish,town,"fresh water, route access, major river",13,51,56.82,0.556,718.6,19.19,sandy coastal,coastal scrub,Coastal sediment,False,none
H+14+51,coast,none,none,none,none,no reliable fresh water; poor food; arid interior,14,51,68.29,0.441,726.7,19.01,sandy coastal,coastal scrub,Coastal sediment,False,none
H+15+51,coast,none,none,none,none,no reliable fresh water; poor food; arid interior,15,51,69.85,0.18,737.8,18.89,sandy coastal,coastal scrub,Coastal sediment,False,none
H+16+51,coast,none,none,none,none,no reliable fresh water; poor food; arid interior,16,51,75.23,0.18,753.4,18.76,sandy coastal,coastal scrub,Coastal sediment,False,none
H+17+51,forest,none,good,none,village,"adequate food, route access",17,51,80.3,0.281,775.4,18.64,sandy coastal,temperate forest,Coastal sediment,False,none
H+18+51,forest,none,good,none,village,"adequate food, route access",18,51,88.74,0.36,786.8,18.49,sandy coastal,temperate forest,Coastal sediment,False,none
H+19+51,forest,none,good,none,village,"adequate food, route access",19,51,99.53,0.36,773.9,18.33,sandy coastal,temperate forest,Coastal sediment,False,none
H+20+51,forest,major_river,good,fish,city-candidate,"fresh water, strong food, route access, major river",20,51,93.12,0.404,749.2,18.28,sandy coastal,temperate forest,Coastal sediment,False,none
H+21+51,farmland,none,rich,none,village,"strong food, route access",21,51,105.24,0.404,727.4,18.14,loam,floodplain farmable,Craton granite/gneiss,False,none
H+22+51,farmland,none,rich,none,village,"strong food, route access",22,51,107.38,0.071,710.4,18.11,loam,floodplain farmable,Craton granite/gneiss,False,none
H+23+51,farmland,river,rich,none,city-candidate,"fresh water, strong food, route access",23,51,106.2,0.371,696.2,18.13,loam,floodplain farmable,Craton granite/gneiss,False,none
H+24+51,grassland,none,good,none,village,"strong food, route access",24,51,117.35,2.717,681.9,18.1,loam,grassland/pasture,Suture metamorphic,False,none
H+25+51,grassland,none,good,limestone_karst,village,"strong food, route access",25,51,194.85,4.934,679.6,17.66,loam,grassland/pasture,Suture metamorphic,False,none
H+26+51,grassland,none,good,none,village,"strong food, route access",26,51,340.98,5.982,693.3,16.78,loam,grassland/pasture,Suture metamorphic,False,none
H+27+51,forest,none,good,none,farmstead,"adequate food, route access",27,51,520.43,7.053,752.8,15.67,loam,temperate forest,Suture metamorphic,False,none
H+28+51,forest,none,good,none,farmstead,"adequate food, route access",28,51,730.67,7.008,860.4,14.35,loam,temperate forest,Suture metamorphic,False,none
H+29+51,lake,lake,modest,evaporite_host|fish,none,open water (lake/inland sea),29,51,588.76,4.764,645.7,15.29,glacial till,none/ocean,Basin sediment,True,overdeep_basin;outwash
H+30+51,lake,lake,modest,evaporite_host|fish,none,open water (lake/inland sea),30,51,588.76,0.0,660.6,15.29,glacial till,none/ocean,Basin sediment,True,overdeep_basin
H+31+51,lake,lake,modest,evaporite_host|fish,none,open water (lake/inland sea),31,51,588.76,0.0,651.6,15.29,glacial till,none/ocean,Basin sediment,True,overdeep_basin
H+32+51,lake,lake,modest,evaporite_host|clay|fish,none,open water (lake/inland sea),32,51,588.76,0.0,648.6,15.29,glacial till,none/ocean,Basin sediment,True,overdeep_basin
H+33+51,lake,lake,modest,evaporite_host|clay|fish,none,open water (lake/inland sea),33,51,588.76,0.0,641.7,15.31,glacial till,none/ocean,Basin sediment,True,overdeep_basin
H+34+51,lake,lake,modest,evaporite_host|clay|fish,none,open water (lake/inland sea),34,51,588.76,0.0,634.4,15.36,glacial till,none/ocean,Basin sediment,True,overdeep_basin
H+35+51,lake,lake,modest,evaporite_host|clay|fish,none,open water (lake/inland sea),35,51,588.76,0.0,631.9,15.43,glacial till,none/ocean,Basin sediment,True,overdeep_basin
H+36+51,lake,lake,modest,evaporite_host|clay|fish,none,open water (lake/inland sea),36,51,588.76,0.0,631.5,15.5,glacial till,none/ocean,Basin sediment,True,overdeep_basin
H+37+51,lake,lake,modest,evaporite_host|clay|fish,none,open water (lake/inland sea),37,51,588.76,0.0,627.8,15.55,glacial till,none/ocean,Basin sediment,True,overdeep_basin
H+38+51,lake,lake,modest,evaporite_host|clay|fish,none,open water (lake/inland sea),38,51,588.76,0.0,621.8,15.56,glacial till,none/ocean,Basin sediment,True,overdeep_basin
H+39+51,lake,lake,modest,evaporite_host|clay|fish,none,open water (lake/inland sea),39,51,588.76,46.672,620.5,15.53,clay basin,none/ocean,Basin sediment,True,none
H+40+51,high_peaks,none,modest,none,none,no reliable fresh water; too steep,40,51,1987.58,56.045,2306.2,6.4,mountain thin,shrub/steppe,Suture metamorphic,False,none
H+41+51,grassland,none,good,none,none,no reliable fresh water; too steep,41,51,309.57,55.934,616.8,17.26,rocky/lithosol,grassland/pasture,Suture metamorphic,False,none
H+42+51,farmland,river,rich,none,town,"fresh water, strong food, route access",42,51,184.81,4.159,604.6,18.03,loam,floodplain farmable,Suture metamorphic,False,none
H+43+51,grassland,none,good,none,village,"strong food, route access",43,51,144.63,3.138,596.2,18.26,loam,grassland/pasture,Craton granite/gneiss,False,none
H+44+51,grassland,none,good,none,village,"strong food, route access",44,51,238.26,3.224,585.3,17.64,loam,grassland/pasture,Craton granite/gneiss,False,none
H+45+51,grassland,none,good,none,village,"strong food, route access",45,51,334.48,5.39,577.4,17.04,loam,grassland/pasture,Craton granite/gneiss,False,none
H+46+51,grassland,none,good,stone,farmstead,strong food,46,51,427.27,8.5,582.5,16.48,loam,grassland/pasture,Craton granite/gneiss,False,none
H+47+51,grassland,none,good,none,farmstead,strong food,47,51,172.28,11.009,578.7,18.2,loam,grassland/pasture,Craton granite/gneiss,False,none
H+48+51,grassland,none,good,none,farmstead,strong food,48,51,177.02,10.851,584.5,18.24,loam,grassland/pasture,Craton granite/gneiss,False,none
H+49+51,grassland,none,good,none,village,"strong food, route access",49,51,179.06,0.085,592.4,18.31,loam,grassland/pasture,Craton granite/gneiss,False,none
H+50+51,grassland,none,good,none,village,"strong food, route access",50,51,176.9,0.222,580.2,18.38,loam,grassland/pasture,Craton granite/gneiss,False,none
H+51+51,farmland,river,rich,none,city-candidate,"fresh water, strong food, route access",51,51,170.24,1.076,552.2,18.43,loam,floodplain farmable,Craton granite/gneiss,False,none
H+52+51,farmland,river,rich,none,town,"fresh water, strong food, route access",52,51,169.73,4.312,532.7,18.41,loam,floodplain farmable,Craton granite/gneiss,False,none
H+53+51,grassland,none,good,none,village,"strong food, route access",53,51,230.9,5.628,527.6,17.98,volcanic andisol,grassland/pasture,Arc andesite/volcanic,False,none
H+54+51,grassland,none,good,obsidian,village,"strong food, route access",54,51,328.03,5.311,527.4,17.32,volcanic andisol,grassland/pasture,Arc andesite/volcanic,False,none
H+55+51,grassland,none,good,none,village,"strong food, route access",55,51,404.26,5.434,525.7,16.82,volcanic andisol,grassland/pasture,Arc andesite/volcanic,False,none
H+56+51,grassland,none,good,none,village,"strong food, route access",56,51,458.77,4.884,532.2,16.5,volcanic andisol,grassland/pasture,Arc andesite/volcanic,False,none
H+57+51,grassland,none,good,none,village,"strong food, route access",57,51,500.98,4.563,541.9,16.31,volcanic andisol,grassland/pasture,Arc andesite/volcanic,False,none
H+58+51,grassland,none,good,none,village,"strong food, route access",58,51,535.22,4.022,548.7,16.18,volcanic andisol,grassland/pasture,Arc andesite/volcanic,False,none
H+59+51,grassland,none,good,volcanic_host,village,"strong food, route access",59,51,573.79,3.901,558.4,16.01,volcanic andisol,grassland/pasture,Arc andesite/volcanic,False,none
H+60+51,grassland,none,good,none,village,"strong food, route access",60,51,606.27,3.745,564.6,15.86,volcanic andisol,grassland/pasture,Arc andesite/volcanic,False,none
H+61+51,grassland,none,good,none,village,"strong food, route access",61,51,635.57,3.753,568.8,15.68,volcanic andisol,grassland/pasture,Arc andesite/volcanic,False,none
H+62+51,grassland,none,good,none,village,"strong food, route access",62,51,653.53,3.405,577.7,15.57,volcanic andisol,grassland/pasture,Arc andesite/volcanic,False,none
H+63+51,grassland,none,good,none,village,"strong food, route access",63,51,670.74,3.147,591.6,15.46,volcanic andisol,grassland/pasture,Arc andesite/volcanic,False,none
H+64+51,grassland,none,good,none,village,"strong food, route access",64,51,679.4,2.755,582.7,15.4,volcanic andisol,grassland/pasture,Arc andesite/volcanic,False,none
H+65+51,grassland,none,good,volcanic_host,village,"strong food, route access",65,51,677.07,2.204,570.4,15.41,volcanic andisol,grassland/pasture,Arc andesite/volcanic,False,none
H+66+51,grassland,none,good,none,village,"strong food, route access",66,51,670.05,3.053,584.6,15.46,volcanic andisol,grassland/pasture,Arc andesite/volcanic,False,none
H+67+51,grassland,none,good,none,village,"strong food, route access",67,51,680.5,3.666,618.9,15.37,volcanic andisol,grassland/pasture,Arc andesite/volcanic,False,none
H+68+51,grassland,none,good,obsidian,village,"strong food, route access",68,51,693.45,3.488,632.9,15.23,volcanic andisol,grassland/pasture,Arc andesite/volcanic,False,none
H+69+51,grassland,none,good,obsidian,village,"strong food, route access",69,51,692.85,4.248,628.4,15.15,volcanic andisol,grassland/pasture,Arc andesite/volcanic,False,none
H+70+51,grassland,none,good,obsidian,village,"strong food, route access",70,51,645.35,3.989,622.7,15.37,volcanic andisol,grassland/pasture,Arc andesite/volcanic,False,none
H+71+51,grassland,none,good,volcanic_host|obsidian,village,"strong food, route access",71,51,591.03,3.813,624.8,15.64,volcanic andisol,grassland/pasture,Arc andesite/volcanic,False,none
H+72+51,grassland,none,good,obsidian,village,"strong food, route access",72,51,507.18,3.019,624.8,16.11,volcanic andisol,grassland/pasture,Arc andesite/volcanic,False,none
H+73+51,grassland,none,good,obsidian,town,"fresh water, strong food, route access",73,51,416.61,3.019,628.9,16.63,volcanic andisol,grassland/pasture,Arc andesite/volcanic,False,none
H+74+51,grassland,none,good,volcanic_host|obsidian,town,"fresh water, strong food, route access",74,51,332.86,2.792,630.2,17.1,volcanic andisol,grassland/pasture,Arc andesite/volcanic,False,none
H+75+51,grassland,none,good,obsidian,village,"fresh water, strong food",75,51,255.02,11.199,639.6,17.54,volcanic andisol,grassland/pasture,Arc andesite/volcanic,False,none
H+76+51,ocean,ocean,modest,fish,none,ocean,76,51,-80.94,11.199,719.6,19.13,none/ocean,none/ocean,Oceanic basalt,False,
H+77+51,ocean,ocean,modest,fish,none,ocean,77,51,-92.25,0.377,730.5,19.07,none/ocean,none/ocean,Oceanic basalt,False,
H+78+51,ocean,ocean,modest,fish,none,ocean,78,51,-97.17,0.164,735.5,19.03,none/ocean,none/ocean,Oceanic basalt,False,
H+79+51,ocean,ocean,modest,fish,none,ocean,79,51,-97.73,0.027,747.0,19.03,none/ocean,none/ocean,Oceanic basalt,False,
H+00+52,ocean,ocean,modest,fish,none,ocean,0,52,-110.24,0.083,713.5,20.25,none/ocean,none/ocean,Oceanic basalt,False,
H+01+52,ocean,ocean,modest,fish,none,ocean,1,52,-110.45,0.05,725.3,20.26,none/ocean,none/ocean,Oceanic basalt,False,
H+02+52,ocean,ocean,modest,fish,none,ocean,2,52,-110.94,0.044,744.2,20.29,none/ocean,none/ocean,Oceanic basalt,False,
H+03+52,ocean,ocean,modest,fish,none,ocean,3,52,-109.88,0.038,741.7,20.33,none/ocean,none/ocean,Oceanic basalt,False,
H+04+52,ocean,ocean,modest,fish,none,ocean,4,52,-110.5,0.224,724.0,20.35,none/ocean,none/ocean,Oceanic basalt,False,
H+05+52,ocean,ocean,modest,fish,none,ocean,5,52,-107.96,0.309,728.8,20.34,none/ocean,none/ocean,Oceanic basalt,False,
H+06+52,ocean,ocean,modest,fish,none,ocean,6,52,-102.51,0.277,740.4,20.3,none/ocean,none/ocean,Oceanic basalt,False,
H+07+52,ocean,ocean,modest,fish,none,ocean,7,52,-97.18,0.315,736.0,20.24,none/ocean,none/ocean,Oceanic basalt,False,
H+08+52,ocean,ocean,modest,fish,none,ocean,8,52,-92.48,4.226,721.1,20.16,none/ocean,none/ocean,Oceanic basalt,False,
H+09+52,ocean,ocean,modest,fish,none,ocean,9,52,-89.46,4.158,717.4,20.08,none/ocean,none/ocean,Oceanic basalt,False,
H+10+52,coast,none,none,none,farmstead,"fresh water, route access",10,52,29.45,4.129,673.3,19.81,sandy coastal,coastal scrub,Coastal sediment,False,none
H+11+52,coast,none,none,none,farmstead,"fresh water, route access",11,52,31.02,4.085,703.7,19.72,sandy coastal,coastal scrub,Coastal sediment,False,none
H+12+52,coast,major_river,modest,fish,town,"fresh water, route access, major river",12,52,40.14,4.305,722.3,19.58,sandy coastal,coastal scrub,Coastal sediment,False,none
H+13+52,coast,river,none,none,farmstead,"fresh water, route access",13,52,55.06,0.497,733.9,19.39,sandy coastal,coastal scrub,Coastal sediment,False,none
H+14+52,coast,river,none,none,farmstead,"fresh water, route access",14,52,68.21,0.438,745.8,19.2,sandy coastal,coastal scrub,Coastal sediment,False,none
H+15+52,coast,none,none,none,none,no reliable fresh water; poor food; arid interior,15,52,74.72,0.217,751.0,19.06,sandy coastal,coastal scrub,Coastal sediment,False,none
H+16+52,coast,none,none,none,none,no reliable fresh water; poor food; arid interior,16,52,79.79,0.281,758.2,18.93,sandy coastal,coastal scrub,Coastal sediment,False,none
H+17+52,forest,none,good,none,village,"adequate food, route access",17,52,88.23,0.36,776.6,18.79,sandy coastal,temperate forest,Coastal sediment,False,none
H+18+52,forest,none,good,none,village,"adequate food, route access",18,52,99.02,0.36,787.6,18.65,sandy coastal,temperate forest,Coastal sediment,False,none
H+19+52,forest,major_river,good,fish,city-candidate,"fresh water, strong food, route access, major river",19,52,92.61,0.404,778.9,18.63,sandy coastal,temperate forest,Coastal sediment,False,none
H+20+52,forest,none,good,none,village,"adequate food, route access",20,52,104.73,0.404,761.9,18.5,sandy coastal,temperate forest,Coastal sediment,False,none
H+21+52,forest,none,good,none,village,"adequate food, route access",21,52,106.87,0.071,745.6,18.46,sandy coastal,temperate forest,Coastal sediment,False,none
H+22+52,forest,river,good,none,town,"fresh water, adequate food, route access",22,52,105.69,0.371,730.6,18.46,sandy coastal,temperate forest,Coastal sediment,False,none
H+23+52,farmland,none,rich,greenstone_metals,village,"strong food, route access",23,52,116.84,0.431,713.0,18.4,loam,floodplain farmable,Craton granite/gneiss,False,none
H+24+52,grassland,none,good,none,village,"strong food, route access",24,52,104.42,3.014,692.3,18.51,loam,grassland/pasture,Suture metamorphic,False,none
H+25+52,farmland,river,rich,none,town,"fresh water, strong food, route access",25,52,187.07,5.222,684.6,18.02,loam,floodplain farmable,Suture metamorphic,False,none
H+26+52,grassland,none,good,none,village,"strong food, route access",26,52,343.72,6.025,692.6,17.05,loam,grassland/pasture,Suture metamorphic,False,none
H+27+52,forest,none,good,none,farmstead,"adequate food, route access",27,52,524.48,6.907,750.5,15.93,loam,temperate forest,Suture metamorphic,False,none
H+28+52,forest,none,good,none,farmstead,"adequate food, route access",28,52,731.69,6.907,852.0,14.62,loam,temperate forest,Suture metamorphic,False,none
H+29+52,lake,lake,modest,evaporite_host|fish,none,open water (lake/inland sea),29,52,588.76,4.976,640.9,15.56,glacial till,none/ocean,Basin sediment,True,overdeep_basin;outwash
H+30+52,lake,lake,modest,evaporite_host|fish,none,open water (lake/inland sea),30,52,588.76,0.0,659.3,15.55,glacial till,none/ocean,Basin sediment,True,overdeep_basin
H+31+52,lake,lake,modest,evaporite_host|fish,none,open water (lake/inland sea),31,52,588.76,0.0,656.4,15.54,glacial till,none/ocean,Basin sediment,True,overdeep_basin
H+32+52,lake,lake,modest,evaporite_host|clay|fish,none,open water (lake/inland sea),32,52,588.76,0.0,654.8,15.54,glacial till,none/ocean,Basin sediment,True,overdeep_basin
H+33+52,lake,lake,modest,evaporite_host|clay|fish,none,open water (lake/inland sea),33,52,588.76,0.0,642.8,15.56,glacial till,none/ocean,Basin sediment,True,overdeep_basin
H+34+52,lake,lake,modest,evaporite_host|clay|fish,none,open water (lake/inland sea),34,52,588.76,0.0,633.0,15.61,glacial till,none/ocean,Basin sediment,True,overdeep_basin
H+35+52,lake,lake,modest,evaporite_host|clay|fish,none,open water (lake/inland sea),35,52,588.76,0.0,636.2,15.67,glacial till,none/ocean,Basin sediment,True,overdeep_basin
H+36+52,lake,lake,modest,evaporite_host|clay|fish,none,open water (lake/inland sea),36,52,588.76,0.0,640.3,15.73,glacial till,none/ocean,Basin sediment,True,overdeep_basin
H+37+52,lake,lake,modest,evaporite_host|clay|fish,none,open water (lake/inland sea),37,52,588.76,0.0,632.2,15.77,glacial till,none/ocean,Basin sediment,True,overdeep_basin
H+38+52,lake,lake,modest,evaporite_host|fish,none,open water (lake/inland sea),38,52,588.76,0.0,622.0,15.78,glacial till,none/ocean,Basin sediment,True,overdeep_basin
H+39+52,lake,lake,modest,evaporite_host|fish,none,open water (lake/inland sea),39,52,588.76,46.627,625.5,15.75,clay basin,none/ocean,Basin sediment,True,none
H+40+52,high_peaks,none,modest,stone,none,no reliable fresh water; too steep,40,52,1980.5,55.741,2345.7,6.65,mountain thin,shrub/steppe,Suture metamorphic,False,none
H+41+52,grassland,none,good,none,none,no reliable fresh water; too steep,41,52,308.26,55.741,625.9,17.46,rocky/lithosol,grassland/pasture,Suture metamorphic,False,none
H+42+52,grassland,none,good,none,village,"strong food, route access",42,52,186.27,4.238,609.4,18.2,loam,grassland/pasture,Suture metamorphic,False,none
H+43+52,grassland,none,good,none,village,"strong food, route access",43,52,238.77,3.207,599.3,17.83,loam,grassland/pasture,Craton granite/gneiss,False,none
H+44+52,grassland,none,good,none,village,"strong food, route access",44,52,334.99,5.407,588.2,17.19,loam,grassland/pasture,Craton granite/gneiss,False,none
H+45+52,grassland,none,good,none,farmstead,strong food,45,52,172.79,8.483,580.4,18.26,loam,grassland/pasture,Craton granite/gneiss,False,none
H+46+52,grassland,none,good,none,farmstead,strong food,46,52,172.28,8.5,581.0,18.32,loam,grassland/pasture,Craton granite/gneiss,False,none
H+47+52,farmland,river,rich,none,city-candidate,"fresh water, strong food, route access",47,52,171.77,0.175,581.3,18.41,loam,floodplain farmable,Craton granite/gneiss,False,none
H+48+52,grassland,none,good,none,village,"strong food, route access",48,52,176.51,0.192,582.5,18.47,loam,grassland/pasture,Craton granite/gneiss,False,none
H+49+52,grassland,none,good,none,village,"strong food, route access",49,52,177.28,0.235,588.7,18.55,loam,grassland/pasture,Craton granite/gneiss,False,none
H+50+52,grassland,none,good,none,village,"strong food, route access",50,52,176.39,0.222,577.6,18.63,loam,grassland/pasture,Craton granite/gneiss,False,none
H+51+52,grassland,none,good,none,village,"strong food, route access",51,52,169.73,0.222,551.4,18.69,loam,grassland/pasture,Craton granite/gneiss,False,none
H+52+52,grassland,river,good,clay,town,"fresh water, strong food, route access",52,52,169.22,2.056,534.9,18.69,sandy coastal,grassland/pasture,Coastal sediment,False,none
H+53+52,grassland,river,good,clay,town,"fresh water, strong food, route access",53,52,168.71,5.311,530.2,18.66,sandy coastal,grassland/pasture,Coastal sediment,False,none
H+54+52,grassland,none,good,obsidian,village,"strong food, route access",54,52,241.24,5.434,529.0,18.17,volcanic andisol,grassland/pasture,Arc andesite/volcanic,False,none
H+55+52,grassland,none,good,volcanic_host|obsidian,village,"strong food, route access",55,52,312.24,4.884,524.5,17.7,volcanic andisol,grassland/pasture,Arc andesite/volcanic,False,none
H+56+52,grassland,none,good,none,village,"strong food, route access",56,52,364.08,4.629,520.3,17.39,volcanic andisol,grassland/pasture,Arc andesite/volcanic,False,none
H+57+52,grassland,none,good,none,village,"strong food, route access",57,52,414.57,4.624,525.0,17.12,volcanic andisol,grassland/pasture,Arc andesite/volcanic,False,none
H+58+52,grassland,none,good,none,village,"strong food, route access",58,52,456.75,4.379,532.8,16.91,volcanic andisol,grassland/pasture,Arc andesite/volcanic,False,none
H+59+52,grassland,none,good,none,village,"strong food, route access",59,52,493.91,4.279,539.8,16.73,volcanic andisol,grassland/pasture,Arc andesite/volcanic,False,none
H+60+52,grassland,none,good,volcanic_host,village,"strong food, route access",60,52,522.97,4.052,546.0,16.58,volcanic andisol,grassland/pasture,Arc andesite/volcanic,False,none
H+61+52,grassland,none,good,none,village,"strong food, route access",61,52,551.39,4.081,555.1,16.4,volcanic andisol,grassland/pasture,Arc andesite/volcanic,False,none
H+62+52,grassland,none,good,none,village,"strong food, route access",62,52,576.32,3.996,580.0,16.25,volcanic andisol,grassland/pasture,Arc andesite/volcanic,False,none
H+63+52,grassland,none,good,none,village,"strong food, route access",63,52,596.76,3.855,599.9,16.12,volcanic andisol,grassland/pasture,Arc andesite/volcanic,False,none
H+64+52,grassland,none,good,none,village,"strong food, route access",64,52,612.06,3.465,588.5,16.03,volcanic andisol,grassland/pasture,Arc andesite/volcanic,False,none
H+65+52,grassland,none,good,none,village,"strong food, route access",65,52,611.64,2.659,563.6,16.04,volcanic andisol,grassland/pasture,Arc andesite/volcanic,False,none
H+66+52,grassland,none,good,none,village,"strong food, route access",66,52,607.99,2.633,567.8,16.06,volcanic andisol,grassland/pasture,Arc andesite/volcanic,False,none
H+67+52,grassland,none,good,none,village,"strong food, route access",67,52,603.52,3.097,585.2,16.07,volcanic andisol,grassland/pasture,Arc andesite/volcanic,False,none
H+68+52,grassland,none,good,obsidian,village,"strong food, route access",68,52,591.27,3.742,592.4,16.11,volcanic andisol,grassland/pasture,Arc andesite/volcanic,False,none
H+69+52,grassland,none,good,obsidian,village,"strong food, route access",69,52,565.41,4.248,593.7,16.21,volcanic andisol,grassland/pasture,Arc andesite/volcanic,False,none
H+70+52,grassland,none,good,obsidian,village,"strong food, route access",70,52,525.69,3.989,598.2,16.39,volcanic andisol,grassland/pasture,Arc andesite/volcanic,False,none
H+71+52,grassland,none,good,obsidian,town,"fresh water, strong food, route access",71,52,476.64,3.813,602.0,16.64,volcanic andisol,grassland/pasture,Arc andesite/volcanic,False,none
H+72+52,grassland,none,good,obsidian,town,"fresh water, strong food, route access",72,52,421.33,2.887,603.8,16.93,volcanic andisol,grassland/pasture,Arc andesite/volcanic,False,none
H+73+52,grassland,none,good,obsidian,village,"fresh water, strong food",73,52,349.67,14.003,605.2,17.32,volcanic andisol,grassland/pasture,Arc andesite/volcanic,False,none
H+74+52,grassland,none,good,obsidian,village,"fresh water, strong food",74,52,276.25,11.906,611.9,17.72,volcanic andisol,grassland/pasture,Arc andesite/volcanic,False,none
H+75+52,ocean,ocean,modest,fish,none,ocean,75,52,-80.94,11.906,693.7,19.44,none/ocean,none/ocean,Oceanic basalt,False,
H+76+52,ocean,ocean,modest,fish,none,ocean,76,52,-90.9,0.332,721.9,19.38,none/ocean,none/ocean,Oceanic basalt,False,
H+77+52,ocean,ocean,modest,fish,none,ocean,77,52,-96.01,0.17,737.4,19.32,none/ocean,none/ocean,Oceanic basalt,False,
H+78+52,ocean,ocean,modest,fish,none,ocean,78,52,-97.51,0.052,741.7,19.29,none/ocean,none/ocean,Oceanic basalt,False,
H+79+52,ocean,ocean,modest,fish,none,ocean,79,52,-97.34,0.013,752.0,19.3,none/ocean,none/ocean,Oceanic basalt,False,
H+00+53,ocean,ocean,modest,fish,none,ocean,0,53,-110.55,0.066,707.4,20.46,none/ocean,none/ocean,Oceanic basalt,False,
H+01+53,ocean,ocean,modest,fish,none,ocean,1,53,-110.5,0.064,720.1,20.48,none/ocean,none/ocean,Oceanic basalt,False,
H+02+53,ocean,ocean,modest,fish,none,ocean,2,53,-110.92,0.074,739.2,20.51,none/ocean,none/ocean,Oceanic basalt,False,
H+03+53,ocean,ocean,modest,fish,none,ocean,3,53,-109.17,0.058,735.0,20.55,none/ocean,none/ocean,Oceanic basalt,False,
H+04+53,ocean,ocean,modest,fish,none,ocean,4,53,-109.49,0.051,717.6,20.58,none/ocean,none/ocean,Oceanic basalt,False,
H+05+53,ocean,ocean,modest,fish,none,ocean,5,53,-110.09,0.253,723.4,20.58,none/ocean,none/ocean,Oceanic basalt,False,
H+06+53,ocean,ocean,modest,fish,none,ocean,6,53,-106.63,0.315,737.6,20.54,none/ocean,none/ocean,Oceanic basalt,False,
H+07+53,ocean,ocean,modest,fish,none,ocean,7,53,-100.78,0.277,731.8,20.47,none/ocean,none/ocean,Oceanic basalt,False,
H+08+53,ocean,ocean,modest,fish,none,ocean,8,53,-97.17,0.257,704.4,20.38,none/ocean,none/ocean,Oceanic basalt,False,
H+09+53,ocean,ocean,modest,fish,none,ocean,9,53,-94.41,4.129,692.5,20.27,none/ocean,none/ocean,Oceanic basalt,False,
H+10+53,ocean,ocean,modest,fish,none,ocean,10,53,-91.55,4.085,714.1,20.17,none/ocean,none/ocean,Oceanic basalt,False,
H+11+53,ocean,ocean,modest,fish,none,ocean,11,53,-89.0,4.437,748.7,20.09,none/ocean,none/ocean,Oceanic basalt,False,
H+12+53,coast,none,none,clay,farmstead,"fresh water, route access",12,53,44.11,4.536,710.5,19.73,sandy coastal,coastal scrub,Coastal sediment,False,none
H+13+53,coast,none,none,clay,farmstead,"fresh water, route access",13,53,58.89,4.826,735.8,19.54,sandy coastal,coastal scrub,Coastal sediment,False,none
H+14+53,coast,none,none,clay,farmstead,"fresh water, route access",14,53,73.09,0.473,753.7,19.35,sandy coastal,coastal scrub,Coastal sediment,False,none
H+15+53,coast,none,none,none,farmstead,"fresh water, route access",15,53,79.28,0.281,763.8,19.21,sandy coastal,coastal scrub,Coastal sediment,False,none
H+16+53,forest,none,good,timber,village,"adequate food, route access",16,53,87.72,0.36,766.4,19.07,sandy coastal,temperate forest,Coastal sediment,False,none
H+17+53,forest,none,good,none,village,"adequate food, route access",17,53,98.51,0.36,768.4,18.92,sandy coastal,temperate forest,Coastal sediment,False,none
H+18+53,forest,major_river,good,fish,none,excellent site left empty on purpose,18,53,92.1,0.404,769.4,18.92,sandy coastal,temperate forest,Coastal sediment,False,none
H+19+53,forest,none,good,none,village,"adequate food, route access",19,53,104.22,0.404,766.4,18.81,sandy coastal,temperate forest,Coastal sediment,False,none
H+20+53,forest,none,good,none,village,"adequate food, route access",20,53,106.36,0.071,759.0,18.79,sandy coastal,temperate forest,Coastal sediment,False,none
H+21+53,forest,river,good,none,town,"fresh water, adequate food, route access",21,53,105.18,0.371,746.9,18.8,sandy coastal,temperate forest,Coastal sediment,False,none
H+22+53,forest,none,good,none,village,"adequate food, route access",22,53,116.33,0.431,730.6,18.73,sandy coastal,temperate forest,Coastal sediment,False,none
H+23+53,forest,none,good,none,village,"adequate food, route access",23,53,103.91,0.431,712.3,18.82,sandy coastal,temperate forest,Coastal sediment,False,none
H+24+53,farmland,river,rich,none,city-candidate,"fresh water, strong food, route access",24,53,101.84,3.029,697.0,18.85,loam,floodplain farmable,Suture metamorphic,False,none
H+25+53,grassland,none,good,none,village,"strong food, route access",25,53,192.73,5.223,689.3,18.29,loam,grassland/pasture,Suture metamorphic,False,none
H+26+53,grassland,none,good,none,village,"strong food, route access",26,53,349.4,6.102,688.3,17.3,loam,grassland/pasture,Suture metamorphic,False,none
H+27+53,forest,none,good,none,farmstead,"adequate food, route access",27,53,532.47,6.852,743.6,16.15,loam,temperate forest,Suture metamorphic,False,none
H+28+53,forest,none,good,limestone_karst,farmstead,"adequate food, route access",28,53,738.04,6.852,838.4,14.85,loam,temperate forest,Suture metamorphic,False,none
H+29+53,lake,lake,modest,evaporite_host|fish,none,open water (lake/inland sea),29,53,588.76,5.661,626.7,15.83,glacial till,none/ocean,Basin sediment,True,overdeep_basin;outwash
H+30+53,lake,lake,modest,evaporite_host|fish,none,open water (lake/inland sea),30,53,588.76,0.0,650.4,15.81,glacial till,none/ocean,Basin sediment,True,overdeep_basin
H+31+53,lake,lake,modest,evaporite_host|fish,none,open water (lake/inland sea),31,53,588.76,0.0,657.3,15.8,glacial till,none/ocean,Basin sediment,True,overdeep_basin
H+32+53,lake,lake,modest,evaporite_host|fish,none,open water (lake/inland sea),32,53,588.76,0.0,659.7,15.79,glacial till,none/ocean,Basin sediment,True,overdeep_basin
H+33+53,lake,lake,modest,evaporite_host|fish,none,open water (lake/inland sea),33,53,588.76,0.0,652.6,15.81,glacial till,none/ocean,Basin sediment,True,overdeep_basin
H+34+53,lake,lake,modest,evaporite_host|clay|fish,none,open water (lake/inland sea),34,53,588.76,0.0,643.4,15.86,glacial till,none/ocean,Basin sediment,True,overdeep_basin
H+35+53,lake,lake,modest,evaporite_host|clay|fish,none,open water (lake/inland sea),35,53,588.76,0.0,634.8,15.92,glacial till,none/ocean,Basin sediment,True,overdeep_basin
H+36+53,lake,lake,modest,evaporite_host|clay|fish,none,open water (lake/inland sea),36,53,588.76,0.0,630.3,15.97,glacial till,none/ocean,Basin sediment,True,overdeep_basin
H+37+53,lake,lake,modest,evaporite_host|clay|fish,none,open water (lake/inland sea),37,53,588.76,0.0,632.1,16.01,glacial till,none/ocean,Basin sediment,True,overdeep_basin
H+38+53,lake,lake,modest,evaporite_host|fish,none,open water (lake/inland sea),38,53,588.76,0.0,636.1,16.01,glacial till,none/ocean,Basin sediment,True,overdeep_basin
H+39+53,lake,lake,modest,evaporite_host|fish,none,open water (lake/inland sea),39,53,588.76,46.391,642.5,15.97,clay basin,none/ocean,Basin sediment,True,none
H+40+53,high_peaks,none,modest,stone,none,no reliable fresh water; too steep,40,53,1980.5,55.741,2403.1,6.86,mountain thin,shrub/steppe,Suture metamorphic,False,none
H+41+53,grassland,none,good,none,none,no reliable fresh water; too steep,41,53,313.4,55.587,639.5,17.63,rocky/lithosol,grassland/pasture,Suture metamorphic,False,none
H+42+53,grassland,none,good,limestone_karst,none,no reliable fresh water; too steep,42,53,239.28,58.057,621.7,18.05,rocky/lithosol,grassland/pasture,Suture metamorphic,False,none
H+43+53,grassland,none,good,none,village,"strong food, route access",43,53,173.3,5.39,611.4,18.43,loam,grassland/pasture,Craton granite/gneiss,False,none
H+44+53,grassland,none,good,none,village,"strong food, route access",44,53,172.79,5.407,600.5,18.42,loam,grassland/pasture,Craton granite/gneiss,False,none
H+45+53,grassland,none,good,none,village,"strong food, route access",45,53,172.28,0.017,592.9,18.45,loam,grassland/pasture,Craton granite/gneiss,False,none
H+46+53,grassland,none,good,none,village,"strong food, route access",46,53,171.77,0.017,594.4,18.52,loam,grassland/pasture,Craton granite/gneiss,False,none
H+47+53,farmland,river,rich,none,city-candidate,"fresh water, strong food, route access",47,53,171.26,0.175,593.6,18.61,loam,floodplain farmable,Craton granite/gneiss,False,none
H+48+53,farmland,river,rich,greenstone_metals,city-candidate,"fresh water, strong food, route access",48,53,170.75,0.218,585.7,18.72,loam,floodplain farmable,Craton granite/gneiss,False,none
H+49+53,farmland,river,rich,none,city-candidate,"fresh water, strong food, route access",49,53,170.24,0.235,579.1,18.83,loam,floodplain farmable,Craton granite/gneiss,False,none
H+50+53,grassland,none,good,clay,village,"strong food, route access",50,53,174.23,0.167,568.9,18.88,sandy coastal,grassland/pasture,Coastal sediment,False,none
H+51+53,grassland,none,good,clay,village,"strong food, route access",51,53,169.22,0.167,555.3,18.95,sandy coastal,grassland/pasture,Coastal sediment,False,none
H+52+53,grassland,none,good,clay,village,"strong food, route access",52,53,168.71,0.017,546.5,18.95,sandy coastal,grassland/pasture,Coastal sediment,False,none
H+53+53,grassland,major_river,rich,clay|fish,none,excellent site left empty on purpose,53,53,168.2,2.435,546.2,18.94,sandy coastal,grassland/pasture,Coastal sediment,False,none
H+54+53,grassland,none,good,clay,village,"strong food, route access",54,53,173.94,4.61,547.4,18.88,sandy coastal,grassland/pasture,Coastal sediment,False,none
H+55+53,grassland,none,good,obsidian,village,"strong food, route access",55,53,225.22,4.629,541.5,18.54,volcanic andisol,grassland/pasture,Arc andesite/volcanic,False,none
H+56+53,grassland,none,good,obsidian,village,"strong food, route access",56,53,275.85,4.624,533.7,18.22,volcanic andisol,grassland/pasture,Arc andesite/volcanic,False,none
H+57+53,grassland,none,good,obsidian,village,"strong food, route access",57,53,325.39,4.379,529.9,17.93,volcanic andisol,grassland/pasture,Arc andesite/volcanic,False,none
H+58+53,grassland,none,good,none,village,"strong food, route access",58,53,365.55,4.279,525.4,17.71,volcanic andisol,grassland/pasture,Arc andesite/volcanic,False,none
H+59+53,grassland,none,good,none,village,"strong food, route access",59,53,401.4,4.233,530.3,17.51,volcanic andisol,grassland/pasture,Arc andesite/volcanic,False,none
H+60+53,grassland,none,good,none,village,"strong food, route access",60,53,428.95,4.16,547.4,17.35,volcanic andisol,grassland/pasture,Arc andesite/volcanic,False,none
H+61+53,grassland,none,good,none,village,"strong food, route access",61,53,456.44,4.101,562.8,17.18,volcanic andisol,grassland/pasture,Arc andesite/volcanic,False,none
H+62+53,grassland,none,good,none,village,"strong food, route access",62,53,481.1,3.989,578.2,17.03,volcanic andisol,grassland/pasture,Arc andesite/volcanic,False,none
H+63+53,grassland,none,good,none,village,"strong food, route access",63,53,508.1,4.194,592.0,16.86,volcanic andisol,grassland/pasture,Arc andesite/volcanic,False,none
H+64+53,grassland,none,good,none,village,"strong food, route access",64,53,531.85,4.143,583.8,16.73,volcanic andisol,grassland/pasture,Arc andesite/volcanic,False,none
H+65+53,grassland,none,good,none,village,"strong food, route access",65,53,535.2,3.359,558.0,16.72,volcanic andisol,grassland/pasture,Arc andesite/volcanic,False,none
H+66+53,grassland,none,good,none,village,"strong food, route access",66,53,529.01,3.177,553.6,16.76,volcanic andisol,grassland/pasture,Arc andesite/volcanic,False,none
H+67+53,grassland,none,good,obsidian,village,"strong food, route access",67,53,510.6,3.251,565.1,16.87,volcanic andisol,grassland/pasture,Arc andesite/volcanic,False,none
H+68+53,grassland,none,good,obsidian,town,"fresh water, strong food, route access",68,53,479.02,3.742,569.7,17.04,volcanic andisol,grassland/pasture,Arc andesite/volcanic,False,none
H+69+53,grassland,none,good,obsidian,town,"fresh water, strong food, route access",69,53,447.73,3.923,565.8,17.19,volcanic andisol,grassland/pasture,Arc andesite/volcanic,False,none
H+70+53,grassland,none,good,obsidian,town,"fresh water, strong food, route access",70,53,411.46,3.808,570.6,17.37,volcanic andisol,grassland/pasture,Arc andesite/volcanic,False,none
H+71+53,grassland,none,good,obsidian,village,"fresh water, strong food",71,53,373.37,14.553,583.0,17.55,volcanic andisol,grassland/pasture,Arc andesite/volcanic,False,none
H+72+53,grassland,none,good,volcanic_host|obsidian,village,"fresh water, strong food",72,53,334.73,13.564,589.0,17.73,volcanic andisol,grassland/pasture,Arc andesite/volcanic,False,none
H+73+53,ocean,ocean,modest,fish,none,ocean,73,53,-70.41,14.003,652.7,19.84,none/ocean,none/ocean,Oceanic basalt,False,
H+74+53,ocean,ocean,modest,fish,none,ocean,74,53,-80.77,11.901,668.1,19.76,none/ocean,none/ocean,Oceanic basalt,False,
H+75+53,ocean,ocean,modest,fish,none,ocean,75,53,-91.16,0.346,694.9,19.68,none/ocean,none/ocean,Oceanic basalt,False,
H+76+53,ocean,ocean,modest,fish,none,ocean,76,53,-96.3,0.18,726.9,19.61,none/ocean,none/ocean,Oceanic basalt,False,
H+77+53,ocean,ocean,modest,fish,none,ocean,77,53,-95.96,0.052,745.3,19.56,none/ocean,none/ocean,Oceanic basalt,False,
H+78+53,ocean,ocean,modest,fish,none,ocean,78,53,-97.28,0.05,752.3,19.54,none/ocean,none/ocean,Oceanic basalt,False,
H+79+53,ocean,ocean,modest,fish,none,ocean,79,53,-97.54,0.037,763.1,19.56,none/ocean,none/ocean,Oceanic basalt,False,
H+00+54,ocean,ocean,modest,fish,none,ocean,0,54,-108.58,0.066,704.6,20.67,none/ocean,none/ocean,Oceanic basalt,False,
H+01+54,ocean,ocean,modest,fish,none,ocean,1,54,-108.69,0.074,718.4,20.69,none/ocean,none/ocean,Oceanic basalt,False,
H+02+54,ocean,ocean,modest,fish,none,ocean,2,54,-109.55,0.047,738.4,20.72,none/ocean,none/ocean,Oceanic basalt,False,
H+03+54,ocean,ocean,modest,fish,none,ocean,3,54,-108.82,0.024,733.7,20.77,none/ocean,none/ocean,Oceanic basalt,False,
H+04+54,ocean,ocean,modest,fish,none,ocean,4,54,-109.23,0.033,717.1,20.8,none/ocean,none/ocean,Oceanic basalt,False,
H+05+54,ocean,ocean,modest,fish,none,ocean,5,54,-108.61,0.066,723.9,20.81,none/ocean,none/ocean,Oceanic basalt,False,
H+06+54,ocean,ocean,modest,fish,none,ocean,6,54,-108.02,0.241,740.5,20.78,none/ocean,none/ocean,Oceanic basalt,False,
H+07+54,ocean,ocean,modest,fish,none,ocean,7,54,-104.16,0.233,734.5,20.7,none/ocean,none/ocean,Oceanic basalt,False,
H+08+54,ocean,ocean,modest,fish,none,ocean,8,54,-101.04,0.221,698.1,20.59,none/ocean,none/ocean,Oceanic basalt,False,
H+09+54,ocean,ocean,modest,fish,none,ocean,9,54,-98.0,0.276,679.9,20.47,none/ocean,none/ocean,Oceanic basalt,False,
H+10+54,ocean,ocean,modest,fish,none,ocean,10,54,-95.62,0.228,698.9,20.36,none/ocean,none/ocean,Oceanic basalt,False,
H+11+54,ocean,ocean,modest,fish,none,ocean,11,54,-91.98,4.536,731.3,20.27,none/ocean,none/ocean,Oceanic basalt,False,
H+12+54,ocean,ocean,modest,fish,none,ocean,12,54,-85.88,5.13,770.3,20.2,none/ocean,none/ocean,Oceanic basalt,False,
H+13+54,coast,none,none,clay,farmstead,"fresh water, route access",13,54,68.01,5.201,733.3,19.67,sandy coastal,coastal scrub,Coastal sediment,False,none
H+14+54,coast,none,none,clay,farmstead,"fresh water, route access",14,54,76.74,5.367,754.6,19.52,sandy coastal,coastal scrub,Coastal sediment,False,none
H+15+54,forest,none,good,timber|clay,town,"fresh water, adequate food, route access",15,54,87.21,0.36,769.6,19.36,sandy coastal,temperate forest,Coastal sediment,False,none
H+16+54,forest,none,good,timber,town,"fresh water, adequate food, route access",16,54,98.0,0.36,771.1,19.21,sandy coastal,temperate forest,Coastal sediment,False,none
H+17+54,forest,major_river,good,fish,city-candidate,"fresh water, strong food, route access, major river",17,54,91.59,0.404,763.0,19.18,sandy coastal,temperate forest,Coastal sediment,False,none
H+18+54,forest,none,good,none,village,"adequate food, route access",18,54,103.71,0.404,757.4,19.07,sandy coastal,temperate forest,Coastal sediment,False,none
H+19+54,forest,none,good,none,village,"adequate food, route access",19,54,105.85,0.071,757.9,19.07,sandy coastal,temperate forest,Coastal sediment,False,none
H+20+54,forest,river,good,none,town,"fresh water, adequate food, route access",20,54,104.67,0.371,756.2,19.1,sandy coastal,temperate forest,Coastal sediment,False,none
H+21+54,forest,none,good,none,village,"adequate food, route access",21,54,115.82,0.431,745.4,19.05,sandy coastal,temperate forest,Coastal sediment,False,none
H+22+54,forest,none,good,none,village,"adequate food, route access",22,54,103.4,0.431,727.4,19.14,sandy coastal,temperate forest,Coastal sediment,False,none
H+23+54,forest,river,good,none,town,"fresh water, adequate food, route access",23,54,101.33,0.327,709.2,19.16,sandy coastal,temperate forest,Coastal sediment,False,none
H+24+54,grassland,none,good,none,village,"strong food, route access",24,54,111.13,3.386,699.3,19.1,loam,grassland/pasture,Suture metamorphic,False,none
H+25+54,grassland,none,good,none,village,"strong food, route access",25,54,212.7,5.027,692.8,18.46,loam,grassland/pasture,Suture metamorphic,False,none
H+26+54,grassland,none,good,none,village,"strong food, route access",26,54,363.52,6.143,686.0,17.5,loam,grassland/pasture,Suture metamorphic,False,none
H+27+54,forest,none,good,none,farmstead,"adequate food, route access",27,54,547.8,7.026,744.0,16.33,loam,temperate forest,Suture metamorphic,False,none
H+28+54,forest,none,good,none,farmstead,"adequate food, route access",28,54,758.59,7.026,843.5,14.99,loam,temperate forest,Suture metamorphic,False,none
H+29+54,lake,lake,modest,evaporite_host|fish,none,open water (lake/inland sea),29,54,588.76,6.192,614.3,16.1,glacial till,none/ocean,Basin sediment,True,overdeep_basin;outwash
H+30+54,lake,lake,modest,evaporite_host|fish,none,open water (lake/inland sea),30,54,588.76,0.0,644.2,16.08,glacial till,none/ocean,Basin sediment,True,overdeep_basin
H+31+54,lake,lake,modest,evaporite_host|fish,none,open water (lake/inland sea),31,54,588.76,0.0,658.0,16.06,glacial till,none/ocean,Basin sediment,True,overdeep_basin
H+32+54,lake,lake,modest,evaporite_host|fish,none,open water (lake/inland sea),32,54,588.76,0.0,663.0,16.05,glacial till,none/ocean,Basin sediment,True,overdeep_basin
H+33+54,lake,lake,modest,evaporite_host|fish,none,open water (lake/inland sea),33,54,588.76,0.0,659.6,16.07,glacial till,none/ocean,Basin sediment,True,overdeep_basin
H+34+54,lake,lake,modest,evaporite_host|clay|fish,none,open water (lake/inland sea),34,54,588.76,0.0,651.0,16.12,glacial till,none/ocean,Basin sediment,True,overdeep_basin
H+35+54,lake,lake,modest,evaporite_host|clay|fish,none,open water (lake/inland sea),35,54,588.76,0.0,633.8,16.17,glacial till,none/ocean,Basin sediment,True,overdeep_basin
H+36+54,lake,lake,modest,evaporite_host|clay|fish,none,open water (lake/inland sea),36,54,588.76,0.0,622.8,16.22,glacial till,none/ocean,Basin sediment,True,overdeep_basin
H+37+54,lake,lake,modest,evaporite_host|clay|fish,none,open water (lake/inland sea),37,54,588.76,0.0,631.6,16.25,glacial till,none/ocean,Basin sediment,True,overdeep_basin
H+38+54,lake,lake,modest,evaporite_host|clay|fish,none,open water (lake/inland sea),38,54,588.76,0.0,645.4,16.25,glacial till,none/ocean,Basin sediment,True,overdeep_basin
H+39+54,lake,lake,modest,evaporite_host|clay|fish,none,open water (lake/inland sea),39,54,588.76,46.392,652.9,16.21,clay basin,none/ocean,Basin sediment,True,none
H+40+54,high_peaks,none,modest,stone,none,no reliable fresh water; too steep,40,54,1980.51,55.57,2435.7,7.1,mountain thin,shrub/steppe,Suture metamorphic,False,none
H+41+54,high_peaks,none,good,limestone_karst|stone,none,no reliable fresh water; too steep,41,54,1981.0,58.693,648.8,7.02,mountain thin,grassland/pasture,Suture metamorphic,False,none
H+42+54,grassland,none,good,none,none,no reliable fresh water; too steep,42,54,220.2,58.693,628.9,18.39,rocky/lithosol,grassland/pasture,Suture metamorphic,False,none
H+43+54,grassland,none,good,clay,village,"strong food, route access",43,54,172.79,1.58,618.4,18.64,sandy coastal,grassland/pasture,Coastal sediment,False,none
H+44+54,grassland,none,good,clay,village,"strong food, route access",44,54,172.28,0.017,607.6,18.63,sandy coastal,grassland/pasture,Coastal sediment,False,none
H+45+54,grassland,none,good,clay,village,"strong food, route access",45,54,171.77,0.017,600.1,18.66,sandy coastal,grassland/pasture,Coastal sediment,False,none
H+46+54,grassland,none,good,clay,village,"strong food, route access",46,54,171.26,0.017,602.9,18.74,sandy coastal,grassland/pasture,Coastal sediment,False,none
H+47+54,grassland,none,good,clay,village,"strong food, route access",47,54,170.75,0.017,602.9,18.84,sandy coastal,grassland/pasture,Coastal sediment,False,none
H+48+54,grassland,none,good,clay,village,"strong food, route access",48,54,170.24,0.017,589.7,18.96,sandy coastal,grassland/pasture,Coastal sediment,False,none
H+49+54,grassland,river,good,clay,town,"fresh water, strong food, route access",49,54,169.73,0.15,574.4,19.07,sandy coastal,grassland/pasture,Coastal sediment,False,none
H+50+54,grassland,river,good,clay,town,"fresh water, strong food, route access",50,54,169.22,0.167,564.5,19.16,sandy coastal,grassland/pasture,Coastal sediment,False,none
H+51+54,grassland,river,good,clay,town,"fresh water, strong food, route access",51,54,168.71,0.017,559.6,19.2,sandy coastal,grassland/pasture,Coastal sediment,False,none
H+52+54,grassland,river,good,clay,town,"fresh water, strong food, route access",52,54,168.2,0.017,555.5,19.21,sandy coastal,grassland/pasture,Coastal sediment,False,none
H+53+54,grassland,major_river,rich,clay|fish,city-candidate,"fresh water, strong food, route access, major river",53,54,167.69,0.208,557.5,19.2,sandy coastal,grassland/pasture,Coastal sediment,False,none
H+54+54,grassland,none,good,clay,village,"strong food, route access",54,54,173.43,1.726,560.0,19.14,sandy coastal,grassland/pasture,Coastal sediment,False,none
H+55+54,grassland,none,good,clay,village,"strong food, route access",55,54,182.83,3.101,553.7,19.07,sandy coastal,grassland/pasture,Coastal sediment,False,none
H+56+54,grassland,none,good,obsidian,village,"strong food, route access",56,54,206.98,3.947,544.6,18.92,volcanic andisol,grassland/pasture,Arc andesite/volcanic,False,none
H+57+54,grassland,none,good,obsidian,village,"strong food, route access",57,54,245.28,4.009,536.9,18.68,volcanic andisol,grassland/pasture,Arc andesite/volcanic,False,none
H+58+54,grassland,none,good,volcanic_host,village,"strong food, route access",58,54,274.42,4.233,526.8,18.5,volcanic andisol,grassland/pasture,Arc andesite/volcanic,False,none
H+59+54,grassland,none,good,none,village,"strong food, route access",59,54,304.13,4.16,531.6,18.32,volcanic andisol,grassland/pasture,Arc andesite/volcanic,False,none
H+60+54,grassland,none,good,none,village,"strong food, route access",60,54,333.42,4.101,553.7,18.14,volcanic andisol,grassland/pasture,Arc andesite/volcanic,False,none
H+61+54,grassland,none,good,none,village,"strong food, route access",61,54,361.43,4.119,570.9,17.95,volcanic andisol,grassland/pasture,Arc andesite/volcanic,False,none
H+62+54,grassland,none,good,none,village,"strong food, route access",62,54,382.28,4.194,576.4,17.83,volcanic andisol,grassland/pasture,Arc andesite/volcanic,False,none
H+63+54,grassland,none,good,none,village,"strong food, route access",63,54,407.57,4.274,581.2,17.68,volcanic andisol,grassland/pasture,Arc andesite/volcanic,False,none
H+64+54,grassland,none,good,none,village,"strong food, route access",64,54,434.44,4.539,576.0,17.53,volcanic andisol,grassland/pasture,Arc andesite/volcanic,False,none
H+65+54,grassland,none,good,none,village,"strong food, route access",65,54,444.17,4.031,555.6,17.48,volcanic andisol,grassland/pasture,Arc andesite/volcanic,False,none
H+66+54,grassland,none,good,none,town,"fresh water, strong food, route access",66,54,433.71,3.62,548.7,17.56,volcanic andisol,grassland/pasture,Arc andesite/volcanic,False,none
H+67+54,grassland,none,good,obsidian,town,"fresh water, strong food, route access",67,54,413.08,3.382,559.7,17.69,volcanic andisol,grassland/pasture,Arc andesite/volcanic,False,none
H+68+54,grassland,none,good,obsidian,village,"fresh water, strong food",68,54,378.12,14.749,563.0,17.89,volcanic andisol,grassland/pasture,Arc andesite/volcanic,False,none
H+69+54,grassland,none,good,obsidian,village,"fresh water, strong food",69,54,343.04,13.683,552.5,18.08,volcanic andisol,grassland/pasture,Arc andesite/volcanic,False,none
H+70+54,grassland,none,good,obsidian,village,"fresh water, strong food",70,54,315.04,12.884,555.1,18.21,volcanic andisol,grassland/pasture,Arc andesite/volcanic,False,none
H+71+54,ocean,ocean,modest,fish,none,ocean,71,54,-63.22,14.553,630.9,20.21,none/ocean,none/ocean,Oceanic basalt,False,
H+72+54,ocean,ocean,modest,fish,none,ocean,72,54,-72.2,13.564,642.5,20.14,none/ocean,none/ocean,Oceanic basalt,False,
H+73+54,ocean,ocean,modest,fish,none,ocean,73,54,-82.5,0.403,649.7,20.07,none/ocean,none/ocean,Oceanic basalt,False,
H+74+54,ocean,ocean,modest,fish,none,ocean,74,54,-91.15,0.346,669.4,19.99,none/ocean,none/ocean,Oceanic basalt,False,
H+75+54,ocean,ocean,modest,fish,none,ocean,75,54,-94.67,0.117,698.5,19.91,none/ocean,none/ocean,Oceanic basalt,False,
H+76+54,ocean,ocean,modest,fish,none,ocean,76,54,-95.12,0.04,731.5,19.84,none/ocean,none/ocean,Oceanic basalt,False,
H+77+54,ocean,ocean,modest,fish,none,ocean,77,54,-95.79,0.064,750.9,19.79,none/ocean,none/ocean,Oceanic basalt,False,
H+78+54,ocean,ocean,modest,fish,none,ocean,78,54,-97.72,0.064,759.7,19.78,none/ocean,none/ocean,Oceanic basalt,False,
H+79+54,ocean,ocean,modest,fish,none,ocean,79,54,-98.63,0.044,771.0,19.82,none/ocean,none/ocean,Oceanic basalt,False,
H+00+55,ocean,ocean,modest,fish,none,ocean,0,55,-107.13,0.052,718.7,20.87,none/ocean,none/ocean,Oceanic basalt,False,
H+01+55,ocean,ocean,modest,fish,none,ocean,1,55,-108.13,0.048,723.8,20.89,none/ocean,none/ocean,Oceanic basalt,False,
H+02+55,ocean,ocean,modest,fish,none,ocean,2,55,-108.7,0.067,731.8,20.93,none/ocean,none/ocean,Oceanic basalt,False,
H+03+55,ocean,ocean,modest,fish,none,ocean,3,55,-108.31,0.035,731.2,20.97,none/ocean,none/ocean,Oceanic basalt,False,
H+04+55,ocean,ocean,modest,fish,none,ocean,4,55,-108.24,0.033,727.8,21.01,none/ocean,none/ocean,Oceanic basalt,False,
H+05+55,ocean,ocean,modest,fish,none,ocean,5,55,-108.15,0.018,734.6,21.02,none/ocean,none/ocean,Oceanic basalt,False,
H+06+55,ocean,ocean,modest,fish,none,ocean,6,55,-107.61,0.115,739.1,21.0,none/ocean,none/ocean,Oceanic basalt,False,
H+07+55,ocean,ocean,modest,fish,none,ocean,7,55,-107.22,0.206,731.0,20.92,none/ocean,none/ocean,Oceanic basalt,False,
H+08+55,ocean,ocean,modest,fish,none,ocean,8,55,-106.28,0.276,704.6,20.81,none/ocean,none/ocean,Oceanic basalt,False,
H+09+55,ocean,ocean,modest,fish,none,ocean,9,55,-102.45,0.228,692.8,20.68,none/ocean,none/ocean,Oceanic basalt,False,
H+10+55,ocean,ocean,modest,fish,none,ocean,10,55,-99.16,0.267,711.8,20.57,none/ocean,none/ocean,Oceanic basalt,False,
H+11+55,ocean,ocean,modest,fish,none,ocean,11,55,-93.85,0.272,742.5,20.48,none/ocean,none/ocean,Oceanic basalt,False,
H+12+55,ocean,ocean,modest,fish,none,ocean,12,55,-88.01,5.201,778.8,20.42,none/ocean,none/ocean,Oceanic basalt,False,
H+13+55,ocean,ocean,modest,fish,none,ocean,13,55,-84.28,5.699,816.0,20.34,none/ocean,none/ocean,Oceanic basalt,False,
H+14+55,forest,none,good,timber|clay,town,"fresh water, adequate food, route access",14,55,86.7,5.849,763.1,19.69,sandy coastal,temperate forest,Coastal sediment,False,none
H+15+55,forest,none,good,none,town,"fresh water, adequate food, route access",15,55,97.49,6.06,779.0,19.53,sandy coastal,temperate forest,Coastal sediment,False,none
H+16+55,forest,major_river,good,fish,town,"fresh water, strong food, route access, major river",16,55,91.08,5.812,783.3,19.49,sandy coastal,temperate forest,Coastal sediment,False,none
H+17+55,forest,none,good,none,town,"fresh water, adequate food, route access",17,55,103.2,0.404,777.8,19.35,sandy coastal,temperate forest,Coastal sediment,False,none
H+18+55,forest,none,good,timber|clay,town,"fresh water, adequate food, route access",18,55,105.34,0.071,773.2,19.32,sandy coastal,temperate forest,Coastal sediment,False,none
H+19+55,forest,river,good,timber,town,"fresh water, adequate food, route access",19,55,104.16,0.371,769.0,19.35,sandy coastal,temperate forest,Coastal sediment,False,none
H+20+55,forest,none,good,none,village,"adequate food, route access",20,55,115.31,0.431,760.2,19.31,sandy coastal,temperate forest,Coastal sediment,False,none
H+21+55,forest,none,good,none,village,"adequate food, route access",21,55,102.89,0.431,747.5,19.43,sandy coastal,temperate forest,Coastal sediment,False,none
H+22+55,forest,major_river,good,fish,city-candidate,"fresh water, strong food, route access, major river",22,55,100.82,0.224,729.9,19.46,sandy coastal,temperate forest,Coastal sediment,False,none
H+23+55,forest,none,good,none,village,"adequate food, route access",23,55,107.53,0.224,711.7,19.42,sandy coastal,temperate forest,Coastal sediment,False,none
H+24+55,farmland,none,rich,none,village,"strong food, route access",24,55,112.38,3.374,701.6,19.39,loam,floodplain farmable,Suture metamorphic,False,none
H+25+55,grassland,none,good,limestone_karst,village,"strong food, route access",25,55,213.61,5.033,693.9,18.74,loam,grassland/pasture,Suture metamorphic,False,none
H+26+55,grassland,none,good,none,village,"strong food, route access",26,55,364.59,6.479,681.7,17.78,loam,grassland/pasture,Suture metamorphic,False,none
H+27+55,forest,none,good,none,farmstead,"adequate food, route access",27,55,558.97,7.185,744.3,16.54,loam,temperate forest,Suture metamorphic,False,none
H+28+55,forest,none,good,none,farmstead,"adequate food, route access",28,55,774.53,7.375,856.7,15.17,loam,temperate forest,Suture metamorphic,False,none
H+29+55,lake,lake,modest,evaporite_host|fish,none,open water (lake/inland sea),29,55,588.76,6.192,623.1,16.38,glacial till,none/ocean,Basin sediment,True,overdeep_basin;outwash
H+30+55,lake,lake,modest,evaporite_host|fish,none,open water (lake/inland sea),30,55,588.76,0.0,656.4,16.36,glacial till,none/ocean,Basin sediment,True,overdeep_basin
H+31+55,lake,lake,modest,evaporite_host|fish,none,open water (lake/inland sea),31,55,588.76,0.0,666.8,16.34,glacial till,none/ocean,Basin sediment,True,overdeep_basin
H+32+55,lake,lake,modest,evaporite_host|fish,none,open water (lake/inland sea),32,55,588.76,0.0,669.7,16.33,glacial till,none/ocean,Basin sediment,True,overdeep_basin
H+33+55,lake,lake,modest,evaporite_host|clay|fish,none,open water (lake/inland sea),33,55,588.76,0.0,661.0,16.35,glacial till,none/ocean,Basin sediment,True,overdeep_basin
H+34+55,lake,lake,modest,evaporite_host|clay|fish,none,open water (lake/inland sea),34,55,588.76,0.0,650.3,16.39,glacial till,none/ocean,Basin sediment,True,overdeep_basin
H+35+55,lake,lake,modest,evaporite_host|clay|fish,none,open water (lake/inland sea),35,55,588.76,0.0,639.0,16.45,glacial till,none/ocean,Basin sediment,True,overdeep_basin
H+36+55,lake,lake,modest,evaporite_host|clay|fish,none,open water (lake/inland sea),36,55,588.76,0.0,632.6,16.5,glacial till,none/ocean,Basin sediment,True,overdeep_basin
H+37+55,lake,lake,modest,evaporite_host|clay|fish,none,open water (lake/inland sea),37,55,588.76,0.0,637.3,16.53,glacial till,none/ocean,Basin sediment,True,overdeep_basin
H+38+55,lake,lake,modest,evaporite_host|clay|fish,none,open water (lake/inland sea),38,55,588.76,0.0,645.0,16.52,glacial till,none/ocean,Basin sediment,True,overdeep_basin
H+39+55,lake,lake,modest,evaporite_host|clay|fish,none,open water (lake/inland sea),39,55,588.76,46.392,648.3,16.48,clay basin,none/ocean,Basin sediment,True,none
H+40+55,high_peaks,none,modest,stone,none,no reliable fresh water; too steep,40,55,1980.5,54.684,2398.7,7.37,mountain thin,shrub/steppe,Suture metamorphic,False,none
H+41+55,grassland,none,good,none,none,no reliable fresh water; too steep,41,55,339.99,54.7,636.2,17.95,rocky/lithosol,grassland/pasture,Suture metamorphic,False,none
H+42+55,grassland,none,good,none,village,"strong food, route access",42,55,219.69,4.01,615.2,18.65,loam,grassland/pasture,Suture metamorphic,False,none
H+43+55,grassland,none,good,clay,village,"strong food, route access",43,55,172.28,1.58,604.2,18.91,sandy coastal,grassland/pasture,Coastal sediment,False,none
H+44+55,grassland,none,good,clay,village,"strong food, route access",44,55,171.77,0.017,602.9,18.89,sandy coastal,grassland/pasture,Coastal sediment,False,none
H+45+55,grassland,none,good,clay,village,"strong food, route access",45,55,171.26,0.017,602.6,18.92,sandy coastal,grassland/pasture,Coastal sediment,False,none
H+46+55,grassland,none,good,clay,village,"strong food, route access",46,55,170.75,0.017,599.2,19.0,sandy coastal,grassland/pasture,Coastal sediment,False,none
H+47+55,grassland,river,good,clay,town,"fresh water, strong food, route access",47,55,170.24,0.017,592.1,19.11,sandy coastal,grassland/pasture,Coastal sediment,False,none
H+48+55,grassland,river,good,clay,town,"fresh water, strong food, route access",48,55,169.73,0.017,585.3,19.23,sandy coastal,grassland/pasture,Coastal sediment,False,none
H+49+55,grassland,river,good,clay,town,"fresh water, strong food, route access",49,55,169.22,0.017,581.7,19.34,sandy coastal,grassland/pasture,Coastal sediment,False,none
H+50+55,grassland,river,good,clay,town,"fresh water, strong food, route access",50,55,168.71,0.017,573.1,19.42,sandy coastal,grassland/pasture,Coastal sediment,False,none
H+51+55,grassland,river,good,clay,town,"fresh water, strong food, route access",51,55,168.2,0.017,563.4,19.46,sandy coastal,grassland/pasture,Coastal sediment,False,none
H+52+55,grassland,river,good,clay,town,"fresh water, strong food, route access",52,55,167.69,0.017,555.2,19.47,sandy coastal,grassland/pasture,Coastal sediment,False,none
H+53+55,grassland,major_river,rich,clay|fish,none,excellent site left empty on purpose,53,55,167.18,0.208,553.4,19.46,sandy coastal,grassland/pasture,Coastal sediment,False,none
H+54+55,grassland,none,good,clay,village,"strong food, route access",54,55,172.92,0.33,553.9,19.4,sandy coastal,grassland/pasture,Coastal sediment,False,none
H+55+55,grassland,none,good,clay,village,"strong food, route access",55,55,182.32,0.822,547.2,19.32,sandy coastal,grassland/pasture,Coastal sediment,False,none
H+56+55,grassland,none,good,clay,village,"strong food, route access",56,55,175.05,2.341,538.3,19.36,sandy coastal,grassland/pasture,Coastal sediment,False,none
H+57+55,grassland,river,good,clay,town,"fresh water, strong food, route access",57,55,170.3,3.471,534.2,19.39,sandy coastal,grassland/pasture,Coastal sediment,False,none
H+58+55,grassland,none,good,none,village,"strong food, route access",58,55,186.87,3.909,529.4,19.28,volcanic andisol,grassland/pasture,Arc andesite/volcanic,False,none
H+59+55,grassland,none,good,none,village,"strong food, route access",59,55,217.87,3.852,534.0,19.08,volcanic andisol,grassland/pasture,Arc andesite/volcanic,False,none
H+60+55,grassland,none,good,none,village,"strong food, route access",60,55,237.86,4.119,547.9,18.94,volcanic andisol,grassland/pasture,Arc andesite/volcanic,False,none
H+61+55,grassland,none,good,none,village,"strong food, route access",61,55,261.51,4.026,562.2,18.78,volcanic andisol,grassland/pasture,Arc andesite/volcanic,False,none
H+62+55,grassland,river,good,none,town,"fresh water, strong food, route access",62,55,279.35,4.274,572.5,18.67,volcanic andisol,grassland/pasture,Arc andesite/volcanic,False,none
H+63+55,grassland,none,good,none,village,"strong food, route access",63,55,298.26,4.539,580.5,18.57,volcanic andisol,grassland/pasture,Arc andesite/volcanic,False,none
H+64+55,grassland,none,good,none,town,"fresh water, strong food, route access",64,55,323.24,4.411,580.1,18.43,volcanic andisol,grassland/pasture,Arc andesite/volcanic,False,none
H+65+55,grassland,none,good,volcanic_host,town,"fresh water, strong food, route access",65,55,334.86,4.432,570.0,18.37,volcanic andisol,grassland/pasture,Arc andesite/volcanic,False,none
H+66+55,grassland,river,good,none,town,"fresh water, strong food, route access",66,55,325.11,13.088,562.7,18.44,volcanic andisol,grassland/pasture,Arc andesite/volcanic,False,none
H+67+55,grassland,none,good,obsidian,village,"fresh water, strong food",67,55,311.62,12.74,566.3,18.53,volcanic andisol,grassland/pasture,Arc andesite/volcanic,False,none
H+68+55,ocean,ocean,modest,fish,none,ocean,68,55,-64.37,14.749,626.9,20.53,none/ocean,none/ocean,Oceanic basalt,False,
H+69+55,ocean,ocean,modest,fish,none,ocean,69,55,-67.44,13.683,625.9,20.5,none/ocean,none/ocean,Oceanic basalt,False,
H+70+55,ocean,ocean,modest,fish,none,ocean,70,55,-71.47,12.884,632.3,20.46,none/ocean,none/ocean,Oceanic basalt,False,
H+71+55,ocean,ocean,modest,fish,none,ocean,71,55,-77.99,0.492,646.8,20.41,none/ocean,none/ocean,Oceanic basalt,False,
H+72+55,ocean,ocean,modest,fish,none,ocean,72,55,-83.67,0.382,654.5,20.35,none/ocean,none/ocean,Oceanic basalt,False,
H+73+55,ocean,ocean,modest,fish,none,ocean,73,55,-89.64,0.238,654.1,20.28,none/ocean,none/ocean,Oceanic basalt,False,
H+74+55,ocean,ocean,modest,fish,none,ocean,74,55,-93.58,0.131,662.7,20.21,none/ocean,none/ocean,Oceanic basalt,False,
H+75+55,ocean,ocean,modest,fish,none,ocean,75,55,-94.51,0.049,690.3,20.13,none/ocean,none/ocean,Oceanic basalt,False,
H+76+55,ocean,ocean,modest,fish,none,ocean,76,55,-94.93,0.044,725.5,20.07,none/ocean,none/ocean,Oceanic basalt,False,
H+77+55,ocean,ocean,modest,fish,none,ocean,77,55,-96.03,0.071,744.1,20.03,none/ocean,none/ocean,Oceanic basalt,False,
H+78+55,ocean,ocean,modest,fish,none,ocean,78,55,-98.17,0.071,748.7,20.03,none/ocean,none/ocean,Oceanic basalt,False,
H+79+55,ocean,ocean,modest,fish,none,ocean,79,55,-99.94,0.059,760.0,20.07,none/ocean,none/ocean,Oceanic basalt,False,
H+00+56,ocean,ocean,modest,fish,none,ocean,0,56,-106.9,0.041,742.6,21.08,none/ocean,none/ocean,Oceanic basalt,False,
H+01+56,ocean,ocean,modest,fish,none,ocean,1,56,-106.7,0.067,735.6,21.09,none/ocean,none/ocean,Oceanic basalt,False,
H+02+56,ocean,ocean,modest,fish,none,ocean,2,56,-107.28,0.047,726.8,21.13,none/ocean,none/ocean,Oceanic basalt,False,
H+03+56,ocean,ocean,modest,fish,none,ocean,3,56,-108.45,0.039,730.3,21.17,none/ocean,none/ocean,Oceanic basalt,False,
H+04+56,ocean,ocean,modest,fish,none,ocean,4,56,-108.48,0.027,743.5,21.21,none/ocean,none/ocean,Oceanic basalt,False,
H+05+56,ocean,ocean,modest,fish,none,ocean,5,56,-107.67,0.027,750.9,21.22,none/ocean,none/ocean,Oceanic basalt,False,
H+06+56,ocean,ocean,modest,fish,none,ocean,6,56,-107.38,0.028,741.9,21.2,none/ocean,none/ocean,Oceanic basalt,False,
H+07+56,ocean,ocean,modest,fish,none,ocean,7,56,-108.22,0.064,735.0,21.13,none/ocean,none/ocean,Oceanic basalt,False,
H+08+56,ocean,ocean,modest,fish,none,ocean,8,56,-107.36,0.164,725.2,21.02,none/ocean,none/ocean,Oceanic basalt,False,
H+09+56,ocean,ocean,modest,fish,none,ocean,9,56,-107.15,0.267,723.3,20.89,none/ocean,none/ocean,Oceanic basalt,False,
H+10+56,ocean,ocean,modest,fish,none,ocean,10,56,-102.01,0.272,740.4,20.78,none/ocean,none/ocean,Oceanic basalt,False,
H+11+56,ocean,ocean,modest,fish,none,ocean,11,56,-96.79,0.323,764.6,20.7,none/ocean,none/ocean,Oceanic basalt,False,
H+12+56,ocean,ocean,modest,fish,none,ocean,12,56,-92.38,0.31,792.4,20.65,none/ocean,none/ocean,Oceanic basalt,False,
H+13+56,ocean,ocean,modest,fish,none,ocean,13,56,-88.76,5.849,827.0,20.57,none/ocean,none/ocean,Oceanic basalt,False,
H+14+56,ocean,ocean,modest,fish,none,ocean,14,56,-84.31,6.06,849.4,20.5,none/ocean,none/ocean,Oceanic basalt,False,
H+15+56,ocean,ocean,modest,fish,none,ocean,15,56,-83.29,6.199,870.2,20.42,none/ocean,none/ocean,Oceanic basalt,False,
H+16+56,forest,none,good,none,town,"fresh water, adequate food, route access",16,56,102.69,6.381,802.4,19.68,sandy coastal,temperate forest,Coastal sediment,False,none
H+17+56,forest,none,good,timber,town,"fresh water, adequate food, route access",17,56,104.83,6.354,803.3,19.61,sandy coastal,temperate forest,Coastal sediment,False,none
H+18+56,forest,river,good,timber|clay,town,"fresh water, adequate food, route access",18,56,103.65,6.183,801.2,19.6,sandy coastal,temperate forest,Coastal sediment,False,none
H+19+56,forest,none,good,timber,town,"fresh water, adequate food, route access",19,56,114.8,0.431,789.9,19.55,sandy coastal,temperate forest,Coastal sediment,False,none
H+20+56,forest,none,good,none,town,"fresh water, adequate food, route access",20,56,102.38,0.431,769.4,19.68,sandy coastal,temperate forest,Coastal sediment,False,none
H+21+56,forest,major_river,good,fish,city-candidate,"fresh water, strong food, route access, major river",21,56,99.55,0.249,751.6,19.73,sandy coastal,temperate forest,Coastal sediment,False,none
H+22+56,forest,none,good,none,village,"adequate food, route access",22,56,107.02,0.249,732.6,19.7,sandy coastal,temperate forest,Coastal sediment,False,none
H+23+56,forest,none,good,none,village,"adequate food, route access",23,56,103.12,0.692,713.6,19.73,sandy coastal,temperate forest,Coastal sediment,False,none
H+24+56,farmland,none,rich,none,village,"strong food, route access",24,56,123.88,2.995,702.2,19.6,loam,floodplain farmable,Suture metamorphic,False,none
H+25+56,grassland,none,good,none,village,"strong food, route access",25,56,213.73,5.029,691.9,19.03,loam,grassland/pasture,Suture metamorphic,False,none
H+26+56,grassland,none,good,none,village,"strong food, route access",26,56,361.59,6.579,671.5,18.09,loam,grassland/pasture,Suture metamorphic,False,none
H+27+56,forest,none,good,none,farmstead,"adequate food, route access",27,56,553.28,7.375,723.6,16.87,loam,temperate forest,Suture metamorphic,False,none
H+28+56,forest,none,good,none,farmstead,"adequate food, route access",28,56,769.92,7.442,850.9,15.49,loam,temperate forest,Suture metamorphic,False,none
H+29+56,lake,lake,modest,evaporite_host|fish,none,open water (lake/inland sea),29,56,588.76,6.039,636.6,16.67,glacial till,none/ocean,Basin sediment,True,overdeep_basin;outwash
H+30+56,lake,lake,modest,evaporite_host|fish,none,open water (lake/inland sea),30,56,588.76,0.0,671.8,16.66,glacial till,none/ocean,Basin sediment,True,overdeep_basin
H+31+56,lake,lake,modest,evaporite_host|fish,none,open water (lake/inland sea),31,56,588.76,0.0,678.5,16.64,glacial till,none/ocean,Basin sediment,True,overdeep_basin
H+32+56,lake,lake,modest,evaporite_host|clay|fish,none,open water (lake/inland sea),32,56,588.76,0.0,678.8,16.63,glacial till,none/ocean,Basin sediment,True,overdeep_basin
H+33+56,lake,lake,modest,evaporite_host|clay|fish,none,open water (lake/inland sea),33,56,588.76,0.0,662.7,16.66,glacial till,none/ocean,Basin sediment,True,overdeep_basin
H+34+56,lake,lake,modest,evaporite_host|clay|fish,none,open water (lake/inland sea),34,56,588.76,0.0,648.8,16.7,glacial till,none/ocean,Basin sediment,True,overdeep_basin
H+35+56,lake,lake,modest,evaporite_host|clay|fish,none,open water (lake/inland sea),35,56,588.76,0.0,644.9,16.75,glacial till,none/ocean,Basin sediment,True,overdeep_basin
H+36+56,lake,lake,modest,evaporite_host|clay|fish,none,open water (lake/inland sea),36,56,588.76,0.0,644.3,16.8,glacial till,none/ocean,Basin sediment,True,overdeep_basin
H+37+56,lake,lake,modest,evaporite_host|clay|fish,none,open water (lake/inland sea),37,56,588.76,0.0,642.9,16.82,glacial till,none/ocean,Basin sediment,True,overdeep_basin
H+38+56,lake,lake,modest,evaporite_host|clay|fish,none,open water (lake/inland sea),38,56,588.76,0.0,640.6,16.82,glacial till,none/ocean,Basin sediment,True,overdeep_basin
H+39+56,lake,lake,modest,evaporite_host|clay|fish,none,open water (lake/inland sea),39,56,588.76,46.391,636.5,16.78,clay basin,none/ocean,Basin sediment,True,none
H+40+56,high_peaks,none,modest,stone,none,no reliable fresh water; too steep,40,56,1980.49,54.7,2324.7,7.67,mountain thin,shrub/steppe,Suture metamorphic,False,none
H+41+56,grassland,none,good,none,none,no reliable fresh water; too steep,41,56,339.48,54.7,615.1,18.26,rocky/lithosol,grassland/pasture,Suture metamorphic,False,none
H+42+56,grassland,none,good,none,village,"strong food, route access",42,56,219.18,4.01,591.2,18.97,loam,grassland/pasture,Suture metamorphic,False,none
H+43+56,grassland,none,good,clay,village,"strong food, route access",43,56,171.77,1.58,579.6,19.23,sandy coastal,grassland/pasture,Coastal sediment,False,none
H+44+56,grassland,none,good,clay,village,"strong food, route access",44,56,171.26,0.017,590.9,19.21,sandy coastal,grassland/pasture,Coastal sediment,False,none
H+45+56,grassland,none,good,clay,village,"strong food, route access",45,56,170.75,0.017,600.0,19.24,sandy coastal,grassland/pasture,Coastal sediment,False,none
H+46+56,grassland,none,good,clay,village,"strong food, route access",46,56,170.24,0.017,589.2,19.31,sandy coastal,grassland/pasture,Coastal sediment,False,none
H+47+56,grassland,river,good,clay,town,"fresh water, strong food, route access",47,56,169.73,0.017,575.4,19.41,sandy coastal,grassland/pasture,Coastal sediment,False,none
H+48+56,grassland,river,good,clay,town,"fresh water, strong food, route access",48,56,169.22,0.017,579.7,19.51,sandy coastal,grassland/pasture,Coastal sediment,False,none
H+49+56,grassland,river,good,clay,town,"fresh water, strong food, route access",49,56,168.71,0.017,593.4,19.61,sandy coastal,grassland/pasture,Coastal sediment,False,none
H+50+56,grassland,river,good,clay,town,"fresh water, strong food, route access",50,56,168.2,0.017,586.1,19.69,sandy coastal,grassland/pasture,Coastal sediment,False,none
H+51+56,grassland,river,good,clay,town,"fresh water, strong food, route access",51,56,167.69,0.017,567.8,19.73,sandy coastal,grassland/pasture,Coastal sediment,False,none
H+52+56,grassland,river,good,clay,town,"fresh water, strong food, route access",52,56,167.18,0.017,551.3,19.74,sandy coastal,grassland/pasture,Coastal sediment,False,none
H+53+56,grassland,major_river,rich,clay|fish,city-candidate,"fresh water, strong food, route access, major river",53,56,166.67,0.208,541.9,19.72,sandy coastal,grassland/pasture,Coastal sediment,False,none
H+54+56,grassland,none,good,clay,village,"strong food, route access",54,56,169.65,0.422,538.6,19.68,sandy coastal,grassland/pasture,Coastal sediment,False,none
H+55+56,grassland,river,good,clay,town,"fresh water, strong food, route access",55,56,167.52,0.493,532.2,19.67,sandy coastal,grassland/pasture,Coastal sediment,False,none
H+56+56,grassland,none,good,clay,village,"strong food, route access",56,56,175.68,0.309,525.6,19.6,sandy coastal,grassland/pasture,Coastal sediment,False,none
H+57+56,grassland,river,good,clay,town,"fresh water, strong food, route access",57,56,169.79,0.569,528.5,19.62,sandy coastal,grassland/pasture,Coastal sediment,False,none
H+58+56,grassland,river,good,clay,town,"fresh water, strong food, route access",58,56,157.45,2.014,532.6,19.69,sandy coastal,grassland/pasture,Coastal sediment,False,none
H+59+56,grassland,river,good,none,town,"fresh water, strong food, route access",59,56,157.45,2.68,537.8,19.68,sandy coastal,grassland/pasture,Coastal sediment,False,none
H+60+56,grassland,none,good,none,town,"fresh water, strong food, route access",60,56,161.61,3.33,541.8,19.63,volcanic andisol,grassland/pasture,Arc andesite/volcanic,False,none
H+61+56,grassland,river,good,none,town,"fresh water, strong food, route access",61,56,171.64,3.59,552.9,19.55,volcanic andisol,grassland/pasture,Arc andesite/volcanic,False,none
H+62+56,grassland,none,good,none,town,"fresh water, strong food, route access",62,56,180.28,3.933,570.0,19.5,volcanic andisol,grassland/pasture,Arc andesite/volcanic,False,none
H+63+56,grassland,none,good,none,town,"fresh water, strong food, route access",63,56,190.92,4.411,582.9,19.45,volcanic andisol,grassland/pasture,Arc andesite/volcanic,False,none
H+64+56,grassland,none,good,none,village,"fresh water, strong food",64,56,201.89,9.006,591.7,19.41,volcanic andisol,grassland/pasture,Arc andesite/volcanic,False,none
H+65+56,grassland,none,good,none,village,"fresh water, strong food",65,56,211.29,9.361,595.1,19.37,volcanic andisol,grassland/pasture,Arc andesite/volcanic,False,none
H+66+56,ocean,ocean,modest,fish,none,ocean,66,56,-67.55,13.088,646.3,20.75,none/ocean,none/ocean,Oceanic basalt,False,
H+67+56,ocean,ocean,modest,fish,none,ocean,67,56,-70.57,12.74,640.8,20.74,none/ocean,none/ocean,Oceanic basalt,False,
H+68+56,ocean,ocean,modest,fish,none,ocean,68,56,-72.82,0.282,645.4,20.72,none/ocean,none/ocean,Oceanic basalt,False,
H+69+56,ocean,ocean,modest,fish,none,ocean,69,56,-75.44,0.267,657.7,20.69,none/ocean,none/ocean,Oceanic basalt,False,
H+70+56,ocean,ocean,modest,fish,none,ocean,70,56,-78.29,0.227,667.6,20.65,none/ocean,none/ocean,Oceanic basalt,False,
H+71+56,ocean,ocean,modest,fish,none,ocean,71,56,-82.69,0.209,673.7,20.61,none/ocean,none/ocean,Oceanic basalt,False,
H+72+56,ocean,ocean,modest,fish,none,ocean,72,56,-88.96,0.209,675.7,20.55,none/ocean,none/ocean,Oceanic basalt,False,
H+73+56,ocean,ocean,modest,fish,none,ocean,73,56,-91.31,0.107,664.2,20.49,none/ocean,none/ocean,Oceanic basalt,False,
H+74+56,ocean,ocean,modest,fish,none,ocean,74,56,-93.05,0.068,655.5,20.43,none/ocean,none/ocean,Oceanic basalt,False,
H+75+56,ocean,ocean,modest,fish,none,ocean,75,56,-94.39,0.062,678.1,20.37,none/ocean,none/ocean,Oceanic basalt,False,
H+76+56,ocean,ocean,modest,fish,none,ocean,76,56,-96.25,0.063,713.6,20.31,none/ocean,none/ocean,Oceanic basalt,False,
H+77+56,ocean,ocean,modest,fish,none,ocean,77,56,-96.74,0.078,729.9,20.28,none/ocean,none/ocean,Oceanic basalt,False,
H+78+56,ocean,ocean,modest,fish,none,ocean,78,56,-99.09,0.078,729.7,20.28,none/ocean,none/ocean,Oceanic basalt,False,
H+79+56,ocean,ocean,modest,fish,none,ocean,79,56,-100.07,0.074,742.5,20.33,none/ocean,none/ocean,Oceanic basalt,False,
H+00+57,ocean,ocean,modest,fish,none,ocean,0,57,-106.15,0.025,759.7,21.3,none/ocean,none/ocean,Oceanic basalt,False,
H+01+57,ocean,ocean,modest,fish,none,ocean,1,57,-106.9,0.053,748.7,21.31,none/ocean,none/ocean,Oceanic basalt,False,
H+02+57,ocean,ocean,modest,fish,none,ocean,2,57,-108.5,0.053,733.6,21.34,none/ocean,none/ocean,Oceanic basalt,False,
H+03+57,ocean,ocean,modest,fish,none,ocean,3,57,-108.42,0.01,734.2,21.37,none/ocean,none/ocean,Oceanic basalt,False,
H+04+57,ocean,ocean,modest,fish,none,ocean,4,57,-108.14,0.021,746.4,21.4,none/ocean,none/ocean,Oceanic basalt,False,
H+05+57,ocean,ocean,modest,fish,none,ocean,5,57,-107.53,0.025,756.4,21.41,none/ocean,none/ocean,Oceanic basalt,False,
H+06+57,ocean,ocean,modest,fish,none,ocean,6,57,-106.96,0.042,761.1,21.39,none/ocean,none/ocean,Oceanic basalt,False,
H+07+57,ocean,ocean,modest,fish,none,ocean,7,57,-106.84,0.046,766.9,21.31,none/ocean,none/ocean,Oceanic basalt,False,
H+08+57,ocean,ocean,modest,fish,none,ocean,8,57,-106.34,0.034,765.1,21.2,none/ocean,none/ocean,Oceanic basalt,False,
H+09+57,ocean,ocean,modest,fish,none,ocean,9,57,-106.84,0.161,766.2,21.08,none/ocean,none/ocean,Oceanic basalt,False,
H+10+57,ocean,ocean,modest,fish,none,ocean,10,57,-106.48,0.323,779.8,20.97,none/ocean,none/ocean,Oceanic basalt,False,
H+11+57,ocean,ocean,modest,fish,none,ocean,11,57,-101.66,0.31,794.5,20.9,none/ocean,none/ocean,Oceanic basalt,False,
H+12+57,ocean,ocean,modest,fish,none,ocean,12,57,-97.73,0.299,808.3,20.85,none/ocean,none/ocean,Oceanic basalt,False,
H+13+57,ocean,ocean,modest,fish,none,ocean,13,57,-94.48,0.339,830.0,20.79,none/ocean,none/ocean,Oceanic basalt,False,
H+14+57,ocean,ocean,modest,fish,none,ocean,14,57,-90.42,0.29,847.7,20.72,none/ocean,none/ocean,Oceanic basalt,False,
H+15+57,ocean,ocean,modest,fish,none,ocean,15,57,-88.74,6.381,866.9,20.66,none/ocean,none/ocean,Oceanic basalt,False,
H+16+57,ocean,ocean,modest,fish,none,ocean,16,57,-85.79,6.354,885.7,20.6,none/ocean,none/ocean,Oceanic basalt,False,
H+17+57,ocean,ocean,modest,fish,none,ocean,17,57,-81.85,6.538,901.1,20.56,none/ocean,none/ocean,Oceanic basalt,False,
H+18+57,forest,none,good,timber,town,"fresh water, adequate food, route access",18,57,114.29,6.698,824.5,19.81,sandy coastal,temperate forest,Coastal sediment,False,none
H+19+57,forest,none,good,timber,town,"fresh water, adequate food, route access",19,57,101.87,6.244,808.5,19.92,sandy coastal,temperate forest,Coastal sediment,False,none
H+20+57,forest,major_river,good,fish,town,"fresh water, strong food, route access, major river",20,57,96.25,5.981,779.3,19.99,sandy coastal,temperate forest,Coastal sediment,False,none
H+21+57,forest,none,good,timber|clay,town,"fresh water, adequate food, route access",21,57,106.51,0.37,754.7,19.96,sandy coastal,temperate forest,Coastal sediment,False,none
H+22+57,forest,none,good,timber|clay,town,"fresh water, adequate food, route access",22,57,101.08,0.198,730.9,20.01,sandy coastal,temperate forest,Coastal sediment,False,none
H+23+57,forest,none,good,timber|clay,town,"fresh water, adequate food, route access",23,57,103.12,0.692,709.6,20.01,sandy coastal,temperate forest,Coastal sediment,False,none
H+24+57,grassland,none,good,none,town,"fresh water, strong food, route access",24,57,118.03,3.32,694.0,19.92,loam,grassland/pasture,Suture metamorphic,False,none
H+25+57,grassland,none,good,none,village,"strong food, route access",25,57,217.63,4.903,680.2,19.3,loam,grassland/pasture,Suture metamorphic,False,none
H+26+57,grassland,none,good,none,village,"strong food, route access",26,57,364.71,6.286,664.2,18.37,loam,grassland/pasture,Suture metamorphic,False,none
H+27+57,forest,none,good,none,farmstead,"adequate food, route access",27,57,546.67,7.442,714.0,17.21,loam,temperate forest,Suture metamorphic,False,none
H+28+57,forest,none,good,none,farmstead,"adequate food, route access",28,57,760.17,7.481,834.5,15.85,loam,temperate forest,Suture metamorphic,False,none
H+29+57,lake,lake,modest,evaporite_host|fish,none,open water (lake/inland sea),29,57,588.76,5.714,628.4,16.97,glacial till,none/ocean,Basin sediment,True,overdeep_basin;outwash
H+30+57,lake,lake,modest,evaporite_host|fish,none,open water (lake/inland sea),30,57,588.76,0.0,664.4,16.97,glacial till,none/ocean,Basin sediment,True,overdeep_basin
H+31+57,lake,lake,modest,evaporite_host|clay|fish,none,open water (lake/inland sea),31,57,588.76,0.0,672.2,16.96,glacial till,none/ocean,Basin sediment,True,overdeep_basin
H+32+57,lake,lake,modest,evaporite_host|clay|fish,none,open water (lake/inland sea),32,57,588.76,0.0,673.3,16.97,glacial till,none/ocean,Basin sediment,True,overdeep_basin
H+33+57,lake,lake,modest,evaporite_host|clay|fish,none,open water (lake/inland sea),33,57,588.76,0.0,662.4,16.99,glacial till,none/ocean,Basin sediment,True,overdeep_basin
H+34+57,lake,lake,modest,evaporite_host|clay|fish,none,open water (lake/inland sea),34,57,588.76,0.0,650.0,17.04,glacial till,none/ocean,Basin sediment,True,overdeep_basin
H+35+57,lake,lake,modest,evaporite_host|clay|fish,none,open water (lake/inland sea),35,57,588.76,0.0,644.7,17.08,glacial till,none/ocean,Basin sediment,True,overdeep_basin
H+36+57,lake,lake,modest,evaporite_host|clay|fish,none,open water (lake/inland sea),36,57,588.76,0.0,643.4,17.11,glacial till,none/ocean,Basin sediment,True,overdeep_basin
H+37+57,lake,lake,modest,evaporite_host|clay|fish,none,open water (lake/inland sea),37,57,588.76,0.0,638.5,17.13,glacial till,none/ocean,Basin sediment,True,overdeep_basin
H+38+57,lake,lake,modest,evaporite_host|clay|fish,none,open water (lake/inland sea),38,57,588.76,46.374,629.6,17.12,glacial till,none/ocean,Basin sediment,True,u_valley;overdeep_basin
H+39+57,high_peaks,none,modest,limestone_karst|stone,none,no reliable fresh water; too steep,39,57,1979.99,49.348,2298.5,8.05,mountain thin,shrub/steppe,Suture metamorphic,False,none
H+40+57,grassland,none,good,stone,none,no reliable fresh water; too steep,40,57,499.56,49.365,562.8,17.62,rocky/lithosol,grassland/pasture,Suture metamorphic,False,none
H+41+57,grassland,none,good,none,village,"strong food, route access",41,57,338.97,5.353,601.2,18.6,loam,grassland/pasture,Suture metamorphic,False,none
H+42+57,grassland,none,good,none,village,"strong food, route access",42,57,218.67,4.01,579.9,19.32,loam,grassland/pasture,Suture metamorphic,False,none
H+43+57,grassland,none,good,clay,village,"strong food, route access",43,57,171.26,1.58,569.1,19.59,sandy coastal,grassland/pasture,Coastal sediment,False,none
H+44+57,grassland,none,good,clay,village,"strong food, route access",44,57,170.75,0.017,575.8,19.57,sandy coastal,grassland/pasture,Coastal sediment,False,none
H+45+57,grassland,none,good,clay,village,"strong food, route access",45,57,170.24,0.017,581.1,19.59,sandy coastal,grassland/pasture,Coastal sediment,False,none
H+46+57,grassland,none,good,clay,village,"strong food, route access",46,57,169.73,0.017,574.1,19.65,sandy coastal,grassland/pasture,Coastal sediment,False,none
H+47+57,grassland,river,good,none,town,"fresh water, strong food, route access",47,57,169.22,0.017,568.3,19.72,sandy coastal,grassland/pasture,Coastal sediment,False,none
H+48+57,grassland,river,good,clay,town,"fresh water, strong food, route access",48,57,168.71,0.017,580.0,19.8,sandy coastal,grassland/pasture,Coastal sediment,False,none
H+49+57,grassland,river,good,clay,town,"fresh water, strong food, route access",49,57,168.2,0.017,598.7,19.88,sandy coastal,grassland/pasture,Coastal sediment,False,none
H+50+57,grassland,river,good,clay,town,"fresh water, strong food, route access",50,57,167.69,0.017,589.9,19.94,sandy coastal,grassland/pasture,Coastal sediment,False,none
H+51+57,grassland,river,good,clay,town,"fresh water, strong food, route access",51,57,167.18,0.017,562.7,19.98,sandy coastal,grassland/pasture,Coastal sediment,False,none
H+52+57,grassland,river,good,clay,town,"fresh water, strong food, route access",52,57,166.67,0.017,537.1,20.0,sandy coastal,grassland/pasture,Coastal sediment,False,none
H+53+57,grassland,major_river,rich,clay|fish,city-candidate,"fresh water, strong food, route access, major river",53,57,166.16,0.116,519.8,20.01,sandy coastal,grassland/pasture,Coastal sediment,False,none
H+54+57,grassland,major_river,rich,clay|fish,city-candidate,"fresh water, strong food, route access, major river",54,57,165.65,0.133,512.8,20.0,sandy coastal,grassland/pasture,Coastal sediment,False,none
H+55+57,grassland,none,good,clay,town,"fresh water, strong food, route access",55,57,166.42,0.309,510.8,19.97,sandy coastal,grassland/pasture,Coastal sediment,False,none
H+56+57,grassland,none,good,none,town,"fresh water, strong food, route access",56,57,172.5,0.233,512.3,19.9,sandy coastal,grassland/pasture,Coastal sediment,False,none
H+57+57,grassland,none,good,none,town,"fresh water, strong food, route access",57,57,169.28,0.411,520.9,19.88,sandy coastal,grassland/pasture,Coastal sediment,False,none
H+58+57,grassland,major_river,rich,fish,city-candidate,"fresh water, strong food, route access, major river",58,57,156.94,7.542,528.8,19.92,sandy coastal,grassland/pasture,Coastal sediment,False,none
H+59+57,grassland,none,good,none,town,"fresh water, strong food, route access",59,57,161.1,7.694,537.6,19.85,sandy coastal,grassland/pasture,Coastal sediment,False,none
H+60+57,grassland,none,good,none,town,"fresh water, strong food, route access",60,57,163.26,7.807,548.6,19.81,sandy coastal,grassland/pasture,Coastal sediment,False,none
H+61+57,grassland,river,good,none,town,"fresh water, strong food, route access",61,57,157.85,7.658,563.6,19.83,sandy coastal,grassland/pasture,Coastal sediment,False,none
H+62+57,grassland,none,good,none,town,"fresh water, strong food, route access",62,57,150.23,7.434,583.7,19.88,sandy coastal,grassland/pasture,Coastal sediment,False,none
H+63+57,grassland,none,good,none,town,"fresh water, strong food, route access",63,57,145.94,7.291,598.5,19.94,sandy coastal,grassland/pasture,Coastal sediment,False,none
H+64+57,ocean,ocean,modest,fish,none,ocean,64,57,-68.3,9.32,666.9,20.92,none/ocean,none/ocean,Oceanic basalt,False,
H+65+57,ocean,ocean,modest,fish,none,ocean,65,57,-69.55,9.361,670.9,20.95,none/ocean,none/ocean,Oceanic basalt,False,
H+66+57,ocean,ocean,modest,fish,none,ocean,66,57,-72.1,0.152,666.1,20.96,none/ocean,none/ocean,Oceanic basalt,False,
H+67+57,ocean,ocean,modest,fish,none,ocean,67,57,-75.28,0.157,661.7,20.95,none/ocean,none/ocean,Oceanic basalt,False,
H+68+57,ocean,ocean,modest,fish,none,ocean,68,57,-76.95,0.16,666.2,20.93,none/ocean,none/ocean,Oceanic basalt,False,
H+69+57,ocean,ocean,modest,fish,none,ocean,69,57,-80.0,0.152,677.2,20.89,none/ocean,none/ocean,Oceanic basalt,False,
H+70+57,ocean,ocean,modest,fish,none,ocean,70,57,-81.57,0.132,684.5,20.85,none/ocean,none/ocean,Oceanic basalt,False,
H+71+57,ocean,ocean,modest,fish,none,ocean,71,57,-85.54,0.132,685.4,20.81,none/ocean,none/ocean,Oceanic basalt,False,
H+72+57,ocean,ocean,modest,fish,none,ocean,72,57,-88.11,0.113,684.2,20.76,none/ocean,none/ocean,Oceanic basalt,False,
H+73+57,ocean,ocean,modest,fish,none,ocean,73,57,-91.01,0.155,675.4,20.71,none/ocean,none/ocean,Oceanic basalt,False,
H+74+57,ocean,ocean,modest,fish,none,ocean,74,57,-92.72,0.126,667.0,20.67,none/ocean,none/ocean,Oceanic basalt,False,
H+75+57,ocean,ocean,modest,fish,none,ocean,75,57,-94.35,0.11,678.5,20.62,none/ocean,none/ocean,Oceanic basalt,False,
H+76+57,ocean,ocean,modest,fish,none,ocean,76,57,-95.24,0.088,699.6,20.59,none/ocean,none/ocean,Oceanic basalt,False,
H+77+57,ocean,ocean,modest,fish,none,ocean,77,57,-96.9,0.095,713.3,20.57,none/ocean,none/ocean,Oceanic basalt,False,
H+78+57,ocean,ocean,modest,fish,none,ocean,78,57,-97.86,0.103,723.9,20.57,none/ocean,none/ocean,Oceanic basalt,False,
H+79+57,ocean,ocean,modest,fish,none,ocean,79,57,-98.89,0.101,743.8,20.61,none/ocean,none/ocean,Oceanic basalt,False,
H+00+58,ocean,ocean,modest,fish,none,ocean,0,58,-106.54,0.035,778.5,21.53,none/ocean,none/ocean,Oceanic basalt,False,
H+01+58,ocean,ocean,modest,fish,none,ocean,1,58,-107.23,0.042,761.9,21.53,none/ocean,none/ocean,Oceanic basalt,False,
H+02+58,ocean,ocean,modest,fish,none,ocean,2,58,-108.11,0.045,738.5,21.55,none/ocean,none/ocean,Oceanic basalt,False,
H+03+58,ocean,ocean,modest,fish,none,ocean,3,58,-108.32,0.052,736.6,21.57,none/ocean,none/ocean,Oceanic basalt,False,
H+04+58,ocean,ocean,modest,fish,none,ocean,4,58,-108.27,0.04,747.1,21.58,none/ocean,none/ocean,Oceanic basalt,False,
H+05+58,ocean,ocean,modest,fish,none,ocean,5,58,-107.06,0.04,761.6,21.58,none/ocean,none/ocean,Oceanic basalt,False,
H+06+58,ocean,ocean,modest,fish,none,ocean,6,58,-106.37,0.023,789.9,21.56,none/ocean,none/ocean,Oceanic basalt,False,
H+07+58,ocean,ocean,modest,fish,none,ocean,7,58,-106.0,0.028,810.4,21.48,none/ocean,none/ocean,Oceanic basalt,False,
H+08+58,ocean,ocean,modest,fish,none,ocean,8,58,-105.73,0.037,811.5,21.37,none/ocean,none/ocean,Oceanic basalt,False,
H+09+58,ocean,ocean,modest,fish,none,ocean,9,58,-106.72,0.033,812.6,21.25,none/ocean,none/ocean,Oceanic basalt,False,
H+10+58,ocean,ocean,modest,fish,none,ocean,10,58,-106.73,0.169,825.1,21.14,none/ocean,none/ocean,Oceanic basalt,False,
H+11+58,ocean,ocean,modest,fish,none,ocean,11,58,-106.44,0.29,834.8,21.07,none/ocean,none/ocean,Oceanic basalt,False,
H+12+58,ocean,ocean,modest,fish,none,ocean,12,58,-103.09,0.287,835.5,21.03,none/ocean,none/ocean,Oceanic basalt,False,
H+13+58,ocean,ocean,modest,fish,none,ocean,13,58,-99.13,0.29,841.2,20.98,none/ocean,none/ocean,Oceanic basalt,False,
H+14+58,ocean,ocean,modest,fish,none,ocean,14,58,-95.79,0.253,850.8,20.94,none/ocean,none/ocean,Oceanic basalt,False,
H+15+58,ocean,ocean,modest,fish,none,ocean,15,58,-92.86,0.236,856.3,20.89,none/ocean,none/ocean,Oceanic basalt,False,
H+16+58,ocean,ocean,modest,fish,none,ocean,16,58,-90.07,0.274,874.5,20.85,none/ocean,none/ocean,Oceanic basalt,False,
H+17+58,ocean,ocean,modest,fish,none,ocean,17,58,-86.66,6.698,909.1,20.82,none/ocean,none/ocean,Oceanic basalt,False,
H+18+58,ocean,ocean,modest,fish,none,ocean,18,58,-85.46,6.658,928.0,20.83,none/ocean,none/ocean,Oceanic basalt,False,
H+19+58,ocean,ocean,modest,fish,none,ocean,19,58,-83.19,6.306,903.7,20.86,none/ocean,none/ocean,Oceanic basalt,False,
H+20+58,forest,none,good,timber,town,"fresh water, adequate food, route access",20,58,106.0,6.569,782.4,20.21,sandy coastal,temperate forest,Coastal sediment,False,none
H+21+58,forest,river,good,timber|clay,town,"fresh water, adequate food, route access",21,58,95.42,6.189,752.4,20.31,sandy coastal,temperate forest,Coastal sediment,False,none
H+22+58,forest,none,good,timber|clay,town,"fresh water, adequate food, route access",22,58,101.31,6.3,725.2,20.29,sandy coastal,temperate forest,Coastal sediment,False,none
H+23+58,forest,none,good,timber|clay,town,"fresh water, adequate food, route access",23,58,102.78,6.29,701.4,20.29,sandy coastal,temperate forest,Coastal sediment,False,none
H+24+58,grassland,none,good,none,town,"fresh water, strong food, route access",24,58,107.84,3.66,679.4,20.28,loam,grassland/pasture,Suture metamorphic,False,none
H+25+58,grassland,none,good,limestone_karst,village,"strong food, route access",25,58,211.31,5.113,662.6,19.63,loam,grassland/pasture,Suture metamorphic,False,none
H+26+58,grassland,none,good,none,village,"strong food, route access",26,58,358.49,6.273,661.9,18.71,loam,grassland/pasture,Suture metamorphic,False,none
H+27+58,forest,none,good,timber|stone,farmstead,"adequate food, route access",27,58,535.73,7.481,719.1,17.59,loam,temperate forest,Suture metamorphic,False,none
H+28+58,forest,none,good,timber|stone,farmstead,"adequate food, route access",28,58,747.41,7.207,822.1,16.23,loam,temperate forest,Suture metamorphic,False,none
H+29+58,lake,lake,modest,evaporite_host|clay|fish,none,open water (lake/inland sea),29,58,588.76,5.288,610.3,17.27,glacial till,none/ocean,Basin sediment,True,overdeep_basin;outwash
H+30+58,lake,lake,modest,evaporite_host|clay|fish,none,open water (lake/inland sea),30,58,588.76,0.0,643.8,17.28,glacial till,none/ocean,Basin sediment,True,overdeep_basin
H+31+58,lake,lake,modest,evaporite_host|clay|fish,none,open water (lake/inland sea),31,58,588.76,0.0,650.7,17.29,glacial till,none/ocean,Basin sediment,True,overdeep_basin
H+32+58,lake,lake,modest,evaporite_host|clay|fish,none,open water (lake/inland sea),32,58,588.76,0.0,654.2,17.31,glacial till,none/ocean,Basin sediment,True,overdeep_basin
H+33+58,lake,lake,modest,evaporite_host|clay|fish,none,open water (lake/inland sea),33,58,588.76,0.0,658.2,17.34,glacial till,none/ocean,Basin sediment,True,overdeep_basin
H+34+58,lake,lake,modest,evaporite_host|clay|fish,none,open water (lake/inland sea),34,58,588.76,0.0,651.3,17.38,glacial till,none/ocean,Basin sediment,True,overdeep_basin
H+35+58,lake,lake,modest,evaporite_host|clay|fish,none,open water (lake/inland sea),35,58,588.76,0.0,642.8,17.41,glacial till,none/ocean,Basin sediment,True,overdeep_basin
H+36+58,lake,lake,modest,evaporite_host|clay|fish,none,open water (lake/inland sea),36,58,588.76,0.0,639.3,17.43,glacial till,none/ocean,Basin sediment,True,overdeep_basin
H+37+58,lake,lake,modest,evaporite_host|clay|fish,none,open water (lake/inland sea),37,58,588.76,0.0,630.6,17.44,glacial till,none/ocean,Basin sediment,True,overdeep_basin
H+38+58,lake,lake,modest,evaporite_host|fish,none,open water (lake/inland sea),38,58,588.76,46.374,615.6,17.43,glacial till,none/ocean,Basin sediment,True,u_valley;overdeep_basin
H+39+58,high_peaks,none,modest,none,none,no reliable fresh water; too steep,39,58,1979.98,49.365,2244.7,8.36,mountain thin,shrub/steppe,Suture metamorphic,False,none
H+40+58,grassland,none,good,stone,none,no reliable fresh water; too steep,40,58,499.05,49.365,553.8,17.95,rocky/lithosol,grassland/pasture,Suture metamorphic,False,none
H+41+58,grassland,none,good,none,village,"strong food, route access",41,58,338.46,5.353,595.0,18.95,loam,grassland/pasture,Suture metamorphic,False,none
H+42+58,grassland,none,good,limestone_karst,village,"strong food, route access",42,58,218.16,4.01,579.4,19.69,loam,grassland/pasture,Suture metamorphic,False,none
H+43+58,grassland,none,good,clay,village,"strong food, route access",43,58,170.75,1.58,570.4,19.96,sandy coastal,grassland/pasture,Coastal sediment,False,none
H+44+58,grassland,none,good,clay,village,"strong food, route access",44,58,170.24,0.017,564.8,19.96,sandy coastal,grassland/pasture,Coastal sediment,False,none
H+45+58,grassland,none,good,clay,village,"strong food, route access",45,58,169.73,0.017,560.3,19.97,sandy coastal,grassland/pasture,Coastal sediment,False,none
H+46+58,grassland,none,good,none,village,"strong food, route access",46,58,169.22,0.017,559.2,20.0,sandy coastal,grassland/pasture,Coastal sediment,False,none
H+47+58,grassland,river,good,none,town,"fresh water, strong food, route access",47,58,168.71,0.017,563.2,20.04,sandy coastal,grassland/pasture,Coastal sediment,False,none
H+48+58,grassland,river,good,none,town,"fresh water, strong food, route access",48,58,168.2,0.017,579.3,20.08,sandy coastal,grassland/pasture,Coastal sediment,False,none
H+49+58,grassland,river,good,clay,town,"fresh water, strong food, route access",49,58,167.69,0.017,600.0,20.14,sandy coastal,grassland/pasture,Coastal sediment,False,none
H+50+58,grassland,river,good,clay,town,"fresh water, strong food, route access",50,58,167.18,0.017,588.5,20.19,sandy coastal,grassland/pasture,Coastal sediment,False,none
H+51+58,grassland,river,good,clay,town,"fresh water, strong food, route access",51,58,166.67,0.017,549.9,20.24,sandy coastal,grassland/pasture,Coastal sediment,False,none
H+52+58,grassland,river,good,clay,town,"fresh water, strong food, route access",52,58,166.16,0.017,515.3,20.27,sandy coastal,grassland/pasture,Coastal sediment,False,none
H+53+58,grassland,river,good,none,town,"fresh water, strong food, route access",53,58,165.65,0.017,490.7,20.3,sandy coastal,grassland/pasture,Coastal sediment,False,none
H+54+58,grassland,major_river,rich,fish,city-candidate,"fresh water, strong food, route access, major river",54,58,165.14,0.043,479.8,20.3,sandy coastal,grassland/pasture,Coastal sediment,False,none
H+55+58,grassland,none,good,none,town,"fresh water, strong food, route access",55,58,165.52,7.803,485.3,20.28,sandy coastal,grassland/pasture,Coastal sediment,False,none
H+56+58,grassland,none,good,none,village,"fresh water, strong food",56,58,171.73,8.128,498.4,20.19,sandy coastal,grassland/pasture,Coastal sediment,False,none
H+57+58,grassland,none,good,none,village,"fresh water, strong food",57,58,168.77,8.062,511.0,20.14,sandy coastal,grassland/pasture,Coastal sediment,False,none
H+58+58,ocean,ocean,modest,fish,none,ocean,58,58,-69.31,7.936,571.9,21.17,none/ocean,none/ocean,Oceanic basalt,False,
H+59+58,ocean,ocean,modest,fish,none,ocean,59,58,-69.73,7.767,587.1,21.1,none/ocean,none/ocean,Oceanic basalt,False,
H+60+58,ocean,ocean,modest,fish,none,ocean,60,58,-70.95,7.807,616.2,21.05,none/ocean,none/ocean,Oceanic basalt,False,
H+61+58,ocean,ocean,modest,fish,none,ocean,61,58,-71.89,7.658,641.5,21.03,none/ocean,none/ocean,Oceanic basalt,False,
H+62+58,ocean,ocean,modest,fish,none,ocean,62,58,-72.8,7.434,668.8,21.05,none/ocean,none/ocean,Oceanic basalt,False,
H+63+58,ocean,ocean,modest,fish,none,ocean,63,58,-72.46,7.28,688.5,21.08,none/ocean,none/ocean,Oceanic basalt,False,
H+64+58,ocean,ocean,modest,fish,none,ocean,64,58,-73.01,0.184,690.0,21.13,none/ocean,none/ocean,Oceanic basalt,False,
H+65+58,ocean,ocean,modest,fish,none,ocean,65,58,-74.69,0.193,685.6,21.17,none/ocean,none/ocean,Oceanic basalt,False,
H+66+58,ocean,ocean,modest,fish,none,ocean,66,58,-76.65,0.193,682.2,21.18,none/ocean,none/ocean,Oceanic basalt,False,
H+67+58,ocean,ocean,modest,fish,none,ocean,67,58,-79.95,0.207,677.1,21.17,none/ocean,none/ocean,Oceanic basalt,False,
H+68+58,ocean,ocean,modest,fish,none,ocean,68,58,-81.74,0.165,680.9,21.14,none/ocean,none/ocean,Oceanic basalt,False,
H+69+58,ocean,ocean,modest,fish,none,ocean,69,58,-83.83,0.128,689.9,21.1,none/ocean,none/ocean,Oceanic basalt,False,
H+70+58,ocean,ocean,modest,fish,none,ocean,70,58,-83.66,0.08,694.6,21.06,none/ocean,none/ocean,Oceanic basalt,False,
H+71+58,ocean,ocean,modest,fish,none,ocean,71,58,-84.71,0.113,688.0,21.01,none/ocean,none/ocean,Oceanic basalt,False,
H+72+58,ocean,ocean,modest,fish,none,ocean,72,58,-86.37,0.155,681.8,20.97,none/ocean,none/ocean,Oceanic basalt,False,
H+73+58,ocean,ocean,modest,fish,none,ocean,73,58,-88.93,0.126,685.1,20.94,none/ocean,none/ocean,Oceanic basalt,False,
H+74+58,ocean,ocean,modest,fish,none,ocean,74,58,-91.05,0.128,690.1,20.92,none/ocean,none/ocean,Oceanic basalt,False,
H+75+58,ocean,ocean,modest,fish,none,ocean,75,58,-92.59,0.138,687.9,20.9,none/ocean,none/ocean,Oceanic basalt,False,
H+76+58,ocean,ocean,modest,fish,none,ocean,76,58,-94.06,0.135,684.0,20.88,none/ocean,none/ocean,Oceanic basalt,False,
H+77+58,ocean,ocean,modest,fish,none,ocean,77,58,-94.78,0.111,695.0,20.87,none/ocean,none/ocean,Oceanic basalt,False,
H+78+58,ocean,ocean,modest,fish,none,ocean,78,58,-95.88,0.101,728.5,20.87,none/ocean,none/ocean,Oceanic basalt,False,
H+79+58,ocean,ocean,modest,fish,none,ocean,79,58,-97.52,0.129,758.3,20.9,none/ocean,none/ocean,Oceanic basalt,False,
H+00+59,ocean,ocean,modest,fish,none,ocean,0,59,-107.58,0.035,795.6,21.75,none/ocean,none/ocean,Oceanic basalt,False,
H+01+59,ocean,ocean,modest,fish,none,ocean,1,59,-107.18,0.031,780.6,21.75,none/ocean,none/ocean,Oceanic basalt,False,
H+02+59,ocean,ocean,modest,fish,none,ocean,2,59,-106.76,0.052,759.6,21.75,none/ocean,none/ocean,Oceanic basalt,False,
H+03+59,ocean,ocean,modest,fish,none,ocean,3,59,-107.14,0.039,757.4,21.75,none/ocean,none/ocean,Oceanic basalt,False,
H+04+59,ocean,ocean,modest,fish,none,ocean,4,59,-107.28,0.033,765.7,21.75,none/ocean,none/ocean,Oceanic basalt,False,
H+05+59,ocean,ocean,modest,fish,none,ocean,5,59,-106.84,0.015,780.9,21.75,none/ocean,none/ocean,Oceanic basalt,False,
H+06+59,ocean,ocean,modest,fish,none,ocean,6,59,-106.76,0.025,814.1,21.72,none/ocean,none/ocean,Oceanic basalt,False,
H+07+59,ocean,ocean,modest,fish,none,ocean,7,59,-106.23,0.018,837.2,21.64,none/ocean,none/ocean,Oceanic basalt,False,
H+08+59,ocean,ocean,modest,fish,none,ocean,8,59,-106.52,0.027,837.2,21.53,none/ocean,none/ocean,Oceanic basalt,False,
H+09+59,ocean,ocean,modest,fish,none,ocean,9,59,-107.33,0.027,836.9,21.4,none/ocean,none/ocean,Oceanic basalt,False,
H+10+59,ocean,ocean,modest,fish,none,ocean,10,59,-107.03,0.031,848.2,21.29,none/ocean,none/ocean,Oceanic basalt,False,
H+11+59,ocean,ocean,modest,fish,none,ocean,11,59,-106.1,0.1,855.1,21.23,none/ocean,none/ocean,Oceanic basalt,False,
H+12+59,ocean,ocean,modest,fish,none,ocean,12,59,-106.15,0.234,850.3,21.19,none/ocean,none/ocean,Oceanic basalt,False,
H+13+59,ocean,ocean,modest,fish,none,ocean,13,59,-103.39,0.253,849.3,21.17,none/ocean,none/ocean,Oceanic basalt,False,
H+14+59,ocean,ocean,modest,fish,none,ocean,14,59,-99.13,0.209,855.0,21.14,none/ocean,none/ocean,Oceanic basalt,False,
H+15+59,ocean,ocean,modest,fish,none,ocean,15,59,-96.99,0.231,858.8,21.12,none/ocean,none/ocean,Oceanic basalt,False,
H+16+59,ocean,ocean,modest,fish,none,ocean,16,59,-94.42,0.259,875.9,21.1,none/ocean,none/ocean,Oceanic basalt,False,
H+17+59,ocean,ocean,modest,fish,none,ocean,17,59,-91.88,0.214,908.6,21.08,none/ocean,none/ocean,Oceanic basalt,False,
H+18+59,ocean,ocean,modest,fish,none,ocean,18,59,-91.57,0.28,926.3,21.1,none/ocean,none/ocean,Oceanic basalt,False,
H+19+59,ocean,ocean,modest,fish,none,ocean,19,59,-91.06,6.569,904.7,21.14,none/ocean,none/ocean,Oceanic basalt,False,
H+20+59,ocean,ocean,modest,fish,none,ocean,20,59,-90.25,6.542,864.2,21.18,none/ocean,none/ocean,Oceanic basalt,False,
H+21+59,ocean,ocean,modest,fish,none,ocean,21,59,-87.7,6.3,829.3,21.22,none/ocean,none/ocean,Oceanic basalt,False,
H+22+59,ocean,ocean,modest,fish,none,ocean,22,59,-85.93,6.29,796.7,21.23,none/ocean,none/ocean,Oceanic basalt,False,
H+23+59,grassland,river,good,clay,town,"fresh water, strong food, route access",23,59,86.8,5.758,698.6,20.68,sandy coastal,grassland/pasture,Coastal sediment,False,none
H+24+59,farmland,river,rich,none,town,"fresh water, strong food, route access",24,59,91.19,4.004,673.5,20.68,loam,floodplain farmable,Suture metamorphic,False,none
H+25+59,farmland,river,rich,limestone_karst,town,"fresh water, strong food, route access",25,59,194.05,5.481,655.5,20.04,loam,floodplain farmable,Suture metamorphic,False,none
H+26+59,grassland,none,good,none,village,"strong food, route access",26,59,346.79,6.298,657.2,19.08,loam,grassland/pasture,Suture metamorphic,False,none
H+27+59,forest,none,good,timber|stone,farmstead,"adequate food, route access",27,59,531.19,7.207,717.0,17.91,loam,temperate forest,Suture metamorphic,False,none
H+28+59,forest,none,good,timber|stone,farmstead,"adequate food, route access",28,59,745.45,7.142,818.3,16.54,loam,temperate forest,Suture metamorphic,False,none
H+29+59,lake,lake,modest,evaporite_host|clay|fish,none,open water (lake/inland sea),29,59,588.76,5.223,603.8,17.57,glacial till,none/ocean,Basin sediment,True,overdeep_basin;outwash
H+30+59,lake,lake,modest,evaporite_host|clay|fish,none,open water (lake/inland sea),30,59,588.76,0.0,635.4,17.58,glacial till,none/ocean,Basin sediment,True,overdeep_basin
H+31+59,lake,lake,modest,evaporite_host|clay|fish,none,open water (lake/inland sea),31,59,588.76,0.0,640.5,17.6,glacial till,none/ocean,Basin sediment,True,overdeep_basin
H+32+59,lake,lake,modest,evaporite_host|clay|fish,none,open water (lake/inland sea),32,59,588.76,0.0,643.8,17.63,glacial till,none/ocean,Basin sediment,True,overdeep_basin
H+33+59,lake,lake,modest,evaporite_host|clay|fish,none,open water (lake/inland sea),33,59,588.76,0.0,650.1,17.67,glacial till,none/ocean,Basin sediment,True,overdeep_basin
H+34+59,lake,lake,modest,evaporite_host|clay|fish,none,open water (lake/inland sea),34,59,588.76,0.0,644.7,17.7,glacial till,none/ocean,Basin sediment,True,overdeep_basin
H+35+59,lake,lake,modest,evaporite_host|clay|fish,none,open water (lake/inland sea),35,59,588.76,0.0,636.8,17.72,glacial till,none/ocean,Basin sediment,True,overdeep_basin
H+36+59,lake,lake,modest,evaporite_host|clay|fish,none,open water (lake/inland sea),36,59,588.76,0.0,633.8,17.73,glacial till,none/ocean,Basin sediment,True,overdeep_basin
H+37+59,lake,lake,modest,evaporite_host|clay|fish,none,open water (lake/inland sea),37,59,588.76,0.0,625.4,17.73,glacial till,none/ocean,Basin sediment,True,overdeep_basin
H+38+59,lake,lake,modest,evaporite_host|clay|fish,none,open water (lake/inland sea),38,59,588.76,46.374,611.4,17.72,glacial till,none/ocean,Basin sediment,True,u_valley;overdeep_basin
H+39+59,hills,none,good,stone,none,no reliable fresh water; too steep,39,59,683.79,43.206,664.4,17.09,rocky/lithosol,grassland/pasture,Suture metamorphic,False,none
H+40+59,grassland,none,good,stone,village,"strong food, route access",40,59,498.54,6.175,584.9,18.27,loam,grassland/pasture,Suture metamorphic,False,none
H+41+59,grassland,none,good,none,village,"strong food, route access",41,59,337.95,5.353,595.0,19.29,loam,grassland/pasture,Suture metamorphic,False,none
H+42+59,grassland,none,good,none,village,"strong food, route access",42,59,217.65,4.01,583.4,20.05,loam,grassland/pasture,Suture metamorphic,False,none
H+43+59,grassland,none,good,clay,village,"strong food, route access",43,59,170.24,1.58,576.6,20.34,sandy coastal,grassland/pasture,Coastal sediment,False,none
H+44+59,grassland,none,good,none,village,"strong food, route access",44,59,169.73,0.017,570.2,20.34,sandy coastal,grassland/pasture,Coastal sediment,False,none
H+45+59,grassland,none,good,clay,village,"strong food, route access",45,59,169.22,0.017,564.2,20.34,sandy coastal,grassland/pasture,Coastal sediment,False,none
H+46+59,grassland,none,good,none,village,"strong food, route access",46,59,168.71,0.017,564.1,20.34,sandy coastal,grassland/pasture,Coastal sediment,False,none
H+47+59,grassland,none,good,none,village,"strong food, route access",47,59,168.2,0.017,569.5,20.35,sandy coastal,grassland/pasture,Coastal sediment,False,none
H+48+59,grassland,none,good,none,village,"strong food, route access",48,59,167.69,0.017,584.4,20.37,sandy coastal,grassland/pasture,Coastal sediment,False,none
H+49+59,grassland,river,good,clay,town,"fresh water, strong food, route access",49,59,167.18,0.017,602.8,20.39,sandy coastal,grassland/pasture,Coastal sediment,False,none
H+50+59,grassland,river,good,clay,town,"fresh water, strong food, route access",50,59,166.67,0.017,589.6,20.43,sandy coastal,grassland/pasture,Coastal sediment,False,none
H+51+59,grassland,river,good,none,town,"fresh water, strong food, route access",51,59,166.16,0.017,549.3,20.48,sandy coastal,grassland/pasture,Coastal sediment,False,none
H+52+59,grassland,river,good,none,town,"fresh water, strong food, route access",52,59,165.65,0.017,513.2,20.53,sandy coastal,grassland/pasture,Coastal sediment,False,none
H+53+59,grassland,river,good,none,town,"fresh water, strong food, route access",53,59,165.14,0.017,486.0,20.57,sandy coastal,grassland/pasture,Coastal sediment,False,none
H+54+59,grassland,major_river,rich,fish,none,excellent site left empty on purpose,54,59,164.63,7.773,473.6,20.59,sandy coastal,grassland/pasture,Coastal sediment,False,none
H+55+59,ocean,ocean,modest,fish,none,ocean,55,59,-68.56,8.01,529.5,21.64,none/ocean,none/ocean,Oceanic basalt,False,
H+56+59,ocean,ocean,modest,fish,none,ocean,56,59,-72.11,8.128,548.6,21.58,none/ocean,none/ocean,Oceanic basalt,False,
H+57+59,ocean,ocean,modest,fish,none,ocean,57,59,-73.08,8.062,565.3,21.48,none/ocean,none/ocean,Oceanic basalt,False,
H+58+59,ocean,ocean,modest,fish,none,ocean,58,59,-74.15,0.161,577.1,21.38,none/ocean,none/ocean,Oceanic basalt,False,
H+59+59,ocean,ocean,modest,fish,none,ocean,59,59,-75.16,0.181,595.5,21.29,none/ocean,none/ocean,Oceanic basalt,False,
H+60+59,ocean,ocean,modest,fish,none,ocean,60,59,-76.31,0.179,628.2,21.23,none/ocean,none/ocean,Oceanic basalt,False,
H+61+59,ocean,ocean,modest,fish,none,ocean,61,59,-77.2,0.177,656.1,21.21,none/ocean,none/ocean,Oceanic basalt,False,
H+62+59,ocean,ocean,modest,fish,none,ocean,62,59,-77.86,0.18,685.5,21.24,none/ocean,none/ocean,Oceanic basalt,False,
H+63+59,ocean,ocean,modest,fish,none,ocean,63,59,-77.54,0.169,706.2,21.29,none/ocean,none/ocean,Oceanic basalt,False,
H+64+59,ocean,ocean,modest,fish,none,ocean,64,59,-78.52,0.184,707.3,21.34,none/ocean,none/ocean,Oceanic basalt,False,
H+65+59,ocean,ocean,modest,fish,none,ocean,65,59,-80.47,0.193,702.6,21.39,none/ocean,none/ocean,Oceanic basalt,False,
H+66+59,ocean,ocean,modest,fish,none,ocean,66,59,-82.44,0.193,699.6,21.41,none/ocean,none/ocean,Oceanic basalt,False,
H+67+59,ocean,ocean,modest,fish,none,ocean,67,59,-86.16,0.207,694.6,21.39,none/ocean,none/ocean,Oceanic basalt,False,
H+68+59,ocean,ocean,modest,fish,none,ocean,68,59,-86.7,0.165,698.5,21.36,none/ocean,none/ocean,Oceanic basalt,False,
H+69+59,ocean,ocean,modest,fish,none,ocean,69,59,-86.07,0.08,707.5,21.32,none/ocean,none/ocean,Oceanic basalt,False,
H+70+59,ocean,ocean,modest,fish,none,ocean,70,59,-85.58,0.064,711.9,21.27,none/ocean,none/ocean,Oceanic basalt,False,
H+71+59,ocean,ocean,modest,fish,none,ocean,71,59,-85.64,0.031,704.5,21.22,none/ocean,none/ocean,Oceanic basalt,False,
H+72+59,ocean,ocean,modest,fish,none,ocean,72,59,-86.33,0.087,697.6,21.19,none/ocean,none/ocean,Oceanic basalt,False,
H+73+59,ocean,ocean,modest,fish,none,ocean,73,59,-87.22,0.128,703.6,21.17,none/ocean,none/ocean,Oceanic basalt,False,
H+74+59,ocean,ocean,modest,fish,none,ocean,74,59,-88.46,0.138,711.2,21.17,none/ocean,none/ocean,Oceanic basalt,False,
H+75+59,ocean,ocean,modest,fish,none,ocean,75,59,-90.0,0.135,703.9,21.17,none/ocean,none/ocean,Oceanic basalt,False,
H+76+59,ocean,ocean,modest,fish,none,ocean,76,59,-91.46,0.111,690.9,21.17,none/ocean,none/ocean,Oceanic basalt,False,
H+77+59,ocean,ocean,modest,fish,none,ocean,77,59,-93.62,0.075,697.9,21.17,none/ocean,none/ocean,Oceanic basalt,False,
H+78+59,ocean,ocean,modest,fish,none,ocean,78,59,-93.66,0.129,732.7,21.18,none/ocean,none/ocean,Oceanic basalt,False,
H+79+59,ocean,ocean,modest,fish,none,ocean,79,59,-95.67,0.067,760.8,21.2,none/ocean,none/ocean,Oceanic basalt,False,
